threshold,case_id,group,family,allocated_images,blocked_image_count,decision,evidence,mean_lower,mean_upper,attained_lower,attained_upper
1/4,image-00,singleton,exact_projection,1,0,supported,universal_bound,2,2,2,2
1/4,image-00,singleton,one_edit_per_image,1,0,unresolved,opposite_worlds,0,4,0,4
1/4,image-00,singleton,one_edit_global,1,0,unresolved,opposite_worlds,0,4,0,4
1/4,image-00,singleton,current_strict,1,0,supported,universal_bound,2,2,2,2
1/4,image-00,singleton,current_partial,1,0,supported,universal_bound,2,2,2,2
1/4,image-00,singleton,union_strict,1,0,supported,universal_bound,2,2,2,2
1/4,image-00,singleton,union_partial,1,0,supported,universal_bound,2,2,2,2
1/4,image-01,singleton,exact_projection,1,0,supported,universal_bound,3,3,3,3
1/4,image-01,singleton,one_edit_per_image,1,0,supported,universal_bound,1,7,1,7
1/4,image-01,singleton,one_edit_global,1,0,supported,universal_bound,1,7,1,7
1/4,image-01,singleton,current_strict,1,0,supported,universal_bound,3,3,3,3
1/4,image-01,singleton,current_partial,1,0,supported,universal_bound,3,3,3,3
1/4,image-01,singleton,union_strict,1,0,supported,universal_bound,3,3,3,3
1/4,image-01,singleton,union_partial,1,0,supported,universal_bound,3,3,3,3
1/4,image-02,singleton,exact_projection,1,0,supported,universal_bound,2,2,2,2
1/4,image-02,singleton,one_edit_per_image,1,0,unresolved,opposite_worlds,0,6,0,6
1/4,image-02,singleton,one_edit_global,1,0,unresolved,opposite_worlds,0,6,0,6
1/4,image-02,singleton,current_strict,1,0,supported,universal_bound,2,2,2,2
1/4,image-02,singleton,current_partial,1,0,supported,universal_bound,2,2,2,2
1/4,image-02,singleton,union_strict,1,0,supported,universal_bound,2,2,2,2
1/4,image-02,singleton,union_partial,1,0,supported,universal_bound,2,2,2,2
1/4,image-03,singleton,exact_projection,1,0,excluded,universal_bound,0,0,0,0
1/4,image-03,singleton,one_edit_per_image,1,0,excluded,universal_bound,-2,0,-2,0
1/4,image-03,singleton,one_edit_global,1,0,excluded,universal_bound,-2,0,-2,0
1/4,image-03,singleton,current_strict,1,0,excluded,universal_bound,0,0,0,0
1/4,image-03,singleton,current_partial,1,0,excluded,universal_bound,0,0,0,0
1/4,image-03,singleton,union_strict,1,0,excluded,universal_bound,0,0,0,0
1/4,image-03,singleton,union_partial,1,0,excluded,universal_bound,0,0,0,0
1/4,image-04,singleton,exact_projection,1,0,excluded,universal_bound,0,0,0,0
1/4,image-04,singleton,one_edit_per_image,1,0,unresolved,opposite_worlds,-2,2,-2,2
1/4,image-04,singleton,one_edit_global,1,0,unresolved,opposite_worlds,-2,2,-2,2
1/4,image-04,singleton,current_strict,1,0,excluded,universal_bound,0,0,0,0
1/4,image-04,singleton,current_partial,1,0,excluded,universal_bound,0,0,0,0
1/4,image-04,singleton,union_strict,1,1,input_blocked,,,,,
1/4,image-04,singleton,union_partial,1,0,unresolved,opposite_worlds,-2,2,-2,2
1/4,image-05,singleton,exact_projection,1,0,excluded,universal_bound,0,0,0,0
1/4,image-05,singleton,one_edit_per_image,1,0,unresolved,opposite_worlds,-2,2,-2,2
1/4,image-05,singleton,one_edit_global,1,0,unresolved,opposite_worlds,-2,2,-2,2
1/4,image-05,singleton,current_strict,1,0,excluded,universal_bound,0,0,0,0
1/4,image-05,singleton,current_partial,1,0,excluded,universal_bound,0,0,0,0
1/4,image-05,singleton,union_strict,1,1,input_blocked,,,,,
1/4,image-05,singleton,union_partial,1,0,unresolved,opposite_worlds,-2,2,-2,2
1/4,image-06,singleton,exact_projection,1,0,excluded,universal_bound,0,0,0,0
1/4,image-06,singleton,one_edit_per_image,1,0,unresolved,opposite_worlds,-2,2,-2,2
1/4,image-06,singleton,one_edit_global,1,0,unresolved,opposite_worlds,-2,2,-2,2
1/4,image-06,singleton,current_strict,1,0,excluded,universal_bound,0,0,0,0
1/4,image-06,singleton,current_partial,1,0,excluded,universal_bound,0,0,0,0
1/4,image-06,singleton,union_strict,1,0,excluded,universal_bound,0,0,0,0
1/4,image-06,singleton,union_partial,1,0,excluded,universal_bound,0,0,0,0
1/4,image-07,singleton,exact_projection,1,0,supported,universal_bound,1,1,1,1
1/4,image-07,singleton,one_edit_per_image,1,0,unresolved,opposite_worlds,-1,3,-1,3
1/4,image-07,singleton,one_edit_global,1,0,unresolved,opposite_worlds,-1,3,-1,3
1/4,image-07,singleton,current_strict,1,0,supported,universal_bound,1,1,1,1
1/4,image-07,singleton,current_partial,1,0,supported,universal_bound,1,1,1,1
1/4,image-07,singleton,union_strict,1,0,supported,universal_bound,1,1,1,1
1/4,image-07,singleton,union_partial,1,0,supported,universal_bound,1,1,1,1
1/4,image-08,singleton,exact_projection,1,0,excluded,universal_bound,0,0,0,0
1/4,image-08,singleton,one_edit_per_image,1,0,unresolved,opposite_worlds,-4,4,-4,4
1/4,image-08,singleton,one_edit_global,1,0,unresolved,opposite_worlds,-4,4,-4,4
1/4,image-08,singleton,current_strict,1,0,excluded,universal_bound,0,0,0,0
1/4,image-08,singleton,current_partial,1,0,excluded,universal_bound,0,0,0,0
1/4,image-08,singleton,union_strict,1,1,input_blocked,,,,,
1/4,image-08,singleton,union_partial,1,0,unresolved,opposite_worlds,-2,2,-2,2
1/4,image-09,singleton,exact_projection,1,0,excluded,universal_bound,-1,-1,-1,-1
1/4,image-09,singleton,one_edit_per_image,1,0,unresolved,opposite_worlds,-3,1,-3,1
1/4,image-09,singleton,one_edit_global,1,0,unresolved,opposite_worlds,-3,1,-3,1
1/4,image-09,singleton,current_strict,1,1,input_blocked,,,,,
1/4,image-09,singleton,current_partial,1,0,unresolved,opposite_worlds,-5,3,-5,3
1/4,image-09,singleton,union_strict,1,1,input_blocked,,,,,
1/4,image-09,singleton,union_partial,1,0,unresolved,opposite_worlds,-7,5,-5,5
1/4,image-10,singleton,exact_projection,1,0,supported,universal_bound,2,2,2,2
1/4,image-10,singleton,one_edit_per_image,1,0,unresolved,opposite_worlds,0,4,0,4
1/4,image-10,singleton,one_edit_global,1,0,unresolved,opposite_worlds,0,4,0,4
1/4,image-10,singleton,current_strict,1,0,supported,universal_bound,2,2,2,2
1/4,image-10,singleton,current_partial,1,0,supported,universal_bound,2,2,2,2
1/4,image-10,singleton,union_strict,1,0,supported,universal_bound,2,2,2,2
1/4,image-10,singleton,union_partial,1,0,supported,universal_bound,2,2,2,2
1/4,image-11,singleton,exact_projection,1,0,supported,universal_bound,4,4,4,4
1/4,image-11,singleton,one_edit_per_image,1,0,supported,universal_bound,2,6,2,6
1/4,image-11,singleton,one_edit_global,1,0,supported,universal_bound,2,6,2,6
1/4,image-11,singleton,current_strict,1,1,input_blocked,,,,,
1/4,image-11,singleton,current_partial,1,0,supported,universal_bound,2,6,2,4
1/4,image-11,singleton,union_strict,1,1,input_blocked,,,,,
1/4,image-11,singleton,union_partial,1,0,unresolved,opposite_worlds,0,8,0,4
1/4,image-12,singleton,exact_projection,1,0,excluded,universal_bound,-1,-1,-1,-1
1/4,image-12,singleton,one_edit_per_image,1,0,unresolved,opposite_worlds,-3,3,-3,3
1/4,image-12,singleton,one_edit_global,1,0,unresolved,opposite_worlds,-3,3,-3,3
1/4,image-12,singleton,current_strict,1,0,excluded,universal_bound,-1,-1,-1,-1
1/4,image-12,singleton,current_partial,1,0,excluded,universal_bound,-1,-1,-1,-1
1/4,image-12,singleton,union_strict,1,0,excluded,universal_bound,-1,-1,-1,-1
1/4,image-12,singleton,union_partial,1,0,excluded,universal_bound,-1,-1,-1,-1
1/4,image-13,singleton,exact_projection,1,0,supported,universal_bound,9,9,9,9
1/4,image-13,singleton,one_edit_per_image,1,0,supported,universal_bound,7,11,7,11
1/4,image-13,singleton,one_edit_global,1,0,supported,universal_bound,7,11,7,11
1/4,image-13,singleton,current_strict,1,1,input_blocked,,,,,
1/4,image-13,singleton,current_partial,1,0,unresolved,opposite_worlds,-3,13,-3,11
1/4,image-13,singleton,union_strict,1,1,input_blocked,,,,,
1/4,image-13,singleton,union_partial,1,0,unresolved,opposite_worlds,-13,13,-11,11
1/4,image-14,singleton,exact_projection,1,0,excluded,universal_bound,0,0,0,0
1/4,image-14,singleton,one_edit_per_image,1,0,unresolved,opposite_worlds,-2,2,-2,2
1/4,image-14,singleton,one_edit_global,1,0,unresolved,opposite_worlds,-2,2,-2,2
1/4,image-14,singleton,current_strict,1,1,input_blocked,,,,,
1/4,image-14,singleton,current_partial,1,0,excluded,universal_bound,0,0,0,0
1/4,image-14,singleton,union_strict,1,1,input_blocked,,,,,
1/4,image-14,singleton,union_partial,1,0,excluded,universal_bound,0,0,0,0
1/4,image-15,singleton,exact_projection,1,0,supported,universal_bound,1,1,1,1
1/4,image-15,singleton,one_edit_per_image,1,0,unresolved,opposite_worlds,-1,3,-1,3
1/4,image-15,singleton,one_edit_global,1,0,unresolved,opposite_worlds,-1,3,-1,3
1/4,image-15,singleton,current_strict,1,0,supported,universal_bound,1,1,1,1
1/4,image-15,singleton,current_partial,1,0,supported,universal_bound,1,1,1,1
1/4,image-15,singleton,union_strict,1,0,supported,universal_bound,1,1,1,1
1/4,image-15,singleton,union_partial,1,0,supported,universal_bound,1,1,1,1
1/4,image-16,singleton,exact_projection,1,0,excluded,universal_bound,-1,-1,-1,-1
1/4,image-16,singleton,one_edit_per_image,1,0,unresolved,opposite_worlds,-3,3,-3,3
1/4,image-16,singleton,one_edit_global,1,0,unresolved,opposite_worlds,-3,3,-3,3
1/4,image-16,singleton,current_strict,1,0,excluded,universal_bound,-1,-1,-1,-1
1/4,image-16,singleton,current_partial,1,0,excluded,universal_bound,-1,-1,-1,-1
1/4,image-16,singleton,union_strict,1,0,excluded,universal_bound,-1,-1,-1,-1
1/4,image-16,singleton,union_partial,1,0,excluded,universal_bound,-1,-1,-1,-1
1/4,image-17,singleton,exact_projection,1,0,excluded,universal_bound,0,0,0,0
1/4,image-17,singleton,one_edit_per_image,1,0,unresolved,opposite_worlds,-2,2,-2,2
1/4,image-17,singleton,one_edit_global,1,0,unresolved,opposite_worlds,-2,2,-2,2
1/4,image-17,singleton,current_strict,1,0,excluded,universal_bound,0,0,0,0
1/4,image-17,singleton,current_partial,1,0,excluded,universal_bound,0,0,0,0
1/4,image-17,singleton,union_strict,1,0,excluded,universal_bound,0,0,0,0
1/4,image-17,singleton,union_partial,1,0,excluded,universal_bound,0,0,0,0
1/4,image-18,singleton,exact_projection,1,0,excluded,universal_bound,0,0,0,0
1/4,image-18,singleton,one_edit_per_image,1,0,unresolved,opposite_worlds,-2,2,-2,2
1/4,image-18,singleton,one_edit_global,1,0,unresolved,opposite_worlds,-2,2,-2,2
1/4,image-18,singleton,current_strict,1,1,input_blocked,,,,,
1/4,image-18,singleton,current_partial,1,0,unresolved,opposite_worlds,-2,2,-2,2
1/4,image-18,singleton,union_strict,1,1,input_blocked,,,,,
1/4,image-18,singleton,union_partial,1,0,unresolved,opposite_worlds,-2,2,-2,2
1/4,image-19,singleton,exact_projection,1,0,supported,universal_bound,2,2,2,2
1/4,image-19,singleton,one_edit_per_image,1,0,unresolved,opposite_worlds,0,4,0,4
1/4,image-19,singleton,one_edit_global,1,0,unresolved,opposite_worlds,0,4,0,4
1/4,image-19,singleton,current_strict,1,0,supported,universal_bound,2,2,2,2
1/4,image-19,singleton,current_partial,1,0,supported,universal_bound,2,2,2,2
1/4,image-19,singleton,union_strict,1,0,supported,universal_bound,2,2,2,2
1/4,image-19,singleton,union_partial,1,0,supported,universal_bound,2,2,2,2
1/4,image-20,singleton,exact_projection,1,0,excluded,universal_bound,0,0,0,0
1/4,image-20,singleton,one_edit_per_image,1,0,unresolved,opposite_worlds,-2,2,-2,2
1/4,image-20,singleton,one_edit_global,1,0,unresolved,opposite_worlds,-2,2,-2,2
1/4,image-20,singleton,current_strict,1,0,excluded,universal_bound,0,0,0,0
1/4,image-20,singleton,current_partial,1,0,excluded,universal_bound,0,0,0,0
1/4,image-20,singleton,union_strict,1,0,excluded,universal_bound,0,0,0,0
1/4,image-20,singleton,union_partial,1,0,excluded,universal_bound,0,0,0,0
1/4,image-21,singleton,exact_projection,1,0,supported,universal_bound,1,1,1,1
1/4,image-21,singleton,one_edit_per_image,1,0,unresolved,opposite_worlds,-1,3,-1,3
1/4,image-21,singleton,one_edit_global,1,0,unresolved,opposite_worlds,-1,3,-1,3
1/4,image-21,singleton,current_strict,1,0,supported,universal_bound,1,1,1,1
1/4,image-21,singleton,current_partial,1,0,supported,universal_bound,1,1,1,1
1/4,image-21,singleton,union_strict,1,1,input_blocked,,,,,
1/4,image-21,singleton,union_partial,1,0,unresolved,opposite_worlds,-1,1,-1,1
1/4,image-22,singleton,exact_projection,1,0,excluded,universal_bound,0,0,0,0
1/4,image-22,singleton,one_edit_per_image,1,0,unresolved,opposite_worlds,-2,2,-2,2
1/4,image-22,singleton,one_edit_global,1,0,unresolved,opposite_worlds,-2,2,-2,2
1/4,image-22,singleton,current_strict,1,1,input_blocked,,,,,
1/4,image-22,singleton,current_partial,1,0,excluded,universal_bound,-2,0,-2,0
1/4,image-22,singleton,union_strict,1,1,input_blocked,,,,,
1/4,image-22,singleton,union_partial,1,0,excluded,universal_bound,-2,0,-2,0
1/4,image-23,singleton,exact_projection,1,0,excluded,universal_bound,0,0,0,0
1/4,image-23,singleton,one_edit_per_image,1,0,excluded,universal_bound,0,0,0,0
1/4,image-23,singleton,one_edit_global,1,0,excluded,universal_bound,0,0,0,0
1/4,image-23,singleton,current_strict,1,0,excluded,universal_bound,0,0,0,0
1/4,image-23,singleton,current_partial,1,0,excluded,universal_bound,0,0,0,0
1/4,image-23,singleton,union_strict,1,1,input_blocked,,,,,
1/4,image-23,singleton,union_partial,1,0,excluded,universal_bound,0,0,0,0
1/4,image-24,singleton,exact_projection,1,0,excluded,universal_bound,0,0,0,0
1/4,image-24,singleton,one_edit_per_image,1,0,unresolved,opposite_worlds,-2,2,-2,2
1/4,image-24,singleton,one_edit_global,1,0,unresolved,opposite_worlds,-2,2,-2,2
1/4,image-24,singleton,current_strict,1,0,excluded,universal_bound,0,0,0,0
1/4,image-24,singleton,current_partial,1,0,excluded,universal_bound,0,0,0,0
1/4,image-24,singleton,union_strict,1,0,excluded,universal_bound,0,0,0,0
1/4,image-24,singleton,union_partial,1,0,excluded,universal_bound,0,0,0,0
1/4,image-25,singleton,exact_projection,1,0,excluded,universal_bound,-1,-1,-1,-1
1/4,image-25,singleton,one_edit_per_image,1,0,unresolved,opposite_worlds,-3,1,-3,1
1/4,image-25,singleton,one_edit_global,1,0,unresolved,opposite_worlds,-3,1,-3,1
1/4,image-25,singleton,current_strict,1,0,excluded,universal_bound,-1,-1,-1,-1
1/4,image-25,singleton,current_partial,1,0,excluded,universal_bound,-1,-1,-1,-1
1/4,image-25,singleton,union_strict,1,1,input_blocked,,,,,
1/4,image-25,singleton,union_partial,1,0,unresolved,opposite_worlds,-1,1,-1,1
1/4,image-26,singleton,exact_projection,1,0,excluded,universal_bound,-3,-3,-3,-3
1/4,image-26,singleton,one_edit_per_image,1,0,unresolved,opposite_worlds,-7,1,-7,1
1/4,image-26,singleton,one_edit_global,1,0,unresolved,opposite_worlds,-7,1,-7,1
1/4,image-26,singleton,current_strict,1,0,excluded,universal_bound,-3,-3,-3,-3
1/4,image-26,singleton,current_partial,1,0,excluded,universal_bound,-3,-3,-3,-3
1/4,image-26,singleton,union_strict,1,0,excluded,universal_bound,-3,-3,-3,-3
1/4,image-26,singleton,union_partial,1,0,excluded,universal_bound,-3,-3,-3,-3
1/4,image-27,singleton,exact_projection,1,0,excluded,universal_bound,-1,-1,-1,-1
1/4,image-27,singleton,one_edit_per_image,1,0,unresolved,opposite_worlds,-3,1,-3,1
1/4,image-27,singleton,one_edit_global,1,0,unresolved,opposite_worlds,-3,1,-3,1
1/4,image-27,singleton,current_strict,1,1,input_blocked,,,,,
1/4,image-27,singleton,current_partial,1,0,excluded,universal_bound,-1,-1,-1,-1
1/4,image-27,singleton,union_strict,1,1,input_blocked,,,,,
1/4,image-27,singleton,union_partial,1,0,excluded,universal_bound,-1,-1,-1,-1
1/4,image-28,singleton,exact_projection,1,0,supported,universal_bound,2,2,2,2
1/4,image-28,singleton,one_edit_per_image,1,0,unresolved,opposite_worlds,-2,2,-2,2
1/4,image-28,singleton,one_edit_global,1,0,unresolved,opposite_worlds,-2,2,-2,2
1/4,image-28,singleton,current_strict,1,1,input_blocked,,,,,
1/4,image-28,singleton,current_partial,1,0,unresolved,opposite_worlds,-2,2,-2,2
1/4,image-28,singleton,union_strict,1,1,input_blocked,,,,,
1/4,image-28,singleton,union_partial,1,0,unresolved,opposite_worlds,-2,2,-2,2
1/4,image-29,singleton,exact_projection,1,0,supported,universal_bound,1,1,1,1
1/4,image-29,singleton,one_edit_per_image,1,0,unresolved,opposite_worlds,-1,5,-1,5
1/4,image-29,singleton,one_edit_global,1,0,unresolved,opposite_worlds,-1,5,-1,5
1/4,image-29,singleton,current_strict,1,1,input_blocked,,,,,
1/4,image-29,singleton,current_partial,1,0,supported,universal_bound,1,5,1,5
1/4,image-29,singleton,union_strict,1,1,input_blocked,,,,,
1/4,image-29,singleton,union_partial,1,0,unresolved,opposite_worlds,-1,7,-1,7
1/4,image-30,singleton,exact_projection,1,0,excluded,universal_bound,0,0,0,0
1/4,image-30,singleton,one_edit_per_image,1,0,unresolved,opposite_worlds,-2,4,-2,4
1/4,image-30,singleton,one_edit_global,1,0,unresolved,opposite_worlds,-2,4,-2,4
1/4,image-30,singleton,current_strict,1,1,input_blocked,,,,,
1/4,image-30,singleton,current_partial,1,0,unresolved,opposite_worlds,-4,4,-4,4
1/4,image-30,singleton,union_strict,1,1,input_blocked,,,,,
1/4,image-30,singleton,union_partial,1,0,unresolved,opposite_worlds,-6,4,-6,4
1/4,image-31,singleton,exact_projection,1,0,supported,universal_bound,2,2,2,2
1/4,image-31,singleton,one_edit_per_image,1,0,unresolved,opposite_worlds,0,4,0,4
1/4,image-31,singleton,one_edit_global,1,0,unresolved,opposite_worlds,0,4,0,4
1/4,image-31,singleton,current_strict,1,1,input_blocked,,,,,
1/4,image-31,singleton,current_partial,1,0,unresolved,opposite_worlds,-2,4,-2,2
1/4,image-31,singleton,union_strict,1,1,input_blocked,,,,,
1/4,image-31,singleton,union_partial,1,0,unresolved,opposite_worlds,-4,4,-2,2
1/4,image-32,singleton,exact_projection,1,0,supported,universal_bound,1,1,1,1
1/4,image-32,singleton,one_edit_per_image,1,0,unresolved,opposite_worlds,-1,3,-1,3
1/4,image-32,singleton,one_edit_global,1,0,unresolved,opposite_worlds,-1,3,-1,3
1/4,image-32,singleton,current_strict,1,0,supported,universal_bound,1,1,1,1
1/4,image-32,singleton,current_partial,1,0,supported,universal_bound,1,1,1,1
1/4,image-32,singleton,union_strict,1,0,supported,universal_bound,1,1,1,1
1/4,image-32,singleton,union_partial,1,0,supported,universal_bound,1,1,1,1
1/4,image-33,singleton,exact_projection,1,0,supported,universal_bound,4,4,4,4
1/4,image-33,singleton,one_edit_per_image,1,0,supported,universal_bound,2,6,2,6
1/4,image-33,singleton,one_edit_global,1,0,supported,universal_bound,2,6,2,6
1/4,image-33,singleton,current_strict,1,1,input_blocked,,,,,
1/4,image-33,singleton,current_partial,1,0,supported,universal_bound,2,6,2,6
1/4,image-33,singleton,union_strict,1,1,input_blocked,,,,,
1/4,image-33,singleton,union_partial,1,0,supported,universal_bound,2,6,2,6
1/4,image-34,singleton,exact_projection,1,0,supported,universal_bound,1,1,1,1
1/4,image-34,singleton,one_edit_per_image,1,0,unresolved,opposite_worlds,-1,3,-1,3
1/4,image-34,singleton,one_edit_global,1,0,unresolved,opposite_worlds,-1,3,-1,3
1/4,image-34,singleton,current_strict,1,0,supported,universal_bound,1,1,1,1
1/4,image-34,singleton,current_partial,1,0,supported,universal_bound,1,1,1,1
1/4,image-34,singleton,union_strict,1,1,input_blocked,,,,,
1/4,image-34,singleton,union_partial,1,0,unresolved,opposite_worlds,-1,1,-1,1
1/4,image-35,singleton,exact_projection,1,0,excluded,universal_bound,0,0,0,0
1/4,image-35,singleton,one_edit_per_image,1,0,unresolved,opposite_worlds,-2,2,-2,2
1/4,image-35,singleton,one_edit_global,1,0,unresolved,opposite_worlds,-2,2,-2,2
1/4,image-35,singleton,current_strict,1,0,excluded,universal_bound,0,0,0,0
1/4,image-35,singleton,current_partial,1,0,excluded,universal_bound,0,0,0,0
1/4,image-35,singleton,union_strict,1,0,excluded,universal_bound,0,0,0,0
1/4,image-35,singleton,union_partial,1,0,excluded,universal_bound,0,0,0,0
1/4,image-36,singleton,exact_projection,1,0,supported,universal_bound,1,1,1,1
1/4,image-36,singleton,one_edit_per_image,1,0,unresolved,opposite_worlds,-1,1,-1,1
1/4,image-36,singleton,one_edit_global,1,0,unresolved,opposite_worlds,-1,1,-1,1
1/4,image-36,singleton,current_strict,1,0,supported,universal_bound,1,1,1,1
1/4,image-36,singleton,current_partial,1,0,supported,universal_bound,1,1,1,1
1/4,image-36,singleton,union_strict,1,0,supported,universal_bound,1,1,1,1
1/4,image-36,singleton,union_partial,1,0,supported,universal_bound,1,1,1,1
1/4,image-37,singleton,exact_projection,1,0,excluded,universal_bound,-1,-1,-1,-1
1/4,image-37,singleton,one_edit_per_image,1,0,unresolved,opposite_worlds,-3,3,-3,3
1/4,image-37,singleton,one_edit_global,1,0,unresolved,opposite_worlds,-3,3,-3,3
1/4,image-37,singleton,current_strict,1,1,input_blocked,,,,,
1/4,image-37,singleton,current_partial,1,0,unresolved,opposite_worlds,-3,3,-3,3
1/4,image-37,singleton,union_strict,1,1,input_blocked,,,,,
1/4,image-37,singleton,union_partial,1,0,unresolved,opposite_worlds,-3,3,-3,3
1/4,image-38,singleton,exact_projection,1,0,supported,universal_bound,1,1,1,1
1/4,image-38,singleton,one_edit_per_image,1,0,unresolved,opposite_worlds,-1,3,-1,3
1/4,image-38,singleton,one_edit_global,1,0,unresolved,opposite_worlds,-1,3,-1,3
1/4,image-38,singleton,current_strict,1,1,input_blocked,,,,,
1/4,image-38,singleton,current_partial,1,0,unresolved,opposite_worlds,-1,3,-1,3
1/4,image-38,singleton,union_strict,1,1,input_blocked,,,,,
1/4,image-38,singleton,union_partial,1,0,unresolved,opposite_worlds,-1,3,-1,3
1/4,image-39,singleton,exact_projection,1,0,excluded,universal_bound,-1,-1,-1,-1
1/4,image-39,singleton,one_edit_per_image,1,0,unresolved,opposite_worlds,-3,1,-3,1
1/4,image-39,singleton,one_edit_global,1,0,unresolved,opposite_worlds,-3,1,-3,1
1/4,image-39,singleton,current_strict,1,1,input_blocked,,,,,
1/4,image-39,singleton,current_partial,1,0,unresolved,opposite_worlds,-3,3,-3,3
1/4,image-39,singleton,union_strict,1,1,input_blocked,,,,,
1/4,image-39,singleton,union_partial,1,0,unresolved,opposite_worlds,-3,3,-3,3
1/4,image-40,singleton,exact_projection,1,0,excluded,universal_bound,0,0,0,0
1/4,image-40,singleton,one_edit_per_image,1,0,unresolved,opposite_worlds,-2,4,-2,4
1/4,image-40,singleton,one_edit_global,1,0,unresolved,opposite_worlds,-2,4,-2,4
1/4,image-40,singleton,current_strict,1,0,excluded,universal_bound,0,0,0,0
1/4,image-40,singleton,current_partial,1,0,excluded,universal_bound,0,0,0,0
1/4,image-40,singleton,union_strict,1,1,input_blocked,,,,,
1/4,image-40,singleton,union_partial,1,0,unresolved,opposite_worlds,-2,2,-2,2
1/4,image-41,singleton,exact_projection,1,0,supported,universal_bound,1,1,1,1
1/4,image-41,singleton,one_edit_per_image,1,0,unresolved,opposite_worlds,-1,3,-1,3
1/4,image-41,singleton,one_edit_global,1,0,unresolved,opposite_worlds,-1,3,-1,3
1/4,image-41,singleton,current_strict,1,1,input_blocked,,,,,
1/4,image-41,singleton,current_partial,1,0,unresolved,opposite_worlds,-1,1,-1,1
1/4,image-41,singleton,union_strict,1,1,input_blocked,,,,,
1/4,image-41,singleton,union_partial,1,0,unresolved,opposite_worlds,-1,1,-1,1
1/4,image-42,singleton,exact_projection,1,0,excluded,universal_bound,0,0,0,0
1/4,image-42,singleton,one_edit_per_image,1,0,excluded,universal_bound,0,0,0,0
1/4,image-42,singleton,one_edit_global,1,0,excluded,universal_bound,0,0,0,0
1/4,image-42,singleton,current_strict,1,0,excluded,universal_bound,0,0,0,0
1/4,image-42,singleton,current_partial,1,0,excluded,universal_bound,0,0,0,0
1/4,image-42,singleton,union_strict,1,1,input_blocked,,,,,
1/4,image-42,singleton,union_partial,1,0,excluded,universal_bound,0,0,0,0
1/4,image-43,singleton,exact_projection,1,0,excluded,universal_bound,-1,-1,-1,-1
1/4,image-43,singleton,one_edit_per_image,1,0,unresolved,opposite_worlds,-3,1,-3,1
1/4,image-43,singleton,one_edit_global,1,0,unresolved,opposite_worlds,-3,1,-3,1
1/4,image-43,singleton,current_strict,1,1,input_blocked,,,,,
1/4,image-43,singleton,current_partial,1,0,unresolved,opposite_worlds,-5,3,-1,1
1/4,image-43,singleton,union_strict,1,1,input_blocked,,,,,
1/4,image-43,singleton,union_partial,1,0,unresolved,opposite_worlds,-5,3,-1,1
1/4,image-44,singleton,exact_projection,1,0,supported,universal_bound,1,1,1,1
1/4,image-44,singleton,one_edit_per_image,1,0,unresolved,opposite_worlds,-1,1,-1,1
1/4,image-44,singleton,one_edit_global,1,0,unresolved,opposite_worlds,-1,1,-1,1
1/4,image-44,singleton,current_strict,1,0,supported,universal_bound,1,1,1,1
1/4,image-44,singleton,current_partial,1,0,supported,universal_bound,1,1,1,1
1/4,image-44,singleton,union_strict,1,0,supported,universal_bound,1,1,1,1
1/4,image-44,singleton,union_partial,1,0,supported,universal_bound,1,1,1,1
1/4,image-45,singleton,exact_projection,1,0,supported,universal_bound,1,1,1,1
1/4,image-45,singleton,one_edit_per_image,1,0,unresolved,opposite_worlds,-1,3,-1,3
1/4,image-45,singleton,one_edit_global,1,0,unresolved,opposite_worlds,-1,3,-1,3
1/4,image-45,singleton,current_strict,1,1,input_blocked,,,,,
1/4,image-45,singleton,current_partial,1,0,unresolved,opposite_worlds,-1,3,-1,1
1/4,image-45,singleton,union_strict,1,1,input_blocked,,,,,
1/4,image-45,singleton,union_partial,1,0,unresolved,opposite_worlds,-1,3,-1,1
1/4,image-46,singleton,exact_projection,1,0,excluded,universal_bound,-1,-1,-1,-1
1/4,image-46,singleton,one_edit_per_image,1,0,unresolved,opposite_worlds,-1,1,-1,1
1/4,image-46,singleton,one_edit_global,1,0,unresolved,opposite_worlds,-1,1,-1,1
1/4,image-46,singleton,current_strict,1,0,excluded,universal_bound,-1,-1,-1,-1
1/4,image-46,singleton,current_partial,1,0,excluded,universal_bound,-1,-1,-1,-1
1/4,image-46,singleton,union_strict,1,1,input_blocked,,,,,
1/4,image-46,singleton,union_partial,1,0,unresolved,opposite_worlds,-1,1,-1,1
1/4,image-47,singleton,exact_projection,1,0,excluded,universal_bound,0,0,0,0
1/4,image-47,singleton,one_edit_per_image,1,0,excluded,universal_bound,0,0,0,0
1/4,image-47,singleton,one_edit_global,1,0,excluded,universal_bound,0,0,0,0
1/4,image-47,singleton,current_strict,1,0,excluded,universal_bound,0,0,0,0
1/4,image-47,singleton,current_partial,1,0,excluded,universal_bound,0,0,0,0
1/4,image-47,singleton,union_strict,1,0,excluded,universal_bound,0,0,0,0
1/4,image-47,singleton,union_partial,1,0,excluded,universal_bound,0,0,0,0
1/4,image-48,singleton,exact_projection,1,0,supported,universal_bound,1,1,1,1
1/4,image-48,singleton,one_edit_per_image,1,0,unresolved,opposite_worlds,-1,3,-1,3
1/4,image-48,singleton,one_edit_global,1,0,unresolved,opposite_worlds,-1,3,-1,3
1/4,image-48,singleton,current_strict,1,0,supported,universal_bound,1,1,1,1
1/4,image-48,singleton,current_partial,1,0,supported,universal_bound,1,1,1,1
1/4,image-48,singleton,union_strict,1,0,supported,universal_bound,1,1,1,1
1/4,image-48,singleton,union_partial,1,0,supported,universal_bound,1,1,1,1
1/4,image-49,singleton,exact_projection,1,0,excluded,universal_bound,0,0,0,0
1/4,image-49,singleton,one_edit_per_image,1,0,unresolved,opposite_worlds,-2,2,-2,2
1/4,image-49,singleton,one_edit_global,1,0,unresolved,opposite_worlds,-2,2,-2,2
1/4,image-49,singleton,current_strict,1,0,excluded,universal_bound,0,0,0,0
1/4,image-49,singleton,current_partial,1,0,excluded,universal_bound,0,0,0,0
1/4,image-49,singleton,union_strict,1,0,excluded,universal_bound,0,0,0,0
1/4,image-49,singleton,union_partial,1,0,excluded,universal_bound,0,0,0,0
1/4,image-50,singleton,exact_projection,1,0,supported,universal_bound,2,2,2,2
1/4,image-50,singleton,one_edit_per_image,1,0,unresolved,opposite_worlds,0,4,0,4
1/4,image-50,singleton,one_edit_global,1,0,unresolved,opposite_worlds,0,4,0,4
1/4,image-50,singleton,current_strict,1,0,supported,universal_bound,2,2,2,2
1/4,image-50,singleton,current_partial,1,0,supported,universal_bound,2,2,2,2
1/4,image-50,singleton,union_strict,1,0,supported,universal_bound,2,2,2,2
1/4,image-50,singleton,union_partial,1,0,supported,universal_bound,2,2,2,2
1/4,image-51,singleton,exact_projection,1,0,excluded,universal_bound,0,0,0,0
1/4,image-51,singleton,one_edit_per_image,1,0,unresolved,opposite_worlds,-2,2,-2,2
1/4,image-51,singleton,one_edit_global,1,0,unresolved,opposite_worlds,-2,2,-2,2
1/4,image-51,singleton,current_strict,1,0,excluded,universal_bound,0,0,0,0
1/4,image-51,singleton,current_partial,1,0,excluded,universal_bound,0,0,0,0
1/4,image-51,singleton,union_strict,1,0,excluded,universal_bound,0,0,0,0
1/4,image-51,singleton,union_partial,1,0,excluded,universal_bound,0,0,0,0
1/4,image-52,singleton,exact_projection,1,0,supported,universal_bound,1,1,1,1
1/4,image-52,singleton,one_edit_per_image,1,0,unresolved,opposite_worlds,-1,3,-1,3
1/4,image-52,singleton,one_edit_global,1,0,unresolved,opposite_worlds,-1,3,-1,3
1/4,image-52,singleton,current_strict,1,1,input_blocked,,,,,
1/4,image-52,singleton,current_partial,1,0,unresolved,opposite_worlds,-1,3,-1,3
1/4,image-52,singleton,union_strict,1,1,input_blocked,,,,,
1/4,image-52,singleton,union_partial,1,0,unresolved,opposite_worlds,-3,5,-3,5
1/4,image-53,singleton,exact_projection,1,0,excluded,universal_bound,0,0,0,0
1/4,image-53,singleton,one_edit_per_image,1,0,excluded,universal_bound,0,0,0,0
1/4,image-53,singleton,one_edit_global,1,0,excluded,universal_bound,0,0,0,0
1/4,image-53,singleton,current_strict,1,0,excluded,universal_bound,0,0,0,0
1/4,image-53,singleton,current_partial,1,0,excluded,universal_bound,0,0,0,0
1/4,image-53,singleton,union_strict,1,0,excluded,universal_bound,0,0,0,0
1/4,image-53,singleton,union_partial,1,0,excluded,universal_bound,0,0,0,0
1/4,image-54,singleton,exact_projection,1,0,excluded,universal_bound,0,0,0,0
1/4,image-54,singleton,one_edit_per_image,1,0,unresolved,opposite_worlds,-2,2,-2,2
1/4,image-54,singleton,one_edit_global,1,0,unresolved,opposite_worlds,-2,2,-2,2
1/4,image-54,singleton,current_strict,1,1,input_blocked,,,,,
1/4,image-54,singleton,current_partial,1,0,excluded,universal_bound,0,0,0,0
1/4,image-54,singleton,union_strict,1,1,input_blocked,,,,,
1/4,image-54,singleton,union_partial,1,0,excluded,universal_bound,0,0,0,0
1/4,image-55,singleton,exact_projection,1,0,excluded,universal_bound,-2,-2,-2,-2
1/4,image-55,singleton,one_edit_per_image,1,0,excluded,universal_bound,-4,0,-4,0
1/4,image-55,singleton,one_edit_global,1,0,excluded,universal_bound,-4,0,-4,0
1/4,image-55,singleton,current_strict,1,1,input_blocked,,,,,
1/4,image-55,singleton,current_partial,1,0,excluded,universal_bound,-2,-2,-2,-2
1/4,image-55,singleton,union_strict,1,1,input_blocked,,,,,
1/4,image-55,singleton,union_partial,1,0,excluded,universal_bound,-2,-2,-2,-2
1/4,image-56,singleton,exact_projection,1,0,excluded,universal_bound,0,0,0,0
1/4,image-56,singleton,one_edit_per_image,1,0,unresolved,opposite_worlds,-2,2,-2,2
1/4,image-56,singleton,one_edit_global,1,0,unresolved,opposite_worlds,-2,2,-2,2
1/4,image-56,singleton,current_strict,1,0,excluded,universal_bound,0,0,0,0
1/4,image-56,singleton,current_partial,1,0,excluded,universal_bound,0,0,0,0
1/4,image-56,singleton,union_strict,1,0,excluded,universal_bound,0,0,0,0
1/4,image-56,singleton,union_partial,1,0,excluded,universal_bound,0,0,0,0
1/4,image-57,singleton,exact_projection,1,0,supported,universal_bound,2,2,2,2
1/4,image-57,singleton,one_edit_per_image,1,0,unresolved,opposite_worlds,0,4,0,4
1/4,image-57,singleton,one_edit_global,1,0,unresolved,opposite_worlds,0,4,0,4
1/4,image-57,singleton,current_strict,1,1,input_blocked,,,,,
1/4,image-57,singleton,current_partial,1,0,unresolved,opposite_worlds,0,4,0,2
1/4,image-57,singleton,union_strict,1,1,input_blocked,,,,,
1/4,image-57,singleton,union_partial,1,0,unresolved,opposite_worlds,-2,4,-2,2
1/4,image-58,singleton,exact_projection,1,0,supported,universal_bound,1,1,1,1
1/4,image-58,singleton,one_edit_per_image,1,0,unresolved,opposite_worlds,-1,3,-1,3
1/4,image-58,singleton,one_edit_global,1,0,unresolved,opposite_worlds,-1,3,-1,3
1/4,image-58,singleton,current_strict,1,0,supported,universal_bound,1,1,1,1
1/4,image-58,singleton,current_partial,1,0,supported,universal_bound,1,1,1,1
1/4,image-58,singleton,union_strict,1,0,supported,universal_bound,1,1,1,1
1/4,image-58,singleton,union_partial,1,0,supported,universal_bound,1,1,1,1
1/4,image-59,singleton,exact_projection,1,0,supported,universal_bound,1,1,1,1
1/4,image-59,singleton,one_edit_per_image,1,0,unresolved,opposite_worlds,-1,3,-1,3
1/4,image-59,singleton,one_edit_global,1,0,unresolved,opposite_worlds,-1,3,-1,3
1/4,image-59,singleton,current_strict,1,1,input_blocked,,,,,
1/4,image-59,singleton,current_partial,1,0,unresolved,opposite_worlds,-1,1,-1,1
1/4,image-59,singleton,union_strict,1,1,input_blocked,,,,,
1/4,image-59,singleton,union_partial,1,0,unresolved,opposite_worlds,-1,1,-1,1
1/4,image-60,singleton,exact_projection,1,0,excluded,universal_bound,-3,-3,-3,-3
1/4,image-60,singleton,one_edit_per_image,1,0,unresolved,opposite_worlds,-5,1,-5,1
1/4,image-60,singleton,one_edit_global,1,0,unresolved,opposite_worlds,-5,1,-5,1
1/4,image-60,singleton,current_strict,1,0,excluded,universal_bound,-3,-3,-3,-3
1/4,image-60,singleton,current_partial,1,0,excluded,universal_bound,-3,-3,-3,-3
1/4,image-60,singleton,union_strict,1,1,input_blocked,,,,,
1/4,image-60,singleton,union_partial,1,0,excluded,universal_bound,-5,-1,-5,-1
1/4,image-61,singleton,exact_projection,1,0,supported,universal_bound,1,1,1,1
1/4,image-61,singleton,one_edit_per_image,1,0,unresolved,opposite_worlds,-3,3,-3,3
1/4,image-61,singleton,one_edit_global,1,0,unresolved,opposite_worlds,-3,3,-3,3
1/4,image-61,singleton,current_strict,1,1,input_blocked,,,,,
1/4,image-61,singleton,current_partial,1,0,unresolved,opposite_worlds,-1,3,-1,3
1/4,image-61,singleton,union_strict,1,1,input_blocked,,,,,
1/4,image-61,singleton,union_partial,1,0,unresolved,opposite_worlds,-1,3,-1,3
1/4,image-62,singleton,exact_projection,1,0,supported,universal_bound,3,3,3,3
1/4,image-62,singleton,one_edit_per_image,1,0,supported,universal_bound,1,7,1,7
1/4,image-62,singleton,one_edit_global,1,0,supported,universal_bound,1,7,1,7
1/4,image-62,singleton,current_strict,1,1,input_blocked,,,,,
1/4,image-62,singleton,current_partial,1,0,unresolved,opposite_worlds,-19,19,-7,5
1/4,image-62,singleton,union_strict,1,1,input_blocked,,,,,
1/4,image-62,singleton,union_partial,1,1,input_blocked,,,,,
1/4,image-63,singleton,exact_projection,1,0,excluded,universal_bound,-1,-1,-1,-1
1/4,image-63,singleton,one_edit_per_image,1,0,unresolved,opposite_worlds,-3,1,-3,1
1/4,image-63,singleton,one_edit_global,1,0,unresolved,opposite_worlds,-3,1,-3,1
1/4,image-63,singleton,current_strict,1,0,excluded,universal_bound,-1,-1,-1,-1
1/4,image-63,singleton,current_partial,1,0,excluded,universal_bound,-1,-1,-1,-1
1/4,image-63,singleton,union_strict,1,0,excluded,universal_bound,-1,-1,-1,-1
1/4,image-63,singleton,union_partial,1,0,excluded,universal_bound,-1,-1,-1,-1
1/4,block-00,block,exact_projection,8,0,supported,universal_bound,1,1,1,1
1/4,block-00,block,one_edit_per_image,8,0,unresolved,opposite_worlds,-1,13/4,-1,13/4
1/4,block-00,block,one_edit_global,8,0,supported,universal_bound,3/4,3/2,3/4,3/2
1/4,block-00,block,current_strict,8,0,supported,universal_bound,1,1,1,1
1/4,block-00,block,current_partial,8,0,supported,universal_bound,1,1,1,1
1/4,block-00,block,union_strict,8,2,input_blocked,,,,,
1/4,block-00,block,union_partial,8,0,supported,universal_bound,1/2,3/2,1/2,3/2
1/4,block-01,block,exact_projection,8,0,supported,universal_bound,7/4,7/4,7/4,7/4
1/4,block-01,block,one_edit_per_image,8,0,unresolved,opposite_worlds,-1/2,17/4,-1/2,17/4
1/4,block-01,block,one_edit_global,8,0,supported,universal_bound,5/4,9/4,5/4,9/4
1/4,block-01,block,current_strict,8,4,input_blocked,,,,,
1/4,block-01,block,current_partial,8,0,unresolved,opposite_worlds,-1/2,3,-1/2,5/2
1/4,block-01,block,union_strict,8,5,input_blocked,,,,,
1/4,block-01,block,union_partial,8,0,unresolved,opposite_worlds,-5/2,15/4,-2,3
1/4,block-02,block,exact_projection,8,0,supported,universal_bound,1/4,1/4,1/4,1/4
1/4,block-02,block,one_edit_per_image,8,0,unresolved,opposite_worlds,-3/2,9/4,-3/2,9/4
1/4,block-02,block,one_edit_global,8,0,unresolved,opposite_worlds,0,3/4,0,3/4
1/4,block-02,block,current_strict,8,2,input_blocked,,,,,
1/4,block-02,block,current_partial,8,0,unresolved,opposite_worlds,-1/4,1/2,-1/4,1/2
1/4,block-02,block,union_strict,8,4,input_blocked,,,,,
1/4,block-02,block,union_partial,8,0,unresolved,opposite_worlds,-1/2,1/2,-1/2,1/2
1/4,block-03,block,exact_projection,8,0,excluded,universal_bound,0,0,0,0
1/4,block-03,block,one_edit_per_image,8,0,unresolved,opposite_worlds,-5/2,5/2,-5/2,5/2
1/4,block-03,block,one_edit_global,8,0,unresolved,opposite_worlds,-1/2,1/2,-1/2,1/2
1/4,block-03,block,current_strict,8,5,input_blocked,,,,,
1/4,block-03,block,current_partial,8,0,unresolved,opposite_worlds,-3/2,5/4,-3/2,1
1/4,block-03,block,union_strict,8,6,input_blocked,,,,,
1/4,block-03,block,union_partial,8,0,unresolved,opposite_worlds,-9/4,7/4,-2,3/2
1/4,block-04,block,exact_projection,8,0,supported,universal_bound,3/4,3/4,3/4,3/4
1/4,block-04,block,one_edit_per_image,8,0,unresolved,opposite_worlds,-5/4,11/4,-5/4,11/4
1/4,block-04,block,one_edit_global,8,0,supported,universal_bound,1/2,5/4,1/2,5/4
1/4,block-04,block,current_strict,8,4,input_blocked,,,,,
1/4,block-04,block,current_partial,8,0,unresolved,opposite_worlds,-1/4,9/4,-1/4,9/4
1/4,block-04,block,union_strict,8,5,input_blocked,,,,,
1/4,block-04,block,union_partial,8,0,unresolved,opposite_worlds,-1/2,9/4,-1/2,9/4
1/4,block-05,block,exact_projection,8,0,supported,universal_bound,1/8,1/8,1/8,1/8
1/4,block-05,block,one_edit_per_image,8,0,unresolved,opposite_worlds,-9/8,13/8,-9/8,13/8
1/4,block-05,block,one_edit_global,8,0,unresolved,opposite_worlds,-1/8,5/8,-1/8,5/8
1/4,block-05,block,current_strict,8,3,input_blocked,,,,,
1/4,block-05,block,current_partial,8,0,unresolved,opposite_worlds,-7/8,7/8,-3/8,3/8
1/4,block-05,block,union_strict,8,6,input_blocked,,,,,
1/4,block-05,block,union_partial,8,0,unresolved,opposite_worlds,-9/8,11/8,-5/8,7/8
1/4,block-06,block,exact_projection,8,0,supported,universal_bound,1/4,1/4,1/4,1/4
1/4,block-06,block,one_edit_per_image,8,0,unresolved,opposite_worlds,-3/2,2,-3/2,2
1/4,block-06,block,one_edit_global,8,0,unresolved,opposite_worlds,0,1/2,0,1/2
1/4,block-06,block,current_strict,8,3,input_blocked,,,,,
1/4,block-06,block,current_partial,8,0,unresolved,opposite_worlds,0,1/2,0,1/2
1/4,block-06,block,union_strict,8,3,input_blocked,,,,,
1/4,block-06,block,union_partial,8,0,unresolved,opposite_worlds,-1/4,3/4,-1/4,3/4
1/4,block-07,block,exact_projection,8,0,supported,universal_bound,1/2,1/2,1/2,1/2
1/4,block-07,block,one_edit_per_image,8,0,unresolved,opposite_worlds,-7/4,3,-7/4,3
1/4,block-07,block,one_edit_global,8,0,unresolved,opposite_worlds,0,1,0,1
1/4,block-07,block,current_strict,8,4,input_blocked,,,,,
1/4,block-07,block,current_partial,8,0,unresolved,opposite_worlds,-3,3,-3/2,1
1/4,block-07,block,union_strict,8,5,input_blocked,,,,,
1/4,block-07,block,union_partial,8,1,input_blocked,,,,,
1/4,all-64,primary,exact_projection,64,0,supported,universal_bound,37/64,37/64,37/64,37/64
1/4,all-64,primary,one_edit_per_image,64,0,unresolved,opposite_worlds,-89/64,173/64,-89/64,173/64
1/4,all-64,primary,one_edit_global,64,0,supported,universal_bound,33/64,41/64,33/64,41/64
1/4,all-64,primary,current_strict,64,25,input_blocked,,,,,
1/4,all-64,primary,current_partial,64,0,unresolved,opposite_worlds,-43/64,99/64,-27/64,73/64
1/4,all-64,primary,union_strict,64,36,input_blocked,,,,,
1/4,all-64,primary,union_partial,64,1,input_blocked,,,,,
7/20,image-00,singleton,exact_projection,1,0,excluded,universal_bound,0,0,0,0
7/20,image-00,singleton,one_edit_per_image,1,0,unresolved,opposite_worlds,-2,2,0,2
7/20,image-00,singleton,one_edit_global,1,0,unresolved,opposite_worlds,-2,2,0,2
7/20,image-00,singleton,current_strict,1,0,excluded,universal_bound,0,0,0,0
7/20,image-00,singleton,current_partial,1,0,excluded,universal_bound,0,0,0,0
7/20,image-00,singleton,union_strict,1,0,excluded,universal_bound,0,0,0,0
7/20,image-00,singleton,union_partial,1,0,excluded,universal_bound,0,0,0,0
7/20,image-01,singleton,exact_projection,1,0,supported,universal_bound,2,2,2,2
7/20,image-01,singleton,one_edit_per_image,1,0,unresolved,opposite_worlds,-2,6,0,4
7/20,image-01,singleton,one_edit_global,1,0,unresolved,opposite_worlds,-2,6,0,4
7/20,image-01,singleton,current_strict,1,0,supported,universal_bound,2,2,2,2
7/20,image-01,singleton,current_partial,1,0,supported,universal_bound,2,2,2,2
7/20,image-01,singleton,union_strict,1,0,supported,universal_bound,2,2,2,2
7/20,image-01,singleton,union_partial,1,0,supported,universal_bound,2,2,2,2
7/20,image-02,singleton,exact_projection,1,0,supported,universal_bound,1,1,1,1
7/20,image-02,singleton,one_edit_per_image,1,0,unresolved,opposite_worlds,-1,3,-1,3
7/20,image-02,singleton,one_edit_global,1,0,unresolved,opposite_worlds,-1,3,-1,3
7/20,image-02,singleton,current_strict,1,0,supported,universal_bound,1,1,1,1
7/20,image-02,singleton,current_partial,1,0,supported,universal_bound,1,1,1,1
7/20,image-02,singleton,union_strict,1,0,supported,universal_bound,1,1,1,1
7/20,image-02,singleton,union_partial,1,0,supported,universal_bound,1,1,1,1
7/20,image-03,singleton,exact_projection,1,0,excluded,universal_bound,0,0,0,0
7/20,image-03,singleton,one_edit_per_image,1,0,excluded,universal_bound,-2,0,-2,0
7/20,image-03,singleton,one_edit_global,1,0,excluded,universal_bound,-2,0,-2,0
7/20,image-03,singleton,current_strict,1,0,excluded,universal_bound,0,0,0,0
7/20,image-03,singleton,current_partial,1,0,excluded,universal_bound,0,0,0,0
7/20,image-03,singleton,union_strict,1,0,excluded,universal_bound,0,0,0,0
7/20,image-03,singleton,union_partial,1,0,excluded,universal_bound,0,0,0,0
7/20,image-04,singleton,exact_projection,1,0,excluded,universal_bound,0,0,0,0
7/20,image-04,singleton,one_edit_per_image,1,0,unresolved,opposite_worlds,-2,2,-2,2
7/20,image-04,singleton,one_edit_global,1,0,unresolved,opposite_worlds,-2,2,-2,2
7/20,image-04,singleton,current_strict,1,0,excluded,universal_bound,0,0,0,0
7/20,image-04,singleton,current_partial,1,0,excluded,universal_bound,0,0,0,0
7/20,image-04,singleton,union_strict,1,1,input_blocked,,,,,
7/20,image-04,singleton,union_partial,1,0,unresolved,opposite_worlds,-2,2,-2,2
7/20,image-05,singleton,exact_projection,1,0,excluded,universal_bound,0,0,0,0
7/20,image-05,singleton,one_edit_per_image,1,0,unresolved,opposite_worlds,-2,2,-2,2
7/20,image-05,singleton,one_edit_global,1,0,unresolved,opposite_worlds,-2,2,-2,2
7/20,image-05,singleton,current_strict,1,0,excluded,universal_bound,0,0,0,0
7/20,image-05,singleton,current_partial,1,0,excluded,universal_bound,0,0,0,0
7/20,image-05,singleton,union_strict,1,1,input_blocked,,,,,
7/20,image-05,singleton,union_partial,1,0,unresolved,opposite_worlds,-2,2,-2,2
7/20,image-06,singleton,exact_projection,1,0,excluded,universal_bound,0,0,0,0
7/20,image-06,singleton,one_edit_per_image,1,0,unresolved,opposite_worlds,-2,2,-2,2
7/20,image-06,singleton,one_edit_global,1,0,unresolved,opposite_worlds,-2,2,-2,2
7/20,image-06,singleton,current_strict,1,0,excluded,universal_bound,0,0,0,0
7/20,image-06,singleton,current_partial,1,0,excluded,universal_bound,0,0,0,0
7/20,image-06,singleton,union_strict,1,0,excluded,universal_bound,0,0,0,0
7/20,image-06,singleton,union_partial,1,0,excluded,universal_bound,0,0,0,0
7/20,image-07,singleton,exact_projection,1,0,excluded,universal_bound,-1,-1,-1,-1
7/20,image-07,singleton,one_edit_per_image,1,0,unresolved,opposite_worlds,-3,1,-1,1
7/20,image-07,singleton,one_edit_global,1,0,unresolved,opposite_worlds,-3,1,-1,1
7/20,image-07,singleton,current_strict,1,0,excluded,universal_bound,-1,-1,-1,-1
7/20,image-07,singleton,current_partial,1,0,excluded,universal_bound,-1,-1,-1,-1
7/20,image-07,singleton,union_strict,1,0,excluded,universal_bound,-1,-1,-1,-1
7/20,image-07,singleton,union_partial,1,0,excluded,universal_bound,-1,-1,-1,-1
7/20,image-08,singleton,exact_projection,1,0,excluded,universal_bound,-1,-1,-1,-1
7/20,image-08,singleton,one_edit_per_image,1,0,unresolved,opposite_worlds,-3,1,-3,1
7/20,image-08,singleton,one_edit_global,1,0,unresolved,opposite_worlds,-3,1,-3,1
7/20,image-08,singleton,current_strict,1,0,excluded,universal_bound,-1,-1,-1,-1
7/20,image-08,singleton,current_partial,1,0,excluded,universal_bound,-1,-1,-1,-1
7/20,image-08,singleton,union_strict,1,1,input_blocked,,,,,
7/20,image-08,singleton,union_partial,1,0,excluded,universal_bound,-3,-1,-3,-1
7/20,image-09,singleton,exact_projection,1,0,excluded,universal_bound,-1,-1,-1,-1
7/20,image-09,singleton,one_edit_per_image,1,0,unresolved,opposite_worlds,-3,1,-1,1
7/20,image-09,singleton,one_edit_global,1,0,unresolved,opposite_worlds,-3,1,-1,1
7/20,image-09,singleton,current_strict,1,1,input_blocked,,,,,
7/20,image-09,singleton,current_partial,1,0,unresolved,opposite_worlds,-5,3,-3,3
7/20,image-09,singleton,union_strict,1,1,input_blocked,,,,,
7/20,image-09,singleton,union_partial,1,0,unresolved,opposite_worlds,-7,5,-3,3
7/20,image-10,singleton,exact_projection,1,0,supported,universal_bound,1,1,1,1
7/20,image-10,singleton,one_edit_per_image,1,0,unresolved,bound_gap,-1,3,1,1
7/20,image-10,singleton,one_edit_global,1,0,unresolved,bound_gap,-1,3,1,1
7/20,image-10,singleton,current_strict,1,0,supported,universal_bound,1,1,1,1
7/20,image-10,singleton,current_partial,1,0,supported,universal_bound,1,1,1,1
7/20,image-10,singleton,union_strict,1,0,supported,universal_bound,1,1,1,1
7/20,image-10,singleton,union_partial,1,0,supported,universal_bound,1,1,1,1
7/20,image-11,singleton,exact_projection,1,0,supported,universal_bound,1,1,1,1
7/20,image-11,singleton,one_edit_per_image,1,0,unresolved,bound_gap,-1,3,1,3
7/20,image-11,singleton,one_edit_global,1,0,unresolved,bound_gap,-1,3,1,3
7/20,image-11,singleton,current_strict,1,1,input_blocked,,,,,
7/20,image-11,singleton,current_partial,1,0,unresolved,bound_gap,-1,3,1,1
7/20,image-11,singleton,union_strict,1,1,input_blocked,,,,,
7/20,image-11,singleton,union_partial,1,0,unresolved,bound_gap,-3,5,1,1
7/20,image-12,singleton,exact_projection,1,0,excluded,universal_bound,-1,-1,-1,-1
7/20,image-12,singleton,one_edit_per_image,1,0,unresolved,opposite_worlds,-3,3,-3,1
7/20,image-12,singleton,one_edit_global,1,0,unresolved,opposite_worlds,-3,3,-3,1
7/20,image-12,singleton,current_strict,1,0,excluded,universal_bound,-1,-1,-1,-1
7/20,image-12,singleton,current_partial,1,0,excluded,universal_bound,-1,-1,-1,-1
7/20,image-12,singleton,union_strict,1,0,excluded,universal_bound,-1,-1,-1,-1
7/20,image-12,singleton,union_partial,1,0,excluded,universal_bound,-1,-1,-1,-1
7/20,image-13,singleton,exact_projection,1,0,supported,universal_bound,3,3,3,3
7/20,image-13,singleton,one_edit_per_image,1,0,unresolved,bound_gap,-1,5,1,5
7/20,image-13,singleton,one_edit_global,1,0,unresolved,bound_gap,-1,5,1,5
7/20,image-13,singleton,current_strict,1,1,input_blocked,,,,,
7/20,image-13,singleton,current_partial,1,0,unresolved,opposite_worlds,-5,3,-5,1
7/20,image-13,singleton,union_strict,1,1,input_blocked,,,,,
7/20,image-13,singleton,union_partial,1,0,unresolved,opposite_worlds,-5,3,-5,1
7/20,image-14,singleton,exact_projection,1,0,excluded,universal_bound,0,0,0,0
7/20,image-14,singleton,one_edit_per_image,1,0,unresolved,opposite_worlds,-2,2,-2,2
7/20,image-14,singleton,one_edit_global,1,0,unresolved,opposite_worlds,-2,2,-2,2
7/20,image-14,singleton,current_strict,1,1,input_blocked,,,,,
7/20,image-14,singleton,current_partial,1,0,excluded,universal_bound,0,0,0,0
7/20,image-14,singleton,union_strict,1,1,input_blocked,,,,,
7/20,image-14,singleton,union_partial,1,0,excluded,universal_bound,0,0,0,0
7/20,image-15,singleton,exact_projection,1,0,excluded,universal_bound,0,0,0,0
7/20,image-15,singleton,one_edit_per_image,1,0,unresolved,opposite_worlds,-2,2,0,2
7/20,image-15,singleton,one_edit_global,1,0,unresolved,opposite_worlds,-2,2,0,2
7/20,image-15,singleton,current_strict,1,0,excluded,universal_bound,0,0,0,0
7/20,image-15,singleton,current_partial,1,0,excluded,universal_bound,0,0,0,0
7/20,image-15,singleton,union_strict,1,0,excluded,universal_bound,0,0,0,0
7/20,image-15,singleton,union_partial,1,0,excluded,universal_bound,0,0,0,0
7/20,image-16,singleton,exact_projection,1,0,excluded,universal_bound,0,0,0,0
7/20,image-16,singleton,one_edit_per_image,1,0,unresolved,opposite_worlds,-2,2,-2,2
7/20,image-16,singleton,one_edit_global,1,0,unresolved,opposite_worlds,-2,2,-2,2
7/20,image-16,singleton,current_strict,1,0,excluded,universal_bound,0,0,0,0
7/20,image-16,singleton,current_partial,1,0,excluded,universal_bound,0,0,0,0
7/20,image-16,singleton,union_strict,1,0,excluded,universal_bound,0,0,0,0
7/20,image-16,singleton,union_partial,1,0,excluded,universal_bound,0,0,0,0
7/20,image-17,singleton,exact_projection,1,0,excluded,universal_bound,0,0,0,0
7/20,image-17,singleton,one_edit_per_image,1,0,unresolved,opposite_worlds,-2,2,-2,2
7/20,image-17,singleton,one_edit_global,1,0,unresolved,opposite_worlds,-2,2,-2,2
7/20,image-17,singleton,current_strict,1,0,excluded,universal_bound,0,0,0,0
7/20,image-17,singleton,current_partial,1,0,excluded,universal_bound,0,0,0,0
7/20,image-17,singleton,union_strict,1,0,excluded,universal_bound,0,0,0,0
7/20,image-17,singleton,union_partial,1,0,excluded,universal_bound,0,0,0,0
7/20,image-18,singleton,exact_projection,1,0,excluded,universal_bound,0,0,0,0
7/20,image-18,singleton,one_edit_per_image,1,0,excluded,universal_bound,0,0,0,0
7/20,image-18,singleton,one_edit_global,1,0,excluded,universal_bound,0,0,0,0
7/20,image-18,singleton,current_strict,1,1,input_blocked,,,,,
7/20,image-18,singleton,current_partial,1,0,excluded,universal_bound,0,0,0,0
7/20,image-18,singleton,union_strict,1,1,input_blocked,,,,,
7/20,image-18,singleton,union_partial,1,0,excluded,universal_bound,0,0,0,0
7/20,image-19,singleton,exact_projection,1,0,supported,universal_bound,1,1,1,1
7/20,image-19,singleton,one_edit_per_image,1,0,unresolved,opposite_worlds,-1,3,-1,3
7/20,image-19,singleton,one_edit_global,1,0,unresolved,opposite_worlds,-1,3,-1,3
7/20,image-19,singleton,current_strict,1,0,supported,universal_bound,1,1,1,1
7/20,image-19,singleton,current_partial,1,0,supported,universal_bound,1,1,1,1
7/20,image-19,singleton,union_strict,1,0,supported,universal_bound,1,1,1,1
7/20,image-19,singleton,union_partial,1,0,supported,universal_bound,1,1,1,1
7/20,image-20,singleton,exact_projection,1,0,excluded,universal_bound,0,0,0,0
7/20,image-20,singleton,one_edit_per_image,1,0,unresolved,opposite_worlds,-2,2,-2,2
7/20,image-20,singleton,one_edit_global,1,0,unresolved,opposite_worlds,-2,2,-2,2
7/20,image-20,singleton,current_strict,1,0,excluded,universal_bound,0,0,0,0
7/20,image-20,singleton,current_partial,1,0,excluded,universal_bound,0,0,0,0
7/20,image-20,singleton,union_strict,1,0,excluded,universal_bound,0,0,0,0
7/20,image-20,singleton,union_partial,1,0,excluded,universal_bound,0,0,0,0
7/20,image-21,singleton,exact_projection,1,0,excluded,universal_bound,0,0,0,0
7/20,image-21,singleton,one_edit_per_image,1,0,unresolved,opposite_worlds,-2,2,0,2
7/20,image-21,singleton,one_edit_global,1,0,unresolved,opposite_worlds,-2,2,0,2
7/20,image-21,singleton,current_strict,1,0,excluded,universal_bound,0,0,0,0
7/20,image-21,singleton,current_partial,1,0,excluded,universal_bound,0,0,0,0
7/20,image-21,singleton,union_strict,1,1,input_blocked,,,,,
7/20,image-21,singleton,union_partial,1,0,excluded,universal_bound,0,0,0,0
7/20,image-22,singleton,exact_projection,1,0,excluded,universal_bound,-1,-1,-1,-1
7/20,image-22,singleton,one_edit_per_image,1,0,unresolved,opposite_worlds,-3,1,-3,1
7/20,image-22,singleton,one_edit_global,1,0,unresolved,opposite_worlds,-3,1,-3,1
7/20,image-22,singleton,current_strict,1,1,input_blocked,,,,,
7/20,image-22,singleton,current_partial,1,0,excluded,universal_bound,-1,-1,-1,-1
7/20,image-22,singleton,union_strict,1,1,input_blocked,,,,,
7/20,image-22,singleton,union_partial,1,0,excluded,universal_bound,-1,-1,-1,-1
7/20,image-23,singleton,exact_projection,1,0,excluded,universal_bound,0,0,0,0
7/20,image-23,singleton,one_edit_per_image,1,0,excluded,universal_bound,0,0,0,0
7/20,image-23,singleton,one_edit_global,1,0,excluded,universal_bound,0,0,0,0
7/20,image-23,singleton,current_strict,1,0,excluded,universal_bound,0,0,0,0
7/20,image-23,singleton,current_partial,1,0,excluded,universal_bound,0,0,0,0
7/20,image-23,singleton,union_strict,1,1,input_blocked,,,,,
7/20,image-23,singleton,union_partial,1,0,excluded,universal_bound,0,0,0,0
7/20,image-24,singleton,exact_projection,1,0,excluded,universal_bound,0,0,0,0
7/20,image-24,singleton,one_edit_per_image,1,0,unresolved,opposite_worlds,-2,2,-2,2
7/20,image-24,singleton,one_edit_global,1,0,unresolved,opposite_worlds,-2,2,-2,2
7/20,image-24,singleton,current_strict,1,0,excluded,universal_bound,0,0,0,0
7/20,image-24,singleton,current_partial,1,0,excluded,universal_bound,0,0,0,0
7/20,image-24,singleton,union_strict,1,0,excluded,universal_bound,0,0,0,0
7/20,image-24,singleton,union_partial,1,0,excluded,universal_bound,0,0,0,0
7/20,image-25,singleton,exact_projection,1,0,excluded,universal_bound,-2,-2,-2,-2
7/20,image-25,singleton,one_edit_per_image,1,0,excluded,universal_bound,-4,0,-4,0
7/20,image-25,singleton,one_edit_global,1,0,excluded,universal_bound,-4,0,-4,0
7/20,image-25,singleton,current_strict,1,0,excluded,universal_bound,-2,-2,-2,-2
7/20,image-25,singleton,current_partial,1,0,excluded,universal_bound,-2,-2,-2,-2
7/20,image-25,singleton,union_strict,1,1,input_blocked,,,,,
7/20,image-25,singleton,union_partial,1,0,excluded,universal_bound,-2,-2,-2,-2
7/20,image-26,singleton,exact_projection,1,0,excluded,universal_bound,-2,-2,-2,-2
7/20,image-26,singleton,one_edit_per_image,1,0,unresolved,bound_gap,-6,2,-6,0
7/20,image-26,singleton,one_edit_global,1,0,unresolved,bound_gap,-6,2,-6,0
7/20,image-26,singleton,current_strict,1,0,excluded,universal_bound,-2,-2,-2,-2
7/20,image-26,singleton,current_partial,1,0,excluded,universal_bound,-2,-2,-2,-2
7/20,image-26,singleton,union_strict,1,0,excluded,universal_bound,-2,-2,-2,-2
7/20,image-26,singleton,union_partial,1,0,excluded,universal_bound,-2,-2,-2,-2
7/20,image-27,singleton,exact_projection,1,0,supported,universal_bound,1,1,1,1
7/20,image-27,singleton,one_edit_per_image,1,0,unresolved,opposite_worlds,-1,3,-1,1
7/20,image-27,singleton,one_edit_global,1,0,unresolved,opposite_worlds,-1,3,-1,1
7/20,image-27,singleton,current_strict,1,1,input_blocked,,,,,
7/20,image-27,singleton,current_partial,1,0,supported,universal_bound,1,1,1,1
7/20,image-27,singleton,union_strict,1,1,input_blocked,,,,,
7/20,image-27,singleton,union_partial,1,0,supported,universal_bound,1,1,1,1
7/20,image-28,singleton,exact_projection,1,0,supported,universal_bound,1,1,1,1
7/20,image-28,singleton,one_edit_per_image,1,0,unresolved,opposite_worlds,-1,1,-1,1
7/20,image-28,singleton,one_edit_global,1,0,unresolved,opposite_worlds,-1,1,-1,1
7/20,image-28,singleton,current_strict,1,1,input_blocked,,,,,
7/20,image-28,singleton,current_partial,1,0,unresolved,opposite_worlds,-1,1,-1,1
7/20,image-28,singleton,union_strict,1,1,input_blocked,,,,,
7/20,image-28,singleton,union_partial,1,0,unresolved,opposite_worlds,-1,1,-1,1
7/20,image-29,singleton,exact_projection,1,0,excluded,universal_bound,-2,-2,-2,-2
7/20,image-29,singleton,one_edit_per_image,1,0,unresolved,bound_gap,-4,2,-2,0
7/20,image-29,singleton,one_edit_global,1,0,unresolved,bound_gap,-4,2,-2,0
7/20,image-29,singleton,current_strict,1,1,input_blocked,,,,,
7/20,image-29,singleton,current_partial,1,0,unresolved,opposite_worlds,-2,2,-2,2
7/20,image-29,singleton,union_strict,1,1,input_blocked,,,,,
7/20,image-29,singleton,union_partial,1,0,unresolved,opposite_worlds,-4,4,-2,4
7/20,image-30,singleton,exact_projection,1,0,excluded,universal_bound,-1,-1,-1,-1
7/20,image-30,singleton,one_edit_per_image,1,0,unresolved,opposite_worlds,-3,3,-1,3
7/20,image-30,singleton,one_edit_global,1,0,unresolved,opposite_worlds,-3,3,-1,3
7/20,image-30,singleton,current_strict,1,1,input_blocked,,,,,
7/20,image-30,singleton,current_partial,1,0,unresolved,opposite_worlds,-5,3,-1,3
7/20,image-30,singleton,union_strict,1,1,input_blocked,,,,,
7/20,image-30,singleton,union_partial,1,0,unresolved,opposite_worlds,-5,3,-3,3
7/20,image-31,singleton,exact_projection,1,0,supported,universal_bound,1,1,1,1
7/20,image-31,singleton,one_edit_per_image,1,0,unresolved,opposite_worlds,-1,3,-1,3
7/20,image-31,singleton,one_edit_global,1,0,unresolved,opposite_worlds,-1,3,-1,3
7/20,image-31,singleton,current_strict,1,1,input_blocked,,,,,
7/20,image-31,singleton,current_partial,1,0,unresolved,opposite_worlds,-3,3,-1,1
7/20,image-31,singleton,union_strict,1,1,input_blocked,,,,,
7/20,image-31,singleton,union_partial,1,0,unresolved,opposite_worlds,-3,3,-1,1
7/20,image-32,singleton,exact_projection,1,0,excluded,universal_bound,0,0,0,0
7/20,image-32,singleton,one_edit_per_image,1,0,unresolved,opposite_worlds,-2,2,0,2
7/20,image-32,singleton,one_edit_global,1,0,unresolved,opposite_worlds,-2,2,0,2
7/20,image-32,singleton,current_strict,1,0,excluded,universal_bound,0,0,0,0
7/20,image-32,singleton,current_partial,1,0,excluded,universal_bound,0,0,0,0
7/20,image-32,singleton,union_strict,1,0,excluded,universal_bound,0,0,0,0
7/20,image-32,singleton,union_partial,1,0,excluded,universal_bound,0,0,0,0
7/20,image-33,singleton,exact_projection,1,0,supported,universal_bound,2,2,2,2
7/20,image-33,singleton,one_edit_per_image,1,0,unresolved,bound_gap,0,6,2,4
7/20,image-33,singleton,one_edit_global,1,0,unresolved,bound_gap,0,6,2,4
7/20,image-33,singleton,current_strict,1,1,input_blocked,,,,,
7/20,image-33,singleton,current_partial,1,0,unresolved,bound_gap,0,4,2,4
7/20,image-33,singleton,union_strict,1,1,input_blocked,,,,,
7/20,image-33,singleton,union_partial,1,0,unresolved,bound_gap,0,4,2,4
7/20,image-34,singleton,exact_projection,1,0,excluded,universal_bound,0,0,0,0
7/20,image-34,singleton,one_edit_per_image,1,0,unresolved,opposite_worlds,-2,2,0,2
7/20,image-34,singleton,one_edit_global,1,0,unresolved,opposite_worlds,-2,2,0,2
7/20,image-34,singleton,current_strict,1,0,excluded,universal_bound,0,0,0,0
7/20,image-34,singleton,current_partial,1,0,excluded,universal_bound,0,0,0,0
7/20,image-34,singleton,union_strict,1,1,input_blocked,,,,,
7/20,image-34,singleton,union_partial,1,0,excluded,universal_bound,0,0,0,0
7/20,image-35,singleton,exact_projection,1,0,supported,universal_bound,1,1,1,1
7/20,image-35,singleton,one_edit_per_image,1,0,unresolved,opposite_worlds,-1,3,-1,1
7/20,image-35,singleton,one_edit_global,1,0,unresolved,opposite_worlds,-1,3,-1,1
7/20,image-35,singleton,current_strict,1,0,supported,universal_bound,1,1,1,1
7/20,image-35,singleton,current_partial,1,0,supported,universal_bound,1,1,1,1
7/20,image-35,singleton,union_strict,1,0,supported,universal_bound,1,1,1,1
7/20,image-35,singleton,union_partial,1,0,supported,universal_bound,1,1,1,1
7/20,image-36,singleton,exact_projection,1,0,supported,universal_bound,1,1,1,1
7/20,image-36,singleton,one_edit_per_image,1,0,unresolved,opposite_worlds,-1,1,-1,1
7/20,image-36,singleton,one_edit_global,1,0,unresolved,opposite_worlds,-1,1,-1,1
7/20,image-36,singleton,current_strict,1,0,supported,universal_bound,1,1,1,1
7/20,image-36,singleton,current_partial,1,0,supported,universal_bound,1,1,1,1
7/20,image-36,singleton,union_strict,1,0,supported,universal_bound,1,1,1,1
7/20,image-36,singleton,union_partial,1,0,supported,universal_bound,1,1,1,1
7/20,image-37,singleton,exact_projection,1,0,excluded,universal_bound,0,0,0,0
7/20,image-37,singleton,one_edit_per_image,1,0,unresolved,opposite_worlds,-2,2,-2,2
7/20,image-37,singleton,one_edit_global,1,0,unresolved,opposite_worlds,-2,2,-2,2
7/20,image-37,singleton,current_strict,1,1,input_blocked,,,,,
7/20,image-37,singleton,current_partial,1,0,unresolved,opposite_worlds,-2,2,-2,2
7/20,image-37,singleton,union_strict,1,1,input_blocked,,,,,
7/20,image-37,singleton,union_partial,1,0,unresolved,opposite_worlds,-2,2,-2,2
7/20,image-38,singleton,exact_projection,1,0,excluded,universal_bound,0,0,0,0
7/20,image-38,singleton,one_edit_per_image,1,0,unresolved,opposite_worlds,-2,4,-2,2
7/20,image-38,singleton,one_edit_global,1,0,unresolved,opposite_worlds,-2,4,-2,2
7/20,image-38,singleton,current_strict,1,1,input_blocked,,,,,
7/20,image-38,singleton,current_partial,1,0,unresolved,opposite_worlds,0,4,0,2
7/20,image-38,singleton,union_strict,1,1,input_blocked,,,,,
7/20,image-38,singleton,union_partial,1,0,unresolved,opposite_worlds,0,4,0,2
7/20,image-39,singleton,exact_projection,1,0,excluded,universal_bound,0,0,0,0
7/20,image-39,singleton,one_edit_per_image,1,0,unresolved,opposite_worlds,-2,2,-2,2
7/20,image-39,singleton,one_edit_global,1,0,unresolved,opposite_worlds,-2,2,-2,2
7/20,image-39,singleton,current_strict,1,1,input_blocked,,,,,
7/20,image-39,singleton,current_partial,1,0,unresolved,opposite_worlds,-2,2,-2,2
7/20,image-39,singleton,union_strict,1,1,input_blocked,,,,,
7/20,image-39,singleton,union_partial,1,0,unresolved,opposite_worlds,-2,2,-2,2
7/20,image-40,singleton,exact_projection,1,0,supported,universal_bound,1,1,1,1
7/20,image-40,singleton,one_edit_per_image,1,0,unresolved,opposite_worlds,-3,5,-1,5
7/20,image-40,singleton,one_edit_global,1,0,unresolved,opposite_worlds,-3,5,-1,5
7/20,image-40,singleton,current_strict,1,0,supported,universal_bound,1,1,1,1
7/20,image-40,singleton,current_partial,1,0,supported,universal_bound,1,1,1,1
7/20,image-40,singleton,union_strict,1,1,input_blocked,,,,,
7/20,image-40,singleton,union_partial,1,0,unresolved,opposite_worlds,-1,3,-1,3
7/20,image-41,singleton,exact_projection,1,0,supported,universal_bound,1,1,1,1
7/20,image-41,singleton,one_edit_per_image,1,0,unresolved,opposite_worlds,-1,3,-1,3
7/20,image-41,singleton,one_edit_global,1,0,unresolved,opposite_worlds,-1,3,-1,3
7/20,image-41,singleton,current_strict,1,1,input_blocked,,,,,
7/20,image-41,singleton,current_partial,1,0,unresolved,opposite_worlds,-1,1,-1,1
7/20,image-41,singleton,union_strict,1,1,input_blocked,,,,,
7/20,image-41,singleton,union_partial,1,0,unresolved,opposite_worlds,-1,1,-1,1
7/20,image-42,singleton,exact_projection,1,0,excluded,universal_bound,0,0,0,0
7/20,image-42,singleton,one_edit_per_image,1,0,excluded,universal_bound,0,0,0,0
7/20,image-42,singleton,one_edit_global,1,0,excluded,universal_bound,0,0,0,0
7/20,image-42,singleton,current_strict,1,0,excluded,universal_bound,0,0,0,0
7/20,image-42,singleton,current_partial,1,0,excluded,universal_bound,0,0,0,0
7/20,image-42,singleton,union_strict,1,1,input_blocked,,,,,
7/20,image-42,singleton,union_partial,1,0,excluded,universal_bound,0,0,0,0
7/20,image-43,singleton,exact_projection,1,0,excluded,universal_bound,0,0,0,0
7/20,image-43,singleton,one_edit_per_image,1,0,unresolved,bound_gap,-2,2,-2,0
7/20,image-43,singleton,one_edit_global,1,0,unresolved,bound_gap,-2,2,-2,0
7/20,image-43,singleton,current_strict,1,1,input_blocked,,,,,
7/20,image-43,singleton,current_partial,1,0,unresolved,bound_gap,-4,4,0,0
7/20,image-43,singleton,union_strict,1,1,input_blocked,,,,,
7/20,image-43,singleton,union_partial,1,0,unresolved,bound_gap,-4,4,0,0
7/20,image-44,singleton,exact_projection,1,0,excluded,universal_bound,0,0,0,0
7/20,image-44,singleton,one_edit_per_image,1,0,excluded,universal_bound,0,0,0,0
7/20,image-44,singleton,one_edit_global,1,0,excluded,universal_bound,0,0,0,0
7/20,image-44,singleton,current_strict,1,0,excluded,universal_bound,0,0,0,0
7/20,image-44,singleton,current_partial,1,0,excluded,universal_bound,0,0,0,0
7/20,image-44,singleton,union_strict,1,0,excluded,universal_bound,0,0,0,0
7/20,image-44,singleton,union_partial,1,0,excluded,universal_bound,0,0,0,0
7/20,image-45,singleton,exact_projection,1,0,excluded,universal_bound,0,0,0,0
7/20,image-45,singleton,one_edit_per_image,1,0,unresolved,opposite_worlds,-2,2,-2,2
7/20,image-45,singleton,one_edit_global,1,0,unresolved,opposite_worlds,-2,2,-2,2
7/20,image-45,singleton,current_strict,1,1,input_blocked,,,,,
7/20,image-45,singleton,current_partial,1,0,unresolved,bound_gap,-2,2,0,0
7/20,image-45,singleton,union_strict,1,1,input_blocked,,,,,
7/20,image-45,singleton,union_partial,1,0,unresolved,bound_gap,-2,2,0,0
7/20,image-46,singleton,exact_projection,1,0,excluded,universal_bound,0,0,0,0
7/20,image-46,singleton,one_edit_per_image,1,0,excluded,universal_bound,0,0,0,0
7/20,image-46,singleton,one_edit_global,1,0,excluded,universal_bound,0,0,0,0
7/20,image-46,singleton,current_strict,1,0,excluded,universal_bound,0,0,0,0
7/20,image-46,singleton,current_partial,1,0,excluded,universal_bound,0,0,0,0
7/20,image-46,singleton,union_strict,1,1,input_blocked,,,,,
7/20,image-46,singleton,union_partial,1,0,excluded,universal_bound,0,0,0,0
7/20,image-47,singleton,exact_projection,1,0,excluded,universal_bound,0,0,0,0
7/20,image-47,singleton,one_edit_per_image,1,0,excluded,universal_bound,0,0,0,0
7/20,image-47,singleton,one_edit_global,1,0,excluded,universal_bound,0,0,0,0
7/20,image-47,singleton,current_strict,1,0,excluded,universal_bound,0,0,0,0
7/20,image-47,singleton,current_partial,1,0,excluded,universal_bound,0,0,0,0
7/20,image-47,singleton,union_strict,1,0,excluded,universal_bound,0,0,0,0
7/20,image-47,singleton,union_partial,1,0,excluded,universal_bound,0,0,0,0
7/20,image-48,singleton,exact_projection,1,0,supported,universal_bound,1,1,1,1
7/20,image-48,singleton,one_edit_per_image,1,0,unresolved,opposite_worlds,-1,3,-1,3
7/20,image-48,singleton,one_edit_global,1,0,unresolved,opposite_worlds,-1,3,-1,3
7/20,image-48,singleton,current_strict,1,0,supported,universal_bound,1,1,1,1
7/20,image-48,singleton,current_partial,1,0,supported,universal_bound,1,1,1,1
7/20,image-48,singleton,union_strict,1,0,supported,universal_bound,1,1,1,1
7/20,image-48,singleton,union_partial,1,0,supported,universal_bound,1,1,1,1
7/20,image-49,singleton,exact_projection,1,0,supported,universal_bound,1,1,1,1
7/20,image-49,singleton,one_edit_per_image,1,0,unresolved,opposite_worlds,-1,3,-1,1
7/20,image-49,singleton,one_edit_global,1,0,unresolved,opposite_worlds,-1,3,-1,1
7/20,image-49,singleton,current_strict,1,0,supported,universal_bound,1,1,1,1
7/20,image-49,singleton,current_partial,1,0,supported,universal_bound,1,1,1,1
7/20,image-49,singleton,union_strict,1,0,supported,universal_bound,1,1,1,1
7/20,image-49,singleton,union_partial,1,0,supported,universal_bound,1,1,1,1
7/20,image-50,singleton,exact_projection,1,0,supported,universal_bound,1,1,1,1
7/20,image-50,singleton,one_edit_per_image,1,0,unresolved,opposite_worlds,-1,5,-1,3
7/20,image-50,singleton,one_edit_global,1,0,unresolved,opposite_worlds,-1,5,-1,3
7/20,image-50,singleton,current_strict,1,0,supported,universal_bound,1,1,1,1
7/20,image-50,singleton,current_partial,1,0,supported,universal_bound,1,1,1,1
7/20,image-50,singleton,union_strict,1,0,supported,universal_bound,1,1,1,1
7/20,image-50,singleton,union_partial,1,0,supported,universal_bound,1,1,1,1
7/20,image-51,singleton,exact_projection,1,0,excluded,universal_bound,0,0,0,0
7/20,image-51,singleton,one_edit_per_image,1,0,unresolved,opposite_worlds,-2,2,-2,2
7/20,image-51,singleton,one_edit_global,1,0,unresolved,opposite_worlds,-2,2,-2,2
7/20,image-51,singleton,current_strict,1,0,excluded,universal_bound,0,0,0,0
7/20,image-51,singleton,current_partial,1,0,excluded,universal_bound,0,0,0,0
7/20,image-51,singleton,union_strict,1,0,excluded,universal_bound,0,0,0,0
7/20,image-51,singleton,union_partial,1,0,excluded,universal_bound,0,0,0,0
7/20,image-52,singleton,exact_projection,1,0,excluded,universal_bound,0,0,0,0
7/20,image-52,singleton,one_edit_per_image,1,0,unresolved,opposite_worlds,-2,2,0,2
7/20,image-52,singleton,one_edit_global,1,0,unresolved,opposite_worlds,-2,2,0,2
7/20,image-52,singleton,current_strict,1,1,input_blocked,,,,,
7/20,image-52,singleton,current_partial,1,0,unresolved,opposite_worlds,-2,2,0,2
7/20,image-52,singleton,union_strict,1,1,input_blocked,,,,,
7/20,image-52,singleton,union_partial,1,0,unresolved,opposite_worlds,-4,4,-2,4
7/20,image-53,singleton,exact_projection,1,0,excluded,universal_bound,0,0,0,0
7/20,image-53,singleton,one_edit_per_image,1,0,excluded,universal_bound,0,0,0,0
7/20,image-53,singleton,one_edit_global,1,0,excluded,universal_bound,0,0,0,0
7/20,image-53,singleton,current_strict,1,0,excluded,universal_bound,0,0,0,0
7/20,image-53,singleton,current_partial,1,0,excluded,universal_bound,0,0,0,0
7/20,image-53,singleton,union_strict,1,0,excluded,universal_bound,0,0,0,0
7/20,image-53,singleton,union_partial,1,0,excluded,universal_bound,0,0,0,0
7/20,image-54,singleton,exact_projection,1,0,excluded,universal_bound,0,0,0,0
7/20,image-54,singleton,one_edit_per_image,1,0,unresolved,opposite_worlds,-2,2,-2,2
7/20,image-54,singleton,one_edit_global,1,0,unresolved,opposite_worlds,-2,2,-2,2
7/20,image-54,singleton,current_strict,1,1,input_blocked,,,,,
7/20,image-54,singleton,current_partial,1,0,excluded,universal_bound,0,0,0,0
7/20,image-54,singleton,union_strict,1,1,input_blocked,,,,,
7/20,image-54,singleton,union_partial,1,0,excluded,universal_bound,0,0,0,0
7/20,image-55,singleton,exact_projection,1,0,excluded,universal_bound,-1,-1,-1,-1
7/20,image-55,singleton,one_edit_per_image,1,0,unresolved,opposite_worlds,-3,1,-3,1
7/20,image-55,singleton,one_edit_global,1,0,unresolved,opposite_worlds,-3,1,-3,1
7/20,image-55,singleton,current_strict,1,1,input_blocked,,,,,
7/20,image-55,singleton,current_partial,1,0,excluded,universal_bound,-1,-1,-1,-1
7/20,image-55,singleton,union_strict,1,1,input_blocked,,,,,
7/20,image-55,singleton,union_partial,1,0,excluded,universal_bound,-1,-1,-1,-1
7/20,image-56,singleton,exact_projection,1,0,supported,universal_bound,1,1,1,1
7/20,image-56,singleton,one_edit_per_image,1,0,unresolved,opposite_worlds,-1,5,-1,3
7/20,image-56,singleton,one_edit_global,1,0,unresolved,opposite_worlds,-1,5,-1,3
7/20,image-56,singleton,current_strict,1,0,supported,universal_bound,1,1,1,1
7/20,image-56,singleton,current_partial,1,0,supported,universal_bound,1,1,1,1
7/20,image-56,singleton,union_strict,1,0,supported,universal_bound,1,1,1,1
7/20,image-56,singleton,union_partial,1,0,supported,universal_bound,1,1,1,1
7/20,image-57,singleton,exact_projection,1,0,excluded,universal_bound,0,0,0,0
7/20,image-57,singleton,one_edit_per_image,1,0,unresolved,opposite_worlds,-2,2,0,2
7/20,image-57,singleton,one_edit_global,1,0,unresolved,opposite_worlds,-2,2,0,2
7/20,image-57,singleton,current_strict,1,1,input_blocked,,,,,
7/20,image-57,singleton,current_partial,1,0,unresolved,bound_gap,-2,2,0,0
7/20,image-57,singleton,union_strict,1,1,input_blocked,,,,,
7/20,image-57,singleton,union_partial,1,0,unresolved,bound_gap,-4,2,-2,0
7/20,image-58,singleton,exact_projection,1,0,supported,universal_bound,1,1,1,1
7/20,image-58,singleton,one_edit_per_image,1,0,unresolved,opposite_worlds,-1,3,-1,3
7/20,image-58,singleton,one_edit_global,1,0,unresolved,opposite_worlds,-1,3,-1,3
7/20,image-58,singleton,current_strict,1,0,supported,universal_bound,1,1,1,1
7/20,image-58,singleton,current_partial,1,0,supported,universal_bound,1,1,1,1
7/20,image-58,singleton,union_strict,1,0,supported,universal_bound,1,1,1,1
7/20,image-58,singleton,union_partial,1,0,supported,universal_bound,1,1,1,1
7/20,image-59,singleton,exact_projection,1,0,excluded,universal_bound,0,0,0,0
7/20,image-59,singleton,one_edit_per_image,1,0,unresolved,opposite_worlds,-2,2,0,2
7/20,image-59,singleton,one_edit_global,1,0,unresolved,opposite_worlds,-2,2,0,2
7/20,image-59,singleton,current_strict,1,1,input_blocked,,,,,
7/20,image-59,singleton,current_partial,1,0,excluded,universal_bound,0,0,0,0
7/20,image-59,singleton,union_strict,1,1,input_blocked,,,,,
7/20,image-59,singleton,union_partial,1,0,excluded,universal_bound,0,0,0,0
7/20,image-60,singleton,exact_projection,1,0,excluded,universal_bound,-3,-3,-3,-3
7/20,image-60,singleton,one_edit_per_image,1,0,unresolved,bound_gap,-5,1,-3,-1
7/20,image-60,singleton,one_edit_global,1,0,unresolved,bound_gap,-5,1,-3,-1
7/20,image-60,singleton,current_strict,1,0,excluded,universal_bound,-3,-3,-3,-3
7/20,image-60,singleton,current_partial,1,0,excluded,universal_bound,-3,-3,-3,-3
7/20,image-60,singleton,union_strict,1,1,input_blocked,,,,,
7/20,image-60,singleton,union_partial,1,0,excluded,universal_bound,-5,-1,-3,-3
7/20,image-61,singleton,exact_projection,1,0,supported,universal_bound,1,1,1,1
7/20,image-61,singleton,one_edit_per_image,1,0,unresolved,opposite_worlds,-1,3,-1,1
7/20,image-61,singleton,one_edit_global,1,0,unresolved,opposite_worlds,-1,3,-1,1
7/20,image-61,singleton,current_strict,1,1,input_blocked,,,,,
7/20,image-61,singleton,current_partial,1,0,unresolved,opposite_worlds,-1,3,-1,1
7/20,image-61,singleton,union_strict,1,1,input_blocked,,,,,
7/20,image-61,singleton,union_partial,1,0,unresolved,opposite_worlds,-1,3,-1,1
7/20,image-62,singleton,exact_projection,1,0,supported,universal_bound,2,2,2,2
7/20,image-62,singleton,one_edit_per_image,1,0,unresolved,opposite_worlds,0,6,0,4
7/20,image-62,singleton,one_edit_global,1,0,unresolved,opposite_worlds,0,6,0,4
7/20,image-62,singleton,current_strict,1,1,input_blocked,,,,,
7/20,image-62,singleton,current_partial,1,0,unresolved,opposite_worlds,-14,14,-2,4
7/20,image-62,singleton,union_strict,1,1,input_blocked,,,,,
7/20,image-62,singleton,union_partial,1,1,input_blocked,,,,,
7/20,image-63,singleton,exact_projection,1,0,excluded,universal_bound,0,0,0,0
7/20,image-63,singleton,one_edit_per_image,1,0,unresolved,opposite_worlds,-2,2,-2,2
7/20,image-63,singleton,one_edit_global,1,0,unresolved,opposite_worlds,-2,2,-2,2
7/20,image-63,singleton,current_strict,1,0,excluded,universal_bound,0,0,0,0
7/20,image-63,singleton,current_partial,1,0,excluded,universal_bound,0,0,0,0
7/20,image-63,singleton,union_strict,1,0,excluded,universal_bound,0,0,0,0
7/20,image-63,singleton,union_partial,1,0,excluded,universal_bound,0,0,0,0
7/20,block-00,block,exact_projection,8,0,supported,universal_bound,1/4,1/4,1/4,1/4
7/20,block-00,block,one_edit_per_image,8,0,unresolved,opposite_worlds,-2,9/4,-5/4,2
7/20,block-00,block,one_edit_global,8,0,unresolved,opposite_worlds,-1/4,3/4,0,1/2
7/20,block-00,block,current_strict,8,0,supported,universal_bound,1/4,1/4,1/4,1/4
7/20,block-00,block,current_partial,8,0,supported,universal_bound,1/4,1/4,1/4,1/4
7/20,block-00,block,union_strict,8,2,input_blocked,,,,,
7/20,block-00,block,union_partial,8,0,unresolved,opposite_worlds,-1/4,3/4,-1/4,3/4
7/20,block-01,block,exact_projection,8,0,supported,universal_bound,1/4,1/4,1/4,1/4
7/20,block-01,block,one_edit_per_image,8,0,unresolved,opposite_worlds,-2,5/2,-3/4,2
7/20,block-01,block,one_edit_global,8,0,unresolved,opposite_worlds,-1/4,3/4,0,1/2
7/20,block-01,block,current_strict,8,4,input_blocked,,,,,
7/20,block-01,block,current_partial,8,0,unresolved,opposite_worlds,-3/2,1,-1,1/2
7/20,block-01,block,union_strict,8,5,input_blocked,,,,,
7/20,block-01,block,union_partial,8,0,unresolved,opposite_worlds,-9/4,3/2,-5/4,1/2
7/20,block-02,block,exact_projection,8,0,excluded,universal_bound,0,0,0,0
7/20,block-02,block,one_edit_per_image,8,0,unresolved,opposite_worlds,-3/2,3/2,-5/4,3/2
7/20,block-02,block,one_edit_global,8,0,unresolved,opposite_worlds,-1/4,1/4,-1/4,1/4
7/20,block-02,block,current_strict,8,2,input_blocked,,,,,
7/20,block-02,block,current_partial,8,0,excluded,universal_bound,0,0,0,0
7/20,block-02,block,union_strict,8,4,input_blocked,,,,,
7/20,block-02,block,union_partial,8,0,excluded,universal_bound,0,0,0,0
7/20,block-03,block,exact_projection,8,0,excluded,universal_bound,-1/2,-1/2,-1/2,-1/2
7/20,block-03,block,one_edit_per_image,8,0,unresolved,opposite_worlds,-11/4,2,-9/4,5/4
7/20,block-03,block,one_edit_global,8,0,excluded,universal_bound,-1,0,-1,0
7/20,block-03,block,current_strict,8,5,input_blocked,,,,,
7/20,block-03,block,current_partial,8,0,unresolved,opposite_worlds,-7/4,3/4,-1,1/2
7/20,block-03,block,union_strict,8,6,input_blocked,,,,,
7/20,block-03,block,union_partial,8,0,unresolved,opposite_worlds,-2,1,-5/4,3/4
7/20,block-04,block,exact_projection,8,0,supported,universal_bound,1/2,1/2,1/2,1/2
7/20,block-04,block,one_edit_per_image,8,0,unresolved,opposite_worlds,-3/2,11/4,-3/4,2
7/20,block-04,block,one_edit_global,8,0,supported,universal_bound,1/4,1,1/4,3/4
7/20,block-04,block,current_strict,8,4,input_blocked,,,,,
7/20,block-04,block,current_partial,8,0,unresolved,opposite_worlds,-1/4,7/4,0,3/2
7/20,block-04,block,union_strict,8,5,input_blocked,,,,,
7/20,block-04,block,union_partial,8,0,unresolved,opposite_worlds,-1/4,7/4,0,3/2
7/20,block-05,block,exact_projection,8,0,supported,universal_bound,1/4,1/4,1/4,1/4
7/20,block-05,block,one_edit_per_image,8,0,unresolved,opposite_worlds,-1,3/2,-3/4,5/4
7/20,block-05,block,one_edit_global,8,0,unresolved,opposite_worlds,-1/4,3/4,0,3/4
7/20,block-05,block,current_strict,8,3,input_blocked,,,,,
7/20,block-05,block,current_partial,8,0,unresolved,opposite_worlds,-3/4,1,0,1/4
7/20,block-05,block,union_strict,8,6,input_blocked,,,,,
7/20,block-05,block,union_partial,8,0,unresolved,opposite_worlds,-1,5/4,-1/4,1/2
7/20,block-06,block,exact_projection,8,0,supported,universal_bound,1/4,1/4,1/4,1/4
7/20,block-06,block,one_edit_per_image,8,0,unresolved,opposite_worlds,-3/2,9/4,-5/4,7/4
7/20,block-06,block,one_edit_global,8,0,unresolved,opposite_worlds,0,3/4,0,1/2
7/20,block-06,block,current_strict,8,3,input_blocked,,,,,
7/20,block-06,block,current_partial,8,0,unresolved,bound_gap,0,1/2,1/4,1/2
7/20,block-06,block,union_strict,8,3,input_blocked,,,,,
7/20,block-06,block,union_partial,8,0,unresolved,opposite_worlds,-1/4,3/4,0,3/4
7/20,block-07,block,exact_projection,8,0,supported,universal_bound,1/4,1/4,1/4,1/4
7/20,block-07,block,one_edit_per_image,8,0,unresolved,opposite_worlds,-7/4,3,-1,2
7/20,block-07,block,one_edit_global,8,0,unresolved,opposite_worlds,0,3/4,0,1/2
7/20,block-07,block,current_strict,8,4,input_blocked,,,,,
7/20,block-07,block,current_partial,8,0,unresolved,opposite_worlds,-9/4,9/4,-1/2,1/2
7/20,block-07,block,union_strict,8,5,input_blocked,,,,,
7/20,block-07,block,union_partial,8,1,input_blocked,,,,,
7/20,all-64,primary,exact_projection,64,0,supported,universal_bound,5/32,5/32,5/32,5/32
7/20,all-64,primary,one_edit_per_image,64,0,unresolved,opposite_worlds,-7/4,71/32,-37/32,55/32
7/20,all-64,primary,one_edit_global,64,0,supported,universal_bound,3/32,7/32,3/32,7/32
7/20,all-64,primary,current_strict,64,25,input_blocked,,,,,
7/20,all-64,primary,current_partial,64,0,unresolved,opposite_worlds,-25/32,15/16,-1/4,1/2
7/20,all-64,primary,union_strict,64,36,input_blocked,,,,,
7/20,all-64,primary,union_partial,64,1,input_blocked,,,,,
1/2,image-00,singleton,exact_projection,1,0,excluded,universal_bound,-1,-1,-1,-1
1/2,image-00,singleton,one_edit_per_image,1,0,unresolved,opposite_worlds,-3,1,-1,1
1/2,image-00,singleton,one_edit_global,1,0,unresolved,opposite_worlds,-3,1,-1,1
1/2,image-00,singleton,current_strict,1,0,excluded,universal_bound,-1,-1,-1,-1
1/2,image-00,singleton,current_partial,1,0,excluded,universal_bound,-1,-1,-1,-1
1/2,image-00,singleton,union_strict,1,0,excluded,universal_bound,-1,-1,-1,-1
1/2,image-00,singleton,union_partial,1,0,excluded,universal_bound,-1,-1,-1,-1
1/2,image-01,singleton,exact_projection,1,0,excluded,universal_bound,-3,-3,-3,-3
1/2,image-01,singleton,one_edit_per_image,1,0,unresolved,bound_gap,-5,1,-3,-1
1/2,image-01,singleton,one_edit_global,1,0,unresolved,bound_gap,-5,1,-3,-1
1/2,image-01,singleton,current_strict,1,0,excluded,universal_bound,-3,-3,-3,-3
1/2,image-01,singleton,current_partial,1,0,excluded,universal_bound,-3,-3,-3,-3
1/2,image-01,singleton,union_strict,1,0,excluded,universal_bound,-3,-3,-3,-3
1/2,image-01,singleton,union_partial,1,0,excluded,universal_bound,-3,-3,-3,-3
1/2,image-02,singleton,exact_projection,1,0,excluded,universal_bound,0,0,0,0
1/2,image-02,singleton,one_edit_per_image,1,0,unresolved,opposite_worlds,-2,2,-2,2
1/2,image-02,singleton,one_edit_global,1,0,unresolved,opposite_worlds,-2,2,-2,2
1/2,image-02,singleton,current_strict,1,0,excluded,universal_bound,0,0,0,0
1/2,image-02,singleton,current_partial,1,0,excluded,universal_bound,0,0,0,0
1/2,image-02,singleton,union_strict,1,0,excluded,universal_bound,0,0,0,0
1/2,image-02,singleton,union_partial,1,0,excluded,universal_bound,0,0,0,0
1/2,image-03,singleton,exact_projection,1,0,excluded,universal_bound,-1,-1,-1,-1
1/2,image-03,singleton,one_edit_per_image,1,0,excluded,universal_bound,-1,-1,-1,-1
1/2,image-03,singleton,one_edit_global,1,0,excluded,universal_bound,-1,-1,-1,-1
1/2,image-03,singleton,current_strict,1,0,excluded,universal_bound,-1,-1,-1,-1
1/2,image-03,singleton,current_partial,1,0,excluded,universal_bound,-1,-1,-1,-1
1/2,image-03,singleton,union_strict,1,0,excluded,universal_bound,-1,-1,-1,-1
1/2,image-03,singleton,union_partial,1,0,excluded,universal_bound,-1,-1,-1,-1
1/2,image-04,singleton,exact_projection,1,0,excluded,universal_bound,0,0,0,0
1/2,image-04,singleton,one_edit_per_image,1,0,unresolved,opposite_worlds,-2,2,-2,2
1/2,image-04,singleton,one_edit_global,1,0,unresolved,opposite_worlds,-2,2,-2,2
1/2,image-04,singleton,current_strict,1,0,excluded,universal_bound,0,0,0,0
1/2,image-04,singleton,current_partial,1,0,excluded,universal_bound,0,0,0,0
1/2,image-04,singleton,union_strict,1,1,input_blocked,,,,,
1/2,image-04,singleton,union_partial,1,0,unresolved,opposite_worlds,-2,2,-2,2
1/2,image-05,singleton,exact_projection,1,0,excluded,universal_bound,0,0,0,0
1/2,image-05,singleton,one_edit_per_image,1,0,unresolved,opposite_worlds,-2,2,-2,2
1/2,image-05,singleton,one_edit_global,1,0,unresolved,opposite_worlds,-2,2,-2,2
1/2,image-05,singleton,current_strict,1,0,excluded,universal_bound,0,0,0,0
1/2,image-05,singleton,current_partial,1,0,excluded,universal_bound,0,0,0,0
1/2,image-05,singleton,union_strict,1,1,input_blocked,,,,,
1/2,image-05,singleton,union_partial,1,0,unresolved,opposite_worlds,-2,2,-2,2
1/2,image-06,singleton,exact_projection,1,0,excluded,universal_bound,0,0,0,0
1/2,image-06,singleton,one_edit_per_image,1,0,unresolved,opposite_worlds,-2,2,-2,2
1/2,image-06,singleton,one_edit_global,1,0,unresolved,opposite_worlds,-2,2,-2,2
1/2,image-06,singleton,current_strict,1,0,excluded,universal_bound,0,0,0,0
1/2,image-06,singleton,current_partial,1,0,excluded,universal_bound,0,0,0,0
1/2,image-06,singleton,union_strict,1,0,excluded,universal_bound,0,0,0,0
1/2,image-06,singleton,union_partial,1,0,excluded,universal_bound,0,0,0,0
1/2,image-07,singleton,exact_projection,1,0,excluded,universal_bound,-1,-1,-1,-1
1/2,image-07,singleton,one_edit_per_image,1,0,unresolved,opposite_worlds,-3,1,-1,1
1/2,image-07,singleton,one_edit_global,1,0,unresolved,opposite_worlds,-3,1,-1,1
1/2,image-07,singleton,current_strict,1,0,excluded,universal_bound,-1,-1,-1,-1
1/2,image-07,singleton,current_partial,1,0,excluded,universal_bound,-1,-1,-1,-1
1/2,image-07,singleton,union_strict,1,0,excluded,universal_bound,-1,-1,-1,-1
1/2,image-07,singleton,union_partial,1,0,excluded,universal_bound,-1,-1,-1,-1
1/2,image-08,singleton,exact_projection,1,0,excluded,universal_bound,-1,-1,-1,-1
1/2,image-08,singleton,one_edit_per_image,1,0,unresolved,opposite_worlds,-3,1,-3,1
1/2,image-08,singleton,one_edit_global,1,0,unresolved,opposite_worlds,-3,1,-3,1
1/2,image-08,singleton,current_strict,1,0,excluded,universal_bound,-1,-1,-1,-1
1/2,image-08,singleton,current_partial,1,0,excluded,universal_bound,-1,-1,-1,-1
1/2,image-08,singleton,union_strict,1,1,input_blocked,,,,,
1/2,image-08,singleton,union_partial,1,0,excluded,universal_bound,-1,-1,-1,-1
1/2,image-09,singleton,exact_projection,1,0,excluded,universal_bound,-1,-1,-1,-1
1/2,image-09,singleton,one_edit_per_image,1,0,unresolved,bound_gap,-3,1,-1,-1
1/2,image-09,singleton,one_edit_global,1,0,unresolved,bound_gap,-3,1,-1,-1
1/2,image-09,singleton,current_strict,1,1,input_blocked,,,,,
1/2,image-09,singleton,current_partial,1,0,unresolved,opposite_worlds,-5,3,-1,1
1/2,image-09,singleton,union_strict,1,1,input_blocked,,,,,
1/2,image-09,singleton,union_partial,1,0,unresolved,opposite_worlds,-5,5,-1,1
1/2,image-10,singleton,exact_projection,1,0,supported,universal_bound,1,1,1,1
1/2,image-10,singleton,one_edit_per_image,1,0,unresolved,opposite_worlds,-1,3,-1,1
1/2,image-10,singleton,one_edit_global,1,0,unresolved,opposite_worlds,-1,3,-1,1
1/2,image-10,singleton,current_strict,1,0,supported,universal_bound,1,1,1,1
1/2,image-10,singleton,current_partial,1,0,supported,universal_bound,1,1,1,1
1/2,image-10,singleton,union_strict,1,0,supported,universal_bound,1,1,1,1
1/2,image-10,singleton,union_partial,1,0,supported,universal_bound,1,1,1,1
1/2,image-11,singleton,exact_projection,1,0,supported,universal_bound,1,1,1,1
1/2,image-11,singleton,one_edit_per_image,1,0,unresolved,opposite_worlds,-3,3,-1,1
1/2,image-11,singleton,one_edit_global,1,0,unresolved,opposite_worlds,-3,3,-1,1
1/2,image-11,singleton,current_strict,1,1,input_blocked,,,,,
1/2,image-11,singleton,current_partial,1,0,unresolved,bound_gap,-1,3,1,1
1/2,image-11,singleton,union_strict,1,1,input_blocked,,,,,
1/2,image-11,singleton,union_partial,1,0,unresolved,bound_gap,-1,3,1,1
1/2,image-12,singleton,exact_projection,1,0,excluded,universal_bound,-2,-2,-2,-2
1/2,image-12,singleton,one_edit_per_image,1,0,unresolved,bound_gap,-4,2,-2,0
1/2,image-12,singleton,one_edit_global,1,0,unresolved,bound_gap,-4,2,-2,0
1/2,image-12,singleton,current_strict,1,0,excluded,universal_bound,-2,-2,-2,-2
1/2,image-12,singleton,current_partial,1,0,excluded,universal_bound,-2,-2,-2,-2
1/2,image-12,singleton,union_strict,1,0,excluded,universal_bound,-2,-2,-2,-2
1/2,image-12,singleton,union_partial,1,0,excluded,universal_bound,-2,-2,-2,-2
1/2,image-13,singleton,exact_projection,1,0,excluded,universal_bound,-3,-3,-3,-3
1/2,image-13,singleton,one_edit_per_image,1,0,excluded,universal_bound,-5,-1,-3,-1
1/2,image-13,singleton,one_edit_global,1,0,excluded,universal_bound,-5,-1,-3,-1
1/2,image-13,singleton,current_strict,1,1,input_blocked,,,,,
1/2,image-13,singleton,current_partial,1,0,excluded,universal_bound,-3,-3,-3,-3
1/2,image-13,singleton,union_strict,1,1,input_blocked,,,,,
1/2,image-13,singleton,union_partial,1,0,excluded,universal_bound,-3,-3,-3,-3
1/2,image-14,singleton,exact_projection,1,0,excluded,universal_bound,0,0,0,0
1/2,image-14,singleton,one_edit_per_image,1,0,unresolved,opposite_worlds,-2,2,-2,2
1/2,image-14,singleton,one_edit_global,1,0,unresolved,opposite_worlds,-2,2,-2,2
1/2,image-14,singleton,current_strict,1,1,input_blocked,,,,,
1/2,image-14,singleton,current_partial,1,0,excluded,universal_bound,0,0,0,0
1/2,image-14,singleton,union_strict,1,1,input_blocked,,,,,
1/2,image-14,singleton,union_partial,1,0,excluded,universal_bound,0,0,0,0
1/2,image-15,singleton,exact_projection,1,0,excluded,universal_bound,0,0,0,0
1/2,image-15,singleton,one_edit_per_image,1,0,unresolved,opposite_worlds,-2,2,0,2
1/2,image-15,singleton,one_edit_global,1,0,unresolved,opposite_worlds,-2,2,0,2
1/2,image-15,singleton,current_strict,1,0,excluded,universal_bound,0,0,0,0
1/2,image-15,singleton,current_partial,1,0,excluded,universal_bound,0,0,0,0
1/2,image-15,singleton,union_strict,1,0,excluded,universal_bound,0,0,0,0
1/2,image-15,singleton,union_partial,1,0,excluded,universal_bound,0,0,0,0
1/2,image-16,singleton,exact_projection,1,0,excluded,universal_bound,0,0,0,0
1/2,image-16,singleton,one_edit_per_image,1,0,excluded,universal_bound,0,0,0,0
1/2,image-16,singleton,one_edit_global,1,0,excluded,universal_bound,0,0,0,0
1/2,image-16,singleton,current_strict,1,0,excluded,universal_bound,0,0,0,0
1/2,image-16,singleton,current_partial,1,0,excluded,universal_bound,0,0,0,0
1/2,image-16,singleton,union_strict,1,0,excluded,universal_bound,0,0,0,0
1/2,image-16,singleton,union_partial,1,0,excluded,universal_bound,0,0,0,0
1/2,image-17,singleton,exact_projection,1,0,excluded,universal_bound,-1,-1,-1,-1
1/2,image-17,singleton,one_edit_per_image,1,0,unresolved,opposite_worlds,-3,1,-3,1
1/2,image-17,singleton,one_edit_global,1,0,unresolved,opposite_worlds,-3,1,-3,1
1/2,image-17,singleton,current_strict,1,0,excluded,universal_bound,-1,-1,-1,-1
1/2,image-17,singleton,current_partial,1,0,excluded,universal_bound,-1,-1,-1,-1
1/2,image-17,singleton,union_strict,1,0,excluded,universal_bound,-1,-1,-1,-1
1/2,image-17,singleton,union_partial,1,0,excluded,universal_bound,-1,-1,-1,-1
1/2,image-18,singleton,exact_projection,1,0,excluded,universal_bound,0,0,0,0
1/2,image-18,singleton,one_edit_per_image,1,0,excluded,universal_bound,0,0,0,0
1/2,image-18,singleton,one_edit_global,1,0,excluded,universal_bound,0,0,0,0
1/2,image-18,singleton,current_strict,1,1,input_blocked,,,,,
1/2,image-18,singleton,current_partial,1,0,excluded,universal_bound,0,0,0,0
1/2,image-18,singleton,union_strict,1,1,input_blocked,,,,,
1/2,image-18,singleton,union_partial,1,0,excluded,universal_bound,0,0,0,0
1/2,image-19,singleton,exact_projection,1,0,excluded,universal_bound,0,0,0,0
1/2,image-19,singleton,one_edit_per_image,1,0,unresolved,opposite_worlds,-2,2,0,2
1/2,image-19,singleton,one_edit_global,1,0,unresolved,opposite_worlds,-2,2,0,2
1/2,image-19,singleton,current_strict,1,0,excluded,universal_bound,0,0,0,0
1/2,image-19,singleton,current_partial,1,0,excluded,universal_bound,0,0,0,0
1/2,image-19,singleton,union_strict,1,0,excluded,universal_bound,0,0,0,0
1/2,image-19,singleton,union_partial,1,0,excluded,universal_bound,0,0,0,0
1/2,image-20,singleton,exact_projection,1,0,supported,universal_bound,1,1,1,1
1/2,image-20,singleton,one_edit_per_image,1,0,unresolved,opposite_worlds,-1,1,-1,1
1/2,image-20,singleton,one_edit_global,1,0,unresolved,opposite_worlds,-1,1,-1,1
1/2,image-20,singleton,current_strict,1,0,supported,universal_bound,1,1,1,1
1/2,image-20,singleton,current_partial,1,0,supported,universal_bound,1,1,1,1
1/2,image-20,singleton,union_strict,1,0,supported,universal_bound,1,1,1,1
1/2,image-20,singleton,union_partial,1,0,supported,universal_bound,1,1,1,1
1/2,image-21,singleton,exact_projection,1,0,excluded,universal_bound,0,0,0,0
1/2,image-21,singleton,one_edit_per_image,1,0,unresolved,opposite_worlds,-2,2,0,2
1/2,image-21,singleton,one_edit_global,1,0,unresolved,opposite_worlds,-2,2,0,2
1/2,image-21,singleton,current_strict,1,0,excluded,universal_bound,0,0,0,0
1/2,image-21,singleton,current_partial,1,0,excluded,universal_bound,0,0,0,0
1/2,image-21,singleton,union_strict,1,1,input_blocked,,,,,
1/2,image-21,singleton,union_partial,1,0,excluded,universal_bound,0,0,0,0
1/2,image-22,singleton,exact_projection,1,0,excluded,universal_bound,0,0,0,0
1/2,image-22,singleton,one_edit_per_image,1,0,unresolved,opposite_worlds,0,2,0,2
1/2,image-22,singleton,one_edit_global,1,0,unresolved,opposite_worlds,0,2,0,2
1/2,image-22,singleton,current_strict,1,1,input_blocked,,,,,
1/2,image-22,singleton,current_partial,1,0,excluded,universal_bound,0,0,0,0
1/2,image-22,singleton,union_strict,1,1,input_blocked,,,,,
1/2,image-22,singleton,union_partial,1,0,excluded,universal_bound,0,0,0,0
1/2,image-23,singleton,exact_projection,1,0,excluded,universal_bound,0,0,0,0
1/2,image-23,singleton,one_edit_per_image,1,0,excluded,universal_bound,0,0,0,0
1/2,image-23,singleton,one_edit_global,1,0,excluded,universal_bound,0,0,0,0
1/2,image-23,singleton,current_strict,1,0,excluded,universal_bound,0,0,0,0
1/2,image-23,singleton,current_partial,1,0,excluded,universal_bound,0,0,0,0
1/2,image-23,singleton,union_strict,1,1,input_blocked,,,,,
1/2,image-23,singleton,union_partial,1,0,excluded,universal_bound,0,0,0,0
1/2,image-24,singleton,exact_projection,1,0,excluded,universal_bound,0,0,0,0
1/2,image-24,singleton,one_edit_per_image,1,0,unresolved,opposite_worlds,-2,2,-2,2
1/2,image-24,singleton,one_edit_global,1,0,unresolved,opposite_worlds,-2,2,-2,2
1/2,image-24,singleton,current_strict,1,0,excluded,universal_bound,0,0,0,0
1/2,image-24,singleton,current_partial,1,0,excluded,universal_bound,0,0,0,0
1/2,image-24,singleton,union_strict,1,0,excluded,universal_bound,0,0,0,0
1/2,image-24,singleton,union_partial,1,0,excluded,universal_bound,0,0,0,0
1/2,image-25,singleton,exact_projection,1,0,excluded,universal_bound,-2,-2,-2,-2
1/2,image-25,singleton,one_edit_per_image,1,0,excluded,universal_bound,-4,0,-2,0
1/2,image-25,singleton,one_edit_global,1,0,excluded,universal_bound,-4,0,-2,0
1/2,image-25,singleton,current_strict,1,0,excluded,universal_bound,-2,-2,-2,-2
1/2,image-25,singleton,current_partial,1,0,excluded,universal_bound,-2,-2,-2,-2
1/2,image-25,singleton,union_strict,1,1,input_blocked,,,,,
1/2,image-25,singleton,union_partial,1,0,excluded,universal_bound,-2,-2,-2,-2
1/2,image-26,singleton,exact_projection,1,0,excluded,universal_bound,0,0,0,0
1/2,image-26,singleton,one_edit_per_image,1,0,unresolved,opposite_worlds,-4,4,-2,2
1/2,image-26,singleton,one_edit_global,1,0,unresolved,opposite_worlds,-4,4,-2,2
1/2,image-26,singleton,current_strict,1,0,excluded,universal_bound,0,0,0,0
1/2,image-26,singleton,current_partial,1,0,excluded,universal_bound,0,0,0,0
1/2,image-26,singleton,union_strict,1,0,excluded,universal_bound,0,0,0,0
1/2,image-26,singleton,union_partial,1,0,excluded,universal_bound,0,0,0,0
1/2,image-27,singleton,exact_projection,1,0,excluded,universal_bound,0,0,0,0
1/2,image-27,singleton,one_edit_per_image,1,0,unresolved,bound_gap,-2,2,0,0
1/2,image-27,singleton,one_edit_global,1,0,unresolved,bound_gap,-2,2,0,0
1/2,image-27,singleton,current_strict,1,1,input_blocked,,,,,
1/2,image-27,singleton,current_partial,1,0,excluded,universal_bound,0,0,0,0
1/2,image-27,singleton,union_strict,1,1,input_blocked,,,,,
1/2,image-27,singleton,union_partial,1,0,excluded,universal_bound,0,0,0,0
1/2,image-28,singleton,exact_projection,1,0,excluded,universal_bound,0,0,0,0
1/2,image-28,singleton,one_edit_per_image,1,0,excluded,universal_bound,0,0,0,0
1/2,image-28,singleton,one_edit_global,1,0,excluded,universal_bound,0,0,0,0
1/2,image-28,singleton,current_strict,1,1,input_blocked,,,,,
1/2,image-28,singleton,current_partial,1,0,excluded,universal_bound,0,0,0,0
1/2,image-28,singleton,union_strict,1,1,input_blocked,,,,,
1/2,image-28,singleton,union_partial,1,0,excluded,universal_bound,0,0,0,0
1/2,image-29,singleton,exact_projection,1,0,excluded,universal_bound,-1,-1,-1,-1
1/2,image-29,singleton,one_edit_per_image,1,0,unresolved,opposite_worlds,-3,3,-1,1
1/2,image-29,singleton,one_edit_global,1,0,unresolved,opposite_worlds,-3,3,-1,1
1/2,image-29,singleton,current_strict,1,1,input_blocked,,,,,
1/2,image-29,singleton,current_partial,1,0,unresolved,opposite_worlds,-1,3,-1,1
1/2,image-29,singleton,union_strict,1,1,input_blocked,,,,,
1/2,image-29,singleton,union_partial,1,0,unresolved,opposite_worlds,-3,3,-1,3
1/2,image-30,singleton,exact_projection,1,0,excluded,universal_bound,-1,-1,-1,-1
1/2,image-30,singleton,one_edit_per_image,1,0,unresolved,opposite_worlds,-3,3,-1,1
1/2,image-30,singleton,one_edit_global,1,0,unresolved,opposite_worlds,-3,3,-1,1
1/2,image-30,singleton,current_strict,1,1,input_blocked,,,,,
1/2,image-30,singleton,current_partial,1,0,unresolved,opposite_worlds,-5,3,-1,3
1/2,image-30,singleton,union_strict,1,1,input_blocked,,,,,
1/2,image-30,singleton,union_partial,1,0,unresolved,opposite_worlds,-5,3,-3,3
1/2,image-31,singleton,exact_projection,1,0,excluded,universal_bound,0,0,0,0
1/2,image-31,singleton,one_edit_per_image,1,0,unresolved,opposite_worlds,-2,2,0,2
1/2,image-31,singleton,one_edit_global,1,0,unresolved,opposite_worlds,-2,2,0,2
1/2,image-31,singleton,current_strict,1,1,input_blocked,,,,,
1/2,image-31,singleton,current_partial,1,0,unresolved,bound_gap,-2,2,0,0
1/2,image-31,singleton,union_strict,1,1,input_blocked,,,,,
1/2,image-31,singleton,union_partial,1,0,unresolved,bound_gap,-2,2,0,0
1/2,image-32,singleton,exact_projection,1,0,excluded,universal_bound,-1,-1,-1,-1
1/2,image-32,singleton,one_edit_per_image,1,0,unresolved,opposite_worlds,-3,1,-1,1
1/2,image-32,singleton,one_edit_global,1,0,unresolved,opposite_worlds,-3,1,-1,1
1/2,image-32,singleton,current_strict,1,0,excluded,universal_bound,-1,-1,-1,-1
1/2,image-32,singleton,current_partial,1,0,excluded,universal_bound,-1,-1,-1,-1
1/2,image-32,singleton,union_strict,1,0,excluded,universal_bound,-1,-1,-1,-1
1/2,image-32,singleton,union_partial,1,0,excluded,universal_bound,-1,-1,-1,-1
1/2,image-33,singleton,exact_projection,1,0,supported,universal_bound,1,1,1,1
1/2,image-33,singleton,one_edit_per_image,1,0,unresolved,bound_gap,-1,3,1,1
1/2,image-33,singleton,one_edit_global,1,0,unresolved,bound_gap,-1,3,1,1
1/2,image-33,singleton,current_strict,1,1,input_blocked,,,,,
1/2,image-33,singleton,current_partial,1,0,unresolved,bound_gap,-1,1,1,1
1/2,image-33,singleton,union_strict,1,1,input_blocked,,,,,
1/2,image-33,singleton,union_partial,1,0,unresolved,bound_gap,-1,1,1,1
1/2,image-34,singleton,exact_projection,1,0,excluded,universal_bound,-1,-1,-1,-1
1/2,image-34,singleton,one_edit_per_image,1,0,unresolved,opposite_worlds,-3,1,-1,1
1/2,image-34,singleton,one_edit_global,1,0,unresolved,opposite_worlds,-3,1,-1,1
1/2,image-34,singleton,current_strict,1,0,excluded,universal_bound,-1,-1,-1,-1
1/2,image-34,singleton,current_partial,1,0,excluded,universal_bound,-1,-1,-1,-1
1/2,image-34,singleton,union_strict,1,1,input_blocked,,,,,
1/2,image-34,singleton,union_partial,1,0,excluded,universal_bound,-1,-1,-1,-1
1/2,image-35,singleton,exact_projection,1,0,excluded,universal_bound,0,0,0,0
1/2,image-35,singleton,one_edit_per_image,1,0,unresolved,bound_gap,-2,2,0,0
1/2,image-35,singleton,one_edit_global,1,0,unresolved,bound_gap,-2,2,0,0
1/2,image-35,singleton,current_strict,1,0,excluded,universal_bound,0,0,0,0
1/2,image-35,singleton,current_partial,1,0,excluded,universal_bound,0,0,0,0
1/2,image-35,singleton,union_strict,1,0,excluded,universal_bound,0,0,0,0
1/2,image-35,singleton,union_partial,1,0,excluded,universal_bound,0,0,0,0
1/2,image-36,singleton,exact_projection,1,0,supported,universal_bound,1,1,1,1
1/2,image-36,singleton,one_edit_per_image,1,0,unresolved,opposite_worlds,-1,1,-1,1
1/2,image-36,singleton,one_edit_global,1,0,unresolved,opposite_worlds,-1,1,-1,1
1/2,image-36,singleton,current_strict,1,0,supported,universal_bound,1,1,1,1
1/2,image-36,singleton,current_partial,1,0,supported,universal_bound,1,1,1,1
1/2,image-36,singleton,union_strict,1,0,supported,universal_bound,1,1,1,1
1/2,image-36,singleton,union_partial,1,0,supported,universal_bound,1,1,1,1
1/2,image-37,singleton,exact_projection,1,0,supported,universal_bound,1,1,1,1
1/2,image-37,singleton,one_edit_per_image,1,0,unresolved,opposite_worlds,-1,1,-1,1
1/2,image-37,singleton,one_edit_global,1,0,unresolved,opposite_worlds,-1,1,-1,1
1/2,image-37,singleton,current_strict,1,1,input_blocked,,,,,
1/2,image-37,singleton,current_partial,1,0,unresolved,opposite_worlds,-1,1,-1,1
1/2,image-37,singleton,union_strict,1,1,input_blocked,,,,,
1/2,image-37,singleton,union_partial,1,0,unresolved,opposite_worlds,-1,1,-1,1
1/2,image-38,singleton,exact_projection,1,0,excluded,universal_bound,-1,-1,-1,-1
1/2,image-38,singleton,one_edit_per_image,1,0,unresolved,opposite_worlds,-3,1,-1,1
1/2,image-38,singleton,one_edit_global,1,0,unresolved,opposite_worlds,-3,1,-1,1
1/2,image-38,singleton,current_strict,1,1,input_blocked,,,,,
1/2,image-38,singleton,current_partial,1,0,unresolved,bound_gap,-3,1,-1,-1
1/2,image-38,singleton,union_strict,1,1,input_blocked,,,,,
1/2,image-38,singleton,union_partial,1,0,unresolved,bound_gap,-3,1,-1,-1
1/2,image-39,singleton,exact_projection,1,0,supported,universal_bound,1,1,1,1
1/2,image-39,singleton,one_edit_per_image,1,0,unresolved,opposite_worlds,-1,3,-1,1
1/2,image-39,singleton,one_edit_global,1,0,unresolved,opposite_worlds,-1,3,-1,1
1/2,image-39,singleton,current_strict,1,1,input_blocked,,,,,
1/2,image-39,singleton,current_partial,1,0,unresolved,opposite_worlds,-1,1,-1,1
1/2,image-39,singleton,union_strict,1,1,input_blocked,,,,,
1/2,image-39,singleton,union_partial,1,0,unresolved,opposite_worlds,-1,1,-1,1
1/2,image-40,singleton,exact_projection,1,0,supported,universal_bound,1,1,1,1
1/2,image-40,singleton,one_edit_per_image,1,0,unresolved,opposite_worlds,-1,3,-1,1
1/2,image-40,singleton,one_edit_global,1,0,unresolved,opposite_worlds,-1,3,-1,1
1/2,image-40,singleton,current_strict,1,0,supported,universal_bound,1,1,1,1
1/2,image-40,singleton,current_partial,1,0,supported,universal_bound,1,1,1,1
1/2,image-40,singleton,union_strict,1,1,input_blocked,,,,,
1/2,image-40,singleton,union_partial,1,0,unresolved,opposite_worlds,-1,1,-1,1
1/2,image-41,singleton,exact_projection,1,0,excluded,universal_bound,0,0,0,0
1/2,image-41,singleton,one_edit_per_image,1,0,unresolved,opposite_worlds,-2,2,0,2
1/2,image-41,singleton,one_edit_global,1,0,unresolved,opposite_worlds,-2,2,0,2
1/2,image-41,singleton,current_strict,1,1,input_blocked,,,,,
1/2,image-41,singleton,current_partial,1,0,excluded,universal_bound,0,0,0,0
1/2,image-41,singleton,union_strict,1,1,input_blocked,,,,,
1/2,image-41,singleton,union_partial,1,0,excluded,universal_bound,0,0,0,0
1/2,image-42,singleton,exact_projection,1,0,excluded,universal_bound,0,0,0,0
1/2,image-42,singleton,one_edit_per_image,1,0,excluded,universal_bound,0,0,0,0
1/2,image-42,singleton,one_edit_global,1,0,excluded,universal_bound,0,0,0,0
1/2,image-42,singleton,current_strict,1,0,excluded,universal_bound,0,0,0,0
1/2,image-42,singleton,current_partial,1,0,excluded,universal_bound,0,0,0,0
1/2,image-42,singleton,union_strict,1,1,input_blocked,,,,,
1/2,image-42,singleton,union_partial,1,0,excluded,universal_bound,0,0,0,0
1/2,image-43,singleton,exact_projection,1,0,supported,universal_bound,1,1,1,1
1/2,image-43,singleton,one_edit_per_image,1,0,unresolved,opposite_worlds,-1,3,-1,1
1/2,image-43,singleton,one_edit_global,1,0,unresolved,opposite_worlds,-1,3,-1,1
1/2,image-43,singleton,current_strict,1,1,input_blocked,,,,,
1/2,image-43,singleton,current_partial,1,0,unresolved,bound_gap,-1,1,1,1
1/2,image-43,singleton,union_strict,1,1,input_blocked,,,,,
1/2,image-43,singleton,union_partial,1,0,unresolved,bound_gap,-1,1,1,1
1/2,image-44,singleton,exact_projection,1,0,excluded,universal_bound,0,0,0,0
1/2,image-44,singleton,one_edit_per_image,1,0,excluded,universal_bound,0,0,0,0
1/2,image-44,singleton,one_edit_global,1,0,excluded,universal_bound,0,0,0,0
1/2,image-44,singleton,current_strict,1,0,excluded,universal_bound,0,0,0,0
1/2,image-44,singleton,current_partial,1,0,excluded,universal_bound,0,0,0,0
1/2,image-44,singleton,union_strict,1,0,excluded,universal_bound,0,0,0,0
1/2,image-44,singleton,union_partial,1,0,excluded,universal_bound,0,0,0,0
1/2,image-45,singleton,exact_projection,1,0,excluded,universal_bound,-2,-2,-2,-2
1/2,image-45,singleton,one_edit_per_image,1,0,unresolved,bound_gap,-4,2,-4,0
1/2,image-45,singleton,one_edit_global,1,0,unresolved,bound_gap,-4,2,-4,0
1/2,image-45,singleton,current_strict,1,1,input_blocked,,,,,
1/2,image-45,singleton,current_partial,1,0,excluded,universal_bound,-4,0,-2,-2
1/2,image-45,singleton,union_strict,1,1,input_blocked,,,,,
1/2,image-45,singleton,union_partial,1,0,excluded,universal_bound,-4,0,-2,-2
1/2,image-46,singleton,exact_projection,1,0,excluded,universal_bound,0,0,0,0
1/2,image-46,singleton,one_edit_per_image,1,0,excluded,universal_bound,0,0,0,0
1/2,image-46,singleton,one_edit_global,1,0,excluded,universal_bound,0,0,0,0
1/2,image-46,singleton,current_strict,1,0,excluded,universal_bound,0,0,0,0
1/2,image-46,singleton,current_partial,1,0,excluded,universal_bound,0,0,0,0
1/2,image-46,singleton,union_strict,1,1,input_blocked,,,,,
1/2,image-46,singleton,union_partial,1,0,excluded,universal_bound,0,0,0,0
1/2,image-47,singleton,exact_projection,1,0,excluded,universal_bound,0,0,0,0
1/2,image-47,singleton,one_edit_per_image,1,0,excluded,universal_bound,0,0,0,0
1/2,image-47,singleton,one_edit_global,1,0,excluded,universal_bound,0,0,0,0
1/2,image-47,singleton,current_strict,1,0,excluded,universal_bound,0,0,0,0
1/2,image-47,singleton,current_partial,1,0,excluded,universal_bound,0,0,0,0
1/2,image-47,singleton,union_strict,1,0,excluded,universal_bound,0,0,0,0
1/2,image-47,singleton,union_partial,1,0,excluded,universal_bound,0,0,0,0
1/2,image-48,singleton,exact_projection,1,0,supported,universal_bound,1,1,1,1
1/2,image-48,singleton,one_edit_per_image,1,0,unresolved,opposite_worlds,-1,3,-1,3
1/2,image-48,singleton,one_edit_global,1,0,unresolved,opposite_worlds,-1,3,-1,3
1/2,image-48,singleton,current_strict,1,0,supported,universal_bound,1,1,1,1
1/2,image-48,singleton,current_partial,1,0,supported,universal_bound,1,1,1,1
1/2,image-48,singleton,union_strict,1,0,supported,universal_bound,1,1,1,1
1/2,image-48,singleton,union_partial,1,0,supported,universal_bound,1,1,1,1
1/2,image-49,singleton,exact_projection,1,0,excluded,universal_bound,0,0,0,0
1/2,image-49,singleton,one_edit_per_image,1,0,unresolved,bound_gap,-2,2,0,0
1/2,image-49,singleton,one_edit_global,1,0,unresolved,bound_gap,-2,2,0,0
1/2,image-49,singleton,current_strict,1,0,excluded,universal_bound,0,0,0,0
1/2,image-49,singleton,current_partial,1,0,excluded,universal_bound,0,0,0,0
1/2,image-49,singleton,union_strict,1,0,excluded,universal_bound,0,0,0,0
1/2,image-49,singleton,union_partial,1,0,excluded,universal_bound,0,0,0,0
1/2,image-50,singleton,exact_projection,1,0,supported,universal_bound,1,1,1,1
1/2,image-50,singleton,one_edit_per_image,1,0,unresolved,bound_gap,-1,1,1,1
1/2,image-50,singleton,one_edit_global,1,0,unresolved,bound_gap,-1,1,1,1
1/2,image-50,singleton,current_strict,1,0,supported,universal_bound,1,1,1,1
1/2,image-50,singleton,current_partial,1,0,supported,universal_bound,1,1,1,1
1/2,image-50,singleton,union_strict,1,0,supported,universal_bound,1,1,1,1
1/2,image-50,singleton,union_partial,1,0,supported,universal_bound,1,1,1,1
1/2,image-51,singleton,exact_projection,1,0,excluded,universal_bound,0,0,0,0
1/2,image-51,singleton,one_edit_per_image,1,0,unresolved,opposite_worlds,-2,2,-2,2
1/2,image-51,singleton,one_edit_global,1,0,unresolved,opposite_worlds,-2,2,-2,2
1/2,image-51,singleton,current_strict,1,0,excluded,universal_bound,0,0,0,0
1/2,image-51,singleton,current_partial,1,0,excluded,universal_bound,0,0,0,0
1/2,image-51,singleton,union_strict,1,0,excluded,universal_bound,0,0,0,0
1/2,image-51,singleton,union_partial,1,0,excluded,universal_bound,0,0,0,0
1/2,image-52,singleton,exact_projection,1,0,excluded,universal_bound,0,0,0,0
1/2,image-52,singleton,one_edit_per_image,1,0,unresolved,opposite_worlds,-2,2,0,2
1/2,image-52,singleton,one_edit_global,1,0,unresolved,opposite_worlds,-2,2,0,2
1/2,image-52,singleton,current_strict,1,1,input_blocked,,,,,
1/2,image-52,singleton,current_partial,1,0,unresolved,opposite_worlds,-2,2,0,2
1/2,image-52,singleton,union_strict,1,1,input_blocked,,,,,
1/2,image-52,singleton,union_partial,1,0,unresolved,opposite_worlds,-4,4,-2,4
1/2,image-53,singleton,exact_projection,1,0,excluded,universal_bound,0,0,0,0
1/2,image-53,singleton,one_edit_per_image,1,0,excluded,universal_bound,0,0,0,0
1/2,image-53,singleton,one_edit_global,1,0,excluded,universal_bound,0,0,0,0
1/2,image-53,singleton,current_strict,1,0,excluded,universal_bound,0,0,0,0
1/2,image-53,singleton,current_partial,1,0,excluded,universal_bound,0,0,0,0
1/2,image-53,singleton,union_strict,1,0,excluded,universal_bound,0,0,0,0
1/2,image-53,singleton,union_partial,1,0,excluded,universal_bound,0,0,0,0
1/2,image-54,singleton,exact_projection,1,0,excluded,universal_bound,0,0,0,0
1/2,image-54,singleton,one_edit_per_image,1,0,unresolved,opposite_worlds,-2,2,-2,2
1/2,image-54,singleton,one_edit_global,1,0,unresolved,opposite_worlds,-2,2,-2,2
1/2,image-54,singleton,current_strict,1,1,input_blocked,,,,,
1/2,image-54,singleton,current_partial,1,0,excluded,universal_bound,0,0,0,0
1/2,image-54,singleton,union_strict,1,1,input_blocked,,,,,
1/2,image-54,singleton,union_partial,1,0,excluded,universal_bound,0,0,0,0
1/2,image-55,singleton,exact_projection,1,0,excluded,universal_bound,-1,-1,-1,-1
1/2,image-55,singleton,one_edit_per_image,1,0,unresolved,opposite_worlds,-3,1,-3,1
1/2,image-55,singleton,one_edit_global,1,0,unresolved,opposite_worlds,-3,1,-3,1
1/2,image-55,singleton,current_strict,1,1,input_blocked,,,,,
1/2,image-55,singleton,current_partial,1,0,excluded,universal_bound,-1,-1,-1,-1
1/2,image-55,singleton,union_strict,1,1,input_blocked,,,,,
1/2,image-55,singleton,union_partial,1,0,excluded,universal_bound,-1,-1,-1,-1
1/2,image-56,singleton,exact_projection,1,0,supported,universal_bound,1,1,1,1
1/2,image-56,singleton,one_edit_per_image,1,0,unresolved,bound_gap,-1,3,1,1
1/2,image-56,singleton,one_edit_global,1,0,unresolved,bound_gap,-1,3,1,1
1/2,image-56,singleton,current_strict,1,0,supported,universal_bound,1,1,1,1
1/2,image-56,singleton,current_partial,1,0,supported,universal_bound,1,1,1,1
1/2,image-56,singleton,union_strict,1,0,supported,universal_bound,1,1,1,1
1/2,image-56,singleton,union_partial,1,0,supported,universal_bound,1,1,1,1
1/2,image-57,singleton,exact_projection,1,0,excluded,universal_bound,-1,-1,-1,-1
1/2,image-57,singleton,one_edit_per_image,1,0,unresolved,opposite_worlds,-3,1,-1,1
1/2,image-57,singleton,one_edit_global,1,0,unresolved,opposite_worlds,-3,1,-1,1
1/2,image-57,singleton,current_strict,1,1,input_blocked,,,,,
1/2,image-57,singleton,current_partial,1,0,excluded,universal_bound,-1,-1,-1,-1
1/2,image-57,singleton,union_strict,1,1,input_blocked,,,,,
1/2,image-57,singleton,union_partial,1,0,excluded,universal_bound,-1,-1,-1,-1
1/2,image-58,singleton,exact_projection,1,0,excluded,universal_bound,0,0,0,0
1/2,image-58,singleton,one_edit_per_image,1,0,excluded,universal_bound,0,0,0,0
1/2,image-58,singleton,one_edit_global,1,0,excluded,universal_bound,0,0,0,0
1/2,image-58,singleton,current_strict,1,0,excluded,universal_bound,0,0,0,0
1/2,image-58,singleton,current_partial,1,0,excluded,universal_bound,0,0,0,0
1/2,image-58,singleton,union_strict,1,0,excluded,universal_bound,0,0,0,0
1/2,image-58,singleton,union_partial,1,0,excluded,universal_bound,0,0,0,0
1/2,image-59,singleton,exact_projection,1,0,excluded,universal_bound,0,0,0,0
1/2,image-59,singleton,one_edit_per_image,1,0,unresolved,opposite_worlds,-2,2,0,2
1/2,image-59,singleton,one_edit_global,1,0,unresolved,opposite_worlds,-2,2,0,2
1/2,image-59,singleton,current_strict,1,1,input_blocked,,,,,
1/2,image-59,singleton,current_partial,1,0,excluded,universal_bound,0,0,0,0
1/2,image-59,singleton,union_strict,1,1,input_blocked,,,,,
1/2,image-59,singleton,union_partial,1,0,excluded,universal_bound,0,0,0,0
1/2,image-60,singleton,exact_projection,1,0,excluded,universal_bound,-1,-1,-1,-1
1/2,image-60,singleton,one_edit_per_image,1,0,unresolved,opposite_worlds,-3,1,-3,1
1/2,image-60,singleton,one_edit_global,1,0,unresolved,opposite_worlds,-3,1,-3,1
1/2,image-60,singleton,current_strict,1,0,excluded,universal_bound,-1,-1,-1,-1
1/2,image-60,singleton,current_partial,1,0,excluded,universal_bound,-1,-1,-1,-1
1/2,image-60,singleton,union_strict,1,1,input_blocked,,,,,
1/2,image-60,singleton,union_partial,1,0,excluded,universal_bound,-1,-1,-1,-1
1/2,image-61,singleton,exact_projection,1,0,excluded,universal_bound,0,0,0,0
1/2,image-61,singleton,one_edit_per_image,1,0,unresolved,bound_gap,-2,2,0,0
1/2,image-61,singleton,one_edit_global,1,0,unresolved,bound_gap,-2,2,0,0
1/2,image-61,singleton,current_strict,1,1,input_blocked,,,,,
1/2,image-61,singleton,current_partial,1,0,unresolved,bound_gap,-2,2,0,0
1/2,image-61,singleton,union_strict,1,1,input_blocked,,,,,
1/2,image-61,singleton,union_partial,1,0,unresolved,bound_gap,-2,2,0,0
1/2,image-62,singleton,exact_projection,1,0,excluded,universal_bound,0,0,0,0
1/2,image-62,singleton,one_edit_per_image,1,0,unresolved,opposite_worlds,-2,2,-2,2
1/2,image-62,singleton,one_edit_global,1,0,unresolved,opposite_worlds,-2,2,-2,2
1/2,image-62,singleton,current_strict,1,1,input_blocked,,,,,
1/2,image-62,singleton,current_partial,1,0,unresolved,bound_gap,-10,10,2,4
1/2,image-62,singleton,union_strict,1,1,input_blocked,,,,,
1/2,image-62,singleton,union_partial,1,1,input_blocked,,,,,
1/2,image-63,singleton,exact_projection,1,0,excluded,universal_bound,0,0,0,0
1/2,image-63,singleton,one_edit_per_image,1,0,unresolved,opposite_worlds,-2,2,-2,2
1/2,image-63,singleton,one_edit_global,1,0,unresolved,opposite_worlds,-2,2,-2,2
1/2,image-63,singleton,current_strict,1,0,excluded,universal_bound,0,0,0,0
1/2,image-63,singleton,current_partial,1,0,excluded,universal_bound,0,0,0,0
1/2,image-63,singleton,union_strict,1,0,excluded,universal_bound,0,0,0,0
1/2,image-63,singleton,union_partial,1,0,excluded,universal_bound,0,0,0,0
1/2,block-00,block,exact_projection,8,0,excluded,universal_bound,-3/4,-3/4,-3/4,-3/4
1/2,block-00,block,one_edit_per_image,8,0,unresolved,opposite_worlds,-5/2,5/4,-7/4,1
1/2,block-00,block,one_edit_global,8,0,excluded,universal_bound,-1,-1/4,-1,-1/2
1/2,block-00,block,current_strict,8,0,excluded,universal_bound,-3/4,-3/4,-3/4,-3/4
1/2,block-00,block,current_partial,8,0,excluded,universal_bound,-3/4,-3/4,-3/4,-3/4
1/2,block-00,block,union_strict,8,2,input_blocked,,,,,
1/2,block-00,block,union_partial,8,0,excluded,universal_bound,-5/4,-1/4,-5/4,-1/4
1/2,block-01,block,exact_projection,8,0,excluded,universal_bound,-5/8,-5/8,-5/8,-5/8
1/2,block-01,block,one_edit_per_image,8,0,unresolved,opposite_worlds,-23/8,13/8,-13/8,5/8
1/2,block-01,block,one_edit_global,8,0,excluded,universal_bound,-9/8,-1/8,-7/8,-3/8
1/2,block-01,block,current_strict,8,4,input_blocked,,,,,
1/2,block-01,block,current_partial,8,0,unresolved,bound_gap,-11/8,1/8,-5/8,-3/8
1/2,block-01,block,union_strict,8,5,input_blocked,,,,,
1/2,block-01,block,union_partial,8,0,unresolved,bound_gap,-11/8,3/8,-5/8,-3/8
1/2,block-02,block,exact_projection,8,0,excluded,universal_bound,0,0,0,0
1/2,block-02,block,one_edit_per_image,8,0,unresolved,opposite_worlds,-1,1,-1/2,1
1/2,block-02,block,one_edit_global,8,0,unresolved,opposite_worlds,-1/4,1/4,-1/4,1/4
1/2,block-02,block,current_strict,8,2,input_blocked,,,,,
1/2,block-02,block,current_partial,8,0,excluded,universal_bound,0,0,0,0
1/2,block-02,block,union_strict,8,4,input_blocked,,,,,
1/2,block-02,block,union_partial,8,0,excluded,universal_bound,0,0,0,0
1/2,block-03,block,exact_projection,8,0,excluded,universal_bound,-1/2,-1/2,-1/2,-1/2
1/2,block-03,block,one_edit_per_image,8,0,unresolved,opposite_worlds,-5/2,2,-1,1
1/2,block-03,block,one_edit_global,8,0,excluded,universal_bound,-1,0,-3/4,-1/4
1/2,block-03,block,current_strict,8,5,input_blocked,,,,,
1/2,block-03,block,current_partial,8,0,unresolved,opposite_worlds,-5/4,3/4,-1/2,1/4
1/2,block-03,block,union_strict,8,6,input_blocked,,,,,
1/2,block-03,block,union_partial,8,0,unresolved,opposite_worlds,-3/2,3/4,-3/4,1/2
1/2,block-04,block,exact_projection,8,0,supported,universal_bound,1/8,1/8,1/8,1/8
1/2,block-04,block,one_edit_per_image,8,0,unresolved,opposite_worlds,-15/8,13/8,-5/8,7/8
1/2,block-04,block,one_edit_global,8,0,unresolved,opposite_worlds,-1/8,3/8,-1/8,3/8
1/2,block-04,block,current_strict,8,4,input_blocked,,,,,
1/2,block-04,block,current_partial,8,0,unresolved,opposite_worlds,-7/8,3/8,-3/8,1/8
1/2,block-04,block,union_strict,8,5,input_blocked,,,,,
1/2,block-04,block,union_partial,8,0,unresolved,opposite_worlds,-7/8,3/8,-3/8,1/8
1/2,block-05,block,exact_projection,8,0,excluded,universal_bound,0,0,0,0
1/2,block-05,block,one_edit_per_image,8,0,unresolved,opposite_worlds,-1,5/4,-3/4,1/2
1/2,block-05,block,one_edit_global,8,0,unresolved,opposite_worlds,-1/4,1/2,-1/4,1/4
1/2,block-05,block,current_strict,8,3,input_blocked,,,,,
1/2,block-05,block,current_partial,8,0,unresolved,bound_gap,-1/2,1/4,0,0
1/2,block-05,block,union_strict,8,6,input_blocked,,,,,
1/2,block-05,block,union_partial,8,0,unresolved,bound_gap,-3/4,1/4,-1/4,0
1/2,block-06,block,exact_projection,8,0,supported,universal_bound,1/8,1/8,1/8,1/8
1/2,block-06,block,one_edit_per_image,8,0,unresolved,opposite_worlds,-13/8,13/8,-7/8,11/8
1/2,block-06,block,one_edit_global,8,0,unresolved,opposite_worlds,-1/8,3/8,-1/8,3/8
1/2,block-06,block,current_strict,8,3,input_blocked,,,,,
1/2,block-06,block,current_partial,8,0,unresolved,bound_gap,-1/8,3/8,1/8,3/8
1/2,block-06,block,union_strict,8,3,input_blocked,,,,,
1/2,block-06,block,union_partial,8,0,unresolved,opposite_worlds,-3/8,5/8,-1/8,5/8
1/2,block-07,block,exact_projection,8,0,excluded,universal_bound,-1/8,-1/8,-1/8,-1/8
1/2,block-07,block,one_edit_per_image,8,0,unresolved,opposite_worlds,-15/8,13/8,-7/8,9/8
1/2,block-07,block,one_edit_global,8,0,unresolved,opposite_worlds,-3/8,1/8,-3/8,1/8
1/2,block-07,block,current_strict,8,4,input_blocked,,,,,
1/2,block-07,block,current_partial,8,0,unresolved,bound_gap,-13/8,11/8,1/8,3/8
1/2,block-07,block,union_strict,8,5,input_blocked,,,,,
1/2,block-07,block,union_partial,8,1,input_blocked,,,,,
1/2,all-64,primary,exact_projection,64,0,excluded,universal_bound,-7/32,-7/32,-7/32,-7/32
1/2,all-64,primary,one_edit_per_image,64,0,unresolved,opposite_worlds,-61/32,3/2,-1,15/16
1/2,all-64,primary,one_edit_global,64,0,excluded,universal_bound,-9/32,-5/32,-1/4,-3/16
1/2,all-64,primary,current_strict,64,25,input_blocked,,,,,
1/2,all-64,primary,current_partial,64,0,unresolved,bound_gap,-13/16,5/16,-1/4,0
1/2,all-64,primary,union_strict,64,36,input_blocked,,,,,
1/2,all-64,primary,union_partial,64,1,input_blocked,,,,,
13/20,image-00,singleton,exact_projection,1,0,excluded,universal_bound,0,0,0,0
13/20,image-00,singleton,one_edit_per_image,1,0,unresolved,bound_gap,-2,2,0,0
13/20,image-00,singleton,one_edit_global,1,0,unresolved,bound_gap,-2,2,0,0
13/20,image-00,singleton,current_strict,1,0,excluded,universal_bound,0,0,0,0
13/20,image-00,singleton,current_partial,1,0,excluded,universal_bound,0,0,0,0
13/20,image-00,singleton,union_strict,1,0,excluded,universal_bound,0,0,0,0
13/20,image-00,singleton,union_partial,1,0,excluded,universal_bound,0,0,0,0
13/20,image-01,singleton,exact_projection,1,0,supported,universal_bound,1,1,1,1
13/20,image-01,singleton,one_edit_per_image,1,0,unresolved,bound_gap,-1,3,1,1
13/20,image-01,singleton,one_edit_global,1,0,unresolved,bound_gap,-1,3,1,1
13/20,image-01,singleton,current_strict,1,0,supported,universal_bound,1,1,1,1
13/20,image-01,singleton,current_partial,1,0,supported,universal_bound,1,1,1,1
13/20,image-01,singleton,union_strict,1,0,supported,universal_bound,1,1,1,1
13/20,image-01,singleton,union_partial,1,0,supported,universal_bound,1,1,1,1
13/20,image-02,singleton,exact_projection,1,0,excluded,universal_bound,0,0,0,0
13/20,image-02,singleton,one_edit_per_image,1,0,unresolved,opposite_worlds,-2,2,-2,2
13/20,image-02,singleton,one_edit_global,1,0,unresolved,opposite_worlds,-2,2,-2,2
13/20,image-02,singleton,current_strict,1,0,excluded,universal_bound,0,0,0,0
13/20,image-02,singleton,current_partial,1,0,excluded,universal_bound,0,0,0,0
13/20,image-02,singleton,union_strict,1,0,excluded,universal_bound,0,0,0,0
13/20,image-02,singleton,union_partial,1,0,excluded,universal_bound,0,0,0,0
13/20,image-03,singleton,exact_projection,1,0,excluded,universal_bound,-1,-1,-1,-1
13/20,image-03,singleton,one_edit_per_image,1,0,excluded,universal_bound,-1,-1,-1,-1
13/20,image-03,singleton,one_edit_global,1,0,excluded,universal_bound,-1,-1,-1,-1
13/20,image-03,singleton,current_strict,1,0,excluded,universal_bound,-1,-1,-1,-1
13/20,image-03,singleton,current_partial,1,0,excluded,universal_bound,-1,-1,-1,-1
13/20,image-03,singleton,union_strict,1,0,excluded,universal_bound,-1,-1,-1,-1
13/20,image-03,singleton,union_partial,1,0,excluded,universal_bound,-1,-1,-1,-1
13/20,image-04,singleton,exact_projection,1,0,excluded,universal_bound,0,0,0,0
13/20,image-04,singleton,one_edit_per_image,1,0,unresolved,opposite_worlds,-2,2,-2,2
13/20,image-04,singleton,one_edit_global,1,0,unresolved,opposite_worlds,-2,2,-2,2
13/20,image-04,singleton,current_strict,1,0,excluded,universal_bound,0,0,0,0
13/20,image-04,singleton,current_partial,1,0,excluded,universal_bound,0,0,0,0
13/20,image-04,singleton,union_strict,1,1,input_blocked,,,,,
13/20,image-04,singleton,union_partial,1,0,unresolved,opposite_worlds,-2,2,-2,2
13/20,image-05,singleton,exact_projection,1,0,excluded,universal_bound,0,0,0,0
13/20,image-05,singleton,one_edit_per_image,1,0,unresolved,opposite_worlds,-2,2,-2,2
13/20,image-05,singleton,one_edit_global,1,0,unresolved,opposite_worlds,-2,2,-2,2
13/20,image-05,singleton,current_strict,1,0,excluded,universal_bound,0,0,0,0
13/20,image-05,singleton,current_partial,1,0,excluded,universal_bound,0,0,0,0
13/20,image-05,singleton,union_strict,1,1,input_blocked,,,,,
13/20,image-05,singleton,union_partial,1,0,unresolved,opposite_worlds,-2,2,-2,2
13/20,image-06,singleton,exact_projection,1,0,excluded,universal_bound,0,0,0,0
13/20,image-06,singleton,one_edit_per_image,1,0,unresolved,opposite_worlds,-2,2,-2,2
13/20,image-06,singleton,one_edit_global,1,0,unresolved,opposite_worlds,-2,2,-2,2
13/20,image-06,singleton,current_strict,1,0,excluded,universal_bound,0,0,0,0
13/20,image-06,singleton,current_partial,1,0,excluded,universal_bound,0,0,0,0
13/20,image-06,singleton,union_strict,1,0,excluded,universal_bound,0,0,0,0
13/20,image-06,singleton,union_partial,1,0,excluded,universal_bound,0,0,0,0
13/20,image-07,singleton,exact_projection,1,0,excluded,universal_bound,0,0,0,0
13/20,image-07,singleton,one_edit_per_image,1,0,excluded,universal_bound,0,0,0,0
13/20,image-07,singleton,one_edit_global,1,0,excluded,universal_bound,0,0,0,0
13/20,image-07,singleton,current_strict,1,0,excluded,universal_bound,0,0,0,0
13/20,image-07,singleton,current_partial,1,0,excluded,universal_bound,0,0,0,0
13/20,image-07,singleton,union_strict,1,0,excluded,universal_bound,0,0,0,0
13/20,image-07,singleton,union_partial,1,0,excluded,universal_bound,0,0,0,0
13/20,image-08,singleton,exact_projection,1,0,supported,universal_bound,1,1,1,1
13/20,image-08,singleton,one_edit_per_image,1,0,unresolved,opposite_worlds,-1,3,-1,1
13/20,image-08,singleton,one_edit_global,1,0,unresolved,opposite_worlds,-1,3,-1,1
13/20,image-08,singleton,current_strict,1,0,supported,universal_bound,1,1,1,1
13/20,image-08,singleton,current_partial,1,0,supported,universal_bound,1,1,1,1
13/20,image-08,singleton,union_strict,1,1,input_blocked,,,,,
13/20,image-08,singleton,union_partial,1,0,supported,universal_bound,1,1,1,1
13/20,image-09,singleton,exact_projection,1,0,excluded,universal_bound,0,0,0,0
13/20,image-09,singleton,one_edit_per_image,1,0,unresolved,opposite_worlds,-2,2,0,2
13/20,image-09,singleton,one_edit_global,1,0,unresolved,opposite_worlds,-2,2,0,2
13/20,image-09,singleton,current_strict,1,1,input_blocked,,,,,
13/20,image-09,singleton,current_partial,1,0,unresolved,bound_gap,-4,2,0,0
13/20,image-09,singleton,union_strict,1,1,input_blocked,,,,,
13/20,image-09,singleton,union_partial,1,0,unresolved,bound_gap,-4,2,0,0
13/20,image-10,singleton,exact_projection,1,0,excluded,universal_bound,0,0,0,0
13/20,image-10,singleton,one_edit_per_image,1,0,unresolved,bound_gap,-2,2,0,0
13/20,image-10,singleton,one_edit_global,1,0,unresolved,bound_gap,-2,2,0,0
13/20,image-10,singleton,current_strict,1,0,excluded,universal_bound,0,0,0,0
13/20,image-10,singleton,current_partial,1,0,excluded,universal_bound,0,0,0,0
13/20,image-10,singleton,union_strict,1,0,excluded,universal_bound,0,0,0,0
13/20,image-10,singleton,union_partial,1,0,excluded,universal_bound,0,0,0,0
13/20,image-11,singleton,exact_projection,1,0,supported,universal_bound,1,1,1,1
13/20,image-11,singleton,one_edit_per_image,1,0,unresolved,opposite_worlds,-1,3,-1,1
13/20,image-11,singleton,one_edit_global,1,0,unresolved,opposite_worlds,-1,3,-1,1
13/20,image-11,singleton,current_strict,1,1,input_blocked,,,,,
13/20,image-11,singleton,current_partial,1,0,supported,universal_bound,1,1,1,1
13/20,image-11,singleton,union_strict,1,1,input_blocked,,,,,
13/20,image-11,singleton,union_partial,1,0,supported,universal_bound,1,1,1,1
13/20,image-12,singleton,exact_projection,1,0,excluded,universal_bound,-1,-1,-1,-1
13/20,image-12,singleton,one_edit_per_image,1,0,unresolved,opposite_worlds,-3,1,-1,1
13/20,image-12,singleton,one_edit_global,1,0,unresolved,opposite_worlds,-3,1,-1,1
13/20,image-12,singleton,current_strict,1,0,excluded,universal_bound,-1,-1,-1,-1
13/20,image-12,singleton,current_partial,1,0,excluded,universal_bound,-1,-1,-1,-1
13/20,image-12,singleton,union_strict,1,0,excluded,universal_bound,-1,-1,-1,-1
13/20,image-12,singleton,union_partial,1,0,excluded,universal_bound,-1,-1,-1,-1
13/20,image-13,singleton,exact_projection,1,0,excluded,universal_bound,-2,-2,-2,-2
13/20,image-13,singleton,one_edit_per_image,1,0,excluded,universal_bound,-4,0,-2,0
13/20,image-13,singleton,one_edit_global,1,0,excluded,universal_bound,-4,0,-2,0
13/20,image-13,singleton,current_strict,1,1,input_blocked,,,,,
13/20,image-13,singleton,current_partial,1,0,excluded,universal_bound,-2,-2,-2,-2
13/20,image-13,singleton,union_strict,1,1,input_blocked,,,,,
13/20,image-13,singleton,union_partial,1,0,excluded,universal_bound,-2,-2,-2,-2
13/20,image-14,singleton,exact_projection,1,0,excluded,universal_bound,0,0,0,0
13/20,image-14,singleton,one_edit_per_image,1,0,unresolved,opposite_worlds,-2,2,-2,2
13/20,image-14,singleton,one_edit_global,1,0,unresolved,opposite_worlds,-2,2,-2,2
13/20,image-14,singleton,current_strict,1,1,input_blocked,,,,,
13/20,image-14,singleton,current_partial,1,0,excluded,universal_bound,0,0,0,0
13/20,image-14,singleton,union_strict,1,1,input_blocked,,,,,
13/20,image-14,singleton,union_partial,1,0,excluded,universal_bound,0,0,0,0
13/20,image-15,singleton,exact_projection,1,0,supported,universal_bound,1,1,1,1
13/20,image-15,singleton,one_edit_per_image,1,0,unresolved,bound_gap,-1,3,1,1
13/20,image-15,singleton,one_edit_global,1,0,unresolved,bound_gap,-1,3,1,1
13/20,image-15,singleton,current_strict,1,0,supported,universal_bound,1,1,1,1
13/20,image-15,singleton,current_partial,1,0,supported,universal_bound,1,1,1,1
13/20,image-15,singleton,union_strict,1,0,supported,universal_bound,1,1,1,1
13/20,image-15,singleton,union_partial,1,0,supported,universal_bound,1,1,1,1
13/20,image-16,singleton,exact_projection,1,0,excluded,universal_bound,0,0,0,0
13/20,image-16,singleton,one_edit_per_image,1,0,excluded,universal_bound,0,0,0,0
13/20,image-16,singleton,one_edit_global,1,0,excluded,universal_bound,0,0,0,0
13/20,image-16,singleton,current_strict,1,0,excluded,universal_bound,0,0,0,0
13/20,image-16,singleton,current_partial,1,0,excluded,universal_bound,0,0,0,0
13/20,image-16,singleton,union_strict,1,0,excluded,universal_bound,0,0,0,0
13/20,image-16,singleton,union_partial,1,0,excluded,universal_bound,0,0,0,0
13/20,image-17,singleton,exact_projection,1,0,excluded,universal_bound,0,0,0,0
13/20,image-17,singleton,one_edit_per_image,1,0,unresolved,opposite_worlds,-2,2,-2,2
13/20,image-17,singleton,one_edit_global,1,0,unresolved,opposite_worlds,-2,2,-2,2
13/20,image-17,singleton,current_strict,1,0,excluded,universal_bound,0,0,0,0
13/20,image-17,singleton,current_partial,1,0,excluded,universal_bound,0,0,0,0
13/20,image-17,singleton,union_strict,1,0,excluded,universal_bound,0,0,0,0
13/20,image-17,singleton,union_partial,1,0,excluded,universal_bound,0,0,0,0
13/20,image-18,singleton,exact_projection,1,0,excluded,universal_bound,0,0,0,0
13/20,image-18,singleton,one_edit_per_image,1,0,excluded,universal_bound,0,0,0,0
13/20,image-18,singleton,one_edit_global,1,0,excluded,universal_bound,0,0,0,0
13/20,image-18,singleton,current_strict,1,1,input_blocked,,,,,
13/20,image-18,singleton,current_partial,1,0,excluded,universal_bound,0,0,0,0
13/20,image-18,singleton,union_strict,1,1,input_blocked,,,,,
13/20,image-18,singleton,union_partial,1,0,excluded,universal_bound,0,0,0,0
13/20,image-19,singleton,exact_projection,1,0,excluded,universal_bound,0,0,0,0
13/20,image-19,singleton,one_edit_per_image,1,0,unresolved,opposite_worlds,-2,2,0,2
13/20,image-19,singleton,one_edit_global,1,0,unresolved,opposite_worlds,-2,2,0,2
13/20,image-19,singleton,current_strict,1,0,excluded,universal_bound,0,0,0,0
13/20,image-19,singleton,current_partial,1,0,excluded,universal_bound,0,0,0,0
13/20,image-19,singleton,union_strict,1,0,excluded,universal_bound,0,0,0,0
13/20,image-19,singleton,union_partial,1,0,excluded,universal_bound,0,0,0,0
13/20,image-20,singleton,exact_projection,1,0,excluded,universal_bound,0,0,0,0
13/20,image-20,singleton,one_edit_per_image,1,0,excluded,universal_bound,0,0,0,0
13/20,image-20,singleton,one_edit_global,1,0,excluded,universal_bound,0,0,0,0
13/20,image-20,singleton,current_strict,1,0,excluded,universal_bound,0,0,0,0
13/20,image-20,singleton,current_partial,1,0,excluded,universal_bound,0,0,0,0
13/20,image-20,singleton,union_strict,1,0,excluded,universal_bound,0,0,0,0
13/20,image-20,singleton,union_partial,1,0,excluded,universal_bound,0,0,0,0
13/20,image-21,singleton,exact_projection,1,0,excluded,universal_bound,0,0,0,0
13/20,image-21,singleton,one_edit_per_image,1,0,unresolved,opposite_worlds,-2,2,-2,2
13/20,image-21,singleton,one_edit_global,1,0,unresolved,opposite_worlds,-2,2,-2,2
13/20,image-21,singleton,current_strict,1,0,excluded,universal_bound,0,0,0,0
13/20,image-21,singleton,current_partial,1,0,excluded,universal_bound,0,0,0,0
13/20,image-21,singleton,union_strict,1,1,input_blocked,,,,,
13/20,image-21,singleton,union_partial,1,0,excluded,universal_bound,0,0,0,0
13/20,image-22,singleton,exact_projection,1,0,excluded,universal_bound,0,0,0,0
13/20,image-22,singleton,one_edit_per_image,1,0,excluded,universal_bound,0,0,0,0
13/20,image-22,singleton,one_edit_global,1,0,excluded,universal_bound,0,0,0,0
13/20,image-22,singleton,current_strict,1,1,input_blocked,,,,,
13/20,image-22,singleton,current_partial,1,0,excluded,universal_bound,0,0,0,0
13/20,image-22,singleton,union_strict,1,1,input_blocked,,,,,
13/20,image-22,singleton,union_partial,1,0,excluded,universal_bound,0,0,0,0
13/20,image-23,singleton,exact_projection,1,0,excluded,universal_bound,0,0,0,0
13/20,image-23,singleton,one_edit_per_image,1,0,excluded,universal_bound,0,0,0,0
13/20,image-23,singleton,one_edit_global,1,0,excluded,universal_bound,0,0,0,0
13/20,image-23,singleton,current_strict,1,0,excluded,universal_bound,0,0,0,0
13/20,image-23,singleton,current_partial,1,0,excluded,universal_bound,0,0,0,0
13/20,image-23,singleton,union_strict,1,1,input_blocked,,,,,
13/20,image-23,singleton,union_partial,1,0,excluded,universal_bound,0,0,0,0
13/20,image-24,singleton,exact_projection,1,0,excluded,universal_bound,-2,-2,-2,-2
13/20,image-24,singleton,one_edit_per_image,1,0,unresolved,bound_gap,-2,2,-2,0
13/20,image-24,singleton,one_edit_global,1,0,unresolved,bound_gap,-2,2,-2,0
13/20,image-24,singleton,current_strict,1,0,excluded,universal_bound,-2,-2,-2,-2
13/20,image-24,singleton,current_partial,1,0,excluded,universal_bound,-2,-2,-2,-2
13/20,image-24,singleton,union_strict,1,0,excluded,universal_bound,-2,-2,-2,-2
13/20,image-24,singleton,union_partial,1,0,excluded,universal_bound,-2,-2,-2,-2
13/20,image-25,singleton,exact_projection,1,0,excluded,universal_bound,-2,-2,-2,-2
13/20,image-25,singleton,one_edit_per_image,1,0,excluded,universal_bound,-4,0,-2,0
13/20,image-25,singleton,one_edit_global,1,0,excluded,universal_bound,-4,0,-2,0
13/20,image-25,singleton,current_strict,1,0,excluded,universal_bound,-2,-2,-2,-2
13/20,image-25,singleton,current_partial,1,0,excluded,universal_bound,-2,-2,-2,-2
13/20,image-25,singleton,union_strict,1,1,input_blocked,,,,,
13/20,image-25,singleton,union_partial,1,0,excluded,universal_bound,-2,-2,-2,-2
13/20,image-26,singleton,exact_projection,1,0,excluded,universal_bound,0,0,0,0
13/20,image-26,singleton,one_edit_per_image,1,0,unresolved,opposite_worlds,-4,4,-2,2
13/20,image-26,singleton,one_edit_global,1,0,unresolved,opposite_worlds,-4,4,-2,2
13/20,image-26,singleton,current_strict,1,0,excluded,universal_bound,0,0,0,0
13/20,image-26,singleton,current_partial,1,0,excluded,universal_bound,0,0,0,0
13/20,image-26,singleton,union_strict,1,0,excluded,universal_bound,0,0,0,0
13/20,image-26,singleton,union_partial,1,0,excluded,universal_bound,0,0,0,0
13/20,image-27,singleton,exact_projection,1,0,excluded,universal_bound,0,0,0,0
13/20,image-27,singleton,one_edit_per_image,1,0,unresolved,bound_gap,-2,2,0,0
13/20,image-27,singleton,one_edit_global,1,0,unresolved,bound_gap,-2,2,0,0
13/20,image-27,singleton,current_strict,1,1,input_blocked,,,,,
13/20,image-27,singleton,current_partial,1,0,excluded,universal_bound,0,0,0,0
13/20,image-27,singleton,union_strict,1,1,input_blocked,,,,,
13/20,image-27,singleton,union_partial,1,0,excluded,universal_bound,0,0,0,0
13/20,image-28,singleton,exact_projection,1,0,excluded,universal_bound,0,0,0,0
13/20,image-28,singleton,one_edit_per_image,1,0,excluded,universal_bound,0,0,0,0
13/20,image-28,singleton,one_edit_global,1,0,excluded,universal_bound,0,0,0,0
13/20,image-28,singleton,current_strict,1,1,input_blocked,,,,,
13/20,image-28,singleton,current_partial,1,0,excluded,universal_bound,0,0,0,0
13/20,image-28,singleton,union_strict,1,1,input_blocked,,,,,
13/20,image-28,singleton,union_partial,1,0,excluded,universal_bound,0,0,0,0
13/20,image-29,singleton,exact_projection,1,0,excluded,universal_bound,-1,-1,-1,-1
13/20,image-29,singleton,one_edit_per_image,1,0,unresolved,opposite_worlds,-3,1,-1,1
13/20,image-29,singleton,one_edit_global,1,0,unresolved,opposite_worlds,-3,1,-1,1
13/20,image-29,singleton,current_strict,1,1,input_blocked,,,,,
13/20,image-29,singleton,current_partial,1,0,excluded,universal_bound,-1,-1,-1,-1
13/20,image-29,singleton,union_strict,1,1,input_blocked,,,,,
13/20,image-29,singleton,union_partial,1,0,excluded,universal_bound,-1,-1,-1,-1
13/20,image-30,singleton,exact_projection,1,0,supported,universal_bound,1,1,1,1
13/20,image-30,singleton,one_edit_per_image,1,0,unresolved,opposite_worlds,-3,3,-1,1
13/20,image-30,singleton,one_edit_global,1,0,unresolved,opposite_worlds,-3,3,-1,1
13/20,image-30,singleton,current_strict,1,1,input_blocked,,,,,
13/20,image-30,singleton,current_partial,1,0,unresolved,bound_gap,-1,3,1,3
13/20,image-30,singleton,union_strict,1,1,input_blocked,,,,,
13/20,image-30,singleton,union_partial,1,0,unresolved,bound_gap,-1,3,1,3
13/20,image-31,singleton,exact_projection,1,0,excluded,universal_bound,-1,-1,-1,-1
13/20,image-31,singleton,one_edit_per_image,1,0,unresolved,opposite_worlds,-3,1,-1,1
13/20,image-31,singleton,one_edit_global,1,0,unresolved,opposite_worlds,-3,1,-1,1
13/20,image-31,singleton,current_strict,1,1,input_blocked,,,,,
13/20,image-31,singleton,current_partial,1,0,unresolved,bound_gap,-3,1,-1,-1
13/20,image-31,singleton,union_strict,1,1,input_blocked,,,,,
13/20,image-31,singleton,union_partial,1,0,unresolved,bound_gap,-3,1,-1,-1
13/20,image-32,singleton,exact_projection,1,0,excluded,universal_bound,0,0,0,0
13/20,image-32,singleton,one_edit_per_image,1,0,excluded,universal_bound,0,0,0,0
13/20,image-32,singleton,one_edit_global,1,0,excluded,universal_bound,0,0,0,0
13/20,image-32,singleton,current_strict,1,0,excluded,universal_bound,0,0,0,0
13/20,image-32,singleton,current_partial,1,0,excluded,universal_bound,0,0,0,0
13/20,image-32,singleton,union_strict,1,0,excluded,universal_bound,0,0,0,0
13/20,image-32,singleton,union_partial,1,0,excluded,universal_bound,0,0,0,0
13/20,image-33,singleton,exact_projection,1,0,excluded,universal_bound,0,0,0,0
13/20,image-33,singleton,one_edit_per_image,1,0,unresolved,bound_gap,-2,2,0,0
13/20,image-33,singleton,one_edit_global,1,0,unresolved,bound_gap,-2,2,0,0
13/20,image-33,singleton,current_strict,1,1,input_blocked,,,,,
13/20,image-33,singleton,current_partial,1,0,excluded,universal_bound,0,0,0,0
13/20,image-33,singleton,union_strict,1,1,input_blocked,,,,,
13/20,image-33,singleton,union_partial,1,0,excluded,universal_bound,0,0,0,0
13/20,image-34,singleton,exact_projection,1,0,excluded,universal_bound,-2,-2,-2,-2
13/20,image-34,singleton,one_edit_per_image,1,0,excluded,universal_bound,-4,0,-2,0
13/20,image-34,singleton,one_edit_global,1,0,excluded,universal_bound,-4,0,-2,0
13/20,image-34,singleton,current_strict,1,0,excluded,universal_bound,-2,-2,-2,-2
13/20,image-34,singleton,current_partial,1,0,excluded,universal_bound,-2,-2,-2,-2
13/20,image-34,singleton,union_strict,1,1,input_blocked,,,,,
13/20,image-34,singleton,union_partial,1,0,excluded,universal_bound,-2,-2,-2,-2
13/20,image-35,singleton,exact_projection,1,0,excluded,universal_bound,0,0,0,0
13/20,image-35,singleton,one_edit_per_image,1,0,unresolved,bound_gap,-2,2,0,0
13/20,image-35,singleton,one_edit_global,1,0,unresolved,bound_gap,-2,2,0,0
13/20,image-35,singleton,current_strict,1,0,excluded,universal_bound,0,0,0,0
13/20,image-35,singleton,current_partial,1,0,excluded,universal_bound,0,0,0,0
13/20,image-35,singleton,union_strict,1,0,excluded,universal_bound,0,0,0,0
13/20,image-35,singleton,union_partial,1,0,excluded,universal_bound,0,0,0,0
13/20,image-36,singleton,exact_projection,1,0,excluded,universal_bound,0,0,0,0
13/20,image-36,singleton,one_edit_per_image,1,0,excluded,universal_bound,0,0,0,0
13/20,image-36,singleton,one_edit_global,1,0,excluded,universal_bound,0,0,0,0
13/20,image-36,singleton,current_strict,1,0,excluded,universal_bound,0,0,0,0
13/20,image-36,singleton,current_partial,1,0,excluded,universal_bound,0,0,0,0
13/20,image-36,singleton,union_strict,1,0,excluded,universal_bound,0,0,0,0
13/20,image-36,singleton,union_partial,1,0,excluded,universal_bound,0,0,0,0
13/20,image-37,singleton,exact_projection,1,0,supported,universal_bound,1,1,1,1
13/20,image-37,singleton,one_edit_per_image,1,0,unresolved,opposite_worlds,-1,1,-1,1
13/20,image-37,singleton,one_edit_global,1,0,unresolved,opposite_worlds,-1,1,-1,1
13/20,image-37,singleton,current_strict,1,1,input_blocked,,,,,
13/20,image-37,singleton,current_partial,1,0,unresolved,opposite_worlds,-1,1,-1,1
13/20,image-37,singleton,union_strict,1,1,input_blocked,,,,,
13/20,image-37,singleton,union_partial,1,0,unresolved,opposite_worlds,-1,1,-1,1
13/20,image-38,singleton,exact_projection,1,0,excluded,universal_bound,0,0,0,0
13/20,image-38,singleton,one_edit_per_image,1,0,unresolved,bound_gap,-2,2,0,0
13/20,image-38,singleton,one_edit_global,1,0,unresolved,bound_gap,-2,2,0,0
13/20,image-38,singleton,current_strict,1,1,input_blocked,,,,,
13/20,image-38,singleton,current_partial,1,0,excluded,universal_bound,0,0,0,0
13/20,image-38,singleton,union_strict,1,1,input_blocked,,,,,
13/20,image-38,singleton,union_partial,1,0,excluded,universal_bound,0,0,0,0
13/20,image-39,singleton,exact_projection,1,0,excluded,universal_bound,0,0,0,0
13/20,image-39,singleton,one_edit_per_image,1,0,unresolved,bound_gap,-2,2,0,0
13/20,image-39,singleton,one_edit_global,1,0,unresolved,bound_gap,-2,2,0,0
13/20,image-39,singleton,current_strict,1,1,input_blocked,,,,,
13/20,image-39,singleton,current_partial,1,0,excluded,universal_bound,0,0,0,0
13/20,image-39,singleton,union_strict,1,1,input_blocked,,,,,
13/20,image-39,singleton,union_partial,1,0,excluded,universal_bound,0,0,0,0
13/20,image-40,singleton,exact_projection,1,0,excluded,universal_bound,-1,-1,-1,-1
13/20,image-40,singleton,one_edit_per_image,1,0,unresolved,opposite_worlds,-3,1,-1,1
13/20,image-40,singleton,one_edit_global,1,0,unresolved,opposite_worlds,-3,1,-1,1
13/20,image-40,singleton,current_strict,1,0,excluded,universal_bound,-1,-1,-1,-1
13/20,image-40,singleton,current_partial,1,0,excluded,universal_bound,-1,-1,-1,-1
13/20,image-40,singleton,union_strict,1,1,input_blocked,,,,,
13/20,image-40,singleton,union_partial,1,0,excluded,universal_bound,-1,-1,-1,-1
13/20,image-41,singleton,exact_projection,1,0,excluded,universal_bound,0,0,0,0
13/20,image-41,singleton,one_edit_per_image,1,0,excluded,universal_bound,0,0,0,0
13/20,image-41,singleton,one_edit_global,1,0,excluded,universal_bound,0,0,0,0
13/20,image-41,singleton,current_strict,1,1,input_blocked,,,,,
13/20,image-41,singleton,current_partial,1,0,excluded,universal_bound,0,0,0,0
13/20,image-41,singleton,union_strict,1,1,input_blocked,,,,,
13/20,image-41,singleton,union_partial,1,0,excluded,universal_bound,0,0,0,0
13/20,image-42,singleton,exact_projection,1,0,excluded,universal_bound,0,0,0,0
13/20,image-42,singleton,one_edit_per_image,1,0,excluded,universal_bound,0,0,0,0
13/20,image-42,singleton,one_edit_global,1,0,excluded,universal_bound,0,0,0,0
13/20,image-42,singleton,current_strict,1,0,excluded,universal_bound,0,0,0,0
13/20,image-42,singleton,current_partial,1,0,excluded,universal_bound,0,0,0,0
13/20,image-42,singleton,union_strict,1,1,input_blocked,,,,,
13/20,image-42,singleton,union_partial,1,0,excluded,universal_bound,0,0,0,0
13/20,image-43,singleton,exact_projection,1,0,excluded,universal_bound,0,0,0,0
13/20,image-43,singleton,one_edit_per_image,1,0,unresolved,opposite_worlds,-2,2,-2,2
13/20,image-43,singleton,one_edit_global,1,0,unresolved,opposite_worlds,-2,2,-2,2
13/20,image-43,singleton,current_strict,1,1,input_blocked,,,,,
13/20,image-43,singleton,current_partial,1,0,excluded,universal_bound,-2,0,0,0
13/20,image-43,singleton,union_strict,1,1,input_blocked,,,,,
13/20,image-43,singleton,union_partial,1,0,excluded,universal_bound,-2,0,0,0
13/20,image-44,singleton,exact_projection,1,0,excluded,universal_bound,0,0,0,0
13/20,image-44,singleton,one_edit_per_image,1,0,excluded,universal_bound,0,0,0,0
13/20,image-44,singleton,one_edit_global,1,0,excluded,universal_bound,0,0,0,0
13/20,image-44,singleton,current_strict,1,0,excluded,universal_bound,0,0,0,0
13/20,image-44,singleton,current_partial,1,0,excluded,universal_bound,0,0,0,0
13/20,image-44,singleton,union_strict,1,0,excluded,universal_bound,0,0,0,0
13/20,image-44,singleton,union_partial,1,0,excluded,universal_bound,0,0,0,0
13/20,image-45,singleton,exact_projection,1,0,excluded,universal_bound,-1,-1,-1,-1
13/20,image-45,singleton,one_edit_per_image,1,0,unresolved,opposite_worlds,-3,3,-3,1
13/20,image-45,singleton,one_edit_global,1,0,unresolved,opposite_worlds,-3,3,-3,1
13/20,image-45,singleton,current_strict,1,1,input_blocked,,,,,
13/20,image-45,singleton,current_partial,1,0,unresolved,bound_gap,-3,1,-1,-1
13/20,image-45,singleton,union_strict,1,1,input_blocked,,,,,
13/20,image-45,singleton,union_partial,1,0,unresolved,bound_gap,-3,1,-1,-1
13/20,image-46,singleton,exact_projection,1,0,excluded,universal_bound,0,0,0,0
13/20,image-46,singleton,one_edit_per_image,1,0,excluded,universal_bound,0,0,0,0
13/20,image-46,singleton,one_edit_global,1,0,excluded,universal_bound,0,0,0,0
13/20,image-46,singleton,current_strict,1,0,excluded,universal_bound,0,0,0,0
13/20,image-46,singleton,current_partial,1,0,excluded,universal_bound,0,0,0,0
13/20,image-46,singleton,union_strict,1,1,input_blocked,,,,,
13/20,image-46,singleton,union_partial,1,0,excluded,universal_bound,0,0,0,0
13/20,image-47,singleton,exact_projection,1,0,excluded,universal_bound,0,0,0,0
13/20,image-47,singleton,one_edit_per_image,1,0,excluded,universal_bound,0,0,0,0
13/20,image-47,singleton,one_edit_global,1,0,excluded,universal_bound,0,0,0,0
13/20,image-47,singleton,current_strict,1,0,excluded,universal_bound,0,0,0,0
13/20,image-47,singleton,current_partial,1,0,excluded,universal_bound,0,0,0,0
13/20,image-47,singleton,union_strict,1,0,excluded,universal_bound,0,0,0,0
13/20,image-47,singleton,union_partial,1,0,excluded,universal_bound,0,0,0,0
13/20,image-48,singleton,exact_projection,1,0,excluded,universal_bound,-1,-1,-1,-1
13/20,image-48,singleton,one_edit_per_image,1,0,unresolved,opposite_worlds,-3,1,-1,1
13/20,image-48,singleton,one_edit_global,1,0,unresolved,opposite_worlds,-3,1,-1,1
13/20,image-48,singleton,current_strict,1,0,excluded,universal_bound,-1,-1,-1,-1
13/20,image-48,singleton,current_partial,1,0,excluded,universal_bound,-1,-1,-1,-1
13/20,image-48,singleton,union_strict,1,0,excluded,universal_bound,-1,-1,-1,-1
13/20,image-48,singleton,union_partial,1,0,excluded,universal_bound,-1,-1,-1,-1
13/20,image-49,singleton,exact_projection,1,0,excluded,universal_bound,0,0,0,0
13/20,image-49,singleton,one_edit_per_image,1,0,unresolved,bound_gap,-2,2,0,0
13/20,image-49,singleton,one_edit_global,1,0,unresolved,bound_gap,-2,2,0,0
13/20,image-49,singleton,current_strict,1,0,excluded,universal_bound,0,0,0,0
13/20,image-49,singleton,current_partial,1,0,excluded,universal_bound,0,0,0,0
13/20,image-49,singleton,union_strict,1,0,excluded,universal_bound,0,0,0,0
13/20,image-49,singleton,union_partial,1,0,excluded,universal_bound,0,0,0,0
13/20,image-50,singleton,exact_projection,1,0,excluded,universal_bound,0,0,0,0
13/20,image-50,singleton,one_edit_per_image,1,0,excluded,universal_bound,0,0,0,0
13/20,image-50,singleton,one_edit_global,1,0,excluded,universal_bound,0,0,0,0
13/20,image-50,singleton,current_strict,1,0,excluded,universal_bound,0,0,0,0
13/20,image-50,singleton,current_partial,1,0,excluded,universal_bound,0,0,0,0
13/20,image-50,singleton,union_strict,1,0,excluded,universal_bound,0,0,0,0
13/20,image-50,singleton,union_partial,1,0,excluded,universal_bound,0,0,0,0
13/20,image-51,singleton,exact_projection,1,0,excluded,universal_bound,-1,-1,-1,-1
13/20,image-51,singleton,one_edit_per_image,1,0,unresolved,opposite_worlds,-3,1,-1,1
13/20,image-51,singleton,one_edit_global,1,0,unresolved,opposite_worlds,-3,1,-1,1
13/20,image-51,singleton,current_strict,1,0,excluded,universal_bound,-1,-1,-1,-1
13/20,image-51,singleton,current_partial,1,0,excluded,universal_bound,-1,-1,-1,-1
13/20,image-51,singleton,union_strict,1,0,excluded,universal_bound,-1,-1,-1,-1
13/20,image-51,singleton,union_partial,1,0,excluded,universal_bound,-1,-1,-1,-1
13/20,image-52,singleton,exact_projection,1,0,excluded,universal_bound,-1,-1,-1,-1
13/20,image-52,singleton,one_edit_per_image,1,0,unresolved,opposite_worlds,-3,1,-1,1
13/20,image-52,singleton,one_edit_global,1,0,unresolved,opposite_worlds,-3,1,-1,1
13/20,image-52,singleton,current_strict,1,1,input_blocked,,,,,
13/20,image-52,singleton,current_partial,1,0,excluded,universal_bound,-1,-1,-1,-1
13/20,image-52,singleton,union_strict,1,1,input_blocked,,,,,
13/20,image-52,singleton,union_partial,1,0,excluded,universal_bound,-1,-1,-1,-1
13/20,image-53,singleton,exact_projection,1,0,excluded,universal_bound,0,0,0,0
13/20,image-53,singleton,one_edit_per_image,1,0,excluded,universal_bound,0,0,0,0
13/20,image-53,singleton,one_edit_global,1,0,excluded,universal_bound,0,0,0,0
13/20,image-53,singleton,current_strict,1,0,excluded,universal_bound,0,0,0,0
13/20,image-53,singleton,current_partial,1,0,excluded,universal_bound,0,0,0,0
13/20,image-53,singleton,union_strict,1,0,excluded,universal_bound,0,0,0,0
13/20,image-53,singleton,union_partial,1,0,excluded,universal_bound,0,0,0,0
13/20,image-54,singleton,exact_projection,1,0,excluded,universal_bound,0,0,0,0
13/20,image-54,singleton,one_edit_per_image,1,0,unresolved,opposite_worlds,-2,2,-2,2
13/20,image-54,singleton,one_edit_global,1,0,unresolved,opposite_worlds,-2,2,-2,2
13/20,image-54,singleton,current_strict,1,1,input_blocked,,,,,
13/20,image-54,singleton,current_partial,1,0,excluded,universal_bound,0,0,0,0
13/20,image-54,singleton,union_strict,1,1,input_blocked,,,,,
13/20,image-54,singleton,union_partial,1,0,excluded,universal_bound,0,0,0,0
13/20,image-55,singleton,exact_projection,1,0,excluded,universal_bound,0,0,0,0
13/20,image-55,singleton,one_edit_per_image,1,0,unresolved,bound_gap,-2,2,-2,0
13/20,image-55,singleton,one_edit_global,1,0,unresolved,bound_gap,-2,2,-2,0
13/20,image-55,singleton,current_strict,1,1,input_blocked,,,,,
13/20,image-55,singleton,current_partial,1,0,excluded,universal_bound,0,0,0,0
13/20,image-55,singleton,union_strict,1,1,input_blocked,,,,,
13/20,image-55,singleton,union_partial,1,0,excluded,universal_bound,0,0,0,0
13/20,image-56,singleton,exact_projection,1,0,excluded,universal_bound,0,0,0,0
13/20,image-56,singleton,one_edit_per_image,1,0,excluded,universal_bound,0,0,0,0
13/20,image-56,singleton,one_edit_global,1,0,excluded,universal_bound,0,0,0,0
13/20,image-56,singleton,current_strict,1,0,excluded,universal_bound,0,0,0,0
13/20,image-56,singleton,current_partial,1,0,excluded,universal_bound,0,0,0,0
13/20,image-56,singleton,union_strict,1,0,excluded,universal_bound,0,0,0,0
13/20,image-56,singleton,union_partial,1,0,excluded,universal_bound,0,0,0,0
13/20,image-57,singleton,exact_projection,1,0,excluded,universal_bound,-1,-1,-1,-1
13/20,image-57,singleton,one_edit_per_image,1,0,unresolved,opposite_worlds,-1,1,-1,1
13/20,image-57,singleton,one_edit_global,1,0,unresolved,opposite_worlds,-1,1,-1,1
13/20,image-57,singleton,current_strict,1,1,input_blocked,,,,,
13/20,image-57,singleton,current_partial,1,0,excluded,universal_bound,-1,-1,-1,-1
13/20,image-57,singleton,union_strict,1,1,input_blocked,,,,,
13/20,image-57,singleton,union_partial,1,0,excluded,universal_bound,-1,-1,-1,-1
13/20,image-58,singleton,exact_projection,1,0,excluded,universal_bound,0,0,0,0
13/20,image-58,singleton,one_edit_per_image,1,0,excluded,universal_bound,0,0,0,0
13/20,image-58,singleton,one_edit_global,1,0,excluded,universal_bound,0,0,0,0
13/20,image-58,singleton,current_strict,1,0,excluded,universal_bound,0,0,0,0
13/20,image-58,singleton,current_partial,1,0,excluded,universal_bound,0,0,0,0
13/20,image-58,singleton,union_strict,1,0,excluded,universal_bound,0,0,0,0
13/20,image-58,singleton,union_partial,1,0,excluded,universal_bound,0,0,0,0
13/20,image-59,singleton,exact_projection,1,0,excluded,universal_bound,0,0,0,0
13/20,image-59,singleton,one_edit_per_image,1,0,unresolved,opposite_worlds,-2,2,0,2
13/20,image-59,singleton,one_edit_global,1,0,unresolved,opposite_worlds,-2,2,0,2
13/20,image-59,singleton,current_strict,1,1,input_blocked,,,,,
13/20,image-59,singleton,current_partial,1,0,excluded,universal_bound,0,0,0,0
13/20,image-59,singleton,union_strict,1,1,input_blocked,,,,,
13/20,image-59,singleton,union_partial,1,0,excluded,universal_bound,0,0,0,0
13/20,image-60,singleton,exact_projection,1,0,supported,universal_bound,1,1,1,1
13/20,image-60,singleton,one_edit_per_image,1,0,unresolved,bound_gap,-1,3,1,1
13/20,image-60,singleton,one_edit_global,1,0,unresolved,bound_gap,-1,3,1,1
13/20,image-60,singleton,current_strict,1,0,supported,universal_bound,1,1,1,1
13/20,image-60,singleton,current_partial,1,0,supported,universal_bound,1,1,1,1
13/20,image-60,singleton,union_strict,1,1,input_blocked,,,,,
13/20,image-60,singleton,union_partial,1,0,supported,universal_bound,1,1,1,1
13/20,image-61,singleton,exact_projection,1,0,excluded,universal_bound,-1,-1,-1,-1
13/20,image-61,singleton,one_edit_per_image,1,0,unresolved,opposite_worlds,-3,3,-1,1
13/20,image-61,singleton,one_edit_global,1,0,unresolved,opposite_worlds,-3,3,-1,1
13/20,image-61,singleton,current_strict,1,1,input_blocked,,,,,
13/20,image-61,singleton,current_partial,1,0,unresolved,bound_gap,-3,1,-1,-1
13/20,image-61,singleton,union_strict,1,1,input_blocked,,,,,
13/20,image-61,singleton,union_partial,1,0,unresolved,bound_gap,-3,1,-1,-1
13/20,image-62,singleton,exact_projection,1,0,excluded,universal_bound,-1,-1,-1,-1
13/20,image-62,singleton,one_edit_per_image,1,0,unresolved,opposite_worlds,-3,1,-1,1
13/20,image-62,singleton,one_edit_global,1,0,unresolved,opposite_worlds,-3,1,-1,1
13/20,image-62,singleton,current_strict,1,1,input_blocked,,,,,
13/20,image-62,singleton,current_partial,1,0,unresolved,bound_gap,-5,5,1,1
13/20,image-62,singleton,union_strict,1,1,input_blocked,,,,,
13/20,image-62,singleton,union_partial,1,1,input_blocked,,,,,
13/20,image-63,singleton,exact_projection,1,0,excluded,universal_bound,-1,-1,-1,-1
13/20,image-63,singleton,one_edit_per_image,1,0,unresolved,opposite_worlds,-3,1,-1,1
13/20,image-63,singleton,one_edit_global,1,0,unresolved,opposite_worlds,-3,1,-1,1
13/20,image-63,singleton,current_strict,1,0,excluded,universal_bound,-1,-1,-1,-1
13/20,image-63,singleton,current_partial,1,0,excluded,universal_bound,-1,-1,-1,-1
13/20,image-63,singleton,union_strict,1,0,excluded,universal_bound,-1,-1,-1,-1
13/20,image-63,singleton,union_partial,1,0,excluded,universal_bound,-1,-1,-1,-1
13/20,block-00,block,exact_projection,8,0,excluded,universal_bound,0,0,0,0
13/20,block-00,block,one_edit_per_image,8,0,unresolved,opposite_worlds,-3/2,3/2,-1,1
13/20,block-00,block,one_edit_global,8,0,unresolved,opposite_worlds,-1/4,1/4,-1/4,1/4
13/20,block-00,block,current_strict,8,0,excluded,universal_bound,0,0,0,0
13/20,block-00,block,current_partial,8,0,excluded,universal_bound,0,0,0,0
13/20,block-00,block,union_strict,8,2,input_blocked,,,,,
13/20,block-00,block,union_partial,8,0,unresolved,opposite_worlds,-1/2,1/2,-1/2,1/2
13/20,block-01,block,exact_projection,8,0,excluded,universal_bound,0,0,0,0
13/20,block-01,block,one_edit_per_image,8,0,unresolved,opposite_worlds,-2,2,-3/4,1
13/20,block-01,block,one_edit_global,8,0,unresolved,opposite_worlds,-1/4,1/4,-1/4,1/4
13/20,block-01,block,current_strict,8,4,input_blocked,,,,,
13/20,block-01,block,current_partial,8,0,unresolved,bound_gap,-1/2,1/4,0,0
13/20,block-01,block,union_strict,8,5,input_blocked,,,,,
13/20,block-01,block,union_partial,8,0,unresolved,bound_gap,-1/2,1/4,0,0
13/20,block-02,block,exact_projection,8,0,excluded,universal_bound,0,0,0,0
13/20,block-02,block,one_edit_per_image,8,0,unresolved,opposite_worlds,-3/4,3/4,-1/2,3/4
13/20,block-02,block,one_edit_global,8,0,unresolved,opposite_worlds,-1/4,1/4,-1/4,1/4
13/20,block-02,block,current_strict,8,2,input_blocked,,,,,
13/20,block-02,block,current_partial,8,0,excluded,universal_bound,0,0,0,0
13/20,block-02,block,union_strict,8,4,input_blocked,,,,,
13/20,block-02,block,union_partial,8,0,excluded,universal_bound,0,0,0,0
13/20,block-03,block,exact_projection,8,0,excluded,universal_bound,-5/8,-5/8,-5/8,-5/8
13/20,block-03,block,one_edit_per_image,8,0,unresolved,opposite_worlds,-21/8,13/8,-9/8,5/8
13/20,block-03,block,one_edit_global,8,0,excluded,universal_bound,-9/8,-1/8,-7/8,-3/8
13/20,block-03,block,current_strict,8,5,input_blocked,,,,,
13/20,block-03,block,current_partial,8,0,excluded,universal_bound,-9/8,-1/8,-5/8,-3/8
13/20,block-03,block,union_strict,8,6,input_blocked,,,,,
13/20,block-03,block,union_partial,8,0,excluded,universal_bound,-9/8,-1/8,-5/8,-3/8
13/20,block-04,block,exact_projection,8,0,excluded,universal_bound,-1/8,-1/8,-1/8,-1/8
13/20,block-04,block,one_edit_per_image,8,0,unresolved,opposite_worlds,-13/8,9/8,-3/8,1/8
13/20,block-04,block,one_edit_global,8,0,unresolved,opposite_worlds,-3/8,1/8,-3/8,1/8
13/20,block-04,block,current_strict,8,4,input_blocked,,,,,
13/20,block-04,block,current_partial,8,0,excluded,universal_bound,-3/8,-1/8,-3/8,-1/8
13/20,block-04,block,union_strict,8,5,input_blocked,,,,,
13/20,block-04,block,union_partial,8,0,excluded,universal_bound,-3/8,-1/8,-3/8,-1/8
13/20,block-05,block,exact_projection,8,0,excluded,universal_bound,-1/4,-1/4,-1/4,-1/4
13/20,block-05,block,one_edit_per_image,8,0,unresolved,opposite_worlds,-1,3/4,-3/4,1/2
13/20,block-05,block,one_edit_global,8,0,unresolved,bound_gap,-1/2,1/4,-1/2,0
13/20,block-05,block,current_strict,8,3,input_blocked,,,,,
13/20,block-05,block,current_partial,8,0,excluded,universal_bound,-3/4,0,-1/4,-1/4
13/20,block-05,block,union_strict,8,6,input_blocked,,,,,
13/20,block-05,block,union_partial,8,0,excluded,universal_bound,-3/4,0,-1/4,-1/4
13/20,block-06,block,exact_projection,8,0,excluded,universal_bound,-3/8,-3/8,-3/8,-3/8
13/20,block-06,block,one_edit_per_image,8,0,unresolved,opposite_worlds,-15/8,9/8,-7/8,5/8
13/20,block-06,block,one_edit_global,8,0,excluded,universal_bound,-5/8,-1/8,-5/8,-1/8
13/20,block-06,block,current_strict,8,3,input_blocked,,,,,
13/20,block-06,block,current_partial,8,0,excluded,universal_bound,-3/8,-3/8,-3/8,-3/8
13/20,block-06,block,union_strict,8,3,input_blocked,,,,,
13/20,block-06,block,union_partial,8,0,excluded,universal_bound,-3/8,-3/8,-3/8,-3/8
13/20,block-07,block,exact_projection,8,0,excluded,universal_bound,-3/8,-3/8,-3/8,-3/8
13/20,block-07,block,one_edit_per_image,8,0,unresolved,opposite_worlds,-13/8,11/8,-3/8,7/8
13/20,block-07,block,one_edit_global,8,0,unresolved,bound_gap,-5/8,1/8,-3/8,-1/8
13/20,block-07,block,current_strict,8,4,input_blocked,,,,,
13/20,block-07,block,current_partial,8,0,unresolved,bound_gap,-9/8,5/8,-1/8,-1/8
13/20,block-07,block,union_strict,8,5,input_blocked,,,,,
13/20,block-07,block,union_partial,8,1,input_blocked,,,,,
13/20,all-64,primary,exact_projection,64,0,excluded,universal_bound,-7/32,-7/32,-7/32,-7/32
13/20,all-64,primary,one_edit_per_image,64,0,unresolved,opposite_worlds,-13/8,41/32,-23/32,11/16
13/20,all-64,primary,one_edit_global,64,0,excluded,universal_bound,-9/32,-5/32,-1/4,-3/16
13/20,all-64,primary,current_strict,64,25,input_blocked,,,,,
13/20,all-64,primary,current_partial,64,0,unresolved,bound_gap,-17/32,1/32,-7/32,-5/32
13/20,all-64,primary,union_strict,64,36,input_blocked,,,,,
13/20,all-64,primary,union_partial,64,1,input_blocked,,,,,
4/5,image-00,singleton,exact_projection,1,0,excluded,universal_bound,0,0,0,0
4/5,image-00,singleton,one_edit_per_image,1,0,excluded,universal_bound,0,0,0,0
4/5,image-00,singleton,one_edit_global,1,0,excluded,universal_bound,0,0,0,0
4/5,image-00,singleton,current_strict,1,0,excluded,universal_bound,0,0,0,0
4/5,image-00,singleton,current_partial,1,0,excluded,universal_bound,0,0,0,0
4/5,image-00,singleton,union_strict,1,0,excluded,universal_bound,0,0,0,0
4/5,image-00,singleton,union_partial,1,0,excluded,universal_bound,0,0,0,0
4/5,image-01,singleton,exact_projection,1,0,excluded,universal_bound,0,0,0,0
4/5,image-01,singleton,one_edit_per_image,1,0,unresolved,bound_gap,-2,2,0,0
4/5,image-01,singleton,one_edit_global,1,0,unresolved,bound_gap,-2,2,0,0
4/5,image-01,singleton,current_strict,1,0,excluded,universal_bound,0,0,0,0
4/5,image-01,singleton,current_partial,1,0,excluded,universal_bound,0,0,0,0
4/5,image-01,singleton,union_strict,1,0,excluded,universal_bound,0,0,0,0
4/5,image-01,singleton,union_partial,1,0,excluded,universal_bound,0,0,0,0
4/5,image-02,singleton,exact_projection,1,0,excluded,universal_bound,0,0,0,0
4/5,image-02,singleton,one_edit_per_image,1,0,excluded,universal_bound,0,0,0,0
4/5,image-02,singleton,one_edit_global,1,0,excluded,universal_bound,0,0,0,0
4/5,image-02,singleton,current_strict,1,0,excluded,universal_bound,0,0,0,0
4/5,image-02,singleton,current_partial,1,0,excluded,universal_bound,0,0,0,0
4/5,image-02,singleton,union_strict,1,0,excluded,universal_bound,0,0,0,0
4/5,image-02,singleton,union_partial,1,0,excluded,universal_bound,0,0,0,0
4/5,image-03,singleton,exact_projection,1,0,excluded,universal_bound,0,0,0,0
4/5,image-03,singleton,one_edit_per_image,1,0,excluded,universal_bound,0,0,0,0
4/5,image-03,singleton,one_edit_global,1,0,excluded,universal_bound,0,0,0,0
4/5,image-03,singleton,current_strict,1,0,excluded,universal_bound,0,0,0,0
4/5,image-03,singleton,current_partial,1,0,excluded,universal_bound,0,0,0,0
4/5,image-03,singleton,union_strict,1,0,excluded,universal_bound,0,0,0,0
4/5,image-03,singleton,union_partial,1,0,excluded,universal_bound,0,0,0,0
4/5,image-04,singleton,exact_projection,1,0,excluded,universal_bound,0,0,0,0
4/5,image-04,singleton,one_edit_per_image,1,0,unresolved,bound_gap,-2,2,0,0
4/5,image-04,singleton,one_edit_global,1,0,unresolved,bound_gap,-2,2,0,0
4/5,image-04,singleton,current_strict,1,0,excluded,universal_bound,0,0,0,0
4/5,image-04,singleton,current_partial,1,0,excluded,universal_bound,0,0,0,0
4/5,image-04,singleton,union_strict,1,1,input_blocked,,,,,
4/5,image-04,singleton,union_partial,1,0,excluded,universal_bound,0,0,0,0
4/5,image-05,singleton,exact_projection,1,0,excluded,universal_bound,0,0,0,0
4/5,image-05,singleton,one_edit_per_image,1,0,unresolved,opposite_worlds,-2,2,-2,2
4/5,image-05,singleton,one_edit_global,1,0,unresolved,opposite_worlds,-2,2,-2,2
4/5,image-05,singleton,current_strict,1,0,excluded,universal_bound,0,0,0,0
4/5,image-05,singleton,current_partial,1,0,excluded,universal_bound,0,0,0,0
4/5,image-05,singleton,union_strict,1,1,input_blocked,,,,,
4/5,image-05,singleton,union_partial,1,0,unresolved,opposite_worlds,-2,2,-2,2
4/5,image-06,singleton,exact_projection,1,0,excluded,universal_bound,-1,-1,-1,-1
4/5,image-06,singleton,one_edit_per_image,1,0,unresolved,opposite_worlds,-1,1,-1,1
4/5,image-06,singleton,one_edit_global,1,0,unresolved,opposite_worlds,-1,1,-1,1
4/5,image-06,singleton,current_strict,1,0,excluded,universal_bound,-1,-1,-1,-1
4/5,image-06,singleton,current_partial,1,0,excluded,universal_bound,-1,-1,-1,-1
4/5,image-06,singleton,union_strict,1,0,excluded,universal_bound,-1,-1,-1,-1
4/5,image-06,singleton,union_partial,1,0,excluded,universal_bound,-1,-1,-1,-1
4/5,image-07,singleton,exact_projection,1,0,excluded,universal_bound,0,0,0,0
4/5,image-07,singleton,one_edit_per_image,1,0,excluded,universal_bound,0,0,0,0
4/5,image-07,singleton,one_edit_global,1,0,excluded,universal_bound,0,0,0,0
4/5,image-07,singleton,current_strict,1,0,excluded,universal_bound,0,0,0,0
4/5,image-07,singleton,current_partial,1,0,excluded,universal_bound,0,0,0,0
4/5,image-07,singleton,union_strict,1,0,excluded,universal_bound,0,0,0,0
4/5,image-07,singleton,union_partial,1,0,excluded,universal_bound,0,0,0,0
4/5,image-08,singleton,exact_projection,1,0,excluded,universal_bound,0,0,0,0
4/5,image-08,singleton,one_edit_per_image,1,0,unresolved,bound_gap,-2,2,0,0
4/5,image-08,singleton,one_edit_global,1,0,unresolved,bound_gap,-2,2,0,0
4/5,image-08,singleton,current_strict,1,0,excluded,universal_bound,0,0,0,0
4/5,image-08,singleton,current_partial,1,0,excluded,universal_bound,0,0,0,0
4/5,image-08,singleton,union_strict,1,1,input_blocked,,,,,
4/5,image-08,singleton,union_partial,1,0,excluded,universal_bound,0,0,0,0
4/5,image-09,singleton,exact_projection,1,0,excluded,universal_bound,0,0,0,0
4/5,image-09,singleton,one_edit_per_image,1,0,excluded,universal_bound,0,0,0,0
4/5,image-09,singleton,one_edit_global,1,0,excluded,universal_bound,0,0,0,0
4/5,image-09,singleton,current_strict,1,1,input_blocked,,,,,
4/5,image-09,singleton,current_partial,1,0,excluded,universal_bound,0,0,0,0
4/5,image-09,singleton,union_strict,1,1,input_blocked,,,,,
4/5,image-09,singleton,union_partial,1,0,excluded,universal_bound,0,0,0,0
4/5,image-10,singleton,exact_projection,1,0,excluded,universal_bound,0,0,0,0
4/5,image-10,singleton,one_edit_per_image,1,0,excluded,universal_bound,0,0,0,0
4/5,image-10,singleton,one_edit_global,1,0,excluded,universal_bound,0,0,0,0
4/5,image-10,singleton,current_strict,1,0,excluded,universal_bound,0,0,0,0
4/5,image-10,singleton,current_partial,1,0,excluded,universal_bound,0,0,0,0
4/5,image-10,singleton,union_strict,1,0,excluded,universal_bound,0,0,0,0
4/5,image-10,singleton,union_partial,1,0,excluded,universal_bound,0,0,0,0
4/5,image-11,singleton,exact_projection,1,0,excluded,universal_bound,0,0,0,0
4/5,image-11,singleton,one_edit_per_image,1,0,unresolved,opposite_worlds,-2,2,-2,2
4/5,image-11,singleton,one_edit_global,1,0,unresolved,opposite_worlds,-2,2,-2,2
4/5,image-11,singleton,current_strict,1,1,input_blocked,,,,,
4/5,image-11,singleton,current_partial,1,0,excluded,universal_bound,0,0,0,0
4/5,image-11,singleton,union_strict,1,1,input_blocked,,,,,
4/5,image-11,singleton,union_partial,1,0,excluded,universal_bound,0,0,0,0
4/5,image-12,singleton,exact_projection,1,0,excluded,universal_bound,0,0,0,0
4/5,image-12,singleton,one_edit_per_image,1,0,unresolved,bound_gap,-2,2,0,0
4/5,image-12,singleton,one_edit_global,1,0,unresolved,bound_gap,-2,2,0,0
4/5,image-12,singleton,current_strict,1,0,excluded,universal_bound,0,0,0,0
4/5,image-12,singleton,current_partial,1,0,excluded,universal_bound,0,0,0,0
4/5,image-12,singleton,union_strict,1,0,excluded,universal_bound,0,0,0,0
4/5,image-12,singleton,union_partial,1,0,excluded,universal_bound,0,0,0,0
4/5,image-13,singleton,exact_projection,1,0,excluded,universal_bound,-1,-1,-1,-1
4/5,image-13,singleton,one_edit_per_image,1,0,unresolved,opposite_worlds,-3,1,-1,1
4/5,image-13,singleton,one_edit_global,1,0,unresolved,opposite_worlds,-3,1,-1,1
4/5,image-13,singleton,current_strict,1,1,input_blocked,,,,,
4/5,image-13,singleton,current_partial,1,0,excluded,universal_bound,-1,-1,-1,-1
4/5,image-13,singleton,union_strict,1,1,input_blocked,,,,,
4/5,image-13,singleton,union_partial,1,0,excluded,universal_bound,-1,-1,-1,-1
4/5,image-14,singleton,exact_projection,1,0,supported,universal_bound,1,1,1,1
4/5,image-14,singleton,one_edit_per_image,1,0,unresolved,opposite_worlds,-1,1,-1,1
4/5,image-14,singleton,one_edit_global,1,0,unresolved,opposite_worlds,-1,1,-1,1
4/5,image-14,singleton,current_strict,1,1,input_blocked,,,,,
4/5,image-14,singleton,current_partial,1,0,supported,universal_bound,1,1,1,1
4/5,image-14,singleton,union_strict,1,1,input_blocked,,,,,
4/5,image-14,singleton,union_partial,1,0,supported,universal_bound,1,1,1,1
4/5,image-15,singleton,exact_projection,1,0,excluded,universal_bound,-1,-1,-1,-1
4/5,image-15,singleton,one_edit_per_image,1,0,unresolved,opposite_worlds,-3,1,-1,1
4/5,image-15,singleton,one_edit_global,1,0,unresolved,opposite_worlds,-3,1,-1,1
4/5,image-15,singleton,current_strict,1,0,excluded,universal_bound,-1,-1,-1,-1
4/5,image-15,singleton,current_partial,1,0,excluded,universal_bound,-1,-1,-1,-1
4/5,image-15,singleton,union_strict,1,0,excluded,universal_bound,-1,-1,-1,-1
4/5,image-15,singleton,union_partial,1,0,excluded,universal_bound,-1,-1,-1,-1
4/5,image-16,singleton,exact_projection,1,0,excluded,universal_bound,0,0,0,0
4/5,image-16,singleton,one_edit_per_image,1,0,excluded,universal_bound,0,0,0,0
4/5,image-16,singleton,one_edit_global,1,0,excluded,universal_bound,0,0,0,0
4/5,image-16,singleton,current_strict,1,0,excluded,universal_bound,0,0,0,0
4/5,image-16,singleton,current_partial,1,0,excluded,universal_bound,0,0,0,0
4/5,image-16,singleton,union_strict,1,0,excluded,universal_bound,0,0,0,0
4/5,image-16,singleton,union_partial,1,0,excluded,universal_bound,0,0,0,0
4/5,image-17,singleton,exact_projection,1,0,excluded,universal_bound,0,0,0,0
4/5,image-17,singleton,one_edit_per_image,1,0,unresolved,opposite_worlds,-2,2,-2,2
4/5,image-17,singleton,one_edit_global,1,0,unresolved,opposite_worlds,-2,2,-2,2
4/5,image-17,singleton,current_strict,1,0,excluded,universal_bound,0,0,0,0
4/5,image-17,singleton,current_partial,1,0,excluded,universal_bound,0,0,0,0
4/5,image-17,singleton,union_strict,1,0,excluded,universal_bound,0,0,0,0
4/5,image-17,singleton,union_partial,1,0,excluded,universal_bound,0,0,0,0
4/5,image-18,singleton,exact_projection,1,0,excluded,universal_bound,0,0,0,0
4/5,image-18,singleton,one_edit_per_image,1,0,excluded,universal_bound,0,0,0,0
4/5,image-18,singleton,one_edit_global,1,0,excluded,universal_bound,0,0,0,0
4/5,image-18,singleton,current_strict,1,1,input_blocked,,,,,
4/5,image-18,singleton,current_partial,1,0,excluded,universal_bound,0,0,0,0
4/5,image-18,singleton,union_strict,1,1,input_blocked,,,,,
4/5,image-18,singleton,union_partial,1,0,excluded,universal_bound,0,0,0,0
4/5,image-19,singleton,exact_projection,1,0,excluded,universal_bound,-1,-1,-1,-1
4/5,image-19,singleton,one_edit_per_image,1,0,unresolved,opposite_worlds,-1,1,-1,1
4/5,image-19,singleton,one_edit_global,1,0,unresolved,opposite_worlds,-1,1,-1,1
4/5,image-19,singleton,current_strict,1,0,excluded,universal_bound,-1,-1,-1,-1
4/5,image-19,singleton,current_partial,1,0,excluded,universal_bound,-1,-1,-1,-1
4/5,image-19,singleton,union_strict,1,0,excluded,universal_bound,-1,-1,-1,-1
4/5,image-19,singleton,union_partial,1,0,excluded,universal_bound,-1,-1,-1,-1
4/5,image-20,singleton,exact_projection,1,0,excluded,universal_bound,0,0,0,0
4/5,image-20,singleton,one_edit_per_image,1,0,excluded,universal_bound,0,0,0,0
4/5,image-20,singleton,one_edit_global,1,0,excluded,universal_bound,0,0,0,0
4/5,image-20,singleton,current_strict,1,0,excluded,universal_bound,0,0,0,0
4/5,image-20,singleton,current_partial,1,0,excluded,universal_bound,0,0,0,0
4/5,image-20,singleton,union_strict,1,0,excluded,universal_bound,0,0,0,0
4/5,image-20,singleton,union_partial,1,0,excluded,universal_bound,0,0,0,0
4/5,image-21,singleton,exact_projection,1,0,excluded,universal_bound,-1,-1,-1,-1
4/5,image-21,singleton,one_edit_per_image,1,0,unresolved,opposite_worlds,-1,1,-1,1
4/5,image-21,singleton,one_edit_global,1,0,unresolved,opposite_worlds,-1,1,-1,1
4/5,image-21,singleton,current_strict,1,0,excluded,universal_bound,-1,-1,-1,-1
4/5,image-21,singleton,current_partial,1,0,excluded,universal_bound,-1,-1,-1,-1
4/5,image-21,singleton,union_strict,1,1,input_blocked,,,,,
4/5,image-21,singleton,union_partial,1,0,excluded,universal_bound,-1,-1,-1,-1
4/5,image-22,singleton,exact_projection,1,0,excluded,universal_bound,0,0,0,0
4/5,image-22,singleton,one_edit_per_image,1,0,excluded,universal_bound,0,0,0,0
4/5,image-22,singleton,one_edit_global,1,0,excluded,universal_bound,0,0,0,0
4/5,image-22,singleton,current_strict,1,1,input_blocked,,,,,
4/5,image-22,singleton,current_partial,1,0,excluded,universal_bound,0,0,0,0
4/5,image-22,singleton,union_strict,1,1,input_blocked,,,,,
4/5,image-22,singleton,union_partial,1,0,excluded,universal_bound,0,0,0,0
4/5,image-23,singleton,exact_projection,1,0,excluded,universal_bound,0,0,0,0
4/5,image-23,singleton,one_edit_per_image,1,0,excluded,universal_bound,0,0,0,0
4/5,image-23,singleton,one_edit_global,1,0,excluded,universal_bound,0,0,0,0
4/5,image-23,singleton,current_strict,1,0,excluded,universal_bound,0,0,0,0
4/5,image-23,singleton,current_partial,1,0,excluded,universal_bound,0,0,0,0
4/5,image-23,singleton,union_strict,1,1,input_blocked,,,,,
4/5,image-23,singleton,union_partial,1,0,excluded,universal_bound,0,0,0,0
4/5,image-24,singleton,exact_projection,1,0,excluded,universal_bound,0,0,0,0
4/5,image-24,singleton,one_edit_per_image,1,0,excluded,universal_bound,0,0,0,0
4/5,image-24,singleton,one_edit_global,1,0,excluded,universal_bound,0,0,0,0
4/5,image-24,singleton,current_strict,1,0,excluded,universal_bound,0,0,0,0
4/5,image-24,singleton,current_partial,1,0,excluded,universal_bound,0,0,0,0
4/5,image-24,singleton,union_strict,1,0,excluded,universal_bound,0,0,0,0
4/5,image-24,singleton,union_partial,1,0,excluded,universal_bound,0,0,0,0
4/5,image-25,singleton,exact_projection,1,0,excluded,universal_bound,0,0,0,0
4/5,image-25,singleton,one_edit_per_image,1,0,excluded,universal_bound,0,0,0,0
4/5,image-25,singleton,one_edit_global,1,0,excluded,universal_bound,0,0,0,0
4/5,image-25,singleton,current_strict,1,0,excluded,universal_bound,0,0,0,0
4/5,image-25,singleton,current_partial,1,0,excluded,universal_bound,0,0,0,0
4/5,image-25,singleton,union_strict,1,1,input_blocked,,,,,
4/5,image-25,singleton,union_partial,1,0,excluded,universal_bound,0,0,0,0
4/5,image-26,singleton,exact_projection,1,0,excluded,universal_bound,0,0,0,0
4/5,image-26,singleton,one_edit_per_image,1,0,unresolved,bound_gap,-2,2,0,0
4/5,image-26,singleton,one_edit_global,1,0,unresolved,bound_gap,-2,2,0,0
4/5,image-26,singleton,current_strict,1,0,excluded,universal_bound,0,0,0,0
4/5,image-26,singleton,current_partial,1,0,excluded,universal_bound,0,0,0,0
4/5,image-26,singleton,union_strict,1,0,excluded,universal_bound,0,0,0,0
4/5,image-26,singleton,union_partial,1,0,excluded,universal_bound,0,0,0,0
4/5,image-27,singleton,exact_projection,1,0,excluded,universal_bound,-1,-1,-1,-1
4/5,image-27,singleton,one_edit_per_image,1,0,unresolved,opposite_worlds,-1,1,-1,1
4/5,image-27,singleton,one_edit_global,1,0,unresolved,opposite_worlds,-1,1,-1,1
4/5,image-27,singleton,current_strict,1,1,input_blocked,,,,,
4/5,image-27,singleton,current_partial,1,0,excluded,universal_bound,-1,-1,-1,-1
4/5,image-27,singleton,union_strict,1,1,input_blocked,,,,,
4/5,image-27,singleton,union_partial,1,0,excluded,universal_bound,-1,-1,-1,-1
4/5,image-28,singleton,exact_projection,1,0,excluded,universal_bound,0,0,0,0
4/5,image-28,singleton,one_edit_per_image,1,0,excluded,universal_bound,0,0,0,0
4/5,image-28,singleton,one_edit_global,1,0,excluded,universal_bound,0,0,0,0
4/5,image-28,singleton,current_strict,1,1,input_blocked,,,,,
4/5,image-28,singleton,current_partial,1,0,excluded,universal_bound,0,0,0,0
4/5,image-28,singleton,union_strict,1,1,input_blocked,,,,,
4/5,image-28,singleton,union_partial,1,0,excluded,universal_bound,0,0,0,0
4/5,image-29,singleton,exact_projection,1,0,excluded,universal_bound,0,0,0,0
4/5,image-29,singleton,one_edit_per_image,1,0,excluded,universal_bound,0,0,0,0
4/5,image-29,singleton,one_edit_global,1,0,excluded,universal_bound,0,0,0,0
4/5,image-29,singleton,current_strict,1,1,input_blocked,,,,,
4/5,image-29,singleton,current_partial,1,0,excluded,universal_bound,0,0,0,0
4/5,image-29,singleton,union_strict,1,1,input_blocked,,,,,
4/5,image-29,singleton,union_partial,1,0,excluded,universal_bound,0,0,0,0
4/5,image-30,singleton,exact_projection,1,0,excluded,universal_bound,-1,-1,-1,-1
4/5,image-30,singleton,one_edit_per_image,1,0,unresolved,opposite_worlds,-3,1,-1,1
4/5,image-30,singleton,one_edit_global,1,0,unresolved,opposite_worlds,-3,1,-1,1
4/5,image-30,singleton,current_strict,1,1,input_blocked,,,,,
4/5,image-30,singleton,current_partial,1,0,excluded,universal_bound,-1,-1,-1,-1
4/5,image-30,singleton,union_strict,1,1,input_blocked,,,,,
4/5,image-30,singleton,union_partial,1,0,excluded,universal_bound,-1,-1,-1,-1
4/5,image-31,singleton,exact_projection,1,0,excluded,universal_bound,0,0,0,0
4/5,image-31,singleton,one_edit_per_image,1,0,unresolved,bound_gap,-2,2,0,0
4/5,image-31,singleton,one_edit_global,1,0,unresolved,bound_gap,-2,2,0,0
4/5,image-31,singleton,current_strict,1,1,input_blocked,,,,,
4/5,image-31,singleton,current_partial,1,0,unresolved,bound_gap,-2,2,0,0
4/5,image-31,singleton,union_strict,1,1,input_blocked,,,,,
4/5,image-31,singleton,union_partial,1,0,unresolved,bound_gap,-2,2,0,0
4/5,image-32,singleton,exact_projection,1,0,excluded,universal_bound,0,0,0,0
4/5,image-32,singleton,one_edit_per_image,1,0,excluded,universal_bound,0,0,0,0
4/5,image-32,singleton,one_edit_global,1,0,excluded,universal_bound,0,0,0,0
4/5,image-32,singleton,current_strict,1,0,excluded,universal_bound,0,0,0,0
4/5,image-32,singleton,current_partial,1,0,excluded,universal_bound,0,0,0,0
4/5,image-32,singleton,union_strict,1,0,excluded,universal_bound,0,0,0,0
4/5,image-32,singleton,union_partial,1,0,excluded,universal_bound,0,0,0,0
4/5,image-33,singleton,exact_projection,1,0,supported,universal_bound,1,1,1,1
4/5,image-33,singleton,one_edit_per_image,1,0,unresolved,opposite_worlds,-1,1,-1,1
4/5,image-33,singleton,one_edit_global,1,0,unresolved,opposite_worlds,-1,1,-1,1
4/5,image-33,singleton,current_strict,1,1,input_blocked,,,,,
4/5,image-33,singleton,current_partial,1,0,supported,universal_bound,1,1,1,1
4/5,image-33,singleton,union_strict,1,1,input_blocked,,,,,
4/5,image-33,singleton,union_partial,1,0,supported,universal_bound,1,1,1,1
4/5,image-34,singleton,exact_projection,1,0,excluded,universal_bound,0,0,0,0
4/5,image-34,singleton,one_edit_per_image,1,0,excluded,universal_bound,0,0,0,0
4/5,image-34,singleton,one_edit_global,1,0,excluded,universal_bound,0,0,0,0
4/5,image-34,singleton,current_strict,1,0,excluded,universal_bound,0,0,0,0
4/5,image-34,singleton,current_partial,1,0,excluded,universal_bound,0,0,0,0
4/5,image-34,singleton,union_strict,1,1,input_blocked,,,,,
4/5,image-34,singleton,union_partial,1,0,excluded,universal_bound,0,0,0,0
4/5,image-35,singleton,exact_projection,1,0,excluded,universal_bound,0,0,0,0
4/5,image-35,singleton,one_edit_per_image,1,0,unresolved,bound_gap,-2,2,0,0
4/5,image-35,singleton,one_edit_global,1,0,unresolved,bound_gap,-2,2,0,0
4/5,image-35,singleton,current_strict,1,0,excluded,universal_bound,0,0,0,0
4/5,image-35,singleton,current_partial,1,0,excluded,universal_bound,0,0,0,0
4/5,image-35,singleton,union_strict,1,0,excluded,universal_bound,0,0,0,0
4/5,image-35,singleton,union_partial,1,0,excluded,universal_bound,0,0,0,0
4/5,image-36,singleton,exact_projection,1,0,excluded,universal_bound,0,0,0,0
4/5,image-36,singleton,one_edit_per_image,1,0,excluded,universal_bound,0,0,0,0
4/5,image-36,singleton,one_edit_global,1,0,excluded,universal_bound,0,0,0,0
4/5,image-36,singleton,current_strict,1,0,excluded,universal_bound,0,0,0,0
4/5,image-36,singleton,current_partial,1,0,excluded,universal_bound,0,0,0,0
4/5,image-36,singleton,union_strict,1,0,excluded,universal_bound,0,0,0,0
4/5,image-36,singleton,union_partial,1,0,excluded,universal_bound,0,0,0,0
4/5,image-37,singleton,exact_projection,1,0,excluded,universal_bound,0,0,0,0
4/5,image-37,singleton,one_edit_per_image,1,0,excluded,universal_bound,0,0,0,0
4/5,image-37,singleton,one_edit_global,1,0,excluded,universal_bound,0,0,0,0
4/5,image-37,singleton,current_strict,1,1,input_blocked,,,,,
4/5,image-37,singleton,current_partial,1,0,excluded,universal_bound,0,0,0,0
4/5,image-37,singleton,union_strict,1,1,input_blocked,,,,,
4/5,image-37,singleton,union_partial,1,0,excluded,universal_bound,0,0,0,0
4/5,image-38,singleton,exact_projection,1,0,excluded,universal_bound,0,0,0,0
4/5,image-38,singleton,one_edit_per_image,1,0,unresolved,bound_gap,-2,2,0,0
4/5,image-38,singleton,one_edit_global,1,0,unresolved,bound_gap,-2,2,0,0
4/5,image-38,singleton,current_strict,1,1,input_blocked,,,,,
4/5,image-38,singleton,current_partial,1,0,excluded,universal_bound,0,0,0,0
4/5,image-38,singleton,union_strict,1,1,input_blocked,,,,,
4/5,image-38,singleton,union_partial,1,0,excluded,universal_bound,0,0,0,0
4/5,image-39,singleton,exact_projection,1,0,excluded,universal_bound,0,0,0,0
4/5,image-39,singleton,one_edit_per_image,1,0,unresolved,bound_gap,-2,2,0,0
4/5,image-39,singleton,one_edit_global,1,0,unresolved,bound_gap,-2,2,0,0
4/5,image-39,singleton,current_strict,1,1,input_blocked,,,,,
4/5,image-39,singleton,current_partial,1,0,excluded,universal_bound,0,0,0,0
4/5,image-39,singleton,union_strict,1,1,input_blocked,,,,,
4/5,image-39,singleton,union_partial,1,0,excluded,universal_bound,0,0,0,0
4/5,image-40,singleton,exact_projection,1,0,excluded,universal_bound,0,0,0,0
4/5,image-40,singleton,one_edit_per_image,1,0,unresolved,bound_gap,-2,2,0,0
4/5,image-40,singleton,one_edit_global,1,0,unresolved,bound_gap,-2,2,0,0
4/5,image-40,singleton,current_strict,1,0,excluded,universal_bound,0,0,0,0
4/5,image-40,singleton,current_partial,1,0,excluded,universal_bound,0,0,0,0
4/5,image-40,singleton,union_strict,1,1,input_blocked,,,,,
4/5,image-40,singleton,union_partial,1,0,excluded,universal_bound,0,0,0,0
4/5,image-41,singleton,exact_projection,1,0,excluded,universal_bound,0,0,0,0
4/5,image-41,singleton,one_edit_per_image,1,0,excluded,universal_bound,0,0,0,0
4/5,image-41,singleton,one_edit_global,1,0,excluded,universal_bound,0,0,0,0
4/5,image-41,singleton,current_strict,1,1,input_blocked,,,,,
4/5,image-41,singleton,current_partial,1,0,excluded,universal_bound,0,0,0,0
4/5,image-41,singleton,union_strict,1,1,input_blocked,,,,,
4/5,image-41,singleton,union_partial,1,0,excluded,universal_bound,0,0,0,0
4/5,image-42,singleton,exact_projection,1,0,excluded,universal_bound,0,0,0,0
4/5,image-42,singleton,one_edit_per_image,1,0,excluded,universal_bound,0,0,0,0
4/5,image-42,singleton,one_edit_global,1,0,excluded,universal_bound,0,0,0,0
4/5,image-42,singleton,current_strict,1,0,excluded,universal_bound,0,0,0,0
4/5,image-42,singleton,current_partial,1,0,excluded,universal_bound,0,0,0,0
4/5,image-42,singleton,union_strict,1,1,input_blocked,,,,,
4/5,image-42,singleton,union_partial,1,0,excluded,universal_bound,0,0,0,0
4/5,image-43,singleton,exact_projection,1,0,excluded,universal_bound,0,0,0,0
4/5,image-43,singleton,one_edit_per_image,1,0,excluded,universal_bound,0,0,0,0
4/5,image-43,singleton,one_edit_global,1,0,excluded,universal_bound,0,0,0,0
4/5,image-43,singleton,current_strict,1,1,input_blocked,,,,,
4/5,image-43,singleton,current_partial,1,0,excluded,universal_bound,0,0,0,0
4/5,image-43,singleton,union_strict,1,1,input_blocked,,,,,
4/5,image-43,singleton,union_partial,1,0,excluded,universal_bound,0,0,0,0
4/5,image-44,singleton,exact_projection,1,0,excluded,universal_bound,0,0,0,0
4/5,image-44,singleton,one_edit_per_image,1,0,excluded,universal_bound,0,0,0,0
4/5,image-44,singleton,one_edit_global,1,0,excluded,universal_bound,0,0,0,0
4/5,image-44,singleton,current_strict,1,0,excluded,universal_bound,0,0,0,0
4/5,image-44,singleton,current_partial,1,0,excluded,universal_bound,0,0,0,0
4/5,image-44,singleton,union_strict,1,0,excluded,universal_bound,0,0,0,0
4/5,image-44,singleton,union_partial,1,0,excluded,universal_bound,0,0,0,0
4/5,image-45,singleton,exact_projection,1,0,supported,universal_bound,1,1,1,1
4/5,image-45,singleton,one_edit_per_image,1,0,unresolved,opposite_worlds,-1,1,-1,1
4/5,image-45,singleton,one_edit_global,1,0,unresolved,opposite_worlds,-1,1,-1,1
4/5,image-45,singleton,current_strict,1,1,input_blocked,,,,,
4/5,image-45,singleton,current_partial,1,0,unresolved,bound_gap,-1,1,-1,-1
4/5,image-45,singleton,union_strict,1,1,input_blocked,,,,,
4/5,image-45,singleton,union_partial,1,0,unresolved,bound_gap,-1,1,-1,-1
4/5,image-46,singleton,exact_projection,1,0,excluded,universal_bound,0,0,0,0
4/5,image-46,singleton,one_edit_per_image,1,0,excluded,universal_bound,0,0,0,0
4/5,image-46,singleton,one_edit_global,1,0,excluded,universal_bound,0,0,0,0
4/5,image-46,singleton,current_strict,1,0,excluded,universal_bound,0,0,0,0
4/5,image-46,singleton,current_partial,1,0,excluded,universal_bound,0,0,0,0
4/5,image-46,singleton,union_strict,1,1,input_blocked,,,,,
4/5,image-46,singleton,union_partial,1,0,excluded,universal_bound,0,0,0,0
4/5,image-47,singleton,exact_projection,1,0,excluded,universal_bound,0,0,0,0
4/5,image-47,singleton,one_edit_per_image,1,0,excluded,universal_bound,0,0,0,0
4/5,image-47,singleton,one_edit_global,1,0,excluded,universal_bound,0,0,0,0
4/5,image-47,singleton,current_strict,1,0,excluded,universal_bound,0,0,0,0
4/5,image-47,singleton,current_partial,1,0,excluded,universal_bound,0,0,0,0
4/5,image-47,singleton,union_strict,1,0,excluded,universal_bound,0,0,0,0
4/5,image-47,singleton,union_partial,1,0,excluded,universal_bound,0,0,0,0
4/5,image-48,singleton,exact_projection,1,0,excluded,universal_bound,0,0,0,0
4/5,image-48,singleton,one_edit_per_image,1,0,unresolved,bound_gap,-2,2,0,0
4/5,image-48,singleton,one_edit_global,1,0,unresolved,bound_gap,-2,2,0,0
4/5,image-48,singleton,current_strict,1,0,excluded,universal_bound,0,0,0,0
4/5,image-48,singleton,current_partial,1,0,excluded,universal_bound,0,0,0,0
4/5,image-48,singleton,union_strict,1,0,excluded,universal_bound,0,0,0,0
4/5,image-48,singleton,union_partial,1,0,excluded,universal_bound,0,0,0,0
4/5,image-49,singleton,exact_projection,1,0,excluded,universal_bound,0,0,0,0
4/5,image-49,singleton,one_edit_per_image,1,0,excluded,universal_bound,0,0,0,0
4/5,image-49,singleton,one_edit_global,1,0,excluded,universal_bound,0,0,0,0
4/5,image-49,singleton,current_strict,1,0,excluded,universal_bound,0,0,0,0
4/5,image-49,singleton,current_partial,1,0,excluded,universal_bound,0,0,0,0
4/5,image-49,singleton,union_strict,1,0,excluded,universal_bound,0,0,0,0
4/5,image-49,singleton,union_partial,1,0,excluded,universal_bound,0,0,0,0
4/5,image-50,singleton,exact_projection,1,0,excluded,universal_bound,0,0,0,0
4/5,image-50,singleton,one_edit_per_image,1,0,excluded,universal_bound,0,0,0,0
4/5,image-50,singleton,one_edit_global,1,0,excluded,universal_bound,0,0,0,0
4/5,image-50,singleton,current_strict,1,0,excluded,universal_bound,0,0,0,0
4/5,image-50,singleton,current_partial,1,0,excluded,universal_bound,0,0,0,0
4/5,image-50,singleton,union_strict,1,0,excluded,universal_bound,0,0,0,0
4/5,image-50,singleton,union_partial,1,0,excluded,universal_bound,0,0,0,0
4/5,image-51,singleton,exact_projection,1,0,excluded,universal_bound,0,0,0,0
4/5,image-51,singleton,one_edit_per_image,1,0,excluded,universal_bound,0,0,0,0
4/5,image-51,singleton,one_edit_global,1,0,excluded,universal_bound,0,0,0,0
4/5,image-51,singleton,current_strict,1,0,excluded,universal_bound,0,0,0,0
4/5,image-51,singleton,current_partial,1,0,excluded,universal_bound,0,0,0,0
4/5,image-51,singleton,union_strict,1,0,excluded,universal_bound,0,0,0,0
4/5,image-51,singleton,union_partial,1,0,excluded,universal_bound,0,0,0,0
4/5,image-52,singleton,exact_projection,1,0,excluded,universal_bound,0,0,0,0
4/5,image-52,singleton,one_edit_per_image,1,0,excluded,universal_bound,0,0,0,0
4/5,image-52,singleton,one_edit_global,1,0,excluded,universal_bound,0,0,0,0
4/5,image-52,singleton,current_strict,1,1,input_blocked,,,,,
4/5,image-52,singleton,current_partial,1,0,excluded,universal_bound,0,0,0,0
4/5,image-52,singleton,union_strict,1,1,input_blocked,,,,,
4/5,image-52,singleton,union_partial,1,0,excluded,universal_bound,0,0,0,0
4/5,image-53,singleton,exact_projection,1,0,excluded,universal_bound,0,0,0,0
4/5,image-53,singleton,one_edit_per_image,1,0,excluded,universal_bound,0,0,0,0
4/5,image-53,singleton,one_edit_global,1,0,excluded,universal_bound,0,0,0,0
4/5,image-53,singleton,current_strict,1,0,excluded,universal_bound,0,0,0,0
4/5,image-53,singleton,current_partial,1,0,excluded,universal_bound,0,0,0,0
4/5,image-53,singleton,union_strict,1,0,excluded,universal_bound,0,0,0,0
4/5,image-53,singleton,union_partial,1,0,excluded,universal_bound,0,0,0,0
4/5,image-54,singleton,exact_projection,1,0,excluded,universal_bound,0,0,0,0
4/5,image-54,singleton,one_edit_per_image,1,0,unresolved,opposite_worlds,-2,2,-2,2
4/5,image-54,singleton,one_edit_global,1,0,unresolved,opposite_worlds,-2,2,-2,2
4/5,image-54,singleton,current_strict,1,1,input_blocked,,,,,
4/5,image-54,singleton,current_partial,1,0,excluded,universal_bound,0,0,0,0
4/5,image-54,singleton,union_strict,1,1,input_blocked,,,,,
4/5,image-54,singleton,union_partial,1,0,excluded,universal_bound,0,0,0,0
4/5,image-55,singleton,exact_projection,1,0,excluded,universal_bound,0,0,0,0
4/5,image-55,singleton,one_edit_per_image,1,0,excluded,universal_bound,0,0,0,0
4/5,image-55,singleton,one_edit_global,1,0,excluded,universal_bound,0,0,0,0
4/5,image-55,singleton,current_strict,1,1,input_blocked,,,,,
4/5,image-55,singleton,current_partial,1,0,excluded,universal_bound,0,0,0,0
4/5,image-55,singleton,union_strict,1,1,input_blocked,,,,,
4/5,image-55,singleton,union_partial,1,0,excluded,universal_bound,0,0,0,0
4/5,image-56,singleton,exact_projection,1,0,excluded,universal_bound,0,0,0,0
4/5,image-56,singleton,one_edit_per_image,1,0,excluded,universal_bound,0,0,0,0
4/5,image-56,singleton,one_edit_global,1,0,excluded,universal_bound,0,0,0,0
4/5,image-56,singleton,current_strict,1,0,excluded,universal_bound,0,0,0,0
4/5,image-56,singleton,current_partial,1,0,excluded,universal_bound,0,0,0,0
4/5,image-56,singleton,union_strict,1,0,excluded,universal_bound,0,0,0,0
4/5,image-56,singleton,union_partial,1,0,excluded,universal_bound,0,0,0,0
4/5,image-57,singleton,exact_projection,1,0,excluded,universal_bound,0,0,0,0
4/5,image-57,singleton,one_edit_per_image,1,0,excluded,universal_bound,0,0,0,0
4/5,image-57,singleton,one_edit_global,1,0,excluded,universal_bound,0,0,0,0
4/5,image-57,singleton,current_strict,1,1,input_blocked,,,,,
4/5,image-57,singleton,current_partial,1,0,excluded,universal_bound,0,0,0,0
4/5,image-57,singleton,union_strict,1,1,input_blocked,,,,,
4/5,image-57,singleton,union_partial,1,0,excluded,universal_bound,0,0,0,0
4/5,image-58,singleton,exact_projection,1,0,excluded,universal_bound,0,0,0,0
4/5,image-58,singleton,one_edit_per_image,1,0,excluded,universal_bound,0,0,0,0
4/5,image-58,singleton,one_edit_global,1,0,excluded,universal_bound,0,0,0,0
4/5,image-58,singleton,current_strict,1,0,excluded,universal_bound,0,0,0,0
4/5,image-58,singleton,current_partial,1,0,excluded,universal_bound,0,0,0,0
4/5,image-58,singleton,union_strict,1,0,excluded,universal_bound,0,0,0,0
4/5,image-58,singleton,union_partial,1,0,excluded,universal_bound,0,0,0,0
4/5,image-59,singleton,exact_projection,1,0,excluded,universal_bound,0,0,0,0
4/5,image-59,singleton,one_edit_per_image,1,0,excluded,universal_bound,0,0,0,0
4/5,image-59,singleton,one_edit_global,1,0,excluded,universal_bound,0,0,0,0
4/5,image-59,singleton,current_strict,1,1,input_blocked,,,,,
4/5,image-59,singleton,current_partial,1,0,excluded,universal_bound,0,0,0,0
4/5,image-59,singleton,union_strict,1,1,input_blocked,,,,,
4/5,image-59,singleton,union_partial,1,0,excluded,universal_bound,0,0,0,0
4/5,image-60,singleton,exact_projection,1,0,excluded,universal_bound,0,0,0,0
4/5,image-60,singleton,one_edit_per_image,1,0,unresolved,bound_gap,-2,2,0,0
4/5,image-60,singleton,one_edit_global,1,0,unresolved,bound_gap,-2,2,0,0
4/5,image-60,singleton,current_strict,1,0,excluded,universal_bound,0,0,0,0
4/5,image-60,singleton,current_partial,1,0,excluded,universal_bound,0,0,0,0
4/5,image-60,singleton,union_strict,1,1,input_blocked,,,,,
4/5,image-60,singleton,union_partial,1,0,excluded,universal_bound,0,0,0,0
4/5,image-61,singleton,exact_projection,1,0,excluded,universal_bound,-1,-1,-1,-1
4/5,image-61,singleton,one_edit_per_image,1,0,unresolved,opposite_worlds,-3,3,-1,1
4/5,image-61,singleton,one_edit_global,1,0,unresolved,opposite_worlds,-3,3,-1,1
4/5,image-61,singleton,current_strict,1,1,input_blocked,,,,,
4/5,image-61,singleton,current_partial,1,0,unresolved,bound_gap,-3,1,-1,-1
4/5,image-61,singleton,union_strict,1,1,input_blocked,,,,,
4/5,image-61,singleton,union_partial,1,0,unresolved,bound_gap,-3,1,-1,-1
4/5,image-62,singleton,exact_projection,1,0,excluded,universal_bound,0,0,0,0
4/5,image-62,singleton,one_edit_per_image,1,0,excluded,universal_bound,0,0,0,0
4/5,image-62,singleton,one_edit_global,1,0,excluded,universal_bound,0,0,0,0
4/5,image-62,singleton,current_strict,1,1,input_blocked,,,,,
4/5,image-62,singleton,current_partial,1,0,excluded,universal_bound,0,0,0,0
4/5,image-62,singleton,union_strict,1,1,input_blocked,,,,,
4/5,image-62,singleton,union_partial,1,1,input_blocked,,,,,
4/5,image-63,singleton,exact_projection,1,0,excluded,universal_bound,0,0,0,0
4/5,image-63,singleton,one_edit_per_image,1,0,excluded,universal_bound,0,0,0,0
4/5,image-63,singleton,one_edit_global,1,0,excluded,universal_bound,0,0,0,0
4/5,image-63,singleton,current_strict,1,0,excluded,universal_bound,0,0,0,0
4/5,image-63,singleton,current_partial,1,0,excluded,universal_bound,0,0,0,0
4/5,image-63,singleton,union_strict,1,0,excluded,universal_bound,0,0,0,0
4/5,image-63,singleton,union_partial,1,0,excluded,universal_bound,0,0,0,0
4/5,block-00,block,exact_projection,8,0,excluded,universal_bound,-1/8,-1/8,-1/8,-1/8
4/5,block-00,block,one_edit_per_image,8,0,unresolved,opposite_worlds,-7/8,7/8,-3/8,3/8
4/5,block-00,block,one_edit_global,8,0,unresolved,opposite_worlds,-3/8,1/8,-3/8,1/8
4/5,block-00,block,current_strict,8,0,excluded,universal_bound,-1/8,-1/8,-1/8,-1/8
4/5,block-00,block,current_partial,8,0,excluded,universal_bound,-1/8,-1/8,-1/8,-1/8
4/5,block-00,block,union_strict,8,2,input_blocked,,,,,
4/5,block-00,block,union_partial,8,0,unresolved,opposite_worlds,-3/8,1/8,-3/8,1/8
4/5,block-01,block,exact_projection,8,0,excluded,universal_bound,-1/8,-1/8,-1/8,-1/8
4/5,block-01,block,one_edit_per_image,8,0,unresolved,opposite_worlds,-13/8,9/8,-5/8,5/8
4/5,block-01,block,one_edit_global,8,0,unresolved,opposite_worlds,-3/8,1/8,-3/8,1/8
4/5,block-01,block,current_strict,8,4,input_blocked,,,,,
4/5,block-01,block,current_partial,8,0,excluded,universal_bound,-1/8,-1/8,-1/8,-1/8
4/5,block-01,block,union_strict,8,5,input_blocked,,,,,
4/5,block-01,block,union_partial,8,0,excluded,universal_bound,-1/8,-1/8,-1/8,-1/8
4/5,block-02,block,exact_projection,8,0,excluded,universal_bound,-1/4,-1/4,-1/4,-1/4
4/5,block-02,block,one_edit_per_image,8,0,unresolved,opposite_worlds,-1/2,1/2,-1/2,1/2
4/5,block-02,block,one_edit_global,8,0,excluded,universal_bound,-1/2,0,-1/2,0
4/5,block-02,block,current_strict,8,2,input_blocked,,,,,
4/5,block-02,block,current_partial,8,0,excluded,universal_bound,-1/4,-1/4,-1/4,-1/4
4/5,block-02,block,union_strict,8,4,input_blocked,,,,,
4/5,block-02,block,union_partial,8,0,excluded,universal_bound,-1/4,-1/4,-1/4,-1/4
4/5,block-03,block,exact_projection,8,0,excluded,universal_bound,-1/4,-1/4,-1/4,-1/4
4/5,block-03,block,one_edit_per_image,8,0,unresolved,opposite_worlds,-1,3/4,-1/4,1/4
4/5,block-03,block,one_edit_global,8,0,excluded,universal_bound,-1/2,0,-1/4,0
4/5,block-03,block,current_strict,8,5,input_blocked,,,,,
4/5,block-03,block,current_partial,8,0,excluded,universal_bound,-1/2,0,-1/4,-1/4
4/5,block-03,block,union_strict,8,6,input_blocked,,,,,
4/5,block-03,block,union_partial,8,0,excluded,universal_bound,-1/2,0,-1/4,-1/4
4/5,block-04,block,exact_projection,8,0,supported,universal_bound,1/8,1/8,1/8,1/8
4/5,block-04,block,one_edit_per_image,8,0,unresolved,opposite_worlds,-7/8,7/8,-1/8,1/8
4/5,block-04,block,one_edit_global,8,0,unresolved,opposite_worlds,-1/8,3/8,-1/8,1/8
4/5,block-04,block,current_strict,8,4,input_blocked,,,,,
4/5,block-04,block,current_partial,8,0,supported,universal_bound,1/8,1/8,1/8,1/8
4/5,block-04,block,union_strict,8,5,input_blocked,,,,,
4/5,block-04,block,union_partial,8,0,supported,universal_bound,1/8,1/8,1/8,1/8
4/5,block-05,block,exact_projection,8,0,supported,universal_bound,1/8,1/8,1/8,1/8
4/5,block-05,block,one_edit_per_image,8,0,unresolved,opposite_worlds,-3/8,3/8,-1/8,1/8
4/5,block-05,block,one_edit_global,8,0,unresolved,opposite_worlds,-1/8,3/8,-1/8,1/8
4/5,block-05,block,current_strict,8,3,input_blocked,,,,,
4/5,block-05,block,current_partial,8,0,unresolved,bound_gap,-1/8,1/8,-1/8,-1/8
4/5,block-05,block,union_strict,8,6,input_blocked,,,,,
4/5,block-05,block,union_partial,8,0,unresolved,bound_gap,-1/8,1/8,-1/8,-1/8
4/5,block-06,block,exact_projection,8,0,excluded,universal_bound,0,0,0,0
4/5,block-06,block,one_edit_per_image,8,0,unresolved,opposite_worlds,-1/2,1/2,-1/4,1/4
4/5,block-06,block,one_edit_global,8,0,unresolved,opposite_worlds,-1/4,1/4,-1/4,1/4
4/5,block-06,block,current_strict,8,3,input_blocked,,,,,
4/5,block-06,block,current_partial,8,0,excluded,universal_bound,0,0,0,0
4/5,block-06,block,union_strict,8,3,input_blocked,,,,,
4/5,block-06,block,union_partial,8,0,excluded,universal_bound,0,0,0,0
4/5,block-07,block,exact_projection,8,0,excluded,universal_bound,-1/8,-1/8,-1/8,-1/8
4/5,block-07,block,one_edit_per_image,8,0,unresolved,opposite_worlds,-5/8,5/8,-1/8,1/8
4/5,block-07,block,one_edit_global,8,0,unresolved,opposite_worlds,-3/8,3/8,-1/8,1/8
4/5,block-07,block,current_strict,8,4,input_blocked,,,,,
4/5,block-07,block,current_partial,8,0,unresolved,bound_gap,-3/8,1/8,-1/8,-1/8
4/5,block-07,block,union_strict,8,5,input_blocked,,,,,
4/5,block-07,block,union_partial,8,1,input_blocked,,,,,
4/5,all-64,primary,exact_projection,64,0,excluded,universal_bound,-5/64,-5/64,-5/64,-5/64
4/5,all-64,primary,one_edit_per_image,64,0,unresolved,opposite_worlds,-51/64,45/64,-19/64,19/64
4/5,all-64,primary,one_edit_global,64,0,excluded,universal_bound,-7/64,-1/64,-7/64,-3/64
4/5,all-64,primary,current_strict,64,25,input_blocked,,,,,
4/5,all-64,primary,current_partial,64,0,excluded,universal_bound,-11/64,-1/64,-7/64,-7/64
4/5,all-64,primary,union_strict,64,36,input_blocked,,,,,
4/5,all-64,primary,union_partial,64,1,input_blocked,,,,,
9/10,image-00,singleton,exact_projection,1,0,excluded,universal_bound,0,0,0,0
9/10,image-00,singleton,one_edit_per_image,1,0,excluded,universal_bound,0,0,0,0
9/10,image-00,singleton,one_edit_global,1,0,excluded,universal_bound,0,0,0,0
9/10,image-00,singleton,current_strict,1,0,excluded,universal_bound,0,0,0,0
9/10,image-00,singleton,current_partial,1,0,excluded,universal_bound,0,0,0,0
9/10,image-00,singleton,union_strict,1,0,excluded,universal_bound,0,0,0,0
9/10,image-00,singleton,union_partial,1,0,excluded,universal_bound,0,0,0,0
9/10,image-01,singleton,exact_projection,1,0,excluded,universal_bound,0,0,0,0
9/10,image-01,singleton,one_edit_per_image,1,0,excluded,universal_bound,0,0,0,0
9/10,image-01,singleton,one_edit_global,1,0,excluded,universal_bound,0,0,0,0
9/10,image-01,singleton,current_strict,1,0,excluded,universal_bound,0,0,0,0
9/10,image-01,singleton,current_partial,1,0,excluded,universal_bound,0,0,0,0
9/10,image-01,singleton,union_strict,1,0,excluded,universal_bound,0,0,0,0
9/10,image-01,singleton,union_partial,1,0,excluded,universal_bound,0,0,0,0
9/10,image-02,singleton,exact_projection,1,0,excluded,universal_bound,0,0,0,0
9/10,image-02,singleton,one_edit_per_image,1,0,excluded,universal_bound,0,0,0,0
9/10,image-02,singleton,one_edit_global,1,0,excluded,universal_bound,0,0,0,0
9/10,image-02,singleton,current_strict,1,0,excluded,universal_bound,0,0,0,0
9/10,image-02,singleton,current_partial,1,0,excluded,universal_bound,0,0,0,0
9/10,image-02,singleton,union_strict,1,0,excluded,universal_bound,0,0,0,0
9/10,image-02,singleton,union_partial,1,0,excluded,universal_bound,0,0,0,0
9/10,image-03,singleton,exact_projection,1,0,excluded,universal_bound,0,0,0,0
9/10,image-03,singleton,one_edit_per_image,1,0,excluded,universal_bound,0,0,0,0
9/10,image-03,singleton,one_edit_global,1,0,excluded,universal_bound,0,0,0,0
9/10,image-03,singleton,current_strict,1,0,excluded,universal_bound,0,0,0,0
9/10,image-03,singleton,current_partial,1,0,excluded,universal_bound,0,0,0,0
9/10,image-03,singleton,union_strict,1,0,excluded,universal_bound,0,0,0,0
9/10,image-03,singleton,union_partial,1,0,excluded,universal_bound,0,0,0,0
9/10,image-04,singleton,exact_projection,1,0,excluded,universal_bound,0,0,0,0
9/10,image-04,singleton,one_edit_per_image,1,0,excluded,universal_bound,0,0,0,0
9/10,image-04,singleton,one_edit_global,1,0,excluded,universal_bound,0,0,0,0
9/10,image-04,singleton,current_strict,1,0,excluded,universal_bound,0,0,0,0
9/10,image-04,singleton,current_partial,1,0,excluded,universal_bound,0,0,0,0
9/10,image-04,singleton,union_strict,1,1,input_blocked,,,,,
9/10,image-04,singleton,union_partial,1,0,excluded,universal_bound,0,0,0,0
9/10,image-05,singleton,exact_projection,1,0,excluded,universal_bound,0,0,0,0
9/10,image-05,singleton,one_edit_per_image,1,0,excluded,universal_bound,0,0,0,0
9/10,image-05,singleton,one_edit_global,1,0,excluded,universal_bound,0,0,0,0
9/10,image-05,singleton,current_strict,1,0,excluded,universal_bound,0,0,0,0
9/10,image-05,singleton,current_partial,1,0,excluded,universal_bound,0,0,0,0
9/10,image-05,singleton,union_strict,1,1,input_blocked,,,,,
9/10,image-05,singleton,union_partial,1,0,excluded,universal_bound,0,0,0,0
9/10,image-06,singleton,exact_projection,1,0,excluded,universal_bound,0,0,0,0
9/10,image-06,singleton,one_edit_per_image,1,0,excluded,universal_bound,0,0,0,0
9/10,image-06,singleton,one_edit_global,1,0,excluded,universal_bound,0,0,0,0
9/10,image-06,singleton,current_strict,1,0,excluded,universal_bound,0,0,0,0
9/10,image-06,singleton,current_partial,1,0,excluded,universal_bound,0,0,0,0
9/10,image-06,singleton,union_strict,1,0,excluded,universal_bound,0,0,0,0
9/10,image-06,singleton,union_partial,1,0,excluded,universal_bound,0,0,0,0
9/10,image-07,singleton,exact_projection,1,0,excluded,universal_bound,0,0,0,0
9/10,image-07,singleton,one_edit_per_image,1,0,excluded,universal_bound,0,0,0,0
9/10,image-07,singleton,one_edit_global,1,0,excluded,universal_bound,0,0,0,0
9/10,image-07,singleton,current_strict,1,0,excluded,universal_bound,0,0,0,0
9/10,image-07,singleton,current_partial,1,0,excluded,universal_bound,0,0,0,0
9/10,image-07,singleton,union_strict,1,0,excluded,universal_bound,0,0,0,0
9/10,image-07,singleton,union_partial,1,0,excluded,universal_bound,0,0,0,0
9/10,image-08,singleton,exact_projection,1,0,excluded,universal_bound,0,0,0,0
9/10,image-08,singleton,one_edit_per_image,1,0,unresolved,bound_gap,-2,2,0,0
9/10,image-08,singleton,one_edit_global,1,0,unresolved,bound_gap,-2,2,0,0
9/10,image-08,singleton,current_strict,1,0,excluded,universal_bound,0,0,0,0
9/10,image-08,singleton,current_partial,1,0,excluded,universal_bound,0,0,0,0
9/10,image-08,singleton,union_strict,1,1,input_blocked,,,,,
9/10,image-08,singleton,union_partial,1,0,excluded,universal_bound,0,0,0,0
9/10,image-09,singleton,exact_projection,1,0,excluded,universal_bound,0,0,0,0
9/10,image-09,singleton,one_edit_per_image,1,0,excluded,universal_bound,0,0,0,0
9/10,image-09,singleton,one_edit_global,1,0,excluded,universal_bound,0,0,0,0
9/10,image-09,singleton,current_strict,1,1,input_blocked,,,,,
9/10,image-09,singleton,current_partial,1,0,excluded,universal_bound,0,0,0,0
9/10,image-09,singleton,union_strict,1,1,input_blocked,,,,,
9/10,image-09,singleton,union_partial,1,0,excluded,universal_bound,0,0,0,0
9/10,image-10,singleton,exact_projection,1,0,excluded,universal_bound,0,0,0,0
9/10,image-10,singleton,one_edit_per_image,1,0,excluded,universal_bound,0,0,0,0
9/10,image-10,singleton,one_edit_global,1,0,excluded,universal_bound,0,0,0,0
9/10,image-10,singleton,current_strict,1,0,excluded,universal_bound,0,0,0,0
9/10,image-10,singleton,current_partial,1,0,excluded,universal_bound,0,0,0,0
9/10,image-10,singleton,union_strict,1,0,excluded,universal_bound,0,0,0,0
9/10,image-10,singleton,union_partial,1,0,excluded,universal_bound,0,0,0,0
9/10,image-11,singleton,exact_projection,1,0,excluded,universal_bound,0,0,0,0
9/10,image-11,singleton,one_edit_per_image,1,0,excluded,universal_bound,0,0,0,0
9/10,image-11,singleton,one_edit_global,1,0,excluded,universal_bound,0,0,0,0
9/10,image-11,singleton,current_strict,1,1,input_blocked,,,,,
9/10,image-11,singleton,current_partial,1,0,excluded,universal_bound,0,0,0,0
9/10,image-11,singleton,union_strict,1,1,input_blocked,,,,,
9/10,image-11,singleton,union_partial,1,0,excluded,universal_bound,0,0,0,0
9/10,image-12,singleton,exact_projection,1,0,excluded,universal_bound,0,0,0,0
9/10,image-12,singleton,one_edit_per_image,1,0,excluded,universal_bound,0,0,0,0
9/10,image-12,singleton,one_edit_global,1,0,excluded,universal_bound,0,0,0,0
9/10,image-12,singleton,current_strict,1,0,excluded,universal_bound,0,0,0,0
9/10,image-12,singleton,current_partial,1,0,excluded,universal_bound,0,0,0,0
9/10,image-12,singleton,union_strict,1,0,excluded,universal_bound,0,0,0,0
9/10,image-12,singleton,union_partial,1,0,excluded,universal_bound,0,0,0,0
9/10,image-13,singleton,exact_projection,1,0,excluded,universal_bound,0,0,0,0
9/10,image-13,singleton,one_edit_per_image,1,0,excluded,universal_bound,0,0,0,0
9/10,image-13,singleton,one_edit_global,1,0,excluded,universal_bound,0,0,0,0
9/10,image-13,singleton,current_strict,1,1,input_blocked,,,,,
9/10,image-13,singleton,current_partial,1,0,excluded,universal_bound,0,0,0,0
9/10,image-13,singleton,union_strict,1,1,input_blocked,,,,,
9/10,image-13,singleton,union_partial,1,0,excluded,universal_bound,0,0,0,0
9/10,image-14,singleton,exact_projection,1,0,excluded,universal_bound,0,0,0,0
9/10,image-14,singleton,one_edit_per_image,1,0,excluded,universal_bound,0,0,0,0
9/10,image-14,singleton,one_edit_global,1,0,excluded,universal_bound,0,0,0,0
9/10,image-14,singleton,current_strict,1,1,input_blocked,,,,,
9/10,image-14,singleton,current_partial,1,0,excluded,universal_bound,0,0,0,0
9/10,image-14,singleton,union_strict,1,1,input_blocked,,,,,
9/10,image-14,singleton,union_partial,1,0,excluded,universal_bound,0,0,0,0
9/10,image-15,singleton,exact_projection,1,0,excluded,universal_bound,0,0,0,0
9/10,image-15,singleton,one_edit_per_image,1,0,unresolved,opposite_worlds,-2,2,-2,2
9/10,image-15,singleton,one_edit_global,1,0,unresolved,opposite_worlds,-2,2,-2,2
9/10,image-15,singleton,current_strict,1,0,excluded,universal_bound,0,0,0,0
9/10,image-15,singleton,current_partial,1,0,excluded,universal_bound,0,0,0,0
9/10,image-15,singleton,union_strict,1,0,excluded,universal_bound,0,0,0,0
9/10,image-15,singleton,union_partial,1,0,excluded,universal_bound,0,0,0,0
9/10,image-16,singleton,exact_projection,1,0,excluded,universal_bound,0,0,0,0
9/10,image-16,singleton,one_edit_per_image,1,0,excluded,universal_bound,0,0,0,0
9/10,image-16,singleton,one_edit_global,1,0,excluded,universal_bound,0,0,0,0
9/10,image-16,singleton,current_strict,1,0,excluded,universal_bound,0,0,0,0
9/10,image-16,singleton,current_partial,1,0,excluded,universal_bound,0,0,0,0
9/10,image-16,singleton,union_strict,1,0,excluded,universal_bound,0,0,0,0
9/10,image-16,singleton,union_partial,1,0,excluded,universal_bound,0,0,0,0
9/10,image-17,singleton,exact_projection,1,0,excluded,universal_bound,0,0,0,0
9/10,image-17,singleton,one_edit_per_image,1,0,unresolved,opposite_worlds,-2,2,-2,2
9/10,image-17,singleton,one_edit_global,1,0,unresolved,opposite_worlds,-2,2,-2,2
9/10,image-17,singleton,current_strict,1,0,excluded,universal_bound,0,0,0,0
9/10,image-17,singleton,current_partial,1,0,excluded,universal_bound,0,0,0,0
9/10,image-17,singleton,union_strict,1,0,excluded,universal_bound,0,0,0,0
9/10,image-17,singleton,union_partial,1,0,excluded,universal_bound,0,0,0,0
9/10,image-18,singleton,exact_projection,1,0,excluded,universal_bound,0,0,0,0
9/10,image-18,singleton,one_edit_per_image,1,0,excluded,universal_bound,0,0,0,0
9/10,image-18,singleton,one_edit_global,1,0,excluded,universal_bound,0,0,0,0
9/10,image-18,singleton,current_strict,1,1,input_blocked,,,,,
9/10,image-18,singleton,current_partial,1,0,excluded,universal_bound,0,0,0,0
9/10,image-18,singleton,union_strict,1,1,input_blocked,,,,,
9/10,image-18,singleton,union_partial,1,0,excluded,universal_bound,0,0,0,0
9/10,image-19,singleton,exact_projection,1,0,excluded,universal_bound,0,0,0,0
9/10,image-19,singleton,one_edit_per_image,1,0,excluded,universal_bound,0,0,0,0
9/10,image-19,singleton,one_edit_global,1,0,excluded,universal_bound,0,0,0,0
9/10,image-19,singleton,current_strict,1,0,excluded,universal_bound,0,0,0,0
9/10,image-19,singleton,current_partial,1,0,excluded,universal_bound,0,0,0,0
9/10,image-19,singleton,union_strict,1,0,excluded,universal_bound,0,0,0,0
9/10,image-19,singleton,union_partial,1,0,excluded,universal_bound,0,0,0,0
9/10,image-20,singleton,exact_projection,1,0,excluded,universal_bound,0,0,0,0
9/10,image-20,singleton,one_edit_per_image,1,0,excluded,universal_bound,0,0,0,0
9/10,image-20,singleton,one_edit_global,1,0,excluded,universal_bound,0,0,0,0
9/10,image-20,singleton,current_strict,1,0,excluded,universal_bound,0,0,0,0
9/10,image-20,singleton,current_partial,1,0,excluded,universal_bound,0,0,0,0
9/10,image-20,singleton,union_strict,1,0,excluded,universal_bound,0,0,0,0
9/10,image-20,singleton,union_partial,1,0,excluded,universal_bound,0,0,0,0
9/10,image-21,singleton,exact_projection,1,0,supported,universal_bound,1,1,1,1
9/10,image-21,singleton,one_edit_per_image,1,0,supported,universal_bound,1,1,1,1
9/10,image-21,singleton,one_edit_global,1,0,supported,universal_bound,1,1,1,1
9/10,image-21,singleton,current_strict,1,0,supported,universal_bound,1,1,1,1
9/10,image-21,singleton,current_partial,1,0,supported,universal_bound,1,1,1,1
9/10,image-21,singleton,union_strict,1,1,input_blocked,,,,,
9/10,image-21,singleton,union_partial,1,0,supported,universal_bound,1,1,1,1
9/10,image-22,singleton,exact_projection,1,0,excluded,universal_bound,0,0,0,0
9/10,image-22,singleton,one_edit_per_image,1,0,excluded,universal_bound,0,0,0,0
9/10,image-22,singleton,one_edit_global,1,0,excluded,universal_bound,0,0,0,0
9/10,image-22,singleton,current_strict,1,1,input_blocked,,,,,
9/10,image-22,singleton,current_partial,1,0,excluded,universal_bound,0,0,0,0
9/10,image-22,singleton,union_strict,1,1,input_blocked,,,,,
9/10,image-22,singleton,union_partial,1,0,excluded,universal_bound,0,0,0,0
9/10,image-23,singleton,exact_projection,1,0,excluded,universal_bound,0,0,0,0
9/10,image-23,singleton,one_edit_per_image,1,0,excluded,universal_bound,0,0,0,0
9/10,image-23,singleton,one_edit_global,1,0,excluded,universal_bound,0,0,0,0
9/10,image-23,singleton,current_strict,1,0,excluded,universal_bound,0,0,0,0
9/10,image-23,singleton,current_partial,1,0,excluded,universal_bound,0,0,0,0
9/10,image-23,singleton,union_strict,1,1,input_blocked,,,,,
9/10,image-23,singleton,union_partial,1,0,excluded,universal_bound,0,0,0,0
9/10,image-24,singleton,exact_projection,1,0,excluded,universal_bound,0,0,0,0
9/10,image-24,singleton,one_edit_per_image,1,0,excluded,universal_bound,0,0,0,0
9/10,image-24,singleton,one_edit_global,1,0,excluded,universal_bound,0,0,0,0
9/10,image-24,singleton,current_strict,1,0,excluded,universal_bound,0,0,0,0
9/10,image-24,singleton,current_partial,1,0,excluded,universal_bound,0,0,0,0
9/10,image-24,singleton,union_strict,1,0,excluded,universal_bound,0,0,0,0
9/10,image-24,singleton,union_partial,1,0,excluded,universal_bound,0,0,0,0
9/10,image-25,singleton,exact_projection,1,0,excluded,universal_bound,0,0,0,0
9/10,image-25,singleton,one_edit_per_image,1,0,excluded,universal_bound,0,0,0,0
9/10,image-25,singleton,one_edit_global,1,0,excluded,universal_bound,0,0,0,0
9/10,image-25,singleton,current_strict,1,0,excluded,universal_bound,0,0,0,0
9/10,image-25,singleton,current_partial,1,0,excluded,universal_bound,0,0,0,0
9/10,image-25,singleton,union_strict,1,1,input_blocked,,,,,
9/10,image-25,singleton,union_partial,1,0,excluded,universal_bound,0,0,0,0
9/10,image-26,singleton,exact_projection,1,0,supported,universal_bound,1,1,1,1
9/10,image-26,singleton,one_edit_per_image,1,0,unresolved,opposite_worlds,-1,1,-1,1
9/10,image-26,singleton,one_edit_global,1,0,unresolved,opposite_worlds,-1,1,-1,1
9/10,image-26,singleton,current_strict,1,0,supported,universal_bound,1,1,1,1
9/10,image-26,singleton,current_partial,1,0,supported,universal_bound,1,1,1,1
9/10,image-26,singleton,union_strict,1,0,supported,universal_bound,1,1,1,1
9/10,image-26,singleton,union_partial,1,0,supported,universal_bound,1,1,1,1
9/10,image-27,singleton,exact_projection,1,0,excluded,universal_bound,0,0,0,0
9/10,image-27,singleton,one_edit_per_image,1,0,excluded,universal_bound,0,0,0,0
9/10,image-27,singleton,one_edit_global,1,0,excluded,universal_bound,0,0,0,0
9/10,image-27,singleton,current_strict,1,1,input_blocked,,,,,
9/10,image-27,singleton,current_partial,1,0,excluded,universal_bound,0,0,0,0
9/10,image-27,singleton,union_strict,1,1,input_blocked,,,,,
9/10,image-27,singleton,union_partial,1,0,excluded,universal_bound,0,0,0,0
9/10,image-28,singleton,exact_projection,1,0,excluded,universal_bound,0,0,0,0
9/10,image-28,singleton,one_edit_per_image,1,0,excluded,universal_bound,0,0,0,0
9/10,image-28,singleton,one_edit_global,1,0,excluded,universal_bound,0,0,0,0
9/10,image-28,singleton,current_strict,1,1,input_blocked,,,,,
9/10,image-28,singleton,current_partial,1,0,excluded,universal_bound,0,0,0,0
9/10,image-28,singleton,union_strict,1,1,input_blocked,,,,,
9/10,image-28,singleton,union_partial,1,0,excluded,universal_bound,0,0,0,0
9/10,image-29,singleton,exact_projection,1,0,excluded,universal_bound,0,0,0,0
9/10,image-29,singleton,one_edit_per_image,1,0,excluded,universal_bound,0,0,0,0
9/10,image-29,singleton,one_edit_global,1,0,excluded,universal_bound,0,0,0,0
9/10,image-29,singleton,current_strict,1,1,input_blocked,,,,,
9/10,image-29,singleton,current_partial,1,0,excluded,universal_bound,0,0,0,0
9/10,image-29,singleton,union_strict,1,1,input_blocked,,,,,
9/10,image-29,singleton,union_partial,1,0,excluded,universal_bound,0,0,0,0
9/10,image-30,singleton,exact_projection,1,0,supported,universal_bound,1,1,1,1
9/10,image-30,singleton,one_edit_per_image,1,0,unresolved,opposite_worlds,-1,1,-1,1
9/10,image-30,singleton,one_edit_global,1,0,unresolved,opposite_worlds,-1,1,-1,1
9/10,image-30,singleton,current_strict,1,1,input_blocked,,,,,
9/10,image-30,singleton,current_partial,1,0,supported,universal_bound,1,1,1,1
9/10,image-30,singleton,union_strict,1,1,input_blocked,,,,,
9/10,image-30,singleton,union_partial,1,0,supported,universal_bound,1,1,1,1
9/10,image-31,singleton,exact_projection,1,0,excluded,universal_bound,0,0,0,0
9/10,image-31,singleton,one_edit_per_image,1,0,unresolved,bound_gap,-2,2,0,0
9/10,image-31,singleton,one_edit_global,1,0,unresolved,bound_gap,-2,2,0,0
9/10,image-31,singleton,current_strict,1,1,input_blocked,,,,,
9/10,image-31,singleton,current_partial,1,0,excluded,universal_bound,0,0,0,0
9/10,image-31,singleton,union_strict,1,1,input_blocked,,,,,
9/10,image-31,singleton,union_partial,1,0,excluded,universal_bound,0,0,0,0
9/10,image-32,singleton,exact_projection,1,0,excluded,universal_bound,0,0,0,0
9/10,image-32,singleton,one_edit_per_image,1,0,excluded,universal_bound,0,0,0,0
9/10,image-32,singleton,one_edit_global,1,0,excluded,universal_bound,0,0,0,0
9/10,image-32,singleton,current_strict,1,0,excluded,universal_bound,0,0,0,0
9/10,image-32,singleton,current_partial,1,0,excluded,universal_bound,0,0,0,0
9/10,image-32,singleton,union_strict,1,0,excluded,universal_bound,0,0,0,0
9/10,image-32,singleton,union_partial,1,0,excluded,universal_bound,0,0,0,0
9/10,image-33,singleton,exact_projection,1,0,excluded,universal_bound,0,0,0,0
9/10,image-33,singleton,one_edit_per_image,1,0,excluded,universal_bound,0,0,0,0
9/10,image-33,singleton,one_edit_global,1,0,excluded,universal_bound,0,0,0,0
9/10,image-33,singleton,current_strict,1,1,input_blocked,,,,,
9/10,image-33,singleton,current_partial,1,0,excluded,universal_bound,0,0,0,0
9/10,image-33,singleton,union_strict,1,1,input_blocked,,,,,
9/10,image-33,singleton,union_partial,1,0,excluded,universal_bound,0,0,0,0
9/10,image-34,singleton,exact_projection,1,0,excluded,universal_bound,0,0,0,0
9/10,image-34,singleton,one_edit_per_image,1,0,excluded,universal_bound,0,0,0,0
9/10,image-34,singleton,one_edit_global,1,0,excluded,universal_bound,0,0,0,0
9/10,image-34,singleton,current_strict,1,0,excluded,universal_bound,0,0,0,0
9/10,image-34,singleton,current_partial,1,0,excluded,universal_bound,0,0,0,0
9/10,image-34,singleton,union_strict,1,1,input_blocked,,,,,
9/10,image-34,singleton,union_partial,1,0,excluded,universal_bound,0,0,0,0
9/10,image-35,singleton,exact_projection,1,0,excluded,universal_bound,0,0,0,0
9/10,image-35,singleton,one_edit_per_image,1,0,excluded,universal_bound,0,0,0,0
9/10,image-35,singleton,one_edit_global,1,0,excluded,universal_bound,0,0,0,0
9/10,image-35,singleton,current_strict,1,0,excluded,universal_bound,0,0,0,0
9/10,image-35,singleton,current_partial,1,0,excluded,universal_bound,0,0,0,0
9/10,image-35,singleton,union_strict,1,0,excluded,universal_bound,0,0,0,0
9/10,image-35,singleton,union_partial,1,0,excluded,universal_bound,0,0,0,0
9/10,image-36,singleton,exact_projection,1,0,excluded,universal_bound,0,0,0,0
9/10,image-36,singleton,one_edit_per_image,1,0,excluded,universal_bound,0,0,0,0
9/10,image-36,singleton,one_edit_global,1,0,excluded,universal_bound,0,0,0,0
9/10,image-36,singleton,current_strict,1,0,excluded,universal_bound,0,0,0,0
9/10,image-36,singleton,current_partial,1,0,excluded,universal_bound,0,0,0,0
9/10,image-36,singleton,union_strict,1,0,excluded,universal_bound,0,0,0,0
9/10,image-36,singleton,union_partial,1,0,excluded,universal_bound,0,0,0,0
9/10,image-37,singleton,exact_projection,1,0,excluded,universal_bound,0,0,0,0
9/10,image-37,singleton,one_edit_per_image,1,0,excluded,universal_bound,0,0,0,0
9/10,image-37,singleton,one_edit_global,1,0,excluded,universal_bound,0,0,0,0
9/10,image-37,singleton,current_strict,1,1,input_blocked,,,,,
9/10,image-37,singleton,current_partial,1,0,excluded,universal_bound,0,0,0,0
9/10,image-37,singleton,union_strict,1,1,input_blocked,,,,,
9/10,image-37,singleton,union_partial,1,0,excluded,universal_bound,0,0,0,0
9/10,image-38,singleton,exact_projection,1,0,excluded,universal_bound,0,0,0,0
9/10,image-38,singleton,one_edit_per_image,1,0,unresolved,bound_gap,-2,2,0,0
9/10,image-38,singleton,one_edit_global,1,0,unresolved,bound_gap,-2,2,0,0
9/10,image-38,singleton,current_strict,1,1,input_blocked,,,,,
9/10,image-38,singleton,current_partial,1,0,excluded,universal_bound,0,0,0,0
9/10,image-38,singleton,union_strict,1,1,input_blocked,,,,,
9/10,image-38,singleton,union_partial,1,0,excluded,universal_bound,0,0,0,0
9/10,image-39,singleton,exact_projection,1,0,excluded,universal_bound,0,0,0,0
9/10,image-39,singleton,one_edit_per_image,1,0,unresolved,bound_gap,-2,2,0,0
9/10,image-39,singleton,one_edit_global,1,0,unresolved,bound_gap,-2,2,0,0
9/10,image-39,singleton,current_strict,1,1,input_blocked,,,,,
9/10,image-39,singleton,current_partial,1,0,excluded,universal_bound,0,0,0,0
9/10,image-39,singleton,union_strict,1,1,input_blocked,,,,,
9/10,image-39,singleton,union_partial,1,0,excluded,universal_bound,0,0,0,0
9/10,image-40,singleton,exact_projection,1,0,excluded,universal_bound,-1,-1,-1,-1
9/10,image-40,singleton,one_edit_per_image,1,0,unresolved,opposite_worlds,-3,1,-1,1
9/10,image-40,singleton,one_edit_global,1,0,unresolved,opposite_worlds,-3,1,-1,1
9/10,image-40,singleton,current_strict,1,0,excluded,universal_bound,-1,-1,-1,-1
9/10,image-40,singleton,current_partial,1,0,excluded,universal_bound,-1,-1,-1,-1
9/10,image-40,singleton,union_strict,1,1,input_blocked,,,,,
9/10,image-40,singleton,union_partial,1,0,excluded,universal_bound,-1,-1,-1,-1
9/10,image-41,singleton,exact_projection,1,0,excluded,universal_bound,0,0,0,0
9/10,image-41,singleton,one_edit_per_image,1,0,excluded,universal_bound,0,0,0,0
9/10,image-41,singleton,one_edit_global,1,0,excluded,universal_bound,0,0,0,0
9/10,image-41,singleton,current_strict,1,1,input_blocked,,,,,
9/10,image-41,singleton,current_partial,1,0,excluded,universal_bound,0,0,0,0
9/10,image-41,singleton,union_strict,1,1,input_blocked,,,,,
9/10,image-41,singleton,union_partial,1,0,excluded,universal_bound,0,0,0,0
9/10,image-42,singleton,exact_projection,1,0,excluded,universal_bound,0,0,0,0
9/10,image-42,singleton,one_edit_per_image,1,0,excluded,universal_bound,0,0,0,0
9/10,image-42,singleton,one_edit_global,1,0,excluded,universal_bound,0,0,0,0
9/10,image-42,singleton,current_strict,1,0,excluded,universal_bound,0,0,0,0
9/10,image-42,singleton,current_partial,1,0,excluded,universal_bound,0,0,0,0
9/10,image-42,singleton,union_strict,1,1,input_blocked,,,,,
9/10,image-42,singleton,union_partial,1,0,excluded,universal_bound,0,0,0,0
9/10,image-43,singleton,exact_projection,1,0,excluded,universal_bound,0,0,0,0
9/10,image-43,singleton,one_edit_per_image,1,0,excluded,universal_bound,0,0,0,0
9/10,image-43,singleton,one_edit_global,1,0,excluded,universal_bound,0,0,0,0
9/10,image-43,singleton,current_strict,1,1,input_blocked,,,,,
9/10,image-43,singleton,current_partial,1,0,excluded,universal_bound,0,0,0,0
9/10,image-43,singleton,union_strict,1,1,input_blocked,,,,,
9/10,image-43,singleton,union_partial,1,0,excluded,universal_bound,0,0,0,0
9/10,image-44,singleton,exact_projection,1,0,excluded,universal_bound,0,0,0,0
9/10,image-44,singleton,one_edit_per_image,1,0,excluded,universal_bound,0,0,0,0
9/10,image-44,singleton,one_edit_global,1,0,excluded,universal_bound,0,0,0,0
9/10,image-44,singleton,current_strict,1,0,excluded,universal_bound,0,0,0,0
9/10,image-44,singleton,current_partial,1,0,excluded,universal_bound,0,0,0,0
9/10,image-44,singleton,union_strict,1,0,excluded,universal_bound,0,0,0,0
9/10,image-44,singleton,union_partial,1,0,excluded,universal_bound,0,0,0,0
9/10,image-45,singleton,exact_projection,1,0,excluded,universal_bound,0,0,0,0
9/10,image-45,singleton,one_edit_per_image,1,0,excluded,universal_bound,0,0,0,0
9/10,image-45,singleton,one_edit_global,1,0,excluded,universal_bound,0,0,0,0
9/10,image-45,singleton,current_strict,1,1,input_blocked,,,,,
9/10,image-45,singleton,current_partial,1,0,excluded,universal_bound,0,0,0,0
9/10,image-45,singleton,union_strict,1,1,input_blocked,,,,,
9/10,image-45,singleton,union_partial,1,0,excluded,universal_bound,0,0,0,0
9/10,image-46,singleton,exact_projection,1,0,excluded,universal_bound,0,0,0,0
9/10,image-46,singleton,one_edit_per_image,1,0,excluded,universal_bound,0,0,0,0
9/10,image-46,singleton,one_edit_global,1,0,excluded,universal_bound,0,0,0,0
9/10,image-46,singleton,current_strict,1,0,excluded,universal_bound,0,0,0,0
9/10,image-46,singleton,current_partial,1,0,excluded,universal_bound,0,0,0,0
9/10,image-46,singleton,union_strict,1,1,input_blocked,,,,,
9/10,image-46,singleton,union_partial,1,0,excluded,universal_bound,0,0,0,0
9/10,image-47,singleton,exact_projection,1,0,excluded,universal_bound,0,0,0,0
9/10,image-47,singleton,one_edit_per_image,1,0,excluded,universal_bound,0,0,0,0
9/10,image-47,singleton,one_edit_global,1,0,excluded,universal_bound,0,0,0,0
9/10,image-47,singleton,current_strict,1,0,excluded,universal_bound,0,0,0,0
9/10,image-47,singleton,current_partial,1,0,excluded,universal_bound,0,0,0,0
9/10,image-47,singleton,union_strict,1,0,excluded,universal_bound,0,0,0,0
9/10,image-47,singleton,union_partial,1,0,excluded,universal_bound,0,0,0,0
9/10,image-48,singleton,exact_projection,1,0,supported,universal_bound,1,1,1,1
9/10,image-48,singleton,one_edit_per_image,1,0,unresolved,opposite_worlds,-1,1,-1,1
9/10,image-48,singleton,one_edit_global,1,0,unresolved,opposite_worlds,-1,1,-1,1
9/10,image-48,singleton,current_strict,1,0,supported,universal_bound,1,1,1,1
9/10,image-48,singleton,current_partial,1,0,supported,universal_bound,1,1,1,1
9/10,image-48,singleton,union_strict,1,0,supported,universal_bound,1,1,1,1
9/10,image-48,singleton,union_partial,1,0,supported,universal_bound,1,1,1,1
9/10,image-49,singleton,exact_projection,1,0,excluded,universal_bound,0,0,0,0
9/10,image-49,singleton,one_edit_per_image,1,0,excluded,universal_bound,0,0,0,0
9/10,image-49,singleton,one_edit_global,1,0,excluded,universal_bound,0,0,0,0
9/10,image-49,singleton,current_strict,1,0,excluded,universal_bound,0,0,0,0
9/10,image-49,singleton,current_partial,1,0,excluded,universal_bound,0,0,0,0
9/10,image-49,singleton,union_strict,1,0,excluded,universal_bound,0,0,0,0
9/10,image-49,singleton,union_partial,1,0,excluded,universal_bound,0,0,0,0
9/10,image-50,singleton,exact_projection,1,0,excluded,universal_bound,0,0,0,0
9/10,image-50,singleton,one_edit_per_image,1,0,excluded,universal_bound,0,0,0,0
9/10,image-50,singleton,one_edit_global,1,0,excluded,universal_bound,0,0,0,0
9/10,image-50,singleton,current_strict,1,0,excluded,universal_bound,0,0,0,0
9/10,image-50,singleton,current_partial,1,0,excluded,universal_bound,0,0,0,0
9/10,image-50,singleton,union_strict,1,0,excluded,universal_bound,0,0,0,0
9/10,image-50,singleton,union_partial,1,0,excluded,universal_bound,0,0,0,0
9/10,image-51,singleton,exact_projection,1,0,excluded,universal_bound,0,0,0,0
9/10,image-51,singleton,one_edit_per_image,1,0,excluded,universal_bound,0,0,0,0
9/10,image-51,singleton,one_edit_global,1,0,excluded,universal_bound,0,0,0,0
9/10,image-51,singleton,current_strict,1,0,excluded,universal_bound,0,0,0,0
9/10,image-51,singleton,current_partial,1,0,excluded,universal_bound,0,0,0,0
9/10,image-51,singleton,union_strict,1,0,excluded,universal_bound,0,0,0,0
9/10,image-51,singleton,union_partial,1,0,excluded,universal_bound,0,0,0,0
9/10,image-52,singleton,exact_projection,1,0,excluded,universal_bound,0,0,0,0
9/10,image-52,singleton,one_edit_per_image,1,0,excluded,universal_bound,0,0,0,0
9/10,image-52,singleton,one_edit_global,1,0,excluded,universal_bound,0,0,0,0
9/10,image-52,singleton,current_strict,1,1,input_blocked,,,,,
9/10,image-52,singleton,current_partial,1,0,excluded,universal_bound,0,0,0,0
9/10,image-52,singleton,union_strict,1,1,input_blocked,,,,,
9/10,image-52,singleton,union_partial,1,0,excluded,universal_bound,0,0,0,0
9/10,image-53,singleton,exact_projection,1,0,excluded,universal_bound,0,0,0,0
9/10,image-53,singleton,one_edit_per_image,1,0,excluded,universal_bound,0,0,0,0
9/10,image-53,singleton,one_edit_global,1,0,excluded,universal_bound,0,0,0,0
9/10,image-53,singleton,current_strict,1,0,excluded,universal_bound,0,0,0,0
9/10,image-53,singleton,current_partial,1,0,excluded,universal_bound,0,0,0,0
9/10,image-53,singleton,union_strict,1,0,excluded,universal_bound,0,0,0,0
9/10,image-53,singleton,union_partial,1,0,excluded,universal_bound,0,0,0,0
9/10,image-54,singleton,exact_projection,1,0,excluded,universal_bound,0,0,0,0
9/10,image-54,singleton,one_edit_per_image,1,0,excluded,universal_bound,0,0,0,0
9/10,image-54,singleton,one_edit_global,1,0,excluded,universal_bound,0,0,0,0
9/10,image-54,singleton,current_strict,1,1,input_blocked,,,,,
9/10,image-54,singleton,current_partial,1,0,excluded,universal_bound,0,0,0,0
9/10,image-54,singleton,union_strict,1,1,input_blocked,,,,,
9/10,image-54,singleton,union_partial,1,0,excluded,universal_bound,0,0,0,0
9/10,image-55,singleton,exact_projection,1,0,excluded,universal_bound,0,0,0,0
9/10,image-55,singleton,one_edit_per_image,1,0,excluded,universal_bound,0,0,0,0
9/10,image-55,singleton,one_edit_global,1,0,excluded,universal_bound,0,0,0,0
9/10,image-55,singleton,current_strict,1,1,input_blocked,,,,,
9/10,image-55,singleton,current_partial,1,0,excluded,universal_bound,0,0,0,0
9/10,image-55,singleton,union_strict,1,1,input_blocked,,,,,
9/10,image-55,singleton,union_partial,1,0,excluded,universal_bound,0,0,0,0
9/10,image-56,singleton,exact_projection,1,0,excluded,universal_bound,0,0,0,0
9/10,image-56,singleton,one_edit_per_image,1,0,excluded,universal_bound,0,0,0,0
9/10,image-56,singleton,one_edit_global,1,0,excluded,universal_bound,0,0,0,0
9/10,image-56,singleton,current_strict,1,0,excluded,universal_bound,0,0,0,0
9/10,image-56,singleton,current_partial,1,0,excluded,universal_bound,0,0,0,0
9/10,image-56,singleton,union_strict,1,0,excluded,universal_bound,0,0,0,0
9/10,image-56,singleton,union_partial,1,0,excluded,universal_bound,0,0,0,0
9/10,image-57,singleton,exact_projection,1,0,excluded,universal_bound,0,0,0,0
9/10,image-57,singleton,one_edit_per_image,1,0,excluded,universal_bound,0,0,0,0
9/10,image-57,singleton,one_edit_global,1,0,excluded,universal_bound,0,0,0,0
9/10,image-57,singleton,current_strict,1,1,input_blocked,,,,,
9/10,image-57,singleton,current_partial,1,0,excluded,universal_bound,0,0,0,0
9/10,image-57,singleton,union_strict,1,1,input_blocked,,,,,
9/10,image-57,singleton,union_partial,1,0,excluded,universal_bound,0,0,0,0
9/10,image-58,singleton,exact_projection,1,0,excluded,universal_bound,0,0,0,0
9/10,image-58,singleton,one_edit_per_image,1,0,excluded,universal_bound,0,0,0,0
9/10,image-58,singleton,one_edit_global,1,0,excluded,universal_bound,0,0,0,0
9/10,image-58,singleton,current_strict,1,0,excluded,universal_bound,0,0,0,0
9/10,image-58,singleton,current_partial,1,0,excluded,universal_bound,0,0,0,0
9/10,image-58,singleton,union_strict,1,0,excluded,universal_bound,0,0,0,0
9/10,image-58,singleton,union_partial,1,0,excluded,universal_bound,0,0,0,0
9/10,image-59,singleton,exact_projection,1,0,excluded,universal_bound,0,0,0,0
9/10,image-59,singleton,one_edit_per_image,1,0,excluded,universal_bound,0,0,0,0
9/10,image-59,singleton,one_edit_global,1,0,excluded,universal_bound,0,0,0,0
9/10,image-59,singleton,current_strict,1,1,input_blocked,,,,,
9/10,image-59,singleton,current_partial,1,0,excluded,universal_bound,0,0,0,0
9/10,image-59,singleton,union_strict,1,1,input_blocked,,,,,
9/10,image-59,singleton,union_partial,1,0,excluded,universal_bound,0,0,0,0
9/10,image-60,singleton,exact_projection,1,0,excluded,universal_bound,-1,-1,-1,-1
9/10,image-60,singleton,one_edit_per_image,1,0,unresolved,opposite_worlds,-3,1,-1,1
9/10,image-60,singleton,one_edit_global,1,0,unresolved,opposite_worlds,-3,1,-1,1
9/10,image-60,singleton,current_strict,1,0,excluded,universal_bound,-1,-1,-1,-1
9/10,image-60,singleton,current_partial,1,0,excluded,universal_bound,-1,-1,-1,-1
9/10,image-60,singleton,union_strict,1,1,input_blocked,,,,,
9/10,image-60,singleton,union_partial,1,0,excluded,universal_bound,-1,-1,-1,-1
9/10,image-61,singleton,exact_projection,1,0,excluded,universal_bound,-1,-1,-1,-1
9/10,image-61,singleton,one_edit_per_image,1,0,unresolved,opposite_worlds,-1,1,-1,1
9/10,image-61,singleton,one_edit_global,1,0,unresolved,opposite_worlds,-1,1,-1,1
9/10,image-61,singleton,current_strict,1,1,input_blocked,,,,,
9/10,image-61,singleton,current_partial,1,0,excluded,universal_bound,-1,-1,-1,-1
9/10,image-61,singleton,union_strict,1,1,input_blocked,,,,,
9/10,image-61,singleton,union_partial,1,0,excluded,universal_bound,-1,-1,-1,-1
9/10,image-62,singleton,exact_projection,1,0,excluded,universal_bound,0,0,0,0
9/10,image-62,singleton,one_edit_per_image,1,0,excluded,universal_bound,0,0,0,0
9/10,image-62,singleton,one_edit_global,1,0,excluded,universal_bound,0,0,0,0
9/10,image-62,singleton,current_strict,1,1,input_blocked,,,,,
9/10,image-62,singleton,current_partial,1,0,excluded,universal_bound,0,0,0,0
9/10,image-62,singleton,union_strict,1,1,input_blocked,,,,,
9/10,image-62,singleton,union_partial,1,1,input_blocked,,,,,
9/10,image-63,singleton,exact_projection,1,0,excluded,universal_bound,0,0,0,0
9/10,image-63,singleton,one_edit_per_image,1,0,excluded,universal_bound,0,0,0,0
9/10,image-63,singleton,one_edit_global,1,0,excluded,universal_bound,0,0,0,0
9/10,image-63,singleton,current_strict,1,0,excluded,universal_bound,0,0,0,0
9/10,image-63,singleton,current_partial,1,0,excluded,universal_bound,0,0,0,0
9/10,image-63,singleton,union_strict,1,0,excluded,universal_bound,0,0,0,0
9/10,image-63,singleton,union_partial,1,0,excluded,universal_bound,0,0,0,0
9/10,block-00,block,exact_projection,8,0,excluded,universal_bound,0,0,0,0
9/10,block-00,block,one_edit_per_image,8,0,excluded,universal_bound,0,0,0,0
9/10,block-00,block,one_edit_global,8,0,excluded,universal_bound,0,0,0,0
9/10,block-00,block,current_strict,8,0,excluded,universal_bound,0,0,0,0
9/10,block-00,block,current_partial,8,0,excluded,universal_bound,0,0,0,0
9/10,block-00,block,union_strict,8,2,input_blocked,,,,,
9/10,block-00,block,union_partial,8,0,excluded,universal_bound,0,0,0,0
9/10,block-01,block,exact_projection,8,0,excluded,universal_bound,0,0,0,0
9/10,block-01,block,one_edit_per_image,8,0,unresolved,opposite_worlds,-1/2,1/2,-1/4,1/4
9/10,block-01,block,one_edit_global,8,0,unresolved,opposite_worlds,-1/4,1/4,-1/4,1/4
9/10,block-01,block,current_strict,8,4,input_blocked,,,,,
9/10,block-01,block,current_partial,8,0,excluded,universal_bound,0,0,0,0
9/10,block-01,block,union_strict,8,5,input_blocked,,,,,
9/10,block-01,block,union_partial,8,0,excluded,universal_bound,0,0,0,0
9/10,block-02,block,exact_projection,8,0,supported,universal_bound,1/8,1/8,1/8,1/8
9/10,block-02,block,one_edit_per_image,8,0,unresolved,opposite_worlds,-1/8,3/8,-1/8,3/8
9/10,block-02,block,one_edit_global,8,0,unresolved,opposite_worlds,-1/8,3/8,-1/8,3/8
9/10,block-02,block,current_strict,8,2,input_blocked,,,,,
9/10,block-02,block,current_partial,8,0,supported,universal_bound,1/8,1/8,1/8,1/8
9/10,block-02,block,union_strict,8,4,input_blocked,,,,,
9/10,block-02,block,union_partial,8,0,supported,universal_bound,1/8,1/8,1/8,1/8
9/10,block-03,block,exact_projection,8,0,supported,universal_bound,1/4,1/4,1/4,1/4
9/10,block-03,block,one_edit_per_image,8,0,unresolved,opposite_worlds,-1/2,1/2,-1/4,1/4
9/10,block-03,block,one_edit_global,8,0,unresolved,opposite_worlds,0,1/2,0,1/4
9/10,block-03,block,current_strict,8,5,input_blocked,,,,,
9/10,block-03,block,current_partial,8,0,supported,universal_bound,1/4,1/4,1/4,1/4
9/10,block-03,block,union_strict,8,6,input_blocked,,,,,
9/10,block-03,block,union_partial,8,0,supported,universal_bound,1/4,1/4,1/4,1/4
9/10,block-04,block,exact_projection,8,0,excluded,universal_bound,0,0,0,0
9/10,block-04,block,one_edit_per_image,8,0,unresolved,bound_gap,-1/2,1/2,0,0
9/10,block-04,block,one_edit_global,8,0,unresolved,bound_gap,-1/4,1/4,0,0
9/10,block-04,block,current_strict,8,4,input_blocked,,,,,
9/10,block-04,block,current_partial,8,0,excluded,universal_bound,0,0,0,0
9/10,block-04,block,union_strict,8,5,input_blocked,,,,,
9/10,block-04,block,union_partial,8,0,excluded,universal_bound,0,0,0,0
9/10,block-05,block,exact_projection,8,0,excluded,universal_bound,-1/8,-1/8,-1/8,-1/8
9/10,block-05,block,one_edit_per_image,8,0,unresolved,opposite_worlds,-3/8,1/8,-1/8,1/8
9/10,block-05,block,one_edit_global,8,0,unresolved,opposite_worlds,-3/8,1/8,-1/8,1/8
9/10,block-05,block,current_strict,8,3,input_blocked,,,,,
9/10,block-05,block,current_partial,8,0,excluded,universal_bound,-1/8,-1/8,-1/8,-1/8
9/10,block-05,block,union_strict,8,6,input_blocked,,,,,
9/10,block-05,block,union_partial,8,0,excluded,universal_bound,-1/8,-1/8,-1/8,-1/8
9/10,block-06,block,exact_projection,8,0,supported,universal_bound,1/8,1/8,1/8,1/8
9/10,block-06,block,one_edit_per_image,8,0,unresolved,opposite_worlds,-1/8,1/8,-1/8,1/8
9/10,block-06,block,one_edit_global,8,0,unresolved,opposite_worlds,-1/8,1/8,-1/8,1/8
9/10,block-06,block,current_strict,8,3,input_blocked,,,,,
9/10,block-06,block,current_partial,8,0,supported,universal_bound,1/8,1/8,1/8,1/8
9/10,block-06,block,union_strict,8,3,input_blocked,,,,,
9/10,block-06,block,union_partial,8,0,supported,universal_bound,1/8,1/8,1/8,1/8
9/10,block-07,block,exact_projection,8,0,excluded,universal_bound,-1/4,-1/4,-1/4,-1/4
9/10,block-07,block,one_edit_per_image,8,0,unresolved,opposite_worlds,-1/2,1/4,-1/4,1/4
9/10,block-07,block,one_edit_global,8,0,excluded,universal_bound,-1/2,0,-1/4,0
9/10,block-07,block,current_strict,8,4,input_blocked,,,,,
9/10,block-07,block,current_partial,8,0,excluded,universal_bound,-1/4,-1/4,-1/4,-1/4
9/10,block-07,block,union_strict,8,5,input_blocked,,,,,
9/10,block-07,block,union_partial,8,1,input_blocked,,,,,
9/10,all-64,primary,exact_projection,64,0,supported,universal_bound,1/64,1/64,1/64,1/64
9/10,all-64,primary,one_edit_per_image,64,0,unresolved,opposite_worlds,-21/64,19/64,-9/64,11/64
9/10,all-64,primary,one_edit_global,64,0,unresolved,opposite_worlds,-1/64,3/64,-1/64,3/64
9/10,all-64,primary,current_strict,64,25,input_blocked,,,,,
9/10,all-64,primary,current_partial,64,0,supported,universal_bound,1/64,1/64,1/64,1/64
9/10,all-64,primary,union_strict,64,36,input_blocked,,,,,
9/10,all-64,primary,union_partial,64,1,input_blocked,,,,,
19/20,image-00,singleton,exact_projection,1,0,excluded,universal_bound,0,0,0,0
19/20,image-00,singleton,one_edit_per_image,1,0,excluded,universal_bound,0,0,0,0
19/20,image-00,singleton,one_edit_global,1,0,excluded,universal_bound,0,0,0,0
19/20,image-00,singleton,current_strict,1,0,excluded,universal_bound,0,0,0,0
19/20,image-00,singleton,current_partial,1,0,excluded,universal_bound,0,0,0,0
19/20,image-00,singleton,union_strict,1,0,excluded,universal_bound,0,0,0,0
19/20,image-00,singleton,union_partial,1,0,excluded,universal_bound,0,0,0,0
19/20,image-01,singleton,exact_projection,1,0,excluded,universal_bound,0,0,0,0
19/20,image-01,singleton,one_edit_per_image,1,0,excluded,universal_bound,0,0,0,0
19/20,image-01,singleton,one_edit_global,1,0,excluded,universal_bound,0,0,0,0
19/20,image-01,singleton,current_strict,1,0,excluded,universal_bound,0,0,0,0
19/20,image-01,singleton,current_partial,1,0,excluded,universal_bound,0,0,0,0
19/20,image-01,singleton,union_strict,1,0,excluded,universal_bound,0,0,0,0
19/20,image-01,singleton,union_partial,1,0,excluded,universal_bound,0,0,0,0
19/20,image-02,singleton,exact_projection,1,0,excluded,universal_bound,0,0,0,0
19/20,image-02,singleton,one_edit_per_image,1,0,excluded,universal_bound,0,0,0,0
19/20,image-02,singleton,one_edit_global,1,0,excluded,universal_bound,0,0,0,0
19/20,image-02,singleton,current_strict,1,0,excluded,universal_bound,0,0,0,0
19/20,image-02,singleton,current_partial,1,0,excluded,universal_bound,0,0,0,0
19/20,image-02,singleton,union_strict,1,0,excluded,universal_bound,0,0,0,0
19/20,image-02,singleton,union_partial,1,0,excluded,universal_bound,0,0,0,0
19/20,image-03,singleton,exact_projection,1,0,excluded,universal_bound,0,0,0,0
19/20,image-03,singleton,one_edit_per_image,1,0,excluded,universal_bound,0,0,0,0
19/20,image-03,singleton,one_edit_global,1,0,excluded,universal_bound,0,0,0,0
19/20,image-03,singleton,current_strict,1,0,excluded,universal_bound,0,0,0,0
19/20,image-03,singleton,current_partial,1,0,excluded,universal_bound,0,0,0,0
19/20,image-03,singleton,union_strict,1,0,excluded,universal_bound,0,0,0,0
19/20,image-03,singleton,union_partial,1,0,excluded,universal_bound,0,0,0,0
19/20,image-04,singleton,exact_projection,1,0,excluded,universal_bound,0,0,0,0
19/20,image-04,singleton,one_edit_per_image,1,0,excluded,universal_bound,0,0,0,0
19/20,image-04,singleton,one_edit_global,1,0,excluded,universal_bound,0,0,0,0
19/20,image-04,singleton,current_strict,1,0,excluded,universal_bound,0,0,0,0
19/20,image-04,singleton,current_partial,1,0,excluded,universal_bound,0,0,0,0
19/20,image-04,singleton,union_strict,1,1,input_blocked,,,,,
19/20,image-04,singleton,union_partial,1,0,excluded,universal_bound,0,0,0,0
19/20,image-05,singleton,exact_projection,1,0,excluded,universal_bound,0,0,0,0
19/20,image-05,singleton,one_edit_per_image,1,0,excluded,universal_bound,0,0,0,0
19/20,image-05,singleton,one_edit_global,1,0,excluded,universal_bound,0,0,0,0
19/20,image-05,singleton,current_strict,1,0,excluded,universal_bound,0,0,0,0
19/20,image-05,singleton,current_partial,1,0,excluded,universal_bound,0,0,0,0
19/20,image-05,singleton,union_strict,1,1,input_blocked,,,,,
19/20,image-05,singleton,union_partial,1,0,excluded,universal_bound,0,0,0,0
19/20,image-06,singleton,exact_projection,1,0,excluded,universal_bound,0,0,0,0
19/20,image-06,singleton,one_edit_per_image,1,0,excluded,universal_bound,0,0,0,0
19/20,image-06,singleton,one_edit_global,1,0,excluded,universal_bound,0,0,0,0
19/20,image-06,singleton,current_strict,1,0,excluded,universal_bound,0,0,0,0
19/20,image-06,singleton,current_partial,1,0,excluded,universal_bound,0,0,0,0
19/20,image-06,singleton,union_strict,1,0,excluded,universal_bound,0,0,0,0
19/20,image-06,singleton,union_partial,1,0,excluded,universal_bound,0,0,0,0
19/20,image-07,singleton,exact_projection,1,0,excluded,universal_bound,0,0,0,0
19/20,image-07,singleton,one_edit_per_image,1,0,excluded,universal_bound,0,0,0,0
19/20,image-07,singleton,one_edit_global,1,0,excluded,universal_bound,0,0,0,0
19/20,image-07,singleton,current_strict,1,0,excluded,universal_bound,0,0,0,0
19/20,image-07,singleton,current_partial,1,0,excluded,universal_bound,0,0,0,0
19/20,image-07,singleton,union_strict,1,0,excluded,universal_bound,0,0,0,0
19/20,image-07,singleton,union_partial,1,0,excluded,universal_bound,0,0,0,0
19/20,image-08,singleton,exact_projection,1,0,excluded,universal_bound,0,0,0,0
19/20,image-08,singleton,one_edit_per_image,1,0,excluded,universal_bound,0,0,0,0
19/20,image-08,singleton,one_edit_global,1,0,excluded,universal_bound,0,0,0,0
19/20,image-08,singleton,current_strict,1,0,excluded,universal_bound,0,0,0,0
19/20,image-08,singleton,current_partial,1,0,excluded,universal_bound,0,0,0,0
19/20,image-08,singleton,union_strict,1,1,input_blocked,,,,,
19/20,image-08,singleton,union_partial,1,0,excluded,universal_bound,0,0,0,0
19/20,image-09,singleton,exact_projection,1,0,excluded,universal_bound,0,0,0,0
19/20,image-09,singleton,one_edit_per_image,1,0,excluded,universal_bound,0,0,0,0
19/20,image-09,singleton,one_edit_global,1,0,excluded,universal_bound,0,0,0,0
19/20,image-09,singleton,current_strict,1,1,input_blocked,,,,,
19/20,image-09,singleton,current_partial,1,0,excluded,universal_bound,0,0,0,0
19/20,image-09,singleton,union_strict,1,1,input_blocked,,,,,
19/20,image-09,singleton,union_partial,1,0,excluded,universal_bound,0,0,0,0
19/20,image-10,singleton,exact_projection,1,0,excluded,universal_bound,0,0,0,0
19/20,image-10,singleton,one_edit_per_image,1,0,excluded,universal_bound,0,0,0,0
19/20,image-10,singleton,one_edit_global,1,0,excluded,universal_bound,0,0,0,0
19/20,image-10,singleton,current_strict,1,0,excluded,universal_bound,0,0,0,0
19/20,image-10,singleton,current_partial,1,0,excluded,universal_bound,0,0,0,0
19/20,image-10,singleton,union_strict,1,0,excluded,universal_bound,0,0,0,0
19/20,image-10,singleton,union_partial,1,0,excluded,universal_bound,0,0,0,0
19/20,image-11,singleton,exact_projection,1,0,excluded,universal_bound,0,0,0,0
19/20,image-11,singleton,one_edit_per_image,1,0,excluded,universal_bound,0,0,0,0
19/20,image-11,singleton,one_edit_global,1,0,excluded,universal_bound,0,0,0,0
19/20,image-11,singleton,current_strict,1,1,input_blocked,,,,,
19/20,image-11,singleton,current_partial,1,0,excluded,universal_bound,0,0,0,0
19/20,image-11,singleton,union_strict,1,1,input_blocked,,,,,
19/20,image-11,singleton,union_partial,1,0,excluded,universal_bound,0,0,0,0
19/20,image-12,singleton,exact_projection,1,0,excluded,universal_bound,0,0,0,0
19/20,image-12,singleton,one_edit_per_image,1,0,excluded,universal_bound,0,0,0,0
19/20,image-12,singleton,one_edit_global,1,0,excluded,universal_bound,0,0,0,0
19/20,image-12,singleton,current_strict,1,0,excluded,universal_bound,0,0,0,0
19/20,image-12,singleton,current_partial,1,0,excluded,universal_bound,0,0,0,0
19/20,image-12,singleton,union_strict,1,0,excluded,universal_bound,0,0,0,0
19/20,image-12,singleton,union_partial,1,0,excluded,universal_bound,0,0,0,0
19/20,image-13,singleton,exact_projection,1,0,excluded,universal_bound,0,0,0,0
19/20,image-13,singleton,one_edit_per_image,1,0,excluded,universal_bound,0,0,0,0
19/20,image-13,singleton,one_edit_global,1,0,excluded,universal_bound,0,0,0,0
19/20,image-13,singleton,current_strict,1,1,input_blocked,,,,,
19/20,image-13,singleton,current_partial,1,0,excluded,universal_bound,0,0,0,0
19/20,image-13,singleton,union_strict,1,1,input_blocked,,,,,
19/20,image-13,singleton,union_partial,1,0,excluded,universal_bound,0,0,0,0
19/20,image-14,singleton,exact_projection,1,0,excluded,universal_bound,0,0,0,0
19/20,image-14,singleton,one_edit_per_image,1,0,excluded,universal_bound,0,0,0,0
19/20,image-14,singleton,one_edit_global,1,0,excluded,universal_bound,0,0,0,0
19/20,image-14,singleton,current_strict,1,1,input_blocked,,,,,
19/20,image-14,singleton,current_partial,1,0,excluded,universal_bound,0,0,0,0
19/20,image-14,singleton,union_strict,1,1,input_blocked,,,,,
19/20,image-14,singleton,union_partial,1,0,excluded,universal_bound,0,0,0,0
19/20,image-15,singleton,exact_projection,1,0,excluded,universal_bound,0,0,0,0
19/20,image-15,singleton,one_edit_per_image,1,0,excluded,universal_bound,0,0,0,0
19/20,image-15,singleton,one_edit_global,1,0,excluded,universal_bound,0,0,0,0
19/20,image-15,singleton,current_strict,1,0,excluded,universal_bound,0,0,0,0
19/20,image-15,singleton,current_partial,1,0,excluded,universal_bound,0,0,0,0
19/20,image-15,singleton,union_strict,1,0,excluded,universal_bound,0,0,0,0
19/20,image-15,singleton,union_partial,1,0,excluded,universal_bound,0,0,0,0
19/20,image-16,singleton,exact_projection,1,0,excluded,universal_bound,0,0,0,0
19/20,image-16,singleton,one_edit_per_image,1,0,excluded,universal_bound,0,0,0,0
19/20,image-16,singleton,one_edit_global,1,0,excluded,universal_bound,0,0,0,0
19/20,image-16,singleton,current_strict,1,0,excluded,universal_bound,0,0,0,0
19/20,image-16,singleton,current_partial,1,0,excluded,universal_bound,0,0,0,0
19/20,image-16,singleton,union_strict,1,0,excluded,universal_bound,0,0,0,0
19/20,image-16,singleton,union_partial,1,0,excluded,universal_bound,0,0,0,0
19/20,image-17,singleton,exact_projection,1,0,excluded,universal_bound,0,0,0,0
19/20,image-17,singleton,one_edit_per_image,1,0,excluded,universal_bound,0,0,0,0
19/20,image-17,singleton,one_edit_global,1,0,excluded,universal_bound,0,0,0,0
19/20,image-17,singleton,current_strict,1,0,excluded,universal_bound,0,0,0,0
19/20,image-17,singleton,current_partial,1,0,excluded,universal_bound,0,0,0,0
19/20,image-17,singleton,union_strict,1,0,excluded,universal_bound,0,0,0,0
19/20,image-17,singleton,union_partial,1,0,excluded,universal_bound,0,0,0,0
19/20,image-18,singleton,exact_projection,1,0,excluded,universal_bound,0,0,0,0
19/20,image-18,singleton,one_edit_per_image,1,0,excluded,universal_bound,0,0,0,0
19/20,image-18,singleton,one_edit_global,1,0,excluded,universal_bound,0,0,0,0
19/20,image-18,singleton,current_strict,1,1,input_blocked,,,,,
19/20,image-18,singleton,current_partial,1,0,excluded,universal_bound,0,0,0,0
19/20,image-18,singleton,union_strict,1,1,input_blocked,,,,,
19/20,image-18,singleton,union_partial,1,0,excluded,universal_bound,0,0,0,0
19/20,image-19,singleton,exact_projection,1,0,excluded,universal_bound,0,0,0,0
19/20,image-19,singleton,one_edit_per_image,1,0,excluded,universal_bound,0,0,0,0
19/20,image-19,singleton,one_edit_global,1,0,excluded,universal_bound,0,0,0,0
19/20,image-19,singleton,current_strict,1,0,excluded,universal_bound,0,0,0,0
19/20,image-19,singleton,current_partial,1,0,excluded,universal_bound,0,0,0,0
19/20,image-19,singleton,union_strict,1,0,excluded,universal_bound,0,0,0,0
19/20,image-19,singleton,union_partial,1,0,excluded,universal_bound,0,0,0,0
19/20,image-20,singleton,exact_projection,1,0,excluded,universal_bound,0,0,0,0
19/20,image-20,singleton,one_edit_per_image,1,0,excluded,universal_bound,0,0,0,0
19/20,image-20,singleton,one_edit_global,1,0,excluded,universal_bound,0,0,0,0
19/20,image-20,singleton,current_strict,1,0,excluded,universal_bound,0,0,0,0
19/20,image-20,singleton,current_partial,1,0,excluded,universal_bound,0,0,0,0
19/20,image-20,singleton,union_strict,1,0,excluded,universal_bound,0,0,0,0
19/20,image-20,singleton,union_partial,1,0,excluded,universal_bound,0,0,0,0
19/20,image-21,singleton,exact_projection,1,0,excluded,universal_bound,0,0,0,0
19/20,image-21,singleton,one_edit_per_image,1,0,excluded,universal_bound,0,0,0,0
19/20,image-21,singleton,one_edit_global,1,0,excluded,universal_bound,0,0,0,0
19/20,image-21,singleton,current_strict,1,0,excluded,universal_bound,0,0,0,0
19/20,image-21,singleton,current_partial,1,0,excluded,universal_bound,0,0,0,0
19/20,image-21,singleton,union_strict,1,1,input_blocked,,,,,
19/20,image-21,singleton,union_partial,1,0,excluded,universal_bound,0,0,0,0
19/20,image-22,singleton,exact_projection,1,0,excluded,universal_bound,0,0,0,0
19/20,image-22,singleton,one_edit_per_image,1,0,excluded,universal_bound,0,0,0,0
19/20,image-22,singleton,one_edit_global,1,0,excluded,universal_bound,0,0,0,0
19/20,image-22,singleton,current_strict,1,1,input_blocked,,,,,
19/20,image-22,singleton,current_partial,1,0,excluded,universal_bound,0,0,0,0
19/20,image-22,singleton,union_strict,1,1,input_blocked,,,,,
19/20,image-22,singleton,union_partial,1,0,excluded,universal_bound,0,0,0,0
19/20,image-23,singleton,exact_projection,1,0,excluded,universal_bound,0,0,0,0
19/20,image-23,singleton,one_edit_per_image,1,0,excluded,universal_bound,0,0,0,0
19/20,image-23,singleton,one_edit_global,1,0,excluded,universal_bound,0,0,0,0
19/20,image-23,singleton,current_strict,1,0,excluded,universal_bound,0,0,0,0
19/20,image-23,singleton,current_partial,1,0,excluded,universal_bound,0,0,0,0
19/20,image-23,singleton,union_strict,1,1,input_blocked,,,,,
19/20,image-23,singleton,union_partial,1,0,excluded,universal_bound,0,0,0,0
19/20,image-24,singleton,exact_projection,1,0,excluded,universal_bound,0,0,0,0
19/20,image-24,singleton,one_edit_per_image,1,0,excluded,universal_bound,0,0,0,0
19/20,image-24,singleton,one_edit_global,1,0,excluded,universal_bound,0,0,0,0
19/20,image-24,singleton,current_strict,1,0,excluded,universal_bound,0,0,0,0
19/20,image-24,singleton,current_partial,1,0,excluded,universal_bound,0,0,0,0
19/20,image-24,singleton,union_strict,1,0,excluded,universal_bound,0,0,0,0
19/20,image-24,singleton,union_partial,1,0,excluded,universal_bound,0,0,0,0
19/20,image-25,singleton,exact_projection,1,0,excluded,universal_bound,0,0,0,0
19/20,image-25,singleton,one_edit_per_image,1,0,excluded,universal_bound,0,0,0,0
19/20,image-25,singleton,one_edit_global,1,0,excluded,universal_bound,0,0,0,0
19/20,image-25,singleton,current_strict,1,0,excluded,universal_bound,0,0,0,0
19/20,image-25,singleton,current_partial,1,0,excluded,universal_bound,0,0,0,0
19/20,image-25,singleton,union_strict,1,1,input_blocked,,,,,
19/20,image-25,singleton,union_partial,1,0,excluded,universal_bound,0,0,0,0
19/20,image-26,singleton,exact_projection,1,0,excluded,universal_bound,0,0,0,0
19/20,image-26,singleton,one_edit_per_image,1,0,excluded,universal_bound,0,0,0,0
19/20,image-26,singleton,one_edit_global,1,0,excluded,universal_bound,0,0,0,0
19/20,image-26,singleton,current_strict,1,0,excluded,universal_bound,0,0,0,0
19/20,image-26,singleton,current_partial,1,0,excluded,universal_bound,0,0,0,0
19/20,image-26,singleton,union_strict,1,0,excluded,universal_bound,0,0,0,0
19/20,image-26,singleton,union_partial,1,0,excluded,universal_bound,0,0,0,0
19/20,image-27,singleton,exact_projection,1,0,excluded,universal_bound,0,0,0,0
19/20,image-27,singleton,one_edit_per_image,1,0,excluded,universal_bound,0,0,0,0
19/20,image-27,singleton,one_edit_global,1,0,excluded,universal_bound,0,0,0,0
19/20,image-27,singleton,current_strict,1,1,input_blocked,,,,,
19/20,image-27,singleton,current_partial,1,0,excluded,universal_bound,0,0,0,0
19/20,image-27,singleton,union_strict,1,1,input_blocked,,,,,
19/20,image-27,singleton,union_partial,1,0,excluded,universal_bound,0,0,0,0
19/20,image-28,singleton,exact_projection,1,0,excluded,universal_bound,0,0,0,0
19/20,image-28,singleton,one_edit_per_image,1,0,excluded,universal_bound,0,0,0,0
19/20,image-28,singleton,one_edit_global,1,0,excluded,universal_bound,0,0,0,0
19/20,image-28,singleton,current_strict,1,1,input_blocked,,,,,
19/20,image-28,singleton,current_partial,1,0,excluded,universal_bound,0,0,0,0
19/20,image-28,singleton,union_strict,1,1,input_blocked,,,,,
19/20,image-28,singleton,union_partial,1,0,excluded,universal_bound,0,0,0,0
19/20,image-29,singleton,exact_projection,1,0,excluded,universal_bound,0,0,0,0
19/20,image-29,singleton,one_edit_per_image,1,0,excluded,universal_bound,0,0,0,0
19/20,image-29,singleton,one_edit_global,1,0,excluded,universal_bound,0,0,0,0
19/20,image-29,singleton,current_strict,1,1,input_blocked,,,,,
19/20,image-29,singleton,current_partial,1,0,excluded,universal_bound,0,0,0,0
19/20,image-29,singleton,union_strict,1,1,input_blocked,,,,,
19/20,image-29,singleton,union_partial,1,0,excluded,universal_bound,0,0,0,0
19/20,image-30,singleton,exact_projection,1,0,excluded,universal_bound,0,0,0,0
19/20,image-30,singleton,one_edit_per_image,1,0,excluded,universal_bound,0,0,0,0
19/20,image-30,singleton,one_edit_global,1,0,excluded,universal_bound,0,0,0,0
19/20,image-30,singleton,current_strict,1,1,input_blocked,,,,,
19/20,image-30,singleton,current_partial,1,0,excluded,universal_bound,0,0,0,0
19/20,image-30,singleton,union_strict,1,1,input_blocked,,,,,
19/20,image-30,singleton,union_partial,1,0,excluded,universal_bound,0,0,0,0
19/20,image-31,singleton,exact_projection,1,0,excluded,universal_bound,0,0,0,0
19/20,image-31,singleton,one_edit_per_image,1,0,excluded,universal_bound,0,0,0,0
19/20,image-31,singleton,one_edit_global,1,0,excluded,universal_bound,0,0,0,0
19/20,image-31,singleton,current_strict,1,1,input_blocked,,,,,
19/20,image-31,singleton,current_partial,1,0,excluded,universal_bound,0,0,0,0
19/20,image-31,singleton,union_strict,1,1,input_blocked,,,,,
19/20,image-31,singleton,union_partial,1,0,excluded,universal_bound,0,0,0,0
19/20,image-32,singleton,exact_projection,1,0,excluded,universal_bound,0,0,0,0
19/20,image-32,singleton,one_edit_per_image,1,0,excluded,universal_bound,0,0,0,0
19/20,image-32,singleton,one_edit_global,1,0,excluded,universal_bound,0,0,0,0
19/20,image-32,singleton,current_strict,1,0,excluded,universal_bound,0,0,0,0
19/20,image-32,singleton,current_partial,1,0,excluded,universal_bound,0,0,0,0
19/20,image-32,singleton,union_strict,1,0,excluded,universal_bound,0,0,0,0
19/20,image-32,singleton,union_partial,1,0,excluded,universal_bound,0,0,0,0
19/20,image-33,singleton,exact_projection,1,0,excluded,universal_bound,0,0,0,0
19/20,image-33,singleton,one_edit_per_image,1,0,excluded,universal_bound,0,0,0,0
19/20,image-33,singleton,one_edit_global,1,0,excluded,universal_bound,0,0,0,0
19/20,image-33,singleton,current_strict,1,1,input_blocked,,,,,
19/20,image-33,singleton,current_partial,1,0,excluded,universal_bound,0,0,0,0
19/20,image-33,singleton,union_strict,1,1,input_blocked,,,,,
19/20,image-33,singleton,union_partial,1,0,excluded,universal_bound,0,0,0,0
19/20,image-34,singleton,exact_projection,1,0,excluded,universal_bound,0,0,0,0
19/20,image-34,singleton,one_edit_per_image,1,0,excluded,universal_bound,0,0,0,0
19/20,image-34,singleton,one_edit_global,1,0,excluded,universal_bound,0,0,0,0
19/20,image-34,singleton,current_strict,1,0,excluded,universal_bound,0,0,0,0
19/20,image-34,singleton,current_partial,1,0,excluded,universal_bound,0,0,0,0
19/20,image-34,singleton,union_strict,1,1,input_blocked,,,,,
19/20,image-34,singleton,union_partial,1,0,excluded,universal_bound,0,0,0,0
19/20,image-35,singleton,exact_projection,1,0,excluded,universal_bound,0,0,0,0
19/20,image-35,singleton,one_edit_per_image,1,0,excluded,universal_bound,0,0,0,0
19/20,image-35,singleton,one_edit_global,1,0,excluded,universal_bound,0,0,0,0
19/20,image-35,singleton,current_strict,1,0,excluded,universal_bound,0,0,0,0
19/20,image-35,singleton,current_partial,1,0,excluded,universal_bound,0,0,0,0
19/20,image-35,singleton,union_strict,1,0,excluded,universal_bound,0,0,0,0
19/20,image-35,singleton,union_partial,1,0,excluded,universal_bound,0,0,0,0
19/20,image-36,singleton,exact_projection,1,0,excluded,universal_bound,0,0,0,0
19/20,image-36,singleton,one_edit_per_image,1,0,excluded,universal_bound,0,0,0,0
19/20,image-36,singleton,one_edit_global,1,0,excluded,universal_bound,0,0,0,0
19/20,image-36,singleton,current_strict,1,0,excluded,universal_bound,0,0,0,0
19/20,image-36,singleton,current_partial,1,0,excluded,universal_bound,0,0,0,0
19/20,image-36,singleton,union_strict,1,0,excluded,universal_bound,0,0,0,0
19/20,image-36,singleton,union_partial,1,0,excluded,universal_bound,0,0,0,0
19/20,image-37,singleton,exact_projection,1,0,excluded,universal_bound,0,0,0,0
19/20,image-37,singleton,one_edit_per_image,1,0,excluded,universal_bound,0,0,0,0
19/20,image-37,singleton,one_edit_global,1,0,excluded,universal_bound,0,0,0,0
19/20,image-37,singleton,current_strict,1,1,input_blocked,,,,,
19/20,image-37,singleton,current_partial,1,0,excluded,universal_bound,0,0,0,0
19/20,image-37,singleton,union_strict,1,1,input_blocked,,,,,
19/20,image-37,singleton,union_partial,1,0,excluded,universal_bound,0,0,0,0
19/20,image-38,singleton,exact_projection,1,0,excluded,universal_bound,0,0,0,0
19/20,image-38,singleton,one_edit_per_image,1,0,excluded,universal_bound,0,0,0,0
19/20,image-38,singleton,one_edit_global,1,0,excluded,universal_bound,0,0,0,0
19/20,image-38,singleton,current_strict,1,1,input_blocked,,,,,
19/20,image-38,singleton,current_partial,1,0,excluded,universal_bound,0,0,0,0
19/20,image-38,singleton,union_strict,1,1,input_blocked,,,,,
19/20,image-38,singleton,union_partial,1,0,excluded,universal_bound,0,0,0,0
19/20,image-39,singleton,exact_projection,1,0,excluded,universal_bound,0,0,0,0
19/20,image-39,singleton,one_edit_per_image,1,0,excluded,universal_bound,0,0,0,0
19/20,image-39,singleton,one_edit_global,1,0,excluded,universal_bound,0,0,0,0
19/20,image-39,singleton,current_strict,1,1,input_blocked,,,,,
19/20,image-39,singleton,current_partial,1,0,excluded,universal_bound,0,0,0,0
19/20,image-39,singleton,union_strict,1,1,input_blocked,,,,,
19/20,image-39,singleton,union_partial,1,0,excluded,universal_bound,0,0,0,0
19/20,image-40,singleton,exact_projection,1,0,excluded,universal_bound,0,0,0,0
19/20,image-40,singleton,one_edit_per_image,1,0,excluded,universal_bound,0,0,0,0
19/20,image-40,singleton,one_edit_global,1,0,excluded,universal_bound,0,0,0,0
19/20,image-40,singleton,current_strict,1,0,excluded,universal_bound,0,0,0,0
19/20,image-40,singleton,current_partial,1,0,excluded,universal_bound,0,0,0,0
19/20,image-40,singleton,union_strict,1,1,input_blocked,,,,,
19/20,image-40,singleton,union_partial,1,0,excluded,universal_bound,0,0,0,0
19/20,image-41,singleton,exact_projection,1,0,excluded,universal_bound,0,0,0,0
19/20,image-41,singleton,one_edit_per_image,1,0,excluded,universal_bound,0,0,0,0
19/20,image-41,singleton,one_edit_global,1,0,excluded,universal_bound,0,0,0,0
19/20,image-41,singleton,current_strict,1,1,input_blocked,,,,,
19/20,image-41,singleton,current_partial,1,0,excluded,universal_bound,0,0,0,0
19/20,image-41,singleton,union_strict,1,1,input_blocked,,,,,
19/20,image-41,singleton,union_partial,1,0,excluded,universal_bound,0,0,0,0
19/20,image-42,singleton,exact_projection,1,0,excluded,universal_bound,0,0,0,0
19/20,image-42,singleton,one_edit_per_image,1,0,excluded,universal_bound,0,0,0,0
19/20,image-42,singleton,one_edit_global,1,0,excluded,universal_bound,0,0,0,0
19/20,image-42,singleton,current_strict,1,0,excluded,universal_bound,0,0,0,0
19/20,image-42,singleton,current_partial,1,0,excluded,universal_bound,0,0,0,0
19/20,image-42,singleton,union_strict,1,1,input_blocked,,,,,
19/20,image-42,singleton,union_partial,1,0,excluded,universal_bound,0,0,0,0
19/20,image-43,singleton,exact_projection,1,0,excluded,universal_bound,0,0,0,0
19/20,image-43,singleton,one_edit_per_image,1,0,excluded,universal_bound,0,0,0,0
19/20,image-43,singleton,one_edit_global,1,0,excluded,universal_bound,0,0,0,0
19/20,image-43,singleton,current_strict,1,1,input_blocked,,,,,
19/20,image-43,singleton,current_partial,1,0,excluded,universal_bound,0,0,0,0
19/20,image-43,singleton,union_strict,1,1,input_blocked,,,,,
19/20,image-43,singleton,union_partial,1,0,excluded,universal_bound,0,0,0,0
19/20,image-44,singleton,exact_projection,1,0,excluded,universal_bound,0,0,0,0
19/20,image-44,singleton,one_edit_per_image,1,0,excluded,universal_bound,0,0,0,0
19/20,image-44,singleton,one_edit_global,1,0,excluded,universal_bound,0,0,0,0
19/20,image-44,singleton,current_strict,1,0,excluded,universal_bound,0,0,0,0
19/20,image-44,singleton,current_partial,1,0,excluded,universal_bound,0,0,0,0
19/20,image-44,singleton,union_strict,1,0,excluded,universal_bound,0,0,0,0
19/20,image-44,singleton,union_partial,1,0,excluded,universal_bound,0,0,0,0
19/20,image-45,singleton,exact_projection,1,0,excluded,universal_bound,0,0,0,0
19/20,image-45,singleton,one_edit_per_image,1,0,excluded,universal_bound,0,0,0,0
19/20,image-45,singleton,one_edit_global,1,0,excluded,universal_bound,0,0,0,0
19/20,image-45,singleton,current_strict,1,1,input_blocked,,,,,
19/20,image-45,singleton,current_partial,1,0,excluded,universal_bound,0,0,0,0
19/20,image-45,singleton,union_strict,1,1,input_blocked,,,,,
19/20,image-45,singleton,union_partial,1,0,excluded,universal_bound,0,0,0,0
19/20,image-46,singleton,exact_projection,1,0,excluded,universal_bound,0,0,0,0
19/20,image-46,singleton,one_edit_per_image,1,0,excluded,universal_bound,0,0,0,0
19/20,image-46,singleton,one_edit_global,1,0,excluded,universal_bound,0,0,0,0
19/20,image-46,singleton,current_strict,1,0,excluded,universal_bound,0,0,0,0
19/20,image-46,singleton,current_partial,1,0,excluded,universal_bound,0,0,0,0
19/20,image-46,singleton,union_strict,1,1,input_blocked,,,,,
19/20,image-46,singleton,union_partial,1,0,excluded,universal_bound,0,0,0,0
19/20,image-47,singleton,exact_projection,1,0,excluded,universal_bound,0,0,0,0
19/20,image-47,singleton,one_edit_per_image,1,0,excluded,universal_bound,0,0,0,0
19/20,image-47,singleton,one_edit_global,1,0,excluded,universal_bound,0,0,0,0
19/20,image-47,singleton,current_strict,1,0,excluded,universal_bound,0,0,0,0
19/20,image-47,singleton,current_partial,1,0,excluded,universal_bound,0,0,0,0
19/20,image-47,singleton,union_strict,1,0,excluded,universal_bound,0,0,0,0
19/20,image-47,singleton,union_partial,1,0,excluded,universal_bound,0,0,0,0
19/20,image-48,singleton,exact_projection,1,0,excluded,universal_bound,0,0,0,0
19/20,image-48,singleton,one_edit_per_image,1,0,excluded,universal_bound,0,0,0,0
19/20,image-48,singleton,one_edit_global,1,0,excluded,universal_bound,0,0,0,0
19/20,image-48,singleton,current_strict,1,0,excluded,universal_bound,0,0,0,0
19/20,image-48,singleton,current_partial,1,0,excluded,universal_bound,0,0,0,0
19/20,image-48,singleton,union_strict,1,0,excluded,universal_bound,0,0,0,0
19/20,image-48,singleton,union_partial,1,0,excluded,universal_bound,0,0,0,0
19/20,image-49,singleton,exact_projection,1,0,excluded,universal_bound,0,0,0,0
19/20,image-49,singleton,one_edit_per_image,1,0,excluded,universal_bound,0,0,0,0
19/20,image-49,singleton,one_edit_global,1,0,excluded,universal_bound,0,0,0,0
19/20,image-49,singleton,current_strict,1,0,excluded,universal_bound,0,0,0,0
19/20,image-49,singleton,current_partial,1,0,excluded,universal_bound,0,0,0,0
19/20,image-49,singleton,union_strict,1,0,excluded,universal_bound,0,0,0,0
19/20,image-49,singleton,union_partial,1,0,excluded,universal_bound,0,0,0,0
19/20,image-50,singleton,exact_projection,1,0,excluded,universal_bound,0,0,0,0
19/20,image-50,singleton,one_edit_per_image,1,0,excluded,universal_bound,0,0,0,0
19/20,image-50,singleton,one_edit_global,1,0,excluded,universal_bound,0,0,0,0
19/20,image-50,singleton,current_strict,1,0,excluded,universal_bound,0,0,0,0
19/20,image-50,singleton,current_partial,1,0,excluded,universal_bound,0,0,0,0
19/20,image-50,singleton,union_strict,1,0,excluded,universal_bound,0,0,0,0
19/20,image-50,singleton,union_partial,1,0,excluded,universal_bound,0,0,0,0
19/20,image-51,singleton,exact_projection,1,0,excluded,universal_bound,0,0,0,0
19/20,image-51,singleton,one_edit_per_image,1,0,excluded,universal_bound,0,0,0,0
19/20,image-51,singleton,one_edit_global,1,0,excluded,universal_bound,0,0,0,0
19/20,image-51,singleton,current_strict,1,0,excluded,universal_bound,0,0,0,0
19/20,image-51,singleton,current_partial,1,0,excluded,universal_bound,0,0,0,0
19/20,image-51,singleton,union_strict,1,0,excluded,universal_bound,0,0,0,0
19/20,image-51,singleton,union_partial,1,0,excluded,universal_bound,0,0,0,0
19/20,image-52,singleton,exact_projection,1,0,excluded,universal_bound,0,0,0,0
19/20,image-52,singleton,one_edit_per_image,1,0,excluded,universal_bound,0,0,0,0
19/20,image-52,singleton,one_edit_global,1,0,excluded,universal_bound,0,0,0,0
19/20,image-52,singleton,current_strict,1,1,input_blocked,,,,,
19/20,image-52,singleton,current_partial,1,0,excluded,universal_bound,0,0,0,0
19/20,image-52,singleton,union_strict,1,1,input_blocked,,,,,
19/20,image-52,singleton,union_partial,1,0,excluded,universal_bound,0,0,0,0
19/20,image-53,singleton,exact_projection,1,0,excluded,universal_bound,0,0,0,0
19/20,image-53,singleton,one_edit_per_image,1,0,excluded,universal_bound,0,0,0,0
19/20,image-53,singleton,one_edit_global,1,0,excluded,universal_bound,0,0,0,0
19/20,image-53,singleton,current_strict,1,0,excluded,universal_bound,0,0,0,0
19/20,image-53,singleton,current_partial,1,0,excluded,universal_bound,0,0,0,0
19/20,image-53,singleton,union_strict,1,0,excluded,universal_bound,0,0,0,0
19/20,image-53,singleton,union_partial,1,0,excluded,universal_bound,0,0,0,0
19/20,image-54,singleton,exact_projection,1,0,excluded,universal_bound,0,0,0,0
19/20,image-54,singleton,one_edit_per_image,1,0,excluded,universal_bound,0,0,0,0
19/20,image-54,singleton,one_edit_global,1,0,excluded,universal_bound,0,0,0,0
19/20,image-54,singleton,current_strict,1,1,input_blocked,,,,,
19/20,image-54,singleton,current_partial,1,0,excluded,universal_bound,0,0,0,0
19/20,image-54,singleton,union_strict,1,1,input_blocked,,,,,
19/20,image-54,singleton,union_partial,1,0,excluded,universal_bound,0,0,0,0
19/20,image-55,singleton,exact_projection,1,0,excluded,universal_bound,0,0,0,0
19/20,image-55,singleton,one_edit_per_image,1,0,excluded,universal_bound,0,0,0,0
19/20,image-55,singleton,one_edit_global,1,0,excluded,universal_bound,0,0,0,0
19/20,image-55,singleton,current_strict,1,1,input_blocked,,,,,
19/20,image-55,singleton,current_partial,1,0,excluded,universal_bound,0,0,0,0
19/20,image-55,singleton,union_strict,1,1,input_blocked,,,,,
19/20,image-55,singleton,union_partial,1,0,excluded,universal_bound,0,0,0,0
19/20,image-56,singleton,exact_projection,1,0,excluded,universal_bound,0,0,0,0
19/20,image-56,singleton,one_edit_per_image,1,0,excluded,universal_bound,0,0,0,0
19/20,image-56,singleton,one_edit_global,1,0,excluded,universal_bound,0,0,0,0
19/20,image-56,singleton,current_strict,1,0,excluded,universal_bound,0,0,0,0
19/20,image-56,singleton,current_partial,1,0,excluded,universal_bound,0,0,0,0
19/20,image-56,singleton,union_strict,1,0,excluded,universal_bound,0,0,0,0
19/20,image-56,singleton,union_partial,1,0,excluded,universal_bound,0,0,0,0
19/20,image-57,singleton,exact_projection,1,0,excluded,universal_bound,0,0,0,0
19/20,image-57,singleton,one_edit_per_image,1,0,excluded,universal_bound,0,0,0,0
19/20,image-57,singleton,one_edit_global,1,0,excluded,universal_bound,0,0,0,0
19/20,image-57,singleton,current_strict,1,1,input_blocked,,,,,
19/20,image-57,singleton,current_partial,1,0,excluded,universal_bound,0,0,0,0
19/20,image-57,singleton,union_strict,1,1,input_blocked,,,,,
19/20,image-57,singleton,union_partial,1,0,excluded,universal_bound,0,0,0,0
19/20,image-58,singleton,exact_projection,1,0,excluded,universal_bound,0,0,0,0
19/20,image-58,singleton,one_edit_per_image,1,0,excluded,universal_bound,0,0,0,0
19/20,image-58,singleton,one_edit_global,1,0,excluded,universal_bound,0,0,0,0
19/20,image-58,singleton,current_strict,1,0,excluded,universal_bound,0,0,0,0
19/20,image-58,singleton,current_partial,1,0,excluded,universal_bound,0,0,0,0
19/20,image-58,singleton,union_strict,1,0,excluded,universal_bound,0,0,0,0
19/20,image-58,singleton,union_partial,1,0,excluded,universal_bound,0,0,0,0
19/20,image-59,singleton,exact_projection,1,0,excluded,universal_bound,0,0,0,0
19/20,image-59,singleton,one_edit_per_image,1,0,excluded,universal_bound,0,0,0,0
19/20,image-59,singleton,one_edit_global,1,0,excluded,universal_bound,0,0,0,0
19/20,image-59,singleton,current_strict,1,1,input_blocked,,,,,
19/20,image-59,singleton,current_partial,1,0,excluded,universal_bound,0,0,0,0
19/20,image-59,singleton,union_strict,1,1,input_blocked,,,,,
19/20,image-59,singleton,union_partial,1,0,excluded,universal_bound,0,0,0,0
19/20,image-60,singleton,exact_projection,1,0,excluded,universal_bound,0,0,0,0
19/20,image-60,singleton,one_edit_per_image,1,0,excluded,universal_bound,0,0,0,0
19/20,image-60,singleton,one_edit_global,1,0,excluded,universal_bound,0,0,0,0
19/20,image-60,singleton,current_strict,1,0,excluded,universal_bound,0,0,0,0
19/20,image-60,singleton,current_partial,1,0,excluded,universal_bound,0,0,0,0
19/20,image-60,singleton,union_strict,1,1,input_blocked,,,,,
19/20,image-60,singleton,union_partial,1,0,excluded,universal_bound,0,0,0,0
19/20,image-61,singleton,exact_projection,1,0,excluded,universal_bound,0,0,0,0
19/20,image-61,singleton,one_edit_per_image,1,0,excluded,universal_bound,0,0,0,0
19/20,image-61,singleton,one_edit_global,1,0,excluded,universal_bound,0,0,0,0
19/20,image-61,singleton,current_strict,1,1,input_blocked,,,,,
19/20,image-61,singleton,current_partial,1,0,excluded,universal_bound,0,0,0,0
19/20,image-61,singleton,union_strict,1,1,input_blocked,,,,,
19/20,image-61,singleton,union_partial,1,0,excluded,universal_bound,0,0,0,0
19/20,image-62,singleton,exact_projection,1,0,excluded,universal_bound,0,0,0,0
19/20,image-62,singleton,one_edit_per_image,1,0,excluded,universal_bound,0,0,0,0
19/20,image-62,singleton,one_edit_global,1,0,excluded,universal_bound,0,0,0,0
19/20,image-62,singleton,current_strict,1,1,input_blocked,,,,,
19/20,image-62,singleton,current_partial,1,0,excluded,universal_bound,0,0,0,0
19/20,image-62,singleton,union_strict,1,1,input_blocked,,,,,
19/20,image-62,singleton,union_partial,1,1,input_blocked,,,,,
19/20,image-63,singleton,exact_projection,1,0,excluded,universal_bound,0,0,0,0
19/20,image-63,singleton,one_edit_per_image,1,0,excluded,universal_bound,0,0,0,0
19/20,image-63,singleton,one_edit_global,1,0,excluded,universal_bound,0,0,0,0
19/20,image-63,singleton,current_strict,1,0,excluded,universal_bound,0,0,0,0
19/20,image-63,singleton,current_partial,1,0,excluded,universal_bound,0,0,0,0
19/20,image-63,singleton,union_strict,1,0,excluded,universal_bound,0,0,0,0
19/20,image-63,singleton,union_partial,1,0,excluded,universal_bound,0,0,0,0
19/20,block-00,block,exact_projection,8,0,excluded,universal_bound,0,0,0,0
19/20,block-00,block,one_edit_per_image,8,0,excluded,universal_bound,0,0,0,0
19/20,block-00,block,one_edit_global,8,0,excluded,universal_bound,0,0,0,0
19/20,block-00,block,current_strict,8,0,excluded,universal_bound,0,0,0,0
19/20,block-00,block,current_partial,8,0,excluded,universal_bound,0,0,0,0
19/20,block-00,block,union_strict,8,2,input_blocked,,,,,
19/20,block-00,block,union_partial,8,0,excluded,universal_bound,0,0,0,0
19/20,block-01,block,exact_projection,8,0,excluded,universal_bound,0,0,0,0
19/20,block-01,block,one_edit_per_image,8,0,excluded,universal_bound,0,0,0,0
19/20,block-01,block,one_edit_global,8,0,excluded,universal_bound,0,0,0,0
19/20,block-01,block,current_strict,8,4,input_blocked,,,,,
19/20,block-01,block,current_partial,8,0,excluded,universal_bound,0,0,0,0
19/20,block-01,block,union_strict,8,5,input_blocked,,,,,
19/20,block-01,block,union_partial,8,0,excluded,universal_bound,0,0,0,0
19/20,block-02,block,exact_projection,8,0,excluded,universal_bound,0,0,0,0
19/20,block-02,block,one_edit_per_image,8,0,excluded,universal_bound,0,0,0,0
19/20,block-02,block,one_edit_global,8,0,excluded,universal_bound,0,0,0,0
19/20,block-02,block,current_strict,8,2,input_blocked,,,,,
19/20,block-02,block,current_partial,8,0,excluded,universal_bound,0,0,0,0
19/20,block-02,block,union_strict,8,4,input_blocked,,,,,
19/20,block-02,block,union_partial,8,0,excluded,universal_bound,0,0,0,0
19/20,block-03,block,exact_projection,8,0,excluded,universal_bound,0,0,0,0
19/20,block-03,block,one_edit_per_image,8,0,excluded,universal_bound,0,0,0,0
19/20,block-03,block,one_edit_global,8,0,excluded,universal_bound,0,0,0,0
19/20,block-03,block,current_strict,8,5,input_blocked,,,,,
19/20,block-03,block,current_partial,8,0,excluded,universal_bound,0,0,0,0
19/20,block-03,block,union_strict,8,6,input_blocked,,,,,
19/20,block-03,block,union_partial,8,0,excluded,universal_bound,0,0,0,0
19/20,block-04,block,exact_projection,8,0,excluded,universal_bound,0,0,0,0
19/20,block-04,block,one_edit_per_image,8,0,excluded,universal_bound,0,0,0,0
19/20,block-04,block,one_edit_global,8,0,excluded,universal_bound,0,0,0,0
19/20,block-04,block,current_strict,8,4,input_blocked,,,,,
19/20,block-04,block,current_partial,8,0,excluded,universal_bound,0,0,0,0
19/20,block-04,block,union_strict,8,5,input_blocked,,,,,
19/20,block-04,block,union_partial,8,0,excluded,universal_bound,0,0,0,0
19/20,block-05,block,exact_projection,8,0,excluded,universal_bound,0,0,0,0
19/20,block-05,block,one_edit_per_image,8,0,excluded,universal_bound,0,0,0,0
19/20,block-05,block,one_edit_global,8,0,excluded,universal_bound,0,0,0,0
19/20,block-05,block,current_strict,8,3,input_blocked,,,,,
19/20,block-05,block,current_partial,8,0,excluded,universal_bound,0,0,0,0
19/20,block-05,block,union_strict,8,6,input_blocked,,,,,
19/20,block-05,block,union_partial,8,0,excluded,universal_bound,0,0,0,0
19/20,block-06,block,exact_projection,8,0,excluded,universal_bound,0,0,0,0
19/20,block-06,block,one_edit_per_image,8,0,excluded,universal_bound,0,0,0,0
19/20,block-06,block,one_edit_global,8,0,excluded,universal_bound,0,0,0,0
19/20,block-06,block,current_strict,8,3,input_blocked,,,,,
19/20,block-06,block,current_partial,8,0,excluded,universal_bound,0,0,0,0
19/20,block-06,block,union_strict,8,3,input_blocked,,,,,
19/20,block-06,block,union_partial,8,0,excluded,universal_bound,0,0,0,0
19/20,block-07,block,exact_projection,8,0,excluded,universal_bound,0,0,0,0
19/20,block-07,block,one_edit_per_image,8,0,excluded,universal_bound,0,0,0,0
19/20,block-07,block,one_edit_global,8,0,excluded,universal_bound,0,0,0,0
19/20,block-07,block,current_strict,8,4,input_blocked,,,,,
19/20,block-07,block,current_partial,8,0,excluded,universal_bound,0,0,0,0
19/20,block-07,block,union_strict,8,5,input_blocked,,,,,
19/20,block-07,block,union_partial,8,1,input_blocked,,,,,
19/20,all-64,primary,exact_projection,64,0,excluded,universal_bound,0,0,0,0
19/20,all-64,primary,one_edit_per_image,64,0,excluded,universal_bound,0,0,0,0
19/20,all-64,primary,one_edit_global,64,0,excluded,universal_bound,0,0,0,0
19/20,all-64,primary,current_strict,64,25,input_blocked,,,,,
19/20,all-64,primary,current_partial,64,0,excluded,universal_bound,0,0,0,0
19/20,all-64,primary,union_strict,64,36,input_blocked,,,,,
19/20,all-64,primary,union_partial,64,1,input_blocked,,,,,
1,image-00,singleton,exact_projection,1,0,excluded,universal_bound,0,0,0,0
1,image-00,singleton,one_edit_per_image,1,0,excluded,universal_bound,0,0,0,0
1,image-00,singleton,one_edit_global,1,0,excluded,universal_bound,0,0,0,0
1,image-00,singleton,current_strict,1,0,excluded,universal_bound,0,0,0,0
1,image-00,singleton,current_partial,1,0,excluded,universal_bound,0,0,0,0
1,image-00,singleton,union_strict,1,0,excluded,universal_bound,0,0,0,0
1,image-00,singleton,union_partial,1,0,excluded,universal_bound,0,0,0,0
1,image-01,singleton,exact_projection,1,0,excluded,universal_bound,0,0,0,0
1,image-01,singleton,one_edit_per_image,1,0,excluded,universal_bound,0,0,0,0
1,image-01,singleton,one_edit_global,1,0,excluded,universal_bound,0,0,0,0
1,image-01,singleton,current_strict,1,0,excluded,universal_bound,0,0,0,0
1,image-01,singleton,current_partial,1,0,excluded,universal_bound,0,0,0,0
1,image-01,singleton,union_strict,1,0,excluded,universal_bound,0,0,0,0
1,image-01,singleton,union_partial,1,0,excluded,universal_bound,0,0,0,0
1,image-02,singleton,exact_projection,1,0,excluded,universal_bound,0,0,0,0
1,image-02,singleton,one_edit_per_image,1,0,excluded,universal_bound,0,0,0,0
1,image-02,singleton,one_edit_global,1,0,excluded,universal_bound,0,0,0,0
1,image-02,singleton,current_strict,1,0,excluded,universal_bound,0,0,0,0
1,image-02,singleton,current_partial,1,0,excluded,universal_bound,0,0,0,0
1,image-02,singleton,union_strict,1,0,excluded,universal_bound,0,0,0,0
1,image-02,singleton,union_partial,1,0,excluded,universal_bound,0,0,0,0
1,image-03,singleton,exact_projection,1,0,excluded,universal_bound,0,0,0,0
1,image-03,singleton,one_edit_per_image,1,0,excluded,universal_bound,0,0,0,0
1,image-03,singleton,one_edit_global,1,0,excluded,universal_bound,0,0,0,0
1,image-03,singleton,current_strict,1,0,excluded,universal_bound,0,0,0,0
1,image-03,singleton,current_partial,1,0,excluded,universal_bound,0,0,0,0
1,image-03,singleton,union_strict,1,0,excluded,universal_bound,0,0,0,0
1,image-03,singleton,union_partial,1,0,excluded,universal_bound,0,0,0,0
1,image-04,singleton,exact_projection,1,0,excluded,universal_bound,0,0,0,0
1,image-04,singleton,one_edit_per_image,1,0,excluded,universal_bound,0,0,0,0
1,image-04,singleton,one_edit_global,1,0,excluded,universal_bound,0,0,0,0
1,image-04,singleton,current_strict,1,0,excluded,universal_bound,0,0,0,0
1,image-04,singleton,current_partial,1,0,excluded,universal_bound,0,0,0,0
1,image-04,singleton,union_strict,1,1,input_blocked,,,,,
1,image-04,singleton,union_partial,1,0,excluded,universal_bound,0,0,0,0
1,image-05,singleton,exact_projection,1,0,excluded,universal_bound,0,0,0,0
1,image-05,singleton,one_edit_per_image,1,0,excluded,universal_bound,0,0,0,0
1,image-05,singleton,one_edit_global,1,0,excluded,universal_bound,0,0,0,0
1,image-05,singleton,current_strict,1,0,excluded,universal_bound,0,0,0,0
1,image-05,singleton,current_partial,1,0,excluded,universal_bound,0,0,0,0
1,image-05,singleton,union_strict,1,1,input_blocked,,,,,
1,image-05,singleton,union_partial,1,0,excluded,universal_bound,0,0,0,0
1,image-06,singleton,exact_projection,1,0,excluded,universal_bound,0,0,0,0
1,image-06,singleton,one_edit_per_image,1,0,excluded,universal_bound,0,0,0,0
1,image-06,singleton,one_edit_global,1,0,excluded,universal_bound,0,0,0,0
1,image-06,singleton,current_strict,1,0,excluded,universal_bound,0,0,0,0
1,image-06,singleton,current_partial,1,0,excluded,universal_bound,0,0,0,0
1,image-06,singleton,union_strict,1,0,excluded,universal_bound,0,0,0,0
1,image-06,singleton,union_partial,1,0,excluded,universal_bound,0,0,0,0
1,image-07,singleton,exact_projection,1,0,excluded,universal_bound,0,0,0,0
1,image-07,singleton,one_edit_per_image,1,0,excluded,universal_bound,0,0,0,0
1,image-07,singleton,one_edit_global,1,0,excluded,universal_bound,0,0,0,0
1,image-07,singleton,current_strict,1,0,excluded,universal_bound,0,0,0,0
1,image-07,singleton,current_partial,1,0,excluded,universal_bound,0,0,0,0
1,image-07,singleton,union_strict,1,0,excluded,universal_bound,0,0,0,0
1,image-07,singleton,union_partial,1,0,excluded,universal_bound,0,0,0,0
1,image-08,singleton,exact_projection,1,0,excluded,universal_bound,0,0,0,0
1,image-08,singleton,one_edit_per_image,1,0,excluded,universal_bound,0,0,0,0
1,image-08,singleton,one_edit_global,1,0,excluded,universal_bound,0,0,0,0
1,image-08,singleton,current_strict,1,0,excluded,universal_bound,0,0,0,0
1,image-08,singleton,current_partial,1,0,excluded,universal_bound,0,0,0,0
1,image-08,singleton,union_strict,1,1,input_blocked,,,,,
1,image-08,singleton,union_partial,1,0,excluded,universal_bound,0,0,0,0
1,image-09,singleton,exact_projection,1,0,excluded,universal_bound,0,0,0,0
1,image-09,singleton,one_edit_per_image,1,0,excluded,universal_bound,0,0,0,0
1,image-09,singleton,one_edit_global,1,0,excluded,universal_bound,0,0,0,0
1,image-09,singleton,current_strict,1,1,input_blocked,,,,,
1,image-09,singleton,current_partial,1,0,excluded,universal_bound,0,0,0,0
1,image-09,singleton,union_strict,1,1,input_blocked,,,,,
1,image-09,singleton,union_partial,1,0,excluded,universal_bound,0,0,0,0
1,image-10,singleton,exact_projection,1,0,excluded,universal_bound,0,0,0,0
1,image-10,singleton,one_edit_per_image,1,0,excluded,universal_bound,0,0,0,0
1,image-10,singleton,one_edit_global,1,0,excluded,universal_bound,0,0,0,0
1,image-10,singleton,current_strict,1,0,excluded,universal_bound,0,0,0,0
1,image-10,singleton,current_partial,1,0,excluded,universal_bound,0,0,0,0
1,image-10,singleton,union_strict,1,0,excluded,universal_bound,0,0,0,0
1,image-10,singleton,union_partial,1,0,excluded,universal_bound,0,0,0,0
1,image-11,singleton,exact_projection,1,0,excluded,universal_bound,0,0,0,0
1,image-11,singleton,one_edit_per_image,1,0,excluded,universal_bound,0,0,0,0
1,image-11,singleton,one_edit_global,1,0,excluded,universal_bound,0,0,0,0
1,image-11,singleton,current_strict,1,1,input_blocked,,,,,
1,image-11,singleton,current_partial,1,0,excluded,universal_bound,0,0,0,0
1,image-11,singleton,union_strict,1,1,input_blocked,,,,,
1,image-11,singleton,union_partial,1,0,excluded,universal_bound,0,0,0,0
1,image-12,singleton,exact_projection,1,0,excluded,universal_bound,0,0,0,0
1,image-12,singleton,one_edit_per_image,1,0,excluded,universal_bound,0,0,0,0
1,image-12,singleton,one_edit_global,1,0,excluded,universal_bound,0,0,0,0
1,image-12,singleton,current_strict,1,0,excluded,universal_bound,0,0,0,0
1,image-12,singleton,current_partial,1,0,excluded,universal_bound,0,0,0,0
1,image-12,singleton,union_strict,1,0,excluded,universal_bound,0,0,0,0
1,image-12,singleton,union_partial,1,0,excluded,universal_bound,0,0,0,0
1,image-13,singleton,exact_projection,1,0,excluded,universal_bound,0,0,0,0
1,image-13,singleton,one_edit_per_image,1,0,excluded,universal_bound,0,0,0,0
1,image-13,singleton,one_edit_global,1,0,excluded,universal_bound,0,0,0,0
1,image-13,singleton,current_strict,1,1,input_blocked,,,,,
1,image-13,singleton,current_partial,1,0,excluded,universal_bound,0,0,0,0
1,image-13,singleton,union_strict,1,1,input_blocked,,,,,
1,image-13,singleton,union_partial,1,0,excluded,universal_bound,0,0,0,0
1,image-14,singleton,exact_projection,1,0,excluded,universal_bound,0,0,0,0
1,image-14,singleton,one_edit_per_image,1,0,excluded,universal_bound,0,0,0,0
1,image-14,singleton,one_edit_global,1,0,excluded,universal_bound,0,0,0,0
1,image-14,singleton,current_strict,1,1,input_blocked,,,,,
1,image-14,singleton,current_partial,1,0,excluded,universal_bound,0,0,0,0
1,image-14,singleton,union_strict,1,1,input_blocked,,,,,
1,image-14,singleton,union_partial,1,0,excluded,universal_bound,0,0,0,0
1,image-15,singleton,exact_projection,1,0,excluded,universal_bound,0,0,0,0
1,image-15,singleton,one_edit_per_image,1,0,excluded,universal_bound,0,0,0,0
1,image-15,singleton,one_edit_global,1,0,excluded,universal_bound,0,0,0,0
1,image-15,singleton,current_strict,1,0,excluded,universal_bound,0,0,0,0
1,image-15,singleton,current_partial,1,0,excluded,universal_bound,0,0,0,0
1,image-15,singleton,union_strict,1,0,excluded,universal_bound,0,0,0,0
1,image-15,singleton,union_partial,1,0,excluded,universal_bound,0,0,0,0
1,image-16,singleton,exact_projection,1,0,excluded,universal_bound,0,0,0,0
1,image-16,singleton,one_edit_per_image,1,0,excluded,universal_bound,0,0,0,0
1,image-16,singleton,one_edit_global,1,0,excluded,universal_bound,0,0,0,0
1,image-16,singleton,current_strict,1,0,excluded,universal_bound,0,0,0,0
1,image-16,singleton,current_partial,1,0,excluded,universal_bound,0,0,0,0
1,image-16,singleton,union_strict,1,0,excluded,universal_bound,0,0,0,0
1,image-16,singleton,union_partial,1,0,excluded,universal_bound,0,0,0,0
1,image-17,singleton,exact_projection,1,0,excluded,universal_bound,0,0,0,0
1,image-17,singleton,one_edit_per_image,1,0,excluded,universal_bound,0,0,0,0
1,image-17,singleton,one_edit_global,1,0,excluded,universal_bound,0,0,0,0
1,image-17,singleton,current_strict,1,0,excluded,universal_bound,0,0,0,0
1,image-17,singleton,current_partial,1,0,excluded,universal_bound,0,0,0,0
1,image-17,singleton,union_strict,1,0,excluded,universal_bound,0,0,0,0
1,image-17,singleton,union_partial,1,0,excluded,universal_bound,0,0,0,0
1,image-18,singleton,exact_projection,1,0,excluded,universal_bound,0,0,0,0
1,image-18,singleton,one_edit_per_image,1,0,excluded,universal_bound,0,0,0,0
1,image-18,singleton,one_edit_global,1,0,excluded,universal_bound,0,0,0,0
1,image-18,singleton,current_strict,1,1,input_blocked,,,,,
1,image-18,singleton,current_partial,1,0,excluded,universal_bound,0,0,0,0
1,image-18,singleton,union_strict,1,1,input_blocked,,,,,
1,image-18,singleton,union_partial,1,0,excluded,universal_bound,0,0,0,0
1,image-19,singleton,exact_projection,1,0,excluded,universal_bound,0,0,0,0
1,image-19,singleton,one_edit_per_image,1,0,excluded,universal_bound,0,0,0,0
1,image-19,singleton,one_edit_global,1,0,excluded,universal_bound,0,0,0,0
1,image-19,singleton,current_strict,1,0,excluded,universal_bound,0,0,0,0
1,image-19,singleton,current_partial,1,0,excluded,universal_bound,0,0,0,0
1,image-19,singleton,union_strict,1,0,excluded,universal_bound,0,0,0,0
1,image-19,singleton,union_partial,1,0,excluded,universal_bound,0,0,0,0
1,image-20,singleton,exact_projection,1,0,excluded,universal_bound,0,0,0,0
1,image-20,singleton,one_edit_per_image,1,0,excluded,universal_bound,0,0,0,0
1,image-20,singleton,one_edit_global,1,0,excluded,universal_bound,0,0,0,0
1,image-20,singleton,current_strict,1,0,excluded,universal_bound,0,0,0,0
1,image-20,singleton,current_partial,1,0,excluded,universal_bound,0,0,0,0
1,image-20,singleton,union_strict,1,0,excluded,universal_bound,0,0,0,0
1,image-20,singleton,union_partial,1,0,excluded,universal_bound,0,0,0,0
1,image-21,singleton,exact_projection,1,0,excluded,universal_bound,0,0,0,0
1,image-21,singleton,one_edit_per_image,1,0,excluded,universal_bound,0,0,0,0
1,image-21,singleton,one_edit_global,1,0,excluded,universal_bound,0,0,0,0
1,image-21,singleton,current_strict,1,0,excluded,universal_bound,0,0,0,0
1,image-21,singleton,current_partial,1,0,excluded,universal_bound,0,0,0,0
1,image-21,singleton,union_strict,1,1,input_blocked,,,,,
1,image-21,singleton,union_partial,1,0,excluded,universal_bound,0,0,0,0
1,image-22,singleton,exact_projection,1,0,excluded,universal_bound,0,0,0,0
1,image-22,singleton,one_edit_per_image,1,0,excluded,universal_bound,0,0,0,0
1,image-22,singleton,one_edit_global,1,0,excluded,universal_bound,0,0,0,0
1,image-22,singleton,current_strict,1,1,input_blocked,,,,,
1,image-22,singleton,current_partial,1,0,excluded,universal_bound,0,0,0,0
1,image-22,singleton,union_strict,1,1,input_blocked,,,,,
1,image-22,singleton,union_partial,1,0,excluded,universal_bound,0,0,0,0
1,image-23,singleton,exact_projection,1,0,excluded,universal_bound,0,0,0,0
1,image-23,singleton,one_edit_per_image,1,0,excluded,universal_bound,0,0,0,0
1,image-23,singleton,one_edit_global,1,0,excluded,universal_bound,0,0,0,0
1,image-23,singleton,current_strict,1,0,excluded,universal_bound,0,0,0,0
1,image-23,singleton,current_partial,1,0,excluded,universal_bound,0,0,0,0
1,image-23,singleton,union_strict,1,1,input_blocked,,,,,
1,image-23,singleton,union_partial,1,0,excluded,universal_bound,0,0,0,0
1,image-24,singleton,exact_projection,1,0,excluded,universal_bound,0,0,0,0
1,image-24,singleton,one_edit_per_image,1,0,excluded,universal_bound,0,0,0,0
1,image-24,singleton,one_edit_global,1,0,excluded,universal_bound,0,0,0,0
1,image-24,singleton,current_strict,1,0,excluded,universal_bound,0,0,0,0
1,image-24,singleton,current_partial,1,0,excluded,universal_bound,0,0,0,0
1,image-24,singleton,union_strict,1,0,excluded,universal_bound,0,0,0,0
1,image-24,singleton,union_partial,1,0,excluded,universal_bound,0,0,0,0
1,image-25,singleton,exact_projection,1,0,excluded,universal_bound,0,0,0,0
1,image-25,singleton,one_edit_per_image,1,0,excluded,universal_bound,0,0,0,0
1,image-25,singleton,one_edit_global,1,0,excluded,universal_bound,0,0,0,0
1,image-25,singleton,current_strict,1,0,excluded,universal_bound,0,0,0,0
1,image-25,singleton,current_partial,1,0,excluded,universal_bound,0,0,0,0
1,image-25,singleton,union_strict,1,1,input_blocked,,,,,
1,image-25,singleton,union_partial,1,0,excluded,universal_bound,0,0,0,0
1,image-26,singleton,exact_projection,1,0,excluded,universal_bound,0,0,0,0
1,image-26,singleton,one_edit_per_image,1,0,excluded,universal_bound,0,0,0,0
1,image-26,singleton,one_edit_global,1,0,excluded,universal_bound,0,0,0,0
1,image-26,singleton,current_strict,1,0,excluded,universal_bound,0,0,0,0
1,image-26,singleton,current_partial,1,0,excluded,universal_bound,0,0,0,0
1,image-26,singleton,union_strict,1,0,excluded,universal_bound,0,0,0,0
1,image-26,singleton,union_partial,1,0,excluded,universal_bound,0,0,0,0
1,image-27,singleton,exact_projection,1,0,excluded,universal_bound,0,0,0,0
1,image-27,singleton,one_edit_per_image,1,0,excluded,universal_bound,0,0,0,0
1,image-27,singleton,one_edit_global,1,0,excluded,universal_bound,0,0,0,0
1,image-27,singleton,current_strict,1,1,input_blocked,,,,,
1,image-27,singleton,current_partial,1,0,excluded,universal_bound,0,0,0,0
1,image-27,singleton,union_strict,1,1,input_blocked,,,,,
1,image-27,singleton,union_partial,1,0,excluded,universal_bound,0,0,0,0
1,image-28,singleton,exact_projection,1,0,excluded,universal_bound,0,0,0,0
1,image-28,singleton,one_edit_per_image,1,0,excluded,universal_bound,0,0,0,0
1,image-28,singleton,one_edit_global,1,0,excluded,universal_bound,0,0,0,0
1,image-28,singleton,current_strict,1,1,input_blocked,,,,,
1,image-28,singleton,current_partial,1,0,excluded,universal_bound,0,0,0,0
1,image-28,singleton,union_strict,1,1,input_blocked,,,,,
1,image-28,singleton,union_partial,1,0,excluded,universal_bound,0,0,0,0
1,image-29,singleton,exact_projection,1,0,excluded,universal_bound,0,0,0,0
1,image-29,singleton,one_edit_per_image,1,0,excluded,universal_bound,0,0,0,0
1,image-29,singleton,one_edit_global,1,0,excluded,universal_bound,0,0,0,0
1,image-29,singleton,current_strict,1,1,input_blocked,,,,,
1,image-29,singleton,current_partial,1,0,excluded,universal_bound,0,0,0,0
1,image-29,singleton,union_strict,1,1,input_blocked,,,,,
1,image-29,singleton,union_partial,1,0,excluded,universal_bound,0,0,0,0
1,image-30,singleton,exact_projection,1,0,excluded,universal_bound,0,0,0,0
1,image-30,singleton,one_edit_per_image,1,0,excluded,universal_bound,0,0,0,0
1,image-30,singleton,one_edit_global,1,0,excluded,universal_bound,0,0,0,0
1,image-30,singleton,current_strict,1,1,input_blocked,,,,,
1,image-30,singleton,current_partial,1,0,excluded,universal_bound,0,0,0,0
1,image-30,singleton,union_strict,1,1,input_blocked,,,,,
1,image-30,singleton,union_partial,1,0,excluded,universal_bound,0,0,0,0
1,image-31,singleton,exact_projection,1,0,excluded,universal_bound,0,0,0,0
1,image-31,singleton,one_edit_per_image,1,0,excluded,universal_bound,0,0,0,0
1,image-31,singleton,one_edit_global,1,0,excluded,universal_bound,0,0,0,0
1,image-31,singleton,current_strict,1,1,input_blocked,,,,,
1,image-31,singleton,current_partial,1,0,excluded,universal_bound,0,0,0,0
1,image-31,singleton,union_strict,1,1,input_blocked,,,,,
1,image-31,singleton,union_partial,1,0,excluded,universal_bound,0,0,0,0
1,image-32,singleton,exact_projection,1,0,excluded,universal_bound,0,0,0,0
1,image-32,singleton,one_edit_per_image,1,0,excluded,universal_bound,0,0,0,0
1,image-32,singleton,one_edit_global,1,0,excluded,universal_bound,0,0,0,0
1,image-32,singleton,current_strict,1,0,excluded,universal_bound,0,0,0,0
1,image-32,singleton,current_partial,1,0,excluded,universal_bound,0,0,0,0
1,image-32,singleton,union_strict,1,0,excluded,universal_bound,0,0,0,0
1,image-32,singleton,union_partial,1,0,excluded,universal_bound,0,0,0,0
1,image-33,singleton,exact_projection,1,0,excluded,universal_bound,0,0,0,0
1,image-33,singleton,one_edit_per_image,1,0,excluded,universal_bound,0,0,0,0
1,image-33,singleton,one_edit_global,1,0,excluded,universal_bound,0,0,0,0
1,image-33,singleton,current_strict,1,1,input_blocked,,,,,
1,image-33,singleton,current_partial,1,0,excluded,universal_bound,0,0,0,0
1,image-33,singleton,union_strict,1,1,input_blocked,,,,,
1,image-33,singleton,union_partial,1,0,excluded,universal_bound,0,0,0,0
1,image-34,singleton,exact_projection,1,0,excluded,universal_bound,0,0,0,0
1,image-34,singleton,one_edit_per_image,1,0,excluded,universal_bound,0,0,0,0
1,image-34,singleton,one_edit_global,1,0,excluded,universal_bound,0,0,0,0
1,image-34,singleton,current_strict,1,0,excluded,universal_bound,0,0,0,0
1,image-34,singleton,current_partial,1,0,excluded,universal_bound,0,0,0,0
1,image-34,singleton,union_strict,1,1,input_blocked,,,,,
1,image-34,singleton,union_partial,1,0,excluded,universal_bound,0,0,0,0
1,image-35,singleton,exact_projection,1,0,excluded,universal_bound,0,0,0,0
1,image-35,singleton,one_edit_per_image,1,0,excluded,universal_bound,0,0,0,0
1,image-35,singleton,one_edit_global,1,0,excluded,universal_bound,0,0,0,0
1,image-35,singleton,current_strict,1,0,excluded,universal_bound,0,0,0,0
1,image-35,singleton,current_partial,1,0,excluded,universal_bound,0,0,0,0
1,image-35,singleton,union_strict,1,0,excluded,universal_bound,0,0,0,0
1,image-35,singleton,union_partial,1,0,excluded,universal_bound,0,0,0,0
1,image-36,singleton,exact_projection,1,0,excluded,universal_bound,0,0,0,0
1,image-36,singleton,one_edit_per_image,1,0,excluded,universal_bound,0,0,0,0
1,image-36,singleton,one_edit_global,1,0,excluded,universal_bound,0,0,0,0
1,image-36,singleton,current_strict,1,0,excluded,universal_bound,0,0,0,0
1,image-36,singleton,current_partial,1,0,excluded,universal_bound,0,0,0,0
1,image-36,singleton,union_strict,1,0,excluded,universal_bound,0,0,0,0
1,image-36,singleton,union_partial,1,0,excluded,universal_bound,0,0,0,0
1,image-37,singleton,exact_projection,1,0,excluded,universal_bound,0,0,0,0
1,image-37,singleton,one_edit_per_image,1,0,excluded,universal_bound,0,0,0,0
1,image-37,singleton,one_edit_global,1,0,excluded,universal_bound,0,0,0,0
1,image-37,singleton,current_strict,1,1,input_blocked,,,,,
1,image-37,singleton,current_partial,1,0,excluded,universal_bound,0,0,0,0
1,image-37,singleton,union_strict,1,1,input_blocked,,,,,
1,image-37,singleton,union_partial,1,0,excluded,universal_bound,0,0,0,0
1,image-38,singleton,exact_projection,1,0,excluded,universal_bound,0,0,0,0
1,image-38,singleton,one_edit_per_image,1,0,excluded,universal_bound,0,0,0,0
1,image-38,singleton,one_edit_global,1,0,excluded,universal_bound,0,0,0,0
1,image-38,singleton,current_strict,1,1,input_blocked,,,,,
1,image-38,singleton,current_partial,1,0,excluded,universal_bound,0,0,0,0
1,image-38,singleton,union_strict,1,1,input_blocked,,,,,
1,image-38,singleton,union_partial,1,0,excluded,universal_bound,0,0,0,0
1,image-39,singleton,exact_projection,1,0,excluded,universal_bound,0,0,0,0
1,image-39,singleton,one_edit_per_image,1,0,excluded,universal_bound,0,0,0,0
1,image-39,singleton,one_edit_global,1,0,excluded,universal_bound,0,0,0,0
1,image-39,singleton,current_strict,1,1,input_blocked,,,,,
1,image-39,singleton,current_partial,1,0,excluded,universal_bound,0,0,0,0
1,image-39,singleton,union_strict,1,1,input_blocked,,,,,
1,image-39,singleton,union_partial,1,0,excluded,universal_bound,0,0,0,0
1,image-40,singleton,exact_projection,1,0,excluded,universal_bound,0,0,0,0
1,image-40,singleton,one_edit_per_image,1,0,excluded,universal_bound,0,0,0,0
1,image-40,singleton,one_edit_global,1,0,excluded,universal_bound,0,0,0,0
1,image-40,singleton,current_strict,1,0,excluded,universal_bound,0,0,0,0
1,image-40,singleton,current_partial,1,0,excluded,universal_bound,0,0,0,0
1,image-40,singleton,union_strict,1,1,input_blocked,,,,,
1,image-40,singleton,union_partial,1,0,excluded,universal_bound,0,0,0,0
1,image-41,singleton,exact_projection,1,0,excluded,universal_bound,0,0,0,0
1,image-41,singleton,one_edit_per_image,1,0,excluded,universal_bound,0,0,0,0
1,image-41,singleton,one_edit_global,1,0,excluded,universal_bound,0,0,0,0
1,image-41,singleton,current_strict,1,1,input_blocked,,,,,
1,image-41,singleton,current_partial,1,0,excluded,universal_bound,0,0,0,0
1,image-41,singleton,union_strict,1,1,input_blocked,,,,,
1,image-41,singleton,union_partial,1,0,excluded,universal_bound,0,0,0,0
1,image-42,singleton,exact_projection,1,0,excluded,universal_bound,0,0,0,0
1,image-42,singleton,one_edit_per_image,1,0,excluded,universal_bound,0,0,0,0
1,image-42,singleton,one_edit_global,1,0,excluded,universal_bound,0,0,0,0
1,image-42,singleton,current_strict,1,0,excluded,universal_bound,0,0,0,0
1,image-42,singleton,current_partial,1,0,excluded,universal_bound,0,0,0,0
1,image-42,singleton,union_strict,1,1,input_blocked,,,,,
1,image-42,singleton,union_partial,1,0,excluded,universal_bound,0,0,0,0
1,image-43,singleton,exact_projection,1,0,excluded,universal_bound,0,0,0,0
1,image-43,singleton,one_edit_per_image,1,0,excluded,universal_bound,0,0,0,0
1,image-43,singleton,one_edit_global,1,0,excluded,universal_bound,0,0,0,0
1,image-43,singleton,current_strict,1,1,input_blocked,,,,,
1,image-43,singleton,current_partial,1,0,excluded,universal_bound,0,0,0,0
1,image-43,singleton,union_strict,1,1,input_blocked,,,,,
1,image-43,singleton,union_partial,1,0,excluded,universal_bound,0,0,0,0
1,image-44,singleton,exact_projection,1,0,excluded,universal_bound,0,0,0,0
1,image-44,singleton,one_edit_per_image,1,0,excluded,universal_bound,0,0,0,0
1,image-44,singleton,one_edit_global,1,0,excluded,universal_bound,0,0,0,0
1,image-44,singleton,current_strict,1,0,excluded,universal_bound,0,0,0,0
1,image-44,singleton,current_partial,1,0,excluded,universal_bound,0,0,0,0
1,image-44,singleton,union_strict,1,0,excluded,universal_bound,0,0,0,0
1,image-44,singleton,union_partial,1,0,excluded,universal_bound,0,0,0,0
1,image-45,singleton,exact_projection,1,0,excluded,universal_bound,0,0,0,0
1,image-45,singleton,one_edit_per_image,1,0,excluded,universal_bound,0,0,0,0
1,image-45,singleton,one_edit_global,1,0,excluded,universal_bound,0,0,0,0
1,image-45,singleton,current_strict,1,1,input_blocked,,,,,
1,image-45,singleton,current_partial,1,0,excluded,universal_bound,0,0,0,0
1,image-45,singleton,union_strict,1,1,input_blocked,,,,,
1,image-45,singleton,union_partial,1,0,excluded,universal_bound,0,0,0,0
1,image-46,singleton,exact_projection,1,0,excluded,universal_bound,0,0,0,0
1,image-46,singleton,one_edit_per_image,1,0,excluded,universal_bound,0,0,0,0
1,image-46,singleton,one_edit_global,1,0,excluded,universal_bound,0,0,0,0
1,image-46,singleton,current_strict,1,0,excluded,universal_bound,0,0,0,0
1,image-46,singleton,current_partial,1,0,excluded,universal_bound,0,0,0,0
1,image-46,singleton,union_strict,1,1,input_blocked,,,,,
1,image-46,singleton,union_partial,1,0,excluded,universal_bound,0,0,0,0
1,image-47,singleton,exact_projection,1,0,excluded,universal_bound,0,0,0,0
1,image-47,singleton,one_edit_per_image,1,0,excluded,universal_bound,0,0,0,0
1,image-47,singleton,one_edit_global,1,0,excluded,universal_bound,0,0,0,0
1,image-47,singleton,current_strict,1,0,excluded,universal_bound,0,0,0,0
1,image-47,singleton,current_partial,1,0,excluded,universal_bound,0,0,0,0
1,image-47,singleton,union_strict,1,0,excluded,universal_bound,0,0,0,0
1,image-47,singleton,union_partial,1,0,excluded,universal_bound,0,0,0,0
1,image-48,singleton,exact_projection,1,0,excluded,universal_bound,0,0,0,0
1,image-48,singleton,one_edit_per_image,1,0,excluded,universal_bound,0,0,0,0
1,image-48,singleton,one_edit_global,1,0,excluded,universal_bound,0,0,0,0
1,image-48,singleton,current_strict,1,0,excluded,universal_bound,0,0,0,0
1,image-48,singleton,current_partial,1,0,excluded,universal_bound,0,0,0,0
1,image-48,singleton,union_strict,1,0,excluded,universal_bound,0,0,0,0
1,image-48,singleton,union_partial,1,0,excluded,universal_bound,0,0,0,0
1,image-49,singleton,exact_projection,1,0,excluded,universal_bound,0,0,0,0
1,image-49,singleton,one_edit_per_image,1,0,excluded,universal_bound,0,0,0,0
1,image-49,singleton,one_edit_global,1,0,excluded,universal_bound,0,0,0,0
1,image-49,singleton,current_strict,1,0,excluded,universal_bound,0,0,0,0
1,image-49,singleton,current_partial,1,0,excluded,universal_bound,0,0,0,0
1,image-49,singleton,union_strict,1,0,excluded,universal_bound,0,0,0,0
1,image-49,singleton,union_partial,1,0,excluded,universal_bound,0,0,0,0
1,image-50,singleton,exact_projection,1,0,excluded,universal_bound,0,0,0,0
1,image-50,singleton,one_edit_per_image,1,0,excluded,universal_bound,0,0,0,0
1,image-50,singleton,one_edit_global,1,0,excluded,universal_bound,0,0,0,0
1,image-50,singleton,current_strict,1,0,excluded,universal_bound,0,0,0,0
1,image-50,singleton,current_partial,1,0,excluded,universal_bound,0,0,0,0
1,image-50,singleton,union_strict,1,0,excluded,universal_bound,0,0,0,0
1,image-50,singleton,union_partial,1,0,excluded,universal_bound,0,0,0,0
1,image-51,singleton,exact_projection,1,0,excluded,universal_bound,0,0,0,0
1,image-51,singleton,one_edit_per_image,1,0,excluded,universal_bound,0,0,0,0
1,image-51,singleton,one_edit_global,1,0,excluded,universal_bound,0,0,0,0
1,image-51,singleton,current_strict,1,0,excluded,universal_bound,0,0,0,0
1,image-51,singleton,current_partial,1,0,excluded,universal_bound,0,0,0,0
1,image-51,singleton,union_strict,1,0,excluded,universal_bound,0,0,0,0
1,image-51,singleton,union_partial,1,0,excluded,universal_bound,0,0,0,0
1,image-52,singleton,exact_projection,1,0,excluded,universal_bound,0,0,0,0
1,image-52,singleton,one_edit_per_image,1,0,excluded,universal_bound,0,0,0,0
1,image-52,singleton,one_edit_global,1,0,excluded,universal_bound,0,0,0,0
1,image-52,singleton,current_strict,1,1,input_blocked,,,,,
1,image-52,singleton,current_partial,1,0,excluded,universal_bound,0,0,0,0
1,image-52,singleton,union_strict,1,1,input_blocked,,,,,
1,image-52,singleton,union_partial,1,0,excluded,universal_bound,0,0,0,0
1,image-53,singleton,exact_projection,1,0,excluded,universal_bound,0,0,0,0
1,image-53,singleton,one_edit_per_image,1,0,excluded,universal_bound,0,0,0,0
1,image-53,singleton,one_edit_global,1,0,excluded,universal_bound,0,0,0,0
1,image-53,singleton,current_strict,1,0,excluded,universal_bound,0,0,0,0
1,image-53,singleton,current_partial,1,0,excluded,universal_bound,0,0,0,0
1,image-53,singleton,union_strict,1,0,excluded,universal_bound,0,0,0,0
1,image-53,singleton,union_partial,1,0,excluded,universal_bound,0,0,0,0
1,image-54,singleton,exact_projection,1,0,excluded,universal_bound,0,0,0,0
1,image-54,singleton,one_edit_per_image,1,0,excluded,universal_bound,0,0,0,0
1,image-54,singleton,one_edit_global,1,0,excluded,universal_bound,0,0,0,0
1,image-54,singleton,current_strict,1,1,input_blocked,,,,,
1,image-54,singleton,current_partial,1,0,excluded,universal_bound,0,0,0,0
1,image-54,singleton,union_strict,1,1,input_blocked,,,,,
1,image-54,singleton,union_partial,1,0,excluded,universal_bound,0,0,0,0
1,image-55,singleton,exact_projection,1,0,excluded,universal_bound,0,0,0,0
1,image-55,singleton,one_edit_per_image,1,0,excluded,universal_bound,0,0,0,0
1,image-55,singleton,one_edit_global,1,0,excluded,universal_bound,0,0,0,0
1,image-55,singleton,current_strict,1,1,input_blocked,,,,,
1,image-55,singleton,current_partial,1,0,excluded,universal_bound,0,0,0,0
1,image-55,singleton,union_strict,1,1,input_blocked,,,,,
1,image-55,singleton,union_partial,1,0,excluded,universal_bound,0,0,0,0
1,image-56,singleton,exact_projection,1,0,excluded,universal_bound,0,0,0,0
1,image-56,singleton,one_edit_per_image,1,0,excluded,universal_bound,0,0,0,0
1,image-56,singleton,one_edit_global,1,0,excluded,universal_bound,0,0,0,0
1,image-56,singleton,current_strict,1,0,excluded,universal_bound,0,0,0,0
1,image-56,singleton,current_partial,1,0,excluded,universal_bound,0,0,0,0
1,image-56,singleton,union_strict,1,0,excluded,universal_bound,0,0,0,0
1,image-56,singleton,union_partial,1,0,excluded,universal_bound,0,0,0,0
1,image-57,singleton,exact_projection,1,0,excluded,universal_bound,0,0,0,0
1,image-57,singleton,one_edit_per_image,1,0,excluded,universal_bound,0,0,0,0
1,image-57,singleton,one_edit_global,1,0,excluded,universal_bound,0,0,0,0
1,image-57,singleton,current_strict,1,1,input_blocked,,,,,
1,image-57,singleton,current_partial,1,0,excluded,universal_bound,0,0,0,0
1,image-57,singleton,union_strict,1,1,input_blocked,,,,,
1,image-57,singleton,union_partial,1,0,excluded,universal_bound,0,0,0,0
1,image-58,singleton,exact_projection,1,0,excluded,universal_bound,0,0,0,0
1,image-58,singleton,one_edit_per_image,1,0,excluded,universal_bound,0,0,0,0
1,image-58,singleton,one_edit_global,1,0,excluded,universal_bound,0,0,0,0
1,image-58,singleton,current_strict,1,0,excluded,universal_bound,0,0,0,0
1,image-58,singleton,current_partial,1,0,excluded,universal_bound,0,0,0,0
1,image-58,singleton,union_strict,1,0,excluded,universal_bound,0,0,0,0
1,image-58,singleton,union_partial,1,0,excluded,universal_bound,0,0,0,0
1,image-59,singleton,exact_projection,1,0,excluded,universal_bound,0,0,0,0
1,image-59,singleton,one_edit_per_image,1,0,excluded,universal_bound,0,0,0,0
1,image-59,singleton,one_edit_global,1,0,excluded,universal_bound,0,0,0,0
1,image-59,singleton,current_strict,1,1,input_blocked,,,,,
1,image-59,singleton,current_partial,1,0,excluded,universal_bound,0,0,0,0
1,image-59,singleton,union_strict,1,1,input_blocked,,,,,
1,image-59,singleton,union_partial,1,0,excluded,universal_bound,0,0,0,0
1,image-60,singleton,exact_projection,1,0,excluded,universal_bound,0,0,0,0
1,image-60,singleton,one_edit_per_image,1,0,excluded,universal_bound,0,0,0,0
1,image-60,singleton,one_edit_global,1,0,excluded,universal_bound,0,0,0,0
1,image-60,singleton,current_strict,1,0,excluded,universal_bound,0,0,0,0
1,image-60,singleton,current_partial,1,0,excluded,universal_bound,0,0,0,0
1,image-60,singleton,union_strict,1,1,input_blocked,,,,,
1,image-60,singleton,union_partial,1,0,excluded,universal_bound,0,0,0,0
1,image-61,singleton,exact_projection,1,0,excluded,universal_bound,0,0,0,0
1,image-61,singleton,one_edit_per_image,1,0,excluded,universal_bound,0,0,0,0
1,image-61,singleton,one_edit_global,1,0,excluded,universal_bound,0,0,0,0
1,image-61,singleton,current_strict,1,1,input_blocked,,,,,
1,image-61,singleton,current_partial,1,0,excluded,universal_bound,0,0,0,0
1,image-61,singleton,union_strict,1,1,input_blocked,,,,,
1,image-61,singleton,union_partial,1,0,excluded,universal_bound,0,0,0,0
1,image-62,singleton,exact_projection,1,0,excluded,universal_bound,0,0,0,0
1,image-62,singleton,one_edit_per_image,1,0,excluded,universal_bound,0,0,0,0
1,image-62,singleton,one_edit_global,1,0,excluded,universal_bound,0,0,0,0
1,image-62,singleton,current_strict,1,1,input_blocked,,,,,
1,image-62,singleton,current_partial,1,0,excluded,universal_bound,0,0,0,0
1,image-62,singleton,union_strict,1,1,input_blocked,,,,,
1,image-62,singleton,union_partial,1,1,input_blocked,,,,,
1,image-63,singleton,exact_projection,1,0,excluded,universal_bound,0,0,0,0
1,image-63,singleton,one_edit_per_image,1,0,excluded,universal_bound,0,0,0,0
1,image-63,singleton,one_edit_global,1,0,excluded,universal_bound,0,0,0,0
1,image-63,singleton,current_strict,1,0,excluded,universal_bound,0,0,0,0
1,image-63,singleton,current_partial,1,0,excluded,universal_bound,0,0,0,0
1,image-63,singleton,union_strict,1,0,excluded,universal_bound,0,0,0,0
1,image-63,singleton,union_partial,1,0,excluded,universal_bound,0,0,0,0
1,block-00,block,exact_projection,8,0,excluded,universal_bound,0,0,0,0
1,block-00,block,one_edit_per_image,8,0,excluded,universal_bound,0,0,0,0
1,block-00,block,one_edit_global,8,0,excluded,universal_bound,0,0,0,0
1,block-00,block,current_strict,8,0,excluded,universal_bound,0,0,0,0
1,block-00,block,current_partial,8,0,excluded,universal_bound,0,0,0,0
1,block-00,block,union_strict,8,2,input_blocked,,,,,
1,block-00,block,union_partial,8,0,excluded,universal_bound,0,0,0,0
1,block-01,block,exact_projection,8,0,excluded,universal_bound,0,0,0,0
1,block-01,block,one_edit_per_image,8,0,excluded,universal_bound,0,0,0,0
1,block-01,block,one_edit_global,8,0,excluded,universal_bound,0,0,0,0
1,block-01,block,current_strict,8,4,input_blocked,,,,,
1,block-01,block,current_partial,8,0,excluded,universal_bound,0,0,0,0
1,block-01,block,union_strict,8,5,input_blocked,,,,,
1,block-01,block,union_partial,8,0,excluded,universal_bound,0,0,0,0
1,block-02,block,exact_projection,8,0,excluded,universal_bound,0,0,0,0
1,block-02,block,one_edit_per_image,8,0,excluded,universal_bound,0,0,0,0
1,block-02,block,one_edit_global,8,0,excluded,universal_bound,0,0,0,0
1,block-02,block,current_strict,8,2,input_blocked,,,,,
1,block-02,block,current_partial,8,0,excluded,universal_bound,0,0,0,0
1,block-02,block,union_strict,8,4,input_blocked,,,,,
1,block-02,block,union_partial,8,0,excluded,universal_bound,0,0,0,0
1,block-03,block,exact_projection,8,0,excluded,universal_bound,0,0,0,0
1,block-03,block,one_edit_per_image,8,0,excluded,universal_bound,0,0,0,0
1,block-03,block,one_edit_global,8,0,excluded,universal_bound,0,0,0,0
1,block-03,block,current_strict,8,5,input_blocked,,,,,
1,block-03,block,current_partial,8,0,excluded,universal_bound,0,0,0,0
1,block-03,block,union_strict,8,6,input_blocked,,,,,
1,block-03,block,union_partial,8,0,excluded,universal_bound,0,0,0,0
1,block-04,block,exact_projection,8,0,excluded,universal_bound,0,0,0,0
1,block-04,block,one_edit_per_image,8,0,excluded,universal_bound,0,0,0,0
1,block-04,block,one_edit_global,8,0,excluded,universal_bound,0,0,0,0
1,block-04,block,current_strict,8,4,input_blocked,,,,,
1,block-04,block,current_partial,8,0,excluded,universal_bound,0,0,0,0
1,block-04,block,union_strict,8,5,input_blocked,,,,,
1,block-04,block,union_partial,8,0,excluded,universal_bound,0,0,0,0
1,block-05,block,exact_projection,8,0,excluded,universal_bound,0,0,0,0
1,block-05,block,one_edit_per_image,8,0,excluded,universal_bound,0,0,0,0
1,block-05,block,one_edit_global,8,0,excluded,universal_bound,0,0,0,0
1,block-05,block,current_strict,8,3,input_blocked,,,,,
1,block-05,block,current_partial,8,0,excluded,universal_bound,0,0,0,0
1,block-05,block,union_strict,8,6,input_blocked,,,,,
1,block-05,block,union_partial,8,0,excluded,universal_bound,0,0,0,0
1,block-06,block,exact_projection,8,0,excluded,universal_bound,0,0,0,0
1,block-06,block,one_edit_per_image,8,0,excluded,universal_bound,0,0,0,0
1,block-06,block,one_edit_global,8,0,excluded,universal_bound,0,0,0,0
1,block-06,block,current_strict,8,3,input_blocked,,,,,
1,block-06,block,current_partial,8,0,excluded,universal_bound,0,0,0,0
1,block-06,block,union_strict,8,3,input_blocked,,,,,
1,block-06,block,union_partial,8,0,excluded,universal_bound,0,0,0,0
1,block-07,block,exact_projection,8,0,excluded,universal_bound,0,0,0,0
1,block-07,block,one_edit_per_image,8,0,excluded,universal_bound,0,0,0,0
1,block-07,block,one_edit_global,8,0,excluded,universal_bound,0,0,0,0
1,block-07,block,current_strict,8,4,input_blocked,,,,,
1,block-07,block,current_partial,8,0,excluded,universal_bound,0,0,0,0
1,block-07,block,union_strict,8,5,input_blocked,,,,,
1,block-07,block,union_partial,8,1,input_blocked,,,,,
1,all-64,primary,exact_projection,64,0,excluded,universal_bound,0,0,0,0
1,all-64,primary,one_edit_per_image,64,0,excluded,universal_bound,0,0,0,0
1,all-64,primary,one_edit_global,64,0,excluded,universal_bound,0,0,0,0
1,all-64,primary,current_strict,64,25,input_blocked,,,,,
1,all-64,primary,current_partial,64,0,excluded,universal_bound,0,0,0,0
1,all-64,primary,union_strict,64,36,input_blocked,,,,,
1,all-64,primary,union_partial,64,1,input_blocked,,,,,
