cell_id,threshold_left,threshold_right,left_closed,right_closed,case_id,group,family,allocated_images,blocked_image_count,decision,evidence,mean_lower,mean_upper,attained_lower,attained_upper
cell-0000,1/4,2529367506504059/10000000000000000,True,False,all-64,primary,exact_projection,64,0,supported,universal_bound,37/64,37/64,37/64,37/64
cell-0000,1/4,2529367506504059/10000000000000000,True,False,all-64,primary,one_edit_per_image,64,0,unresolved,opposite_worlds,-89/64,173/64,-89/64,173/64
cell-0000,1/4,2529367506504059/10000000000000000,True,False,all-64,primary,one_edit_global,64,0,supported,universal_bound,33/64,41/64,33/64,41/64
cell-0000,1/4,2529367506504059/10000000000000000,True,False,all-64,primary,current_strict,64,25,input_blocked,,,,,
cell-0000,1/4,2529367506504059/10000000000000000,True,False,all-64,primary,current_partial,64,0,unresolved,opposite_worlds,-43/64,99/64,-27/64,73/64
cell-0000,1/4,2529367506504059/10000000000000000,True,False,all-64,primary,union_strict,64,36,input_blocked,,,,,
cell-0000,1/4,2529367506504059/10000000000000000,True,False,all-64,primary,union_partial,64,1,input_blocked,,,,,
cell-0001,2529367506504059/10000000000000000,5101383924484253/20000000000000000,True,False,all-64,primary,exact_projection,64,0,supported,universal_bound,9/16,9/16,9/16,9/16
cell-0001,2529367506504059/10000000000000000,5101383924484253/20000000000000000,True,False,all-64,primary,one_edit_per_image,64,0,unresolved,opposite_worlds,-45/32,87/32,-45/32,43/16
cell-0001,2529367506504059/10000000000000000,5101383924484253/20000000000000000,True,False,all-64,primary,one_edit_global,64,0,supported,universal_bound,1/2,5/8,1/2,5/8
cell-0001,2529367506504059/10000000000000000,5101383924484253/20000000000000000,True,False,all-64,primary,current_strict,64,25,input_blocked,,,,,
cell-0001,2529367506504059/10000000000000000,5101383924484253/20000000000000000,True,False,all-64,primary,current_partial,64,0,unresolved,opposite_worlds,-11/16,49/32,-7/16,9/8
cell-0001,2529367506504059/10000000000000000,5101383924484253/20000000000000000,True,False,all-64,primary,union_strict,64,36,input_blocked,,,,,
cell-0001,2529367506504059/10000000000000000,5101383924484253/20000000000000000,True,False,all-64,primary,union_partial,64,1,input_blocked,,,,,
cell-0002,5101383924484253/20000000000000000,5124431848526001/20000000000000000,True,False,all-64,primary,exact_projection,64,0,supported,universal_bound,35/64,35/64,35/64,35/64
cell-0002,5101383924484253/20000000000000000,5124431848526001/20000000000000000,True,False,all-64,primary,one_edit_per_image,64,0,unresolved,opposite_worlds,-91/64,173/64,-91/64,171/64
cell-0002,5101383924484253/20000000000000000,5124431848526001/20000000000000000,True,False,all-64,primary,one_edit_global,64,0,supported,universal_bound,31/64,39/64,31/64,39/64
cell-0002,5101383924484253/20000000000000000,5124431848526001/20000000000000000,True,False,all-64,primary,current_strict,64,25,input_blocked,,,,,
cell-0002,5101383924484253/20000000000000000,5124431848526001/20000000000000000,True,False,all-64,primary,current_partial,64,0,unresolved,opposite_worlds,-45/64,97/64,-29/64,71/64
cell-0002,5101383924484253/20000000000000000,5124431848526001/20000000000000000,True,False,all-64,primary,union_strict,64,36,input_blocked,,,,,
cell-0002,5101383924484253/20000000000000000,5124431848526001/20000000000000000,True,False,all-64,primary,union_partial,64,1,input_blocked,,,,,
cell-0003,5124431848526001/20000000000000000,1283547282218933/5000000000000000,True,False,all-64,primary,exact_projection,64,0,supported,universal_bound,9/16,9/16,9/16,9/16
cell-0003,5124431848526001/20000000000000000,1283547282218933/5000000000000000,True,False,all-64,primary,one_edit_per_image,64,0,unresolved,opposite_worlds,-45/32,87/32,-45/32,43/16
cell-0003,5124431848526001/20000000000000000,1283547282218933/5000000000000000,True,False,all-64,primary,one_edit_global,64,0,supported,universal_bound,1/2,5/8,1/2,5/8
cell-0003,5124431848526001/20000000000000000,1283547282218933/5000000000000000,True,False,all-64,primary,current_strict,64,25,input_blocked,,,,,
cell-0003,5124431848526001/20000000000000000,1283547282218933/5000000000000000,True,False,all-64,primary,current_partial,64,0,unresolved,opposite_worlds,-11/16,49/32,-7/16,9/8
cell-0003,5124431848526001/20000000000000000,1283547282218933/5000000000000000,True,False,all-64,primary,union_strict,64,36,input_blocked,,,,,
cell-0003,5124431848526001/20000000000000000,1283547282218933/5000000000000000,True,False,all-64,primary,union_partial,64,1,input_blocked,,,,,
cell-0004,1283547282218933/5000000000000000,25780555605888367/100000000000000000,True,False,all-64,primary,exact_projection,64,0,supported,universal_bound,35/64,35/64,35/64,35/64
cell-0004,1283547282218933/5000000000000000,25780555605888367/100000000000000000,True,False,all-64,primary,one_edit_per_image,64,0,unresolved,opposite_worlds,-91/64,173/64,-91/64,171/64
cell-0004,1283547282218933/5000000000000000,25780555605888367/100000000000000000,True,False,all-64,primary,one_edit_global,64,0,supported,universal_bound,31/64,39/64,31/64,39/64
cell-0004,1283547282218933/5000000000000000,25780555605888367/100000000000000000,True,False,all-64,primary,current_strict,64,25,input_blocked,,,,,
cell-0004,1283547282218933/5000000000000000,25780555605888367/100000000000000000,True,False,all-64,primary,current_partial,64,0,unresolved,opposite_worlds,-45/64,97/64,-29/64,71/64
cell-0004,1283547282218933/5000000000000000,25780555605888367/100000000000000000,True,False,all-64,primary,union_strict,64,36,input_blocked,,,,,
cell-0004,1283547282218933/5000000000000000,25780555605888367/100000000000000000,True,False,all-64,primary,union_partial,64,1,input_blocked,,,,,
cell-0005,25780555605888367/100000000000000000,5180201530456543/20000000000000000,True,False,all-64,primary,exact_projection,64,0,supported,universal_bound,17/32,17/32,17/32,17/32
cell-0005,25780555605888367/100000000000000000,5180201530456543/20000000000000000,True,False,all-64,primary,one_edit_per_image,64,0,unresolved,opposite_worlds,-23/16,43/16,-23/16,85/32
cell-0005,25780555605888367/100000000000000000,5180201530456543/20000000000000000,True,False,all-64,primary,one_edit_global,64,0,supported,universal_bound,15/32,19/32,15/32,19/32
cell-0005,25780555605888367/100000000000000000,5180201530456543/20000000000000000,True,False,all-64,primary,current_strict,64,25,input_blocked,,,,,
cell-0005,25780555605888367/100000000000000000,5180201530456543/20000000000000000,True,False,all-64,primary,current_partial,64,0,unresolved,opposite_worlds,-23/32,3/2,-15/32,35/32
cell-0005,25780555605888367/100000000000000000,5180201530456543/20000000000000000,True,False,all-64,primary,union_strict,64,36,input_blocked,,,,,
cell-0005,25780555605888367/100000000000000000,5180201530456543/20000000000000000,True,False,all-64,primary,union_partial,64,1,input_blocked,,,,,
cell-0006,5180201530456543/20000000000000000,80978749319911/312500000000000,True,False,all-64,primary,exact_projection,64,0,supported,universal_bound,33/64,33/64,33/64,33/64
cell-0006,5180201530456543/20000000000000000,80978749319911/312500000000000,True,False,all-64,primary,one_edit_per_image,64,0,unresolved,opposite_worlds,-93/64,171/64,-93/64,169/64
cell-0006,5180201530456543/20000000000000000,80978749319911/312500000000000,True,False,all-64,primary,one_edit_global,64,0,supported,universal_bound,29/64,37/64,29/64,37/64
cell-0006,5180201530456543/20000000000000000,80978749319911/312500000000000,True,False,all-64,primary,current_strict,64,25,input_blocked,,,,,
cell-0006,5180201530456543/20000000000000000,80978749319911/312500000000000,True,False,all-64,primary,current_partial,64,0,unresolved,opposite_worlds,-47/64,95/64,-31/64,69/64
cell-0006,5180201530456543/20000000000000000,80978749319911/312500000000000,True,False,all-64,primary,union_strict,64,36,input_blocked,,,,,
cell-0006,5180201530456543/20000000000000000,80978749319911/312500000000000,True,False,all-64,primary,union_partial,64,1,input_blocked,,,,,
cell-0007,80978749319911/312500000000000,12961438298225403/50000000000000000,True,False,all-64,primary,exact_projection,64,0,supported,universal_bound,1/2,1/2,1/2,1/2
cell-0007,80978749319911/312500000000000,12961438298225403/50000000000000000,True,False,all-64,primary,one_edit_per_image,64,0,unresolved,opposite_worlds,-47/32,85/32,-23/16,21/8
cell-0007,80978749319911/312500000000000,12961438298225403/50000000000000000,True,False,all-64,primary,one_edit_global,64,0,supported,universal_bound,7/16,9/16,7/16,9/16
cell-0007,80978749319911/312500000000000,12961438298225403/50000000000000000,True,False,all-64,primary,current_strict,64,25,input_blocked,,,,,
cell-0007,80978749319911/312500000000000,12961438298225403/50000000000000000,True,False,all-64,primary,current_partial,64,0,unresolved,opposite_worlds,-3/4,47/32,-1/2,17/16
cell-0007,80978749319911/312500000000000,12961438298225403/50000000000000000,True,False,all-64,primary,union_strict,64,36,input_blocked,,,,,
cell-0007,80978749319911/312500000000000,12961438298225403/50000000000000000,True,False,all-64,primary,union_partial,64,1,input_blocked,,,,,
cell-0008,12961438298225403/50000000000000000,5200362205505371/20000000000000000,True,False,all-64,primary,exact_projection,64,0,supported,universal_bound,33/64,33/64,33/64,33/64
cell-0008,12961438298225403/50000000000000000,5200362205505371/20000000000000000,True,False,all-64,primary,one_edit_per_image,64,0,unresolved,opposite_worlds,-93/64,171/64,-91/64,167/64
cell-0008,12961438298225403/50000000000000000,5200362205505371/20000000000000000,True,False,all-64,primary,one_edit_global,64,0,supported,universal_bound,29/64,37/64,29/64,37/64
cell-0008,12961438298225403/50000000000000000,5200362205505371/20000000000000000,True,False,all-64,primary,current_strict,64,25,input_blocked,,,,,
cell-0008,12961438298225403/50000000000000000,5200362205505371/20000000000000000,True,False,all-64,primary,current_partial,64,0,unresolved,opposite_worlds,-47/64,95/64,-31/64,69/64
cell-0008,12961438298225403/50000000000000000,5200362205505371/20000000000000000,True,False,all-64,primary,union_strict,64,36,input_blocked,,,,,
cell-0008,12961438298225403/50000000000000000,5200362205505371/20000000000000000,True,False,all-64,primary,union_partial,64,1,input_blocked,,,,,
cell-0009,5200362205505371/20000000000000000,13021649420261383/50000000000000000,True,False,all-64,primary,exact_projection,64,0,supported,universal_bound,17/32,17/32,17/32,17/32
cell-0009,5200362205505371/20000000000000000,13021649420261383/50000000000000000,True,False,all-64,primary,one_edit_per_image,64,0,unresolved,opposite_worlds,-23/16,43/16,-45/32,21/8
cell-0009,5200362205505371/20000000000000000,13021649420261383/50000000000000000,True,False,all-64,primary,one_edit_global,64,0,supported,universal_bound,15/32,19/32,15/32,19/32
cell-0009,5200362205505371/20000000000000000,13021649420261383/50000000000000000,True,False,all-64,primary,current_strict,64,25,input_blocked,,,,,
cell-0009,5200362205505371/20000000000000000,13021649420261383/50000000000000000,True,False,all-64,primary,current_partial,64,0,unresolved,opposite_worlds,-23/32,3/2,-15/32,35/32
cell-0009,5200362205505371/20000000000000000,13021649420261383/50000000000000000,True,False,all-64,primary,union_strict,64,36,input_blocked,,,,,
cell-0009,5200362205505371/20000000000000000,13021649420261383/50000000000000000,True,False,all-64,primary,union_partial,64,1,input_blocked,,,,,
cell-0010,13021649420261383/50000000000000000,1305423527956009/5000000000000000,True,False,all-64,primary,exact_projection,64,0,supported,universal_bound,33/64,33/64,33/64,33/64
cell-0010,13021649420261383/50000000000000000,1305423527956009/5000000000000000,True,False,all-64,primary,one_edit_per_image,64,0,unresolved,opposite_worlds,-93/64,171/64,-91/64,167/64
cell-0010,13021649420261383/50000000000000000,1305423527956009/5000000000000000,True,False,all-64,primary,one_edit_global,64,0,supported,universal_bound,29/64,37/64,29/64,37/64
cell-0010,13021649420261383/50000000000000000,1305423527956009/5000000000000000,True,False,all-64,primary,current_strict,64,25,input_blocked,,,,,
cell-0010,13021649420261383/50000000000000000,1305423527956009/5000000000000000,True,False,all-64,primary,current_partial,64,0,unresolved,opposite_worlds,-47/64,95/64,-31/64,69/64
cell-0010,13021649420261383/50000000000000000,1305423527956009/5000000000000000,True,False,all-64,primary,union_strict,64,36,input_blocked,,,,,
cell-0010,13021649420261383/50000000000000000,1305423527956009/5000000000000000,True,False,all-64,primary,union_partial,64,1,input_blocked,,,,,
cell-0011,1305423527956009/5000000000000000,13063758611679077/50000000000000000,True,False,all-64,primary,exact_projection,64,0,supported,universal_bound,1/2,1/2,1/2,1/2
cell-0011,1305423527956009/5000000000000000,13063758611679077/50000000000000000,True,False,all-64,primary,one_edit_per_image,64,0,unresolved,opposite_worlds,-47/32,85/32,-45/32,83/32
cell-0011,1305423527956009/5000000000000000,13063758611679077/50000000000000000,True,False,all-64,primary,one_edit_global,64,0,supported,universal_bound,7/16,9/16,7/16,9/16
cell-0011,1305423527956009/5000000000000000,13063758611679077/50000000000000000,True,False,all-64,primary,current_strict,64,25,input_blocked,,,,,
cell-0011,1305423527956009/5000000000000000,13063758611679077/50000000000000000,True,False,all-64,primary,current_partial,64,0,unresolved,opposite_worlds,-3/4,47/32,-15/32,17/16
cell-0011,1305423527956009/5000000000000000,13063758611679077/50000000000000000,True,False,all-64,primary,union_strict,64,36,input_blocked,,,,,
cell-0011,1305423527956009/5000000000000000,13063758611679077/50000000000000000,True,False,all-64,primary,union_partial,64,1,input_blocked,,,,,
cell-0012,13063758611679077/50000000000000000,13155975937843323/50000000000000000,True,False,all-64,primary,exact_projection,64,0,supported,universal_bound,31/64,31/64,31/64,31/64
cell-0012,13063758611679077/50000000000000000,13155975937843323/50000000000000000,True,False,all-64,primary,one_edit_per_image,64,0,unresolved,opposite_worlds,-95/64,169/64,-89/64,165/64
cell-0012,13063758611679077/50000000000000000,13155975937843323/50000000000000000,True,False,all-64,primary,one_edit_global,64,0,supported,universal_bound,27/64,35/64,27/64,35/64
cell-0012,13063758611679077/50000000000000000,13155975937843323/50000000000000000,True,False,all-64,primary,current_strict,64,25,input_blocked,,,,,
cell-0012,13063758611679077/50000000000000000,13155975937843323/50000000000000000,True,False,all-64,primary,current_partial,64,0,unresolved,opposite_worlds,-49/64,93/64,-31/64,67/64
cell-0012,13063758611679077/50000000000000000,13155975937843323/50000000000000000,True,False,all-64,primary,union_strict,64,36,input_blocked,,,,,
cell-0012,13063758611679077/50000000000000000,13155975937843323/50000000000000000,True,False,all-64,primary,union_partial,64,1,input_blocked,,,,,
cell-0013,13155975937843323/50000000000000000,26400062441825867/100000000000000000,True,False,all-64,primary,exact_projection,64,0,supported,universal_bound,1/2,1/2,1/2,1/2
cell-0013,13155975937843323/50000000000000000,26400062441825867/100000000000000000,True,False,all-64,primary,one_edit_per_image,64,0,unresolved,opposite_worlds,-47/32,85/32,-11/8,41/16
cell-0013,13155975937843323/50000000000000000,26400062441825867/100000000000000000,True,False,all-64,primary,one_edit_global,64,0,supported,universal_bound,7/16,9/16,7/16,9/16
cell-0013,13155975937843323/50000000000000000,26400062441825867/100000000000000000,True,False,all-64,primary,current_strict,64,25,input_blocked,,,,,
cell-0013,13155975937843323/50000000000000000,26400062441825867/100000000000000000,True,False,all-64,primary,current_partial,64,0,unresolved,opposite_worlds,-3/4,47/32,-15/32,17/16
cell-0013,13155975937843323/50000000000000000,26400062441825867/100000000000000000,True,False,all-64,primary,union_strict,64,36,input_blocked,,,,,
cell-0013,13155975937843323/50000000000000000,26400062441825867/100000000000000000,True,False,all-64,primary,union_partial,64,1,input_blocked,,,,,
cell-0014,26400062441825867/100000000000000000,2646734416484833/10000000000000000,True,False,all-64,primary,exact_projection,64,0,supported,universal_bound,31/64,31/64,31/64,31/64
cell-0014,26400062441825867/100000000000000000,2646734416484833/10000000000000000,True,False,all-64,primary,one_edit_per_image,64,0,unresolved,opposite_worlds,-95/64,169/64,-89/64,163/64
cell-0014,26400062441825867/100000000000000000,2646734416484833/10000000000000000,True,False,all-64,primary,one_edit_global,64,0,supported,universal_bound,27/64,35/64,27/64,35/64
cell-0014,26400062441825867/100000000000000000,2646734416484833/10000000000000000,True,False,all-64,primary,current_strict,64,25,input_blocked,,,,,
cell-0014,26400062441825867/100000000000000000,2646734416484833/10000000000000000,True,False,all-64,primary,current_partial,64,0,unresolved,opposite_worlds,-49/64,93/64,-31/64,67/64
cell-0014,26400062441825867/100000000000000000,2646734416484833/10000000000000000,True,False,all-64,primary,union_strict,64,36,input_blocked,,,,,
cell-0014,26400062441825867/100000000000000000,2646734416484833/10000000000000000,True,False,all-64,primary,union_partial,64,1,input_blocked,,,,,
cell-0015,2646734416484833/10000000000000000,2654964029788971/10000000000000000,True,False,all-64,primary,exact_projection,64,0,supported,universal_bound,15/32,15/32,15/32,15/32
cell-0015,2646734416484833/10000000000000000,2654964029788971/10000000000000000,True,False,all-64,primary,one_edit_per_image,64,0,unresolved,opposite_worlds,-3/2,21/8,-45/32,81/32
cell-0015,2646734416484833/10000000000000000,2654964029788971/10000000000000000,True,False,all-64,primary,one_edit_global,64,0,supported,universal_bound,13/32,17/32,13/32,17/32
cell-0015,2646734416484833/10000000000000000,2654964029788971/10000000000000000,True,False,all-64,primary,current_strict,64,25,input_blocked,,,,,
cell-0015,2646734416484833/10000000000000000,2654964029788971/10000000000000000,True,False,all-64,primary,current_partial,64,0,unresolved,opposite_worlds,-3/4,23/16,-15/32,33/32
cell-0015,2646734416484833/10000000000000000,2654964029788971/10000000000000000,True,False,all-64,primary,union_strict,64,36,input_blocked,,,,,
cell-0015,2646734416484833/10000000000000000,2654964029788971/10000000000000000,True,False,all-64,primary,union_partial,64,1,input_blocked,,,,,
cell-0016,2654964029788971/10000000000000000,1334129273891449/5000000000000000,True,False,all-64,primary,exact_projection,64,0,supported,universal_bound,29/64,29/64,29/64,29/64
cell-0016,2654964029788971/10000000000000000,1334129273891449/5000000000000000,True,False,all-64,primary,one_edit_per_image,64,0,unresolved,opposite_worlds,-97/64,167/64,-89/64,161/64
cell-0016,2654964029788971/10000000000000000,1334129273891449/5000000000000000,True,False,all-64,primary,one_edit_global,64,0,supported,universal_bound,25/64,33/64,25/64,33/64
cell-0016,2654964029788971/10000000000000000,1334129273891449/5000000000000000,True,False,all-64,primary,current_strict,64,25,input_blocked,,,,,
cell-0016,2654964029788971/10000000000000000,1334129273891449/5000000000000000,True,False,all-64,primary,current_partial,64,0,unresolved,opposite_worlds,-49/64,91/64,-31/64,65/64
cell-0016,2654964029788971/10000000000000000,1334129273891449/5000000000000000,True,False,all-64,primary,union_strict,64,36,input_blocked,,,,,
cell-0016,2654964029788971/10000000000000000,1334129273891449/5000000000000000,True,False,all-64,primary,union_partial,64,1,input_blocked,,,,,
cell-0017,1334129273891449/5000000000000000,66724494099617/250000000000000,True,False,all-64,primary,exact_projection,64,0,supported,universal_bound,7/16,7/16,7/16,7/16
cell-0017,1334129273891449/5000000000000000,66724494099617/250000000000000,True,False,all-64,primary,one_edit_per_image,64,0,unresolved,opposite_worlds,-49/32,83/32,-45/32,5/2
cell-0017,1334129273891449/5000000000000000,66724494099617/250000000000000,True,False,all-64,primary,one_edit_global,64,0,supported,universal_bound,3/8,1/2,3/8,1/2
cell-0017,1334129273891449/5000000000000000,66724494099617/250000000000000,True,False,all-64,primary,current_strict,64,25,input_blocked,,,,,
cell-0017,1334129273891449/5000000000000000,66724494099617/250000000000000,True,False,all-64,primary,current_partial,64,0,unresolved,opposite_worlds,-25/32,45/32,-1/2,1
cell-0017,1334129273891449/5000000000000000,66724494099617/250000000000000,True,False,all-64,primary,union_strict,64,36,input_blocked,,,,,
cell-0017,1334129273891449/5000000000000000,66724494099617/250000000000000,True,False,all-64,primary,union_partial,64,1,input_blocked,,,,,
cell-0018,66724494099617/250000000000000,2670556604862213/10000000000000000,True,False,all-64,primary,exact_projection,64,0,supported,universal_bound,27/64,27/64,27/64,27/64
cell-0018,66724494099617/250000000000000,2670556604862213/10000000000000000,True,False,all-64,primary,one_edit_per_image,64,0,unresolved,opposite_worlds,-99/64,165/64,-91/64,159/64
cell-0018,66724494099617/250000000000000,2670556604862213/10000000000000000,True,False,all-64,primary,one_edit_global,64,0,supported,universal_bound,23/64,31/64,23/64,31/64
cell-0018,66724494099617/250000000000000,2670556604862213/10000000000000000,True,False,all-64,primary,current_strict,64,25,input_blocked,,,,,
cell-0018,66724494099617/250000000000000,2670556604862213/10000000000000000,True,False,all-64,primary,current_partial,64,0,unresolved,opposite_worlds,-51/64,89/64,-31/64,63/64
cell-0018,66724494099617/250000000000000,2670556604862213/10000000000000000,True,False,all-64,primary,union_strict,64,36,input_blocked,,,,,
cell-0018,66724494099617/250000000000000,2670556604862213/10000000000000000,True,False,all-64,primary,union_partial,64,1,input_blocked,,,,,
cell-0019,2670556604862213/10000000000000000,26822352409362793/100000000000000000,True,False,all-64,primary,exact_projection,64,0,supported,universal_bound,7/16,7/16,7/16,7/16
cell-0019,2670556604862213/10000000000000000,26822352409362793/100000000000000000,True,False,all-64,primary,one_edit_per_image,64,0,unresolved,opposite_worlds,-49/32,83/32,-45/32,79/32
cell-0019,2670556604862213/10000000000000000,26822352409362793/100000000000000000,True,False,all-64,primary,one_edit_global,64,0,supported,universal_bound,3/8,1/2,3/8,1/2
cell-0019,2670556604862213/10000000000000000,26822352409362793/100000000000000000,True,False,all-64,primary,current_strict,64,25,input_blocked,,,,,
cell-0019,2670556604862213/10000000000000000,26822352409362793/100000000000000000,True,False,all-64,primary,current_partial,64,0,unresolved,opposite_worlds,-25/32,45/32,-15/32,31/32
cell-0019,2670556604862213/10000000000000000,26822352409362793/100000000000000000,True,False,all-64,primary,union_strict,64,36,input_blocked,,,,,
cell-0019,2670556604862213/10000000000000000,26822352409362793/100000000000000000,True,False,all-64,primary,union_partial,64,1,input_blocked,,,,,
cell-0020,26822352409362793/100000000000000000,5390428900718689/20000000000000000,True,False,all-64,primary,exact_projection,64,0,supported,universal_bound,27/64,27/64,27/64,27/64
cell-0020,26822352409362793/100000000000000000,5390428900718689/20000000000000000,True,False,all-64,primary,one_edit_per_image,64,0,unresolved,opposite_worlds,-99/64,165/64,-91/64,157/64
cell-0020,26822352409362793/100000000000000000,5390428900718689/20000000000000000,True,False,all-64,primary,one_edit_global,64,0,supported,universal_bound,23/64,31/64,23/64,31/64
cell-0020,26822352409362793/100000000000000000,5390428900718689/20000000000000000,True,False,all-64,primary,current_strict,64,25,input_blocked,,,,,
cell-0020,26822352409362793/100000000000000000,5390428900718689/20000000000000000,True,False,all-64,primary,current_partial,64,0,unresolved,opposite_worlds,-51/64,89/64,-31/64,61/64
cell-0020,26822352409362793/100000000000000000,5390428900718689/20000000000000000,True,False,all-64,primary,union_strict,64,36,input_blocked,,,,,
cell-0020,26822352409362793/100000000000000000,5390428900718689/20000000000000000,True,False,all-64,primary,union_partial,64,1,input_blocked,,,,,
cell-0021,5390428900718689/20000000000000000,6791350245475769/25000000000000000,True,False,all-64,primary,exact_projection,64,0,supported,universal_bound,13/32,13/32,13/32,13/32
cell-0021,5390428900718689/20000000000000000,6791350245475769/25000000000000000,True,False,all-64,primary,one_edit_per_image,64,0,unresolved,opposite_worlds,-49/32,41/16,-45/32,39/16
cell-0021,5390428900718689/20000000000000000,6791350245475769/25000000000000000,True,False,all-64,primary,one_edit_global,64,0,supported,universal_bound,11/32,15/32,11/32,15/32
cell-0021,5390428900718689/20000000000000000,6791350245475769/25000000000000000,True,False,all-64,primary,current_strict,64,25,input_blocked,,,,,
cell-0021,5390428900718689/20000000000000000,6791350245475769/25000000000000000,True,False,all-64,primary,current_partial,64,0,unresolved,opposite_worlds,-13/16,11/8,-1/2,15/16
cell-0021,5390428900718689/20000000000000000,6791350245475769/25000000000000000,True,False,all-64,primary,union_strict,64,36,input_blocked,,,,,
cell-0021,5390428900718689/20000000000000000,6791350245475769/25000000000000000,True,False,all-64,primary,union_partial,64,1,input_blocked,,,,,
cell-0022,6791350245475769/25000000000000000,27236825227737427/100000000000000000,True,False,all-64,primary,exact_projection,64,0,supported,universal_bound,25/64,25/64,25/64,25/64
cell-0022,6791350245475769/25000000000000000,27236825227737427/100000000000000000,True,False,all-64,primary,one_edit_per_image,64,0,unresolved,opposite_worlds,-99/64,165/64,-91/64,155/64
cell-0022,6791350245475769/25000000000000000,27236825227737427/100000000000000000,True,False,all-64,primary,one_edit_global,64,0,supported,universal_bound,21/64,29/64,21/64,29/64
cell-0022,6791350245475769/25000000000000000,27236825227737427/100000000000000000,True,False,all-64,primary,current_strict,64,25,input_blocked,,,,,
cell-0022,6791350245475769/25000000000000000,27236825227737427/100000000000000000,True,False,all-64,primary,current_partial,64,0,unresolved,opposite_worlds,-53/64,87/64,-33/64,59/64
cell-0022,6791350245475769/25000000000000000,27236825227737427/100000000000000000,True,False,all-64,primary,union_strict,64,36,input_blocked,,,,,
cell-0022,6791350245475769/25000000000000000,27236825227737427/100000000000000000,True,False,all-64,primary,union_partial,64,1,input_blocked,,,,,
cell-0023,27236825227737427/100000000000000000,13669760525226593/50000000000000000,True,False,all-64,primary,exact_projection,64,0,supported,universal_bound,3/8,3/8,3/8,3/8
cell-0023,27236825227737427/100000000000000000,13669760525226593/50000000000000000,True,False,all-64,primary,one_edit_per_image,64,0,unresolved,opposite_worlds,-25/16,41/16,-45/32,77/32
cell-0023,27236825227737427/100000000000000000,13669760525226593/50000000000000000,True,False,all-64,primary,one_edit_global,64,0,supported,universal_bound,5/16,7/16,5/16,7/16
cell-0023,27236825227737427/100000000000000000,13669760525226593/50000000000000000,True,False,all-64,primary,current_strict,64,25,input_blocked,,,,,
cell-0023,27236825227737427/100000000000000000,13669760525226593/50000000000000000,True,False,all-64,primary,current_partial,64,0,unresolved,opposite_worlds,-27/32,43/32,-1/2,29/32
cell-0023,27236825227737427/100000000000000000,13669760525226593/50000000000000000,True,False,all-64,primary,union_strict,64,36,input_blocked,,,,,
cell-0023,27236825227737427/100000000000000000,13669760525226593/50000000000000000,True,False,all-64,primary,union_partial,64,1,input_blocked,,,,,
cell-0024,13669760525226593/50000000000000000,343470424413681/1250000000000000,True,False,all-64,primary,exact_projection,64,0,supported,universal_bound,23/64,23/64,23/64,23/64
cell-0024,13669760525226593/50000000000000000,343470424413681/1250000000000000,True,False,all-64,primary,one_edit_per_image,64,0,unresolved,opposite_worlds,-101/64,163/64,-91/64,153/64
cell-0024,13669760525226593/50000000000000000,343470424413681/1250000000000000,True,False,all-64,primary,one_edit_global,64,0,supported,universal_bound,19/64,27/64,19/64,27/64
cell-0024,13669760525226593/50000000000000000,343470424413681/1250000000000000,True,False,all-64,primary,current_strict,64,25,input_blocked,,,,,
cell-0024,13669760525226593/50000000000000000,343470424413681/1250000000000000,True,False,all-64,primary,current_partial,64,0,unresolved,opposite_worlds,-55/64,85/64,-33/64,57/64
cell-0024,13669760525226593/50000000000000000,343470424413681/1250000000000000,True,False,all-64,primary,union_strict,64,36,input_blocked,,,,,
cell-0024,13669760525226593/50000000000000000,343470424413681/1250000000000000,True,False,all-64,primary,union_partial,64,1,input_blocked,,,,,
cell-0025,343470424413681/1250000000000000,2750891447067261/10000000000000000,True,False,all-64,primary,exact_projection,64,0,supported,universal_bound,3/8,3/8,3/8,3/8
cell-0025,343470424413681/1250000000000000,2750891447067261/10000000000000000,True,False,all-64,primary,one_edit_per_image,64,0,unresolved,opposite_worlds,-25/16,41/16,-45/32,19/8
cell-0025,343470424413681/1250000000000000,2750891447067261/10000000000000000,True,False,all-64,primary,one_edit_global,64,0,supported,universal_bound,5/16,7/16,5/16,7/16
cell-0025,343470424413681/1250000000000000,2750891447067261/10000000000000000,True,False,all-64,primary,current_strict,64,25,input_blocked,,,,,
cell-0025,343470424413681/1250000000000000,2750891447067261/10000000000000000,True,False,all-64,primary,current_partial,64,0,unresolved,opposite_worlds,-27/32,43/32,-1/2,29/32
cell-0025,343470424413681/1250000000000000,2750891447067261/10000000000000000,True,False,all-64,primary,union_strict,64,36,input_blocked,,,,,
cell-0025,343470424413681/1250000000000000,2750891447067261/10000000000000000,True,False,all-64,primary,union_partial,64,1,input_blocked,,,,,
cell-0026,2750891447067261/10000000000000000,27570822834968567/100000000000000000,True,False,all-64,primary,exact_projection,64,0,supported,universal_bound,25/64,25/64,25/64,25/64
cell-0026,2750891447067261/10000000000000000,27570822834968567/100000000000000000,True,False,all-64,primary,one_edit_per_image,64,0,unresolved,opposite_worlds,-99/64,165/64,-89/64,151/64
cell-0026,2750891447067261/10000000000000000,27570822834968567/100000000000000000,True,False,all-64,primary,one_edit_global,64,0,supported,universal_bound,21/64,29/64,21/64,29/64
cell-0026,2750891447067261/10000000000000000,27570822834968567/100000000000000000,True,False,all-64,primary,current_strict,64,25,input_blocked,,,,,
cell-0026,2750891447067261/10000000000000000,27570822834968567/100000000000000000,True,False,all-64,primary,current_partial,64,0,unresolved,opposite_worlds,-53/64,87/64,-31/64,59/64
cell-0026,2750891447067261/10000000000000000,27570822834968567/100000000000000000,True,False,all-64,primary,union_strict,64,36,input_blocked,,,,,
cell-0026,2750891447067261/10000000000000000,27570822834968567/100000000000000000,True,False,all-64,primary,union_partial,64,1,input_blocked,,,,,
cell-0027,27570822834968567/100000000000000000,27600428462028503/100000000000000000,True,False,all-64,primary,exact_projection,64,0,supported,universal_bound,3/8,3/8,3/8,3/8
cell-0027,27570822834968567/100000000000000000,27600428462028503/100000000000000000,True,False,all-64,primary,one_edit_per_image,64,0,unresolved,opposite_worlds,-25/16,41/16,-45/32,75/32
cell-0027,27570822834968567/100000000000000000,27600428462028503/100000000000000000,True,False,all-64,primary,one_edit_global,64,0,supported,universal_bound,5/16,7/16,5/16,7/16
cell-0027,27570822834968567/100000000000000000,27600428462028503/100000000000000000,True,False,all-64,primary,current_strict,64,25,input_blocked,,,,,
cell-0027,27570822834968567/100000000000000000,27600428462028503/100000000000000000,True,False,all-64,primary,current_partial,64,0,unresolved,opposite_worlds,-27/32,43/32,-1/2,29/32
cell-0027,27570822834968567/100000000000000000,27600428462028503/100000000000000000,True,False,all-64,primary,union_strict,64,36,input_blocked,,,,,
cell-0027,27570822834968567/100000000000000000,27600428462028503/100000000000000000,True,False,all-64,primary,union_partial,64,1,input_blocked,,,,,
cell-0028,27600428462028503/100000000000000000,1386551856994629/5000000000000000,True,False,all-64,primary,exact_projection,64,0,supported,universal_bound,23/64,23/64,23/64,23/64
cell-0028,27600428462028503/100000000000000000,1386551856994629/5000000000000000,True,False,all-64,primary,one_edit_per_image,64,0,unresolved,opposite_worlds,-101/64,163/64,-91/64,149/64
cell-0028,27600428462028503/100000000000000000,1386551856994629/5000000000000000,True,False,all-64,primary,one_edit_global,64,0,supported,universal_bound,19/64,27/64,19/64,27/64
cell-0028,27600428462028503/100000000000000000,1386551856994629/5000000000000000,True,False,all-64,primary,current_strict,64,25,input_blocked,,,,,
cell-0028,27600428462028503/100000000000000000,1386551856994629/5000000000000000,True,False,all-64,primary,current_partial,64,0,unresolved,opposite_worlds,-55/64,85/64,-33/64,57/64
cell-0028,27600428462028503/100000000000000000,1386551856994629/5000000000000000,True,False,all-64,primary,union_strict,64,36,input_blocked,,,,,
cell-0028,27600428462028503/100000000000000000,1386551856994629/5000000000000000,True,False,all-64,primary,union_partial,64,1,input_blocked,,,,,
cell-0029,1386551856994629/5000000000000000,3471963107585907/12500000000000000,True,False,all-64,primary,exact_projection,64,0,supported,universal_bound,11/32,11/32,11/32,11/32
cell-0029,1386551856994629/5000000000000000,3471963107585907/12500000000000000,True,False,all-64,primary,one_edit_per_image,64,0,unresolved,opposite_worlds,-51/32,81/32,-23/16,37/16
cell-0029,1386551856994629/5000000000000000,3471963107585907/12500000000000000,True,False,all-64,primary,one_edit_global,64,0,supported,universal_bound,9/32,13/32,9/32,13/32
cell-0029,1386551856994629/5000000000000000,3471963107585907/12500000000000000,True,False,all-64,primary,current_strict,64,25,input_blocked,,,,,
cell-0029,1386551856994629/5000000000000000,3471963107585907/12500000000000000,True,False,all-64,primary,current_partial,64,0,unresolved,opposite_worlds,-7/8,21/16,-17/32,7/8
cell-0029,1386551856994629/5000000000000000,3471963107585907/12500000000000000,True,False,all-64,primary,union_strict,64,36,input_blocked,,,,,
cell-0029,1386551856994629/5000000000000000,3471963107585907/12500000000000000,True,False,all-64,primary,union_partial,64,1,input_blocked,,,,,
cell-0030,3471963107585907/12500000000000000,3473488986492157/12500000000000000,True,False,all-64,primary,exact_projection,64,0,supported,universal_bound,23/64,23/64,23/64,23/64
cell-0030,3471963107585907/12500000000000000,3473488986492157/12500000000000000,True,False,all-64,primary,one_edit_per_image,64,0,unresolved,opposite_worlds,-101/64,163/64,-91/64,149/64
cell-0030,3471963107585907/12500000000000000,3473488986492157/12500000000000000,True,False,all-64,primary,one_edit_global,64,0,supported,universal_bound,19/64,27/64,19/64,27/64
cell-0030,3471963107585907/12500000000000000,3473488986492157/12500000000000000,True,False,all-64,primary,current_strict,64,25,input_blocked,,,,,
cell-0030,3471963107585907/12500000000000000,3473488986492157/12500000000000000,True,False,all-64,primary,current_partial,64,0,unresolved,opposite_worlds,-55/64,85/64,-33/64,57/64
cell-0030,3471963107585907/12500000000000000,3473488986492157/12500000000000000,True,False,all-64,primary,union_strict,64,36,input_blocked,,,,,
cell-0030,3471963107585907/12500000000000000,3473488986492157/12500000000000000,True,False,all-64,primary,union_partial,64,1,input_blocked,,,,,
cell-0031,3473488986492157/12500000000000000,2779640853404999/10000000000000000,True,False,all-64,primary,exact_projection,64,0,supported,universal_bound,11/32,11/32,11/32,11/32
cell-0031,3473488986492157/12500000000000000,2779640853404999/10000000000000000,True,False,all-64,primary,one_edit_per_image,64,0,unresolved,opposite_worlds,-51/32,81/32,-23/16,37/16
cell-0031,3473488986492157/12500000000000000,2779640853404999/10000000000000000,True,False,all-64,primary,one_edit_global,64,0,supported,universal_bound,9/32,13/32,9/32,13/32
cell-0031,3473488986492157/12500000000000000,2779640853404999/10000000000000000,True,False,all-64,primary,current_strict,64,25,input_blocked,,,,,
cell-0031,3473488986492157/12500000000000000,2779640853404999/10000000000000000,True,False,all-64,primary,current_partial,64,0,unresolved,opposite_worlds,-7/8,21/16,-17/32,7/8
cell-0031,3473488986492157/12500000000000000,2779640853404999/10000000000000000,True,False,all-64,primary,union_strict,64,36,input_blocked,,,,,
cell-0031,3473488986492157/12500000000000000,2779640853404999/10000000000000000,True,False,all-64,primary,union_partial,64,1,input_blocked,,,,,
cell-0032,2779640853404999/10000000000000000,348382294178009/1250000000000000,True,False,all-64,primary,exact_projection,64,0,supported,universal_bound,21/64,21/64,21/64,21/64
cell-0032,2779640853404999/10000000000000000,348382294178009/1250000000000000,True,False,all-64,primary,one_edit_per_image,64,0,unresolved,opposite_worlds,-103/64,161/64,-93/64,147/64
cell-0032,2779640853404999/10000000000000000,348382294178009/1250000000000000,True,False,all-64,primary,one_edit_global,64,0,supported,universal_bound,17/64,25/64,17/64,25/64
cell-0032,2779640853404999/10000000000000000,348382294178009/1250000000000000,True,False,all-64,primary,current_strict,64,25,input_blocked,,,,,
cell-0032,2779640853404999/10000000000000000,348382294178009/1250000000000000,True,False,all-64,primary,current_partial,64,0,unresolved,opposite_worlds,-57/64,83/64,-33/64,55/64
cell-0032,2779640853404999/10000000000000000,348382294178009/1250000000000000,True,False,all-64,primary,union_strict,64,36,input_blocked,,,,,
cell-0032,2779640853404999/10000000000000000,348382294178009/1250000000000000,True,False,all-64,primary,union_partial,64,1,input_blocked,,,,,
cell-0033,348382294178009/1250000000000000,27921929955482483/100000000000000000,True,False,all-64,primary,exact_projection,64,0,supported,universal_bound,5/16,5/16,5/16,5/16
cell-0033,348382294178009/1250000000000000,27921929955482483/100000000000000000,True,False,all-64,primary,one_edit_per_image,64,0,unresolved,opposite_worlds,-13/8,5/2,-23/16,73/32
cell-0033,348382294178009/1250000000000000,27921929955482483/100000000000000000,True,False,all-64,primary,one_edit_global,64,0,supported,universal_bound,1/4,3/8,1/4,3/8
cell-0033,348382294178009/1250000000000000,27921929955482483/100000000000000000,True,False,all-64,primary,current_strict,64,25,input_blocked,,,,,
cell-0033,348382294178009/1250000000000000,27921929955482483/100000000000000000,True,False,all-64,primary,current_partial,64,0,unresolved,opposite_worlds,-29/32,41/32,-17/32,27/32
cell-0033,348382294178009/1250000000000000,27921929955482483/100000000000000000,True,False,all-64,primary,union_strict,64,36,input_blocked,,,,,
cell-0033,348382294178009/1250000000000000,27921929955482483/100000000000000000,True,False,all-64,primary,union_partial,64,1,input_blocked,,,,,
cell-0034,27921929955482483/100000000000000000,1411479413509369/5000000000000000,True,False,all-64,primary,exact_projection,64,0,supported,universal_bound,19/64,19/64,19/64,19/64
cell-0034,27921929955482483/100000000000000000,1411479413509369/5000000000000000,True,False,all-64,primary,one_edit_per_image,64,0,unresolved,opposite_worlds,-105/64,159/64,-93/64,145/64
cell-0034,27921929955482483/100000000000000000,1411479413509369/5000000000000000,True,False,all-64,primary,one_edit_global,64,0,supported,universal_bound,15/64,23/64,15/64,23/64
cell-0034,27921929955482483/100000000000000000,1411479413509369/5000000000000000,True,False,all-64,primary,current_strict,64,25,input_blocked,,,,,
cell-0034,27921929955482483/100000000000000000,1411479413509369/5000000000000000,True,False,all-64,primary,current_partial,64,0,unresolved,opposite_worlds,-59/64,81/64,-35/64,53/64
cell-0034,27921929955482483/100000000000000000,1411479413509369/5000000000000000,True,False,all-64,primary,union_strict,64,36,input_blocked,,,,,
cell-0034,27921929955482483/100000000000000000,1411479413509369/5000000000000000,True,False,all-64,primary,union_partial,64,1,input_blocked,,,,,
cell-0035,1411479413509369/5000000000000000,1411925107240677/5000000000000000,True,False,all-64,primary,exact_projection,64,0,supported,universal_bound,5/16,5/16,5/16,5/16
cell-0035,1411479413509369/5000000000000000,1411925107240677/5000000000000000,True,False,all-64,primary,one_edit_per_image,64,0,unresolved,opposite_worlds,-13/8,5/2,-23/16,73/32
cell-0035,1411479413509369/5000000000000000,1411925107240677/5000000000000000,True,False,all-64,primary,one_edit_global,64,0,supported,universal_bound,1/4,3/8,1/4,3/8
cell-0035,1411479413509369/5000000000000000,1411925107240677/5000000000000000,True,False,all-64,primary,current_strict,64,25,input_blocked,,,,,
cell-0035,1411479413509369/5000000000000000,1411925107240677/5000000000000000,True,False,all-64,primary,current_partial,64,0,unresolved,opposite_worlds,-29/32,41/32,-17/32,27/32
cell-0035,1411479413509369/5000000000000000,1411925107240677/5000000000000000,True,False,all-64,primary,union_strict,64,36,input_blocked,,,,,
cell-0035,1411479413509369/5000000000000000,1411925107240677/5000000000000000,True,False,all-64,primary,union_partial,64,1,input_blocked,,,,,
cell-0036,1411925107240677/5000000000000000,5654134750366211/20000000000000000,True,False,all-64,primary,exact_projection,64,0,supported,universal_bound,21/64,21/64,21/64,21/64
cell-0036,1411925107240677/5000000000000000,5654134750366211/20000000000000000,True,False,all-64,primary,one_edit_per_image,64,0,unresolved,opposite_worlds,-103/64,161/64,-91/64,147/64
cell-0036,1411925107240677/5000000000000000,5654134750366211/20000000000000000,True,False,all-64,primary,one_edit_global,64,0,supported,universal_bound,17/64,25/64,17/64,25/64
cell-0036,1411925107240677/5000000000000000,5654134750366211/20000000000000000,True,False,all-64,primary,current_strict,64,25,input_blocked,,,,,
cell-0036,1411925107240677/5000000000000000,5654134750366211/20000000000000000,True,False,all-64,primary,current_partial,64,0,unresolved,opposite_worlds,-57/64,83/64,-33/64,55/64
cell-0036,1411925107240677/5000000000000000,5654134750366211/20000000000000000,True,False,all-64,primary,union_strict,64,36,input_blocked,,,,,
cell-0036,1411925107240677/5000000000000000,5654134750366211/20000000000000000,True,False,all-64,primary,union_partial,64,1,input_blocked,,,,,
cell-0037,5654134750366211/20000000000000000,567536473274231/2000000000000000,True,False,all-64,primary,exact_projection,64,0,supported,universal_bound,5/16,5/16,5/16,5/16
cell-0037,5654134750366211/20000000000000000,567536473274231/2000000000000000,True,False,all-64,primary,one_edit_per_image,64,0,unresolved,opposite_worlds,-13/8,5/2,-45/32,73/32
cell-0037,5654134750366211/20000000000000000,567536473274231/2000000000000000,True,False,all-64,primary,one_edit_global,64,0,supported,universal_bound,1/4,3/8,1/4,3/8
cell-0037,5654134750366211/20000000000000000,567536473274231/2000000000000000,True,False,all-64,primary,current_strict,64,25,input_blocked,,,,,
cell-0037,5654134750366211/20000000000000000,567536473274231/2000000000000000,True,False,all-64,primary,current_partial,64,0,unresolved,opposite_worlds,-29/32,41/32,-17/32,27/32
cell-0037,5654134750366211/20000000000000000,567536473274231/2000000000000000,True,False,all-64,primary,union_strict,64,36,input_blocked,,,,,
cell-0037,5654134750366211/20000000000000000,567536473274231/2000000000000000,True,False,all-64,primary,union_partial,64,1,input_blocked,,,,,
cell-0038,567536473274231/2000000000000000,7100255787372589/25000000000000000,True,False,all-64,primary,exact_projection,64,0,supported,universal_bound,21/64,21/64,21/64,21/64
cell-0038,567536473274231/2000000000000000,7100255787372589/25000000000000000,True,False,all-64,primary,one_edit_per_image,64,0,unresolved,opposite_worlds,-103/64,161/64,-89/64,147/64
cell-0038,567536473274231/2000000000000000,7100255787372589/25000000000000000,True,False,all-64,primary,one_edit_global,64,0,supported,universal_bound,17/64,25/64,17/64,25/64
cell-0038,567536473274231/2000000000000000,7100255787372589/25000000000000000,True,False,all-64,primary,current_strict,64,25,input_blocked,,,,,
cell-0038,567536473274231/2000000000000000,7100255787372589/25000000000000000,True,False,all-64,primary,current_partial,64,0,unresolved,opposite_worlds,-57/64,83/64,-33/64,55/64
cell-0038,567536473274231/2000000000000000,7100255787372589/25000000000000000,True,False,all-64,primary,union_strict,64,36,input_blocked,,,,,
cell-0038,567536473274231/2000000000000000,7100255787372589/25000000000000000,True,False,all-64,primary,union_partial,64,1,input_blocked,,,,,
cell-0039,7100255787372589/25000000000000000,2844279110431671/10000000000000000,True,False,all-64,primary,exact_projection,64,0,supported,universal_bound,5/16,5/16,5/16,5/16
cell-0039,7100255787372589/25000000000000000,2844279110431671/10000000000000000,True,False,all-64,primary,one_edit_per_image,64,0,unresolved,opposite_worlds,-13/8,5/2,-45/32,73/32
cell-0039,7100255787372589/25000000000000000,2844279110431671/10000000000000000,True,False,all-64,primary,one_edit_global,64,0,supported,universal_bound,1/4,3/8,1/4,3/8
cell-0039,7100255787372589/25000000000000000,2844279110431671/10000000000000000,True,False,all-64,primary,current_strict,64,25,input_blocked,,,,,
cell-0039,7100255787372589/25000000000000000,2844279110431671/10000000000000000,True,False,all-64,primary,current_partial,64,0,unresolved,opposite_worlds,-7/8,41/32,-1/2,27/32
cell-0039,7100255787372589/25000000000000000,2844279110431671/10000000000000000,True,False,all-64,primary,union_strict,64,36,input_blocked,,,,,
cell-0039,7100255787372589/25000000000000000,2844279110431671/10000000000000000,True,False,all-64,primary,union_partial,64,1,input_blocked,,,,,
cell-0040,2844279110431671/10000000000000000,28505459427833557/100000000000000000,True,False,all-64,primary,exact_projection,64,0,supported,universal_bound,19/64,19/64,19/64,19/64
cell-0040,2844279110431671/10000000000000000,28505459427833557/100000000000000000,True,False,all-64,primary,one_edit_per_image,64,0,unresolved,opposite_worlds,-105/64,159/64,-89/64,145/64
cell-0040,2844279110431671/10000000000000000,28505459427833557/100000000000000000,True,False,all-64,primary,one_edit_global,64,0,supported,universal_bound,15/64,23/64,15/64,23/64
cell-0040,2844279110431671/10000000000000000,28505459427833557/100000000000000000,True,False,all-64,primary,current_strict,64,25,input_blocked,,,,,
cell-0040,2844279110431671/10000000000000000,28505459427833557/100000000000000000,True,False,all-64,primary,current_partial,64,0,unresolved,opposite_worlds,-55/64,81/64,-31/64,53/64
cell-0040,2844279110431671/10000000000000000,28505459427833557/100000000000000000,True,False,all-64,primary,union_strict,64,36,input_blocked,,,,,
cell-0040,2844279110431671/10000000000000000,28505459427833557/100000000000000000,True,False,all-64,primary,union_partial,64,1,input_blocked,,,,,
cell-0041,28505459427833557/100000000000000000,14257553219795227/50000000000000000,True,False,all-64,primary,exact_projection,64,0,supported,universal_bound,5/16,5/16,5/16,5/16
cell-0041,28505459427833557/100000000000000000,14257553219795227/50000000000000000,True,False,all-64,primary,one_edit_per_image,64,0,unresolved,opposite_worlds,-13/8,79/32,-11/8,9/4
cell-0041,28505459427833557/100000000000000000,14257553219795227/50000000000000000,True,False,all-64,primary,one_edit_global,64,0,supported,universal_bound,1/4,3/8,1/4,3/8
cell-0041,28505459427833557/100000000000000000,14257553219795227/50000000000000000,True,False,all-64,primary,current_strict,64,25,input_blocked,,,,,
cell-0041,28505459427833557/100000000000000000,14257553219795227/50000000000000000,True,False,all-64,primary,current_partial,64,0,unresolved,opposite_worlds,-27/32,5/4,-15/32,13/16
cell-0041,28505459427833557/100000000000000000,14257553219795227/50000000000000000,True,False,all-64,primary,union_strict,64,36,input_blocked,,,,,
cell-0041,28505459427833557/100000000000000000,14257553219795227/50000000000000000,True,False,all-64,primary,union_partial,64,1,input_blocked,,,,,
cell-0042,14257553219795227/50000000000000000,28601381182670593/100000000000000000,True,False,all-64,primary,exact_projection,64,0,supported,universal_bound,19/64,19/64,19/64,19/64
cell-0042,14257553219795227/50000000000000000,28601381182670593/100000000000000000,True,False,all-64,primary,one_edit_per_image,64,0,unresolved,opposite_worlds,-105/64,157/64,-89/64,143/64
cell-0042,14257553219795227/50000000000000000,28601381182670593/100000000000000000,True,False,all-64,primary,one_edit_global,64,0,supported,universal_bound,15/64,23/64,15/64,23/64
cell-0042,14257553219795227/50000000000000000,28601381182670593/100000000000000000,True,False,all-64,primary,current_strict,64,25,input_blocked,,,,,
cell-0042,14257553219795227/50000000000000000,28601381182670593/100000000000000000,True,False,all-64,primary,current_partial,64,0,unresolved,opposite_worlds,-55/64,79/64,-31/64,51/64
cell-0042,14257553219795227/50000000000000000,28601381182670593/100000000000000000,True,False,all-64,primary,union_strict,64,36,input_blocked,,,,,
cell-0042,14257553219795227/50000000000000000,28601381182670593/100000000000000000,True,False,all-64,primary,union_partial,64,1,input_blocked,,,,,
cell-0043,28601381182670593/100000000000000000,5726117491722107/20000000000000000,True,False,all-64,primary,exact_projection,64,0,supported,universal_bound,9/32,9/32,9/32,9/32
cell-0043,28601381182670593/100000000000000000,5726117491722107/20000000000000000,True,False,all-64,primary,one_edit_per_image,64,0,unresolved,opposite_worlds,-53/32,39/16,-45/32,71/32
cell-0043,28601381182670593/100000000000000000,5726117491722107/20000000000000000,True,False,all-64,primary,one_edit_global,64,0,supported,universal_bound,7/32,11/32,7/32,11/32
cell-0043,28601381182670593/100000000000000000,5726117491722107/20000000000000000,True,False,all-64,primary,current_strict,64,25,input_blocked,,,,,
cell-0043,28601381182670593/100000000000000000,5726117491722107/20000000000000000,True,False,all-64,primary,current_partial,64,0,unresolved,opposite_worlds,-7/8,39/32,-1/2,25/32
cell-0043,28601381182670593/100000000000000000,5726117491722107/20000000000000000,True,False,all-64,primary,union_strict,64,36,input_blocked,,,,,
cell-0043,28601381182670593/100000000000000000,5726117491722107/20000000000000000,True,False,all-64,primary,union_partial,64,1,input_blocked,,,,,
cell-0044,5726117491722107/20000000000000000,2876430153846741/10000000000000000,True,False,all-64,primary,exact_projection,64,0,supported,universal_bound,19/64,19/64,19/64,19/64
cell-0044,5726117491722107/20000000000000000,2876430153846741/10000000000000000,True,False,all-64,primary,one_edit_per_image,64,0,unresolved,opposite_worlds,-107/64,157/64,-89/64,143/64
cell-0044,5726117491722107/20000000000000000,2876430153846741/10000000000000000,True,False,all-64,primary,one_edit_global,64,0,supported,universal_bound,15/64,23/64,15/64,23/64
cell-0044,5726117491722107/20000000000000000,2876430153846741/10000000000000000,True,False,all-64,primary,current_strict,64,25,input_blocked,,,,,
cell-0044,5726117491722107/20000000000000000,2876430153846741/10000000000000000,True,False,all-64,primary,current_partial,64,0,unresolved,opposite_worlds,-55/64,79/64,-31/64,51/64
cell-0044,5726117491722107/20000000000000000,2876430153846741/10000000000000000,True,False,all-64,primary,union_strict,64,36,input_blocked,,,,,
cell-0044,5726117491722107/20000000000000000,2876430153846741/10000000000000000,True,False,all-64,primary,union_partial,64,1,input_blocked,,,,,
cell-0045,2876430153846741/10000000000000000,361151397228241/1250000000000000,True,False,all-64,primary,exact_projection,64,0,supported,universal_bound,5/16,5/16,5/16,5/16
cell-0045,2876430153846741/10000000000000000,361151397228241/1250000000000000,True,False,all-64,primary,one_edit_per_image,64,0,unresolved,opposite_worlds,-53/32,79/32,-11/8,9/4
cell-0045,2876430153846741/10000000000000000,361151397228241/1250000000000000,True,False,all-64,primary,one_edit_global,64,0,supported,universal_bound,1/4,3/8,1/4,3/8
cell-0045,2876430153846741/10000000000000000,361151397228241/1250000000000000,True,False,all-64,primary,current_strict,64,25,input_blocked,,,,,
cell-0045,2876430153846741/10000000000000000,361151397228241/1250000000000000,True,False,all-64,primary,current_partial,64,0,unresolved,opposite_worlds,-27/32,5/4,-15/32,13/16
cell-0045,2876430153846741/10000000000000000,361151397228241/1250000000000000,True,False,all-64,primary,union_strict,64,36,input_blocked,,,,,
cell-0045,2876430153846741/10000000000000000,361151397228241/1250000000000000,True,False,all-64,primary,union_partial,64,1,input_blocked,,,,,
cell-0046,361151397228241/1250000000000000,1445785015821457/5000000000000000,True,False,all-64,primary,exact_projection,64,0,supported,universal_bound,21/64,21/64,21/64,21/64
cell-0046,361151397228241/1250000000000000,1445785015821457/5000000000000000,True,False,all-64,primary,one_edit_per_image,64,0,unresolved,opposite_worlds,-105/64,159/64,-87/64,143/64
cell-0046,361151397228241/1250000000000000,1445785015821457/5000000000000000,True,False,all-64,primary,one_edit_global,64,0,supported,universal_bound,17/64,25/64,17/64,25/64
cell-0046,361151397228241/1250000000000000,1445785015821457/5000000000000000,True,False,all-64,primary,current_strict,64,25,input_blocked,,,,,
cell-0046,361151397228241/1250000000000000,1445785015821457/5000000000000000,True,False,all-64,primary,current_partial,64,0,unresolved,opposite_worlds,-53/64,81/64,-29/64,53/64
cell-0046,361151397228241/1250000000000000,1445785015821457/5000000000000000,True,False,all-64,primary,union_strict,64,36,input_blocked,,,,,
cell-0046,361151397228241/1250000000000000,1445785015821457/5000000000000000,True,False,all-64,primary,union_partial,64,1,input_blocked,,,,,
cell-0047,1445785015821457/5000000000000000,29020634293556213/100000000000000000,True,False,all-64,primary,exact_projection,64,0,supported,universal_bound,5/16,5/16,5/16,5/16
cell-0047,1445785015821457/5000000000000000,29020634293556213/100000000000000000,True,False,all-64,primary,one_edit_per_image,64,0,unresolved,opposite_worlds,-53/32,79/32,-11/8,71/32
cell-0047,1445785015821457/5000000000000000,29020634293556213/100000000000000000,True,False,all-64,primary,one_edit_global,64,0,supported,universal_bound,1/4,3/8,1/4,3/8
cell-0047,1445785015821457/5000000000000000,29020634293556213/100000000000000000,True,False,all-64,primary,current_strict,64,25,input_blocked,,,,,
cell-0047,1445785015821457/5000000000000000,29020634293556213/100000000000000000,True,False,all-64,primary,current_partial,64,0,unresolved,opposite_worlds,-13/16,5/4,-7/16,13/16
cell-0047,1445785015821457/5000000000000000,29020634293556213/100000000000000000,True,False,all-64,primary,union_strict,64,36,input_blocked,,,,,
cell-0047,1445785015821457/5000000000000000,29020634293556213/100000000000000000,True,False,all-64,primary,union_partial,64,1,input_blocked,,,,,
cell-0048,29020634293556213/100000000000000000,1451113075017929/5000000000000000,True,False,all-64,primary,exact_projection,64,0,supported,universal_bound,21/64,21/64,21/64,21/64
cell-0048,29020634293556213/100000000000000000,1451113075017929/5000000000000000,True,False,all-64,primary,one_edit_per_image,64,0,unresolved,opposite_worlds,-105/64,159/64,-87/64,143/64
cell-0048,29020634293556213/100000000000000000,1451113075017929/5000000000000000,True,False,all-64,primary,one_edit_global,64,0,supported,universal_bound,17/64,25/64,17/64,25/64
cell-0048,29020634293556213/100000000000000000,1451113075017929/5000000000000000,True,False,all-64,primary,current_strict,64,25,input_blocked,,,,,
cell-0048,29020634293556213/100000000000000000,1451113075017929/5000000000000000,True,False,all-64,primary,current_partial,64,0,unresolved,opposite_worlds,-51/64,81/64,-27/64,53/64
cell-0048,29020634293556213/100000000000000000,1451113075017929/5000000000000000,True,False,all-64,primary,union_strict,64,36,input_blocked,,,,,
cell-0048,29020634293556213/100000000000000000,1451113075017929/5000000000000000,True,False,all-64,primary,union_partial,64,1,input_blocked,,,,,
cell-0049,1451113075017929/5000000000000000,2903279960155487/10000000000000000,True,False,all-64,primary,exact_projection,64,0,supported,universal_bound,11/32,11/32,11/32,11/32
cell-0049,1451113075017929/5000000000000000,2903279960155487/10000000000000000,True,False,all-64,primary,one_edit_per_image,64,0,unresolved,opposite_worlds,-13/8,5/2,-43/32,71/32
cell-0049,1451113075017929/5000000000000000,2903279960155487/10000000000000000,True,False,all-64,primary,one_edit_global,64,0,supported,universal_bound,9/32,13/32,9/32,13/32
cell-0049,1451113075017929/5000000000000000,2903279960155487/10000000000000000,True,False,all-64,primary,current_strict,64,25,input_blocked,,,,,
cell-0049,1451113075017929/5000000000000000,2903279960155487/10000000000000000,True,False,all-64,primary,current_partial,64,0,unresolved,opposite_worlds,-25/32,5/4,-13/32,13/16
cell-0049,1451113075017929/5000000000000000,2903279960155487/10000000000000000,True,False,all-64,primary,union_strict,64,36,input_blocked,,,,,
cell-0049,1451113075017929/5000000000000000,2903279960155487/10000000000000000,True,False,all-64,primary,union_partial,64,1,input_blocked,,,,,
cell-0050,2903279960155487/10000000000000000,2903463840484619/10000000000000000,True,False,all-64,primary,exact_projection,64,0,supported,universal_bound,23/64,23/64,23/64,23/64
cell-0050,2903279960155487/10000000000000000,2903463840484619/10000000000000000,True,False,all-64,primary,one_edit_per_image,64,0,unresolved,opposite_worlds,-103/64,161/64,-85/64,141/64
cell-0050,2903279960155487/10000000000000000,2903463840484619/10000000000000000,True,False,all-64,primary,one_edit_global,64,0,supported,universal_bound,19/64,27/64,19/64,27/64
cell-0050,2903279960155487/10000000000000000,2903463840484619/10000000000000000,True,False,all-64,primary,current_strict,64,25,input_blocked,,,,,
cell-0050,2903279960155487/10000000000000000,2903463840484619/10000000000000000,True,False,all-64,primary,current_partial,64,0,unresolved,opposite_worlds,-49/64,81/64,-25/64,53/64
cell-0050,2903279960155487/10000000000000000,2903463840484619/10000000000000000,True,False,all-64,primary,union_strict,64,36,input_blocked,,,,,
cell-0050,2903279960155487/10000000000000000,2903463840484619/10000000000000000,True,False,all-64,primary,union_partial,64,1,input_blocked,,,,,
cell-0051,2903463840484619/10000000000000000,2913471758365631/10000000000000000,True,False,all-64,primary,exact_projection,64,0,supported,universal_bound,3/8,3/8,3/8,3/8
cell-0051,2903463840484619/10000000000000000,2913471758365631/10000000000000000,True,False,all-64,primary,one_edit_per_image,64,0,unresolved,opposite_worlds,-51/32,81/32,-21/16,35/16
cell-0051,2903463840484619/10000000000000000,2913471758365631/10000000000000000,True,False,all-64,primary,one_edit_global,64,0,supported,universal_bound,5/16,7/16,5/16,7/16
cell-0051,2903463840484619/10000000000000000,2913471758365631/10000000000000000,True,False,all-64,primary,current_strict,64,25,input_blocked,,,,,
cell-0051,2903463840484619/10000000000000000,2913471758365631/10000000000000000,True,False,all-64,primary,current_partial,64,0,unresolved,opposite_worlds,-3/4,5/4,-3/8,27/32
cell-0051,2903463840484619/10000000000000000,2913471758365631/10000000000000000,True,False,all-64,primary,union_strict,64,36,input_blocked,,,,,
cell-0051,2903463840484619/10000000000000000,2913471758365631/10000000000000000,True,False,all-64,primary,union_partial,64,1,input_blocked,,,,,
cell-0052,2913471758365631/10000000000000000,364416241645813/1250000000000000,True,False,all-64,primary,exact_projection,64,0,supported,universal_bound,23/64,23/64,23/64,23/64
cell-0052,2913471758365631/10000000000000000,364416241645813/1250000000000000,True,False,all-64,primary,one_edit_per_image,64,0,unresolved,opposite_worlds,-103/64,161/64,-85/64,141/64
cell-0052,2913471758365631/10000000000000000,364416241645813/1250000000000000,True,False,all-64,primary,one_edit_global,64,0,supported,universal_bound,19/64,27/64,19/64,27/64
cell-0052,2913471758365631/10000000000000000,364416241645813/1250000000000000,True,False,all-64,primary,current_strict,64,25,input_blocked,,,,,
cell-0052,2913471758365631/10000000000000000,364416241645813/1250000000000000,True,False,all-64,primary,current_partial,64,0,unresolved,opposite_worlds,-49/64,79/64,-25/64,53/64
cell-0052,2913471758365631/10000000000000000,364416241645813/1250000000000000,True,False,all-64,primary,union_strict,64,36,input_blocked,,,,,
cell-0052,2913471758365631/10000000000000000,364416241645813/1250000000000000,True,False,all-64,primary,union_partial,64,1,input_blocked,,,,,
cell-0053,364416241645813/1250000000000000,2930668592453003/10000000000000000,True,False,all-64,primary,exact_projection,64,0,supported,universal_bound,3/8,3/8,3/8,3/8
cell-0053,364416241645813/1250000000000000,2930668592453003/10000000000000000,True,False,all-64,primary,one_edit_per_image,64,0,unresolved,opposite_worlds,-51/32,81/32,-21/16,71/32
cell-0053,364416241645813/1250000000000000,2930668592453003/10000000000000000,True,False,all-64,primary,one_edit_global,64,0,supported,universal_bound,5/16,7/16,5/16,7/16
cell-0053,364416241645813/1250000000000000,2930668592453003/10000000000000000,True,False,all-64,primary,current_strict,64,25,input_blocked,,,,,
cell-0053,364416241645813/1250000000000000,2930668592453003/10000000000000000,True,False,all-64,primary,current_partial,64,0,unresolved,opposite_worlds,-3/4,5/4,-3/8,27/32
cell-0053,364416241645813/1250000000000000,2930668592453003/10000000000000000,True,False,all-64,primary,union_strict,64,36,input_blocked,,,,,
cell-0053,364416241645813/1250000000000000,2930668592453003/10000000000000000,True,False,all-64,primary,union_partial,64,1,input_blocked,,,,,
cell-0054,2930668592453003/10000000000000000,14666716754436493/50000000000000000,True,False,all-64,primary,exact_projection,64,0,supported,universal_bound,25/64,25/64,25/64,25/64
cell-0054,2930668592453003/10000000000000000,14666716754436493/50000000000000000,True,False,all-64,primary,one_edit_per_image,64,0,unresolved,opposite_worlds,-101/64,163/64,-83/64,143/64
cell-0054,2930668592453003/10000000000000000,14666716754436493/50000000000000000,True,False,all-64,primary,one_edit_global,64,0,supported,universal_bound,21/64,29/64,21/64,29/64
cell-0054,2930668592453003/10000000000000000,14666716754436493/50000000000000000,True,False,all-64,primary,current_strict,64,25,input_blocked,,,,,
cell-0054,2930668592453003/10000000000000000,14666716754436493/50000000000000000,True,False,all-64,primary,current_partial,64,0,unresolved,opposite_worlds,-47/64,81/64,-23/64,55/64
cell-0054,2930668592453003/10000000000000000,14666716754436493/50000000000000000,True,False,all-64,primary,union_strict,64,36,input_blocked,,,,,
cell-0054,2930668592453003/10000000000000000,14666716754436493/50000000000000000,True,False,all-64,primary,union_partial,64,1,input_blocked,,,,,
cell-0055,14666716754436493/50000000000000000,7361932098865509/25000000000000000,True,False,all-64,primary,exact_projection,64,0,supported,universal_bound,3/8,3/8,3/8,3/8
cell-0055,14666716754436493/50000000000000000,7361932098865509/25000000000000000,True,False,all-64,primary,one_edit_per_image,64,0,unresolved,opposite_worlds,-51/32,81/32,-41/32,71/32
cell-0055,14666716754436493/50000000000000000,7361932098865509/25000000000000000,True,False,all-64,primary,one_edit_global,64,0,supported,universal_bound,5/16,7/16,5/16,7/16
cell-0055,14666716754436493/50000000000000000,7361932098865509/25000000000000000,True,False,all-64,primary,current_strict,64,25,input_blocked,,,,,
cell-0055,14666716754436493/50000000000000000,7361932098865509/25000000000000000,True,False,all-64,primary,current_partial,64,0,unresolved,opposite_worlds,-3/4,5/4,-3/8,27/32
cell-0055,14666716754436493/50000000000000000,7361932098865509/25000000000000000,True,False,all-64,primary,union_strict,64,36,input_blocked,,,,,
cell-0055,14666716754436493/50000000000000000,7361932098865509/25000000000000000,True,False,all-64,primary,union_partial,64,1,input_blocked,,,,,
cell-0056,7361932098865509/25000000000000000,736396387219429/2500000000000000,True,False,all-64,primary,exact_projection,64,0,supported,universal_bound,23/64,23/64,23/64,23/64
cell-0056,7361932098865509/25000000000000000,736396387219429/2500000000000000,True,False,all-64,primary,one_edit_per_image,64,0,unresolved,opposite_worlds,-103/64,163/64,-83/64,141/64
cell-0056,7361932098865509/25000000000000000,736396387219429/2500000000000000,True,False,all-64,primary,one_edit_global,64,0,supported,universal_bound,19/64,27/64,19/64,27/64
cell-0056,7361932098865509/25000000000000000,736396387219429/2500000000000000,True,False,all-64,primary,current_strict,64,25,input_blocked,,,,,
cell-0056,7361932098865509/25000000000000000,736396387219429/2500000000000000,True,False,all-64,primary,current_partial,64,0,unresolved,opposite_worlds,-49/64,79/64,-25/64,53/64
cell-0056,7361932098865509/25000000000000000,736396387219429/2500000000000000,True,False,all-64,primary,union_strict,64,36,input_blocked,,,,,
cell-0056,7361932098865509/25000000000000000,736396387219429/2500000000000000,True,False,all-64,primary,union_partial,64,1,input_blocked,,,,,
cell-0057,736396387219429/2500000000000000,7367696613073349/25000000000000000,True,False,all-64,primary,exact_projection,64,0,supported,universal_bound,3/8,3/8,3/8,3/8
cell-0057,736396387219429/2500000000000000,7367696613073349/25000000000000000,True,False,all-64,primary,one_edit_per_image,64,0,unresolved,opposite_worlds,-51/32,41/16,-41/32,71/32
cell-0057,736396387219429/2500000000000000,7367696613073349/25000000000000000,True,False,all-64,primary,one_edit_global,64,0,supported,universal_bound,5/16,7/16,5/16,7/16
cell-0057,736396387219429/2500000000000000,7367696613073349/25000000000000000,True,False,all-64,primary,current_strict,64,25,input_blocked,,,,,
cell-0057,736396387219429/2500000000000000,7367696613073349/25000000000000000,True,False,all-64,primary,current_partial,64,0,unresolved,opposite_worlds,-3/4,5/4,-3/8,27/32
cell-0057,736396387219429/2500000000000000,7367696613073349/25000000000000000,True,False,all-64,primary,union_strict,64,36,input_blocked,,,,,
cell-0057,736396387219429/2500000000000000,7367696613073349/25000000000000000,True,False,all-64,primary,union_partial,64,1,input_blocked,,,,,
cell-0058,7367696613073349/25000000000000000,29532909393310547/100000000000000000,True,False,all-64,primary,exact_projection,64,0,supported,universal_bound,25/64,25/64,25/64,25/64
cell-0058,7367696613073349/25000000000000000,29532909393310547/100000000000000000,True,False,all-64,primary,one_edit_per_image,64,0,unresolved,opposite_worlds,-101/64,165/64,-81/64,141/64
cell-0058,7367696613073349/25000000000000000,29532909393310547/100000000000000000,True,False,all-64,primary,one_edit_global,64,0,supported,universal_bound,21/64,29/64,21/64,29/64
cell-0058,7367696613073349/25000000000000000,29532909393310547/100000000000000000,True,False,all-64,primary,current_strict,64,25,input_blocked,,,,,
cell-0058,7367696613073349/25000000000000000,29532909393310547/100000000000000000,True,False,all-64,primary,current_partial,64,0,unresolved,opposite_worlds,-47/64,81/64,-23/64,55/64
cell-0058,7367696613073349/25000000000000000,29532909393310547/100000000000000000,True,False,all-64,primary,union_strict,64,36,input_blocked,,,,,
cell-0058,7367696613073349/25000000000000000,29532909393310547/100000000000000000,True,False,all-64,primary,union_partial,64,1,input_blocked,,,,,
cell-0059,29532909393310547/100000000000000000,5925866961479187/20000000000000000,True,False,all-64,primary,exact_projection,64,0,supported,universal_bound,13/32,13/32,13/32,13/32
cell-0059,29532909393310547/100000000000000000,5925866961479187/20000000000000000,True,False,all-64,primary,one_edit_per_image,64,0,unresolved,opposite_worlds,-25/16,83/32,-5/4,71/32
cell-0059,29532909393310547/100000000000000000,5925866961479187/20000000000000000,True,False,all-64,primary,one_edit_global,64,0,supported,universal_bound,11/32,15/32,11/32,15/32
cell-0059,29532909393310547/100000000000000000,5925866961479187/20000000000000000,True,False,all-64,primary,current_strict,64,25,input_blocked,,,,,
cell-0059,29532909393310547/100000000000000000,5925866961479187/20000000000000000,True,False,all-64,primary,current_partial,64,0,unresolved,opposite_worlds,-23/32,41/32,-11/32,7/8
cell-0059,29532909393310547/100000000000000000,5925866961479187/20000000000000000,True,False,all-64,primary,union_strict,64,36,input_blocked,,,,,
cell-0059,29532909393310547/100000000000000000,5925866961479187/20000000000000000,True,False,all-64,primary,union_partial,64,1,input_blocked,,,,,
cell-0060,5925866961479187/20000000000000000,29684391617774963/100000000000000000,True,False,all-64,primary,exact_projection,64,0,supported,universal_bound,25/64,25/64,25/64,25/64
cell-0060,5925866961479187/20000000000000000,29684391617774963/100000000000000000,True,False,all-64,primary,one_edit_per_image,64,0,unresolved,opposite_worlds,-101/64,165/64,-79/64,141/64
cell-0060,5925866961479187/20000000000000000,29684391617774963/100000000000000000,True,False,all-64,primary,one_edit_global,64,0,supported,universal_bound,21/64,29/64,21/64,29/64
cell-0060,5925866961479187/20000000000000000,29684391617774963/100000000000000000,True,False,all-64,primary,current_strict,64,25,input_blocked,,,,,
cell-0060,5925866961479187/20000000000000000,29684391617774963/100000000000000000,True,False,all-64,primary,current_partial,64,0,unresolved,opposite_worlds,-47/64,81/64,-23/64,55/64
cell-0060,5925866961479187/20000000000000000,29684391617774963/100000000000000000,True,False,all-64,primary,union_strict,64,36,input_blocked,,,,,
cell-0060,5925866961479187/20000000000000000,29684391617774963/100000000000000000,True,False,all-64,primary,union_partial,64,1,input_blocked,,,,,
cell-0061,29684391617774963/100000000000000000,14895768463611603/50000000000000000,True,False,all-64,primary,exact_projection,64,0,supported,universal_bound,3/8,3/8,3/8,3/8
cell-0061,29684391617774963/100000000000000000,14895768463611603/50000000000000000,True,False,all-64,primary,one_edit_per_image,64,0,unresolved,opposite_worlds,-51/32,41/16,-39/32,35/16
cell-0061,29684391617774963/100000000000000000,14895768463611603/50000000000000000,True,False,all-64,primary,one_edit_global,64,0,supported,universal_bound,5/16,7/16,5/16,7/16
cell-0061,29684391617774963/100000000000000000,14895768463611603/50000000000000000,True,False,all-64,primary,current_strict,64,25,input_blocked,,,,,
cell-0061,29684391617774963/100000000000000000,14895768463611603/50000000000000000,True,False,all-64,primary,current_partial,64,0,unresolved,opposite_worlds,-3/4,5/4,-11/32,27/32
cell-0061,29684391617774963/100000000000000000,14895768463611603/50000000000000000,True,False,all-64,primary,union_strict,64,36,input_blocked,,,,,
cell-0061,29684391617774963/100000000000000000,14895768463611603/50000000000000000,True,False,all-64,primary,union_partial,64,1,input_blocked,,,,,
cell-0062,14895768463611603/50000000000000000,186665840446949/625000000000000,True,False,all-64,primary,exact_projection,64,0,supported,universal_bound,25/64,25/64,25/64,25/64
cell-0062,14895768463611603/50000000000000000,186665840446949/625000000000000,True,False,all-64,primary,one_edit_per_image,64,0,unresolved,opposite_worlds,-101/64,165/64,-77/64,141/64
cell-0062,14895768463611603/50000000000000000,186665840446949/625000000000000,True,False,all-64,primary,one_edit_global,64,0,supported,universal_bound,21/64,29/64,21/64,29/64
cell-0062,14895768463611603/50000000000000000,186665840446949/625000000000000,True,False,all-64,primary,current_strict,64,25,input_blocked,,,,,
cell-0062,14895768463611603/50000000000000000,186665840446949/625000000000000,True,False,all-64,primary,current_partial,64,0,unresolved,opposite_worlds,-47/64,81/64,-21/64,55/64
cell-0062,14895768463611603/50000000000000000,186665840446949/625000000000000,True,False,all-64,primary,union_strict,64,36,input_blocked,,,,,
cell-0062,14895768463611603/50000000000000000,186665840446949/625000000000000,True,False,all-64,primary,union_partial,64,1,input_blocked,,,,,
cell-0063,186665840446949/625000000000000,5982663631439209/20000000000000000,True,False,all-64,primary,exact_projection,64,0,supported,universal_bound,3/8,3/8,3/8,3/8
cell-0063,186665840446949/625000000000000,5982663631439209/20000000000000000,True,False,all-64,primary,one_edit_per_image,64,0,unresolved,opposite_worlds,-51/32,41/16,-39/32,35/16
cell-0063,186665840446949/625000000000000,5982663631439209/20000000000000000,True,False,all-64,primary,one_edit_global,64,0,supported,universal_bound,5/16,7/16,5/16,7/16
cell-0063,186665840446949/625000000000000,5982663631439209/20000000000000000,True,False,all-64,primary,current_strict,64,25,input_blocked,,,,,
cell-0063,186665840446949/625000000000000,5982663631439209/20000000000000000,True,False,all-64,primary,current_partial,64,0,unresolved,opposite_worlds,-3/4,5/4,-11/32,27/32
cell-0063,186665840446949/625000000000000,5982663631439209/20000000000000000,True,False,all-64,primary,union_strict,64,36,input_blocked,,,,,
cell-0063,186665840446949/625000000000000,5982663631439209/20000000000000000,True,False,all-64,primary,union_partial,64,1,input_blocked,,,,,
cell-0064,5982663631439209/20000000000000000,119791579246521/400000000000000,True,False,all-64,primary,exact_projection,64,0,supported,universal_bound,23/64,23/64,23/64,23/64
cell-0064,5982663631439209/20000000000000000,119791579246521/400000000000000,True,False,all-64,primary,one_edit_per_image,64,0,unresolved,opposite_worlds,-103/64,163/64,-79/64,139/64
cell-0064,5982663631439209/20000000000000000,119791579246521/400000000000000,True,False,all-64,primary,one_edit_global,64,0,supported,universal_bound,19/64,27/64,19/64,27/64
cell-0064,5982663631439209/20000000000000000,119791579246521/400000000000000,True,False,all-64,primary,current_strict,64,25,input_blocked,,,,,
cell-0064,5982663631439209/20000000000000000,119791579246521/400000000000000,True,False,all-64,primary,current_partial,64,0,unresolved,opposite_worlds,-49/64,79/64,-23/64,53/64
cell-0064,5982663631439209/20000000000000000,119791579246521/400000000000000,True,False,all-64,primary,union_strict,64,36,input_blocked,,,,,
cell-0064,5982663631439209/20000000000000000,119791579246521/400000000000000,True,False,all-64,primary,union_partial,64,1,input_blocked,,,,,
cell-0065,119791579246521/400000000000000,375528484582901/1250000000000000,True,False,all-64,primary,exact_projection,64,0,supported,universal_bound,3/8,3/8,3/8,3/8
cell-0065,119791579246521/400000000000000,375528484582901/1250000000000000,True,False,all-64,primary,one_edit_per_image,64,0,unresolved,opposite_worlds,-51/32,81/32,-39/32,69/32
cell-0065,119791579246521/400000000000000,375528484582901/1250000000000000,True,False,all-64,primary,one_edit_global,64,0,supported,universal_bound,5/16,7/16,5/16,7/16
cell-0065,119791579246521/400000000000000,375528484582901/1250000000000000,True,False,all-64,primary,current_strict,64,25,input_blocked,,,,,
cell-0065,119791579246521/400000000000000,375528484582901/1250000000000000,True,False,all-64,primary,current_partial,64,0,unresolved,opposite_worlds,-3/4,5/4,-11/32,27/32
cell-0065,119791579246521/400000000000000,375528484582901/1250000000000000,True,False,all-64,primary,union_strict,64,36,input_blocked,,,,,
cell-0065,119791579246521/400000000000000,375528484582901/1250000000000000,True,False,all-64,primary,union_partial,64,1,input_blocked,,,,,
cell-0066,375528484582901/1250000000000000,15034066140651703/50000000000000000,True,False,all-64,primary,exact_projection,64,0,supported,universal_bound,23/64,23/64,23/64,23/64
cell-0066,375528484582901/1250000000000000,15034066140651703/50000000000000000,True,False,all-64,primary,one_edit_per_image,64,0,unresolved,opposite_worlds,-103/64,161/64,-79/64,137/64
cell-0066,375528484582901/1250000000000000,15034066140651703/50000000000000000,True,False,all-64,primary,one_edit_global,64,0,supported,universal_bound,19/64,27/64,19/64,27/64
cell-0066,375528484582901/1250000000000000,15034066140651703/50000000000000000,True,False,all-64,primary,current_strict,64,25,input_blocked,,,,,
cell-0066,375528484582901/1250000000000000,15034066140651703/50000000000000000,True,False,all-64,primary,current_partial,64,0,unresolved,opposite_worlds,-49/64,79/64,-23/64,53/64
cell-0066,375528484582901/1250000000000000,15034066140651703/50000000000000000,True,False,all-64,primary,union_strict,64,36,input_blocked,,,,,
cell-0066,375528484582901/1250000000000000,15034066140651703/50000000000000000,True,False,all-64,primary,union_partial,64,1,input_blocked,,,,,
cell-0067,15034066140651703/50000000000000000,3013574481010437/10000000000000000,True,False,all-64,primary,exact_projection,64,0,supported,universal_bound,3/8,3/8,3/8,3/8
cell-0067,15034066140651703/50000000000000000,3013574481010437/10000000000000000,True,False,all-64,primary,one_edit_per_image,64,0,unresolved,opposite_worlds,-51/32,5/2,-39/32,69/32
cell-0067,15034066140651703/50000000000000000,3013574481010437/10000000000000000,True,False,all-64,primary,one_edit_global,64,0,supported,universal_bound,5/16,7/16,5/16,7/16
cell-0067,15034066140651703/50000000000000000,3013574481010437/10000000000000000,True,False,all-64,primary,current_strict,64,25,input_blocked,,,,,
cell-0067,15034066140651703/50000000000000000,3013574481010437/10000000000000000,True,False,all-64,primary,current_partial,64,0,unresolved,opposite_worlds,-3/4,5/4,-11/32,27/32
cell-0067,15034066140651703/50000000000000000,3013574481010437/10000000000000000,True,False,all-64,primary,union_strict,64,36,input_blocked,,,,,
cell-0067,15034066140651703/50000000000000000,3013574481010437/10000000000000000,True,False,all-64,primary,union_partial,64,1,input_blocked,,,,,
cell-0068,3013574481010437/10000000000000000,757017433643341/2500000000000000,True,False,all-64,primary,exact_projection,64,0,supported,universal_bound,23/64,23/64,23/64,23/64
cell-0068,3013574481010437/10000000000000000,757017433643341/2500000000000000,True,False,all-64,primary,one_edit_per_image,64,0,unresolved,opposite_worlds,-103/64,159/64,-79/64,137/64
cell-0068,3013574481010437/10000000000000000,757017433643341/2500000000000000,True,False,all-64,primary,one_edit_global,64,0,supported,universal_bound,19/64,27/64,19/64,27/64
cell-0068,3013574481010437/10000000000000000,757017433643341/2500000000000000,True,False,all-64,primary,current_strict,64,25,input_blocked,,,,,
cell-0068,3013574481010437/10000000000000000,757017433643341/2500000000000000,True,False,all-64,primary,current_partial,64,0,unresolved,opposite_worlds,-49/64,79/64,-23/64,53/64
cell-0068,3013574481010437/10000000000000000,757017433643341/2500000000000000,True,False,all-64,primary,union_strict,64,36,input_blocked,,,,,
cell-0068,3013574481010437/10000000000000000,757017433643341/2500000000000000,True,False,all-64,primary,union_partial,64,1,input_blocked,,,,,
cell-0069,757017433643341/2500000000000000,30306529998779297/100000000000000000,True,False,all-64,primary,exact_projection,64,0,supported,universal_bound,3/8,3/8,3/8,3/8
cell-0069,757017433643341/2500000000000000,30306529998779297/100000000000000000,True,False,all-64,primary,one_edit_per_image,64,0,unresolved,opposite_worlds,-51/32,79/32,-39/32,17/8
cell-0069,757017433643341/2500000000000000,30306529998779297/100000000000000000,True,False,all-64,primary,one_edit_global,64,0,supported,universal_bound,5/16,7/16,5/16,7/16
cell-0069,757017433643341/2500000000000000,30306529998779297/100000000000000000,True,False,all-64,primary,current_strict,64,25,input_blocked,,,,,
cell-0069,757017433643341/2500000000000000,30306529998779297/100000000000000000,True,False,all-64,primary,current_partial,64,0,unresolved,opposite_worlds,-3/4,5/4,-11/32,27/32
cell-0069,757017433643341/2500000000000000,30306529998779297/100000000000000000,True,False,all-64,primary,union_strict,64,36,input_blocked,,,,,
cell-0069,757017433643341/2500000000000000,30306529998779297/100000000000000000,True,False,all-64,primary,union_partial,64,1,input_blocked,,,,,
cell-0070,30306529998779297/100000000000000000,7585868239402771/25000000000000000,True,False,all-64,primary,exact_projection,64,0,supported,universal_bound,25/64,25/64,25/64,25/64
cell-0070,30306529998779297/100000000000000000,7585868239402771/25000000000000000,True,False,all-64,primary,one_edit_per_image,64,0,unresolved,opposite_worlds,-101/64,159/64,-77/64,137/64
cell-0070,30306529998779297/100000000000000000,7585868239402771/25000000000000000,True,False,all-64,primary,one_edit_global,64,0,supported,universal_bound,21/64,29/64,21/64,29/64
cell-0070,30306529998779297/100000000000000000,7585868239402771/25000000000000000,True,False,all-64,primary,current_strict,64,25,input_blocked,,,,,
cell-0070,30306529998779297/100000000000000000,7585868239402771/25000000000000000,True,False,all-64,primary,current_partial,64,0,unresolved,opposite_worlds,-47/64,81/64,-21/64,55/64
cell-0070,30306529998779297/100000000000000000,7585868239402771/25000000000000000,True,False,all-64,primary,union_strict,64,36,input_blocked,,,,,
cell-0070,30306529998779297/100000000000000000,7585868239402771/25000000000000000,True,False,all-64,primary,union_partial,64,1,input_blocked,,,,,
cell-0071,7585868239402771/25000000000000000,189684946089983/625000000000000,True,False,all-64,primary,exact_projection,64,0,supported,universal_bound,3/8,3/8,3/8,3/8
cell-0071,7585868239402771/25000000000000000,189684946089983/625000000000000,True,False,all-64,primary,one_edit_per_image,64,0,unresolved,opposite_worlds,-51/32,79/32,-19/16,17/8
cell-0071,7585868239402771/25000000000000000,189684946089983/625000000000000,True,False,all-64,primary,one_edit_global,64,0,supported,universal_bound,5/16,7/16,5/16,7/16
cell-0071,7585868239402771/25000000000000000,189684946089983/625000000000000,True,False,all-64,primary,current_strict,64,25,input_blocked,,,,,
cell-0071,7585868239402771/25000000000000000,189684946089983/625000000000000,True,False,all-64,primary,current_partial,64,0,unresolved,opposite_worlds,-3/4,5/4,-5/16,27/32
cell-0071,7585868239402771/25000000000000000,189684946089983/625000000000000,True,False,all-64,primary,union_strict,64,36,input_blocked,,,,,
cell-0071,7585868239402771/25000000000000000,189684946089983/625000000000000,True,False,all-64,primary,union_partial,64,1,input_blocked,,,,,
cell-0072,189684946089983/625000000000000,6078716516494751/20000000000000000,True,False,all-64,primary,exact_projection,64,0,supported,universal_bound,23/64,23/64,23/64,23/64
cell-0072,189684946089983/625000000000000,6078716516494751/20000000000000000,True,False,all-64,primary,one_edit_per_image,64,0,unresolved,opposite_worlds,-103/64,157/64,-77/64,135/64
cell-0072,189684946089983/625000000000000,6078716516494751/20000000000000000,True,False,all-64,primary,one_edit_global,64,0,supported,universal_bound,19/64,27/64,19/64,27/64
cell-0072,189684946089983/625000000000000,6078716516494751/20000000000000000,True,False,all-64,primary,current_strict,64,25,input_blocked,,,,,
cell-0072,189684946089983/625000000000000,6078716516494751/20000000000000000,True,False,all-64,primary,current_partial,64,0,unresolved,opposite_worlds,-49/64,79/64,-19/64,53/64
cell-0072,189684946089983/625000000000000,6078716516494751/20000000000000000,True,False,all-64,primary,union_strict,64,36,input_blocked,,,,,
cell-0072,189684946089983/625000000000000,6078716516494751/20000000000000000,True,False,all-64,primary,union_partial,64,1,input_blocked,,,,,
cell-0073,6078716516494751/20000000000000000,1522708684206009/5000000000000000,True,False,all-64,primary,exact_projection,64,0,supported,universal_bound,11/32,11/32,11/32,11/32
cell-0073,6078716516494751/20000000000000000,1522708684206009/5000000000000000,True,False,all-64,primary,one_edit_per_image,64,0,unresolved,opposite_worlds,-51/32,39/16,-19/16,67/32
cell-0073,6078716516494751/20000000000000000,1522708684206009/5000000000000000,True,False,all-64,primary,one_edit_global,64,0,supported,universal_bound,9/32,13/32,9/32,13/32
cell-0073,6078716516494751/20000000000000000,1522708684206009/5000000000000000,True,False,all-64,primary,current_strict,64,25,input_blocked,,,,,
cell-0073,6078716516494751/20000000000000000,1522708684206009/5000000000000000,True,False,all-64,primary,current_partial,64,0,unresolved,opposite_worlds,-25/32,39/32,-5/16,13/16
cell-0073,6078716516494751/20000000000000000,1522708684206009/5000000000000000,True,False,all-64,primary,union_strict,64,36,input_blocked,,,,,
cell-0073,6078716516494751/20000000000000000,1522708684206009/5000000000000000,True,False,all-64,primary,union_partial,64,1,input_blocked,,,,,
cell-0074,1522708684206009/5000000000000000,305830180644989/1000000000000000,True,False,all-64,primary,exact_projection,64,0,supported,universal_bound,21/64,21/64,21/64,21/64
cell-0074,1522708684206009/5000000000000000,305830180644989/1000000000000000,True,False,all-64,primary,one_edit_per_image,64,0,unresolved,opposite_worlds,-103/64,155/64,-77/64,133/64
cell-0074,1522708684206009/5000000000000000,305830180644989/1000000000000000,True,False,all-64,primary,one_edit_global,64,0,supported,universal_bound,17/64,25/64,17/64,25/64
cell-0074,1522708684206009/5000000000000000,305830180644989/1000000000000000,True,False,all-64,primary,current_strict,64,25,input_blocked,,,,,
cell-0074,1522708684206009/5000000000000000,305830180644989/1000000000000000,True,False,all-64,primary,current_partial,64,0,unresolved,opposite_worlds,-49/64,77/64,-19/64,51/64
cell-0074,1522708684206009/5000000000000000,305830180644989/1000000000000000,True,False,all-64,primary,union_strict,64,36,input_blocked,,,,,
cell-0074,1522708684206009/5000000000000000,305830180644989/1000000000000000,True,False,all-64,primary,union_partial,64,1,input_blocked,,,,,
cell-0075,305830180644989/1000000000000000,614943265914917/2000000000000000,True,False,all-64,primary,exact_projection,64,0,supported,universal_bound,11/32,11/32,11/32,11/32
cell-0075,305830180644989/1000000000000000,614943265914917/2000000000000000,True,False,all-64,primary,one_edit_per_image,64,0,unresolved,opposite_worlds,-51/32,39/16,-19/16,33/16
cell-0075,305830180644989/1000000000000000,614943265914917/2000000000000000,True,False,all-64,primary,one_edit_global,64,0,supported,universal_bound,9/32,13/32,9/32,13/32
cell-0075,305830180644989/1000000000000000,614943265914917/2000000000000000,True,False,all-64,primary,current_strict,64,25,input_blocked,,,,,
cell-0075,305830180644989/1000000000000000,614943265914917/2000000000000000,True,False,all-64,primary,current_partial,64,0,unresolved,opposite_worlds,-3/4,39/32,-9/32,13/16
cell-0075,305830180644989/1000000000000000,614943265914917/2000000000000000,True,False,all-64,primary,union_strict,64,36,input_blocked,,,,,
cell-0075,305830180644989/1000000000000000,614943265914917/2000000000000000,True,False,all-64,primary,union_partial,64,1,input_blocked,,,,,
cell-0076,614943265914917/2000000000000000,30922839045524597/100000000000000000,True,False,all-64,primary,exact_projection,64,0,supported,universal_bound,21/64,21/64,21/64,21/64
cell-0076,614943265914917/2000000000000000,30922839045524597/100000000000000000,True,False,all-64,primary,one_edit_per_image,64,0,unresolved,opposite_worlds,-103/64,155/64,-77/64,131/64
cell-0076,614943265914917/2000000000000000,30922839045524597/100000000000000000,True,False,all-64,primary,one_edit_global,64,0,supported,universal_bound,17/64,25/64,17/64,25/64
cell-0076,614943265914917/2000000000000000,30922839045524597/100000000000000000,True,False,all-64,primary,current_strict,64,25,input_blocked,,,,,
cell-0076,614943265914917/2000000000000000,30922839045524597/100000000000000000,True,False,all-64,primary,current_partial,64,0,unresolved,opposite_worlds,-49/64,77/64,-19/64,51/64
cell-0076,614943265914917/2000000000000000,30922839045524597/100000000000000000,True,False,all-64,primary,union_strict,64,36,input_blocked,,,,,
cell-0076,614943265914917/2000000000000000,30922839045524597/100000000000000000,True,False,all-64,primary,union_partial,64,1,input_blocked,,,,,
cell-0077,30922839045524597/100000000000000000,309906929731369/1000000000000000,True,False,all-64,primary,exact_projection,64,0,supported,universal_bound,5/16,5/16,5/16,5/16
cell-0077,30922839045524597/100000000000000000,309906929731369/1000000000000000,True,False,all-64,primary,one_edit_per_image,64,0,unresolved,opposite_worlds,-13/8,77/32,-39/32,65/32
cell-0077,30922839045524597/100000000000000000,309906929731369/1000000000000000,True,False,all-64,primary,one_edit_global,64,0,supported,universal_bound,1/4,3/8,1/4,3/8
cell-0077,30922839045524597/100000000000000000,309906929731369/1000000000000000,True,False,all-64,primary,current_strict,64,25,input_blocked,,,,,
cell-0077,30922839045524597/100000000000000000,309906929731369/1000000000000000,True,False,all-64,primary,current_partial,64,0,unresolved,opposite_worlds,-25/32,19/16,-5/16,25/32
cell-0077,30922839045524597/100000000000000000,309906929731369/1000000000000000,True,False,all-64,primary,union_strict,64,36,input_blocked,,,,,
cell-0077,30922839045524597/100000000000000000,309906929731369/1000000000000000,True,False,all-64,primary,union_partial,64,1,input_blocked,,,,,
cell-0078,309906929731369/1000000000000000,6211773157119751/20000000000000000,True,False,all-64,primary,exact_projection,64,0,supported,universal_bound,21/64,21/64,21/64,21/64
cell-0078,309906929731369/1000000000000000,6211773157119751/20000000000000000,True,False,all-64,primary,one_edit_per_image,64,0,unresolved,opposite_worlds,-103/64,155/64,-77/64,131/64
cell-0078,309906929731369/1000000000000000,6211773157119751/20000000000000000,True,False,all-64,primary,one_edit_global,64,0,supported,universal_bound,17/64,25/64,17/64,25/64
cell-0078,309906929731369/1000000000000000,6211773157119751/20000000000000000,True,False,all-64,primary,current_strict,64,25,input_blocked,,,,,
cell-0078,309906929731369/1000000000000000,6211773157119751/20000000000000000,True,False,all-64,primary,current_partial,64,0,unresolved,opposite_worlds,-49/64,77/64,-19/64,51/64
cell-0078,309906929731369/1000000000000000,6211773157119751/20000000000000000,True,False,all-64,primary,union_strict,64,36,input_blocked,,,,,
cell-0078,309906929731369/1000000000000000,6211773157119751/20000000000000000,True,False,all-64,primary,union_partial,64,1,input_blocked,,,,,
cell-0079,6211773157119751/20000000000000000,31145399808883667/100000000000000000,True,False,all-64,primary,exact_projection,64,0,supported,universal_bound,5/16,5/16,5/16,5/16
cell-0079,6211773157119751/20000000000000000,31145399808883667/100000000000000000,True,False,all-64,primary,one_edit_per_image,64,0,unresolved,opposite_worlds,-13/8,77/32,-39/32,65/32
cell-0079,6211773157119751/20000000000000000,31145399808883667/100000000000000000,True,False,all-64,primary,one_edit_global,64,0,supported,universal_bound,1/4,3/8,1/4,3/8
cell-0079,6211773157119751/20000000000000000,31145399808883667/100000000000000000,True,False,all-64,primary,current_strict,64,25,input_blocked,,,,,
cell-0079,6211773157119751/20000000000000000,31145399808883667/100000000000000000,True,False,all-64,primary,current_partial,64,0,unresolved,opposite_worlds,-25/32,19/16,-5/16,25/32
cell-0079,6211773157119751/20000000000000000,31145399808883667/100000000000000000,True,False,all-64,primary,union_strict,64,36,input_blocked,,,,,
cell-0079,6211773157119751/20000000000000000,31145399808883667/100000000000000000,True,False,all-64,primary,union_partial,64,1,input_blocked,,,,,
cell-0080,31145399808883667/100000000000000000,31249305605888367/100000000000000000,True,False,all-64,primary,exact_projection,64,0,supported,universal_bound,19/64,19/64,19/64,19/64
cell-0080,31145399808883667/100000000000000000,31249305605888367/100000000000000000,True,False,all-64,primary,one_edit_per_image,64,0,unresolved,opposite_worlds,-105/64,153/64,-79/64,129/64
cell-0080,31145399808883667/100000000000000000,31249305605888367/100000000000000000,True,False,all-64,primary,one_edit_global,64,0,supported,universal_bound,15/64,23/64,15/64,23/64
cell-0080,31145399808883667/100000000000000000,31249305605888367/100000000000000000,True,False,all-64,primary,current_strict,64,25,input_blocked,,,,,
cell-0080,31145399808883667/100000000000000000,31249305605888367/100000000000000000,True,False,all-64,primary,current_partial,64,0,unresolved,opposite_worlds,-51/64,75/64,-21/64,49/64
cell-0080,31145399808883667/100000000000000000,31249305605888367/100000000000000000,True,False,all-64,primary,union_strict,64,36,input_blocked,,,,,
cell-0080,31145399808883667/100000000000000000,31249305605888367/100000000000000000,True,False,all-64,primary,union_partial,64,1,input_blocked,,,,,
cell-0081,31249305605888367/100000000000000000,1565229743719101/5000000000000000,True,False,all-64,primary,exact_projection,64,0,supported,universal_bound,5/16,5/16,5/16,5/16
cell-0081,31249305605888367/100000000000000000,1565229743719101/5000000000000000,True,False,all-64,primary,one_edit_per_image,64,0,unresolved,opposite_worlds,-13/8,19/8,-39/32,2
cell-0081,31249305605888367/100000000000000000,1565229743719101/5000000000000000,True,False,all-64,primary,one_edit_global,64,0,supported,universal_bound,1/4,3/8,1/4,3/8
cell-0081,31249305605888367/100000000000000000,1565229743719101/5000000000000000,True,False,all-64,primary,current_strict,64,25,input_blocked,,,,,
cell-0081,31249305605888367/100000000000000000,1565229743719101/5000000000000000,True,False,all-64,primary,current_partial,64,0,unresolved,opposite_worlds,-25/32,19/16,-5/16,25/32
cell-0081,31249305605888367/100000000000000000,1565229743719101/5000000000000000,True,False,all-64,primary,union_strict,64,36,input_blocked,,,,,
cell-0081,31249305605888367/100000000000000000,1565229743719101/5000000000000000,True,False,all-64,primary,union_partial,64,1,input_blocked,,,,,
cell-0082,1565229743719101/5000000000000000,313198983669281/1000000000000000,True,False,all-64,primary,exact_projection,64,0,supported,universal_bound,19/64,19/64,19/64,19/64
cell-0082,1565229743719101/5000000000000000,313198983669281/1000000000000000,True,False,all-64,primary,one_edit_per_image,64,0,unresolved,opposite_worlds,-105/64,151/64,-79/64,127/64
cell-0082,1565229743719101/5000000000000000,313198983669281/1000000000000000,True,False,all-64,primary,one_edit_global,64,0,supported,universal_bound,15/64,23/64,15/64,23/64
cell-0082,1565229743719101/5000000000000000,313198983669281/1000000000000000,True,False,all-64,primary,current_strict,64,25,input_blocked,,,,,
cell-0082,1565229743719101/5000000000000000,313198983669281/1000000000000000,True,False,all-64,primary,current_partial,64,0,unresolved,opposite_worlds,-51/64,75/64,-21/64,49/64
cell-0082,1565229743719101/5000000000000000,313198983669281/1000000000000000,True,False,all-64,primary,union_strict,64,36,input_blocked,,,,,
cell-0082,1565229743719101/5000000000000000,313198983669281/1000000000000000,True,False,all-64,primary,union_partial,64,1,input_blocked,,,,,
cell-0083,313198983669281/1000000000000000,3944704681634903/12500000000000000,True,False,all-64,primary,exact_projection,64,0,supported,universal_bound,9/32,9/32,9/32,9/32
cell-0083,313198983669281/1000000000000000,3944704681634903/12500000000000000,True,False,all-64,primary,one_edit_per_image,64,0,unresolved,opposite_worlds,-13/8,75/32,-39/32,63/32
cell-0083,313198983669281/1000000000000000,3944704681634903/12500000000000000,True,False,all-64,primary,one_edit_global,64,0,supported,universal_bound,7/32,11/32,7/32,11/32
cell-0083,313198983669281/1000000000000000,3944704681634903/12500000000000000,True,False,all-64,primary,current_strict,64,25,input_blocked,,,,,
cell-0083,313198983669281/1000000000000000,3944704681634903/12500000000000000,True,False,all-64,primary,current_partial,64,0,unresolved,opposite_worlds,-25/32,37/32,-5/16,3/4
cell-0083,313198983669281/1000000000000000,3944704681634903/12500000000000000,True,False,all-64,primary,union_strict,64,36,input_blocked,,,,,
cell-0083,313198983669281/1000000000000000,3944704681634903/12500000000000000,True,False,all-64,primary,union_partial,64,1,input_blocked,,,,,
cell-0084,3944704681634903/12500000000000000,3167286217212677/10000000000000000,True,False,all-64,primary,exact_projection,64,0,supported,universal_bound,17/64,17/64,17/64,17/64
cell-0084,3944704681634903/12500000000000000,3167286217212677/10000000000000000,True,False,all-64,primary,one_edit_per_image,64,0,unresolved,opposite_worlds,-105/64,149/64,-79/64,125/64
cell-0084,3944704681634903/12500000000000000,3167286217212677/10000000000000000,True,False,all-64,primary,one_edit_global,64,0,supported,universal_bound,13/64,21/64,13/64,21/64
cell-0084,3944704681634903/12500000000000000,3167286217212677/10000000000000000,True,False,all-64,primary,current_strict,64,25,input_blocked,,,,,
cell-0084,3944704681634903/12500000000000000,3167286217212677/10000000000000000,True,False,all-64,primary,current_partial,64,0,unresolved,opposite_worlds,-51/64,73/64,-21/64,47/64
cell-0084,3944704681634903/12500000000000000,3167286217212677/10000000000000000,True,False,all-64,primary,union_strict,64,36,input_blocked,,,,,
cell-0084,3944704681634903/12500000000000000,3167286217212677/10000000000000000,True,False,all-64,primary,union_partial,64,1,input_blocked,,,,,
cell-0085,3167286217212677/10000000000000000,3176190257072449/10000000000000000,True,False,all-64,primary,exact_projection,64,0,supported,universal_bound,1/4,1/4,1/4,1/4
cell-0085,3167286217212677/10000000000000000,3176190257072449/10000000000000000,True,False,all-64,primary,one_edit_per_image,64,0,unresolved,opposite_worlds,-53/32,37/16,-5/4,31/16
cell-0085,3167286217212677/10000000000000000,3176190257072449/10000000000000000,True,False,all-64,primary,one_edit_global,64,0,supported,universal_bound,3/16,5/16,3/16,5/16
cell-0085,3167286217212677/10000000000000000,3176190257072449/10000000000000000,True,False,all-64,primary,current_strict,64,25,input_blocked,,,,,
cell-0085,3167286217212677/10000000000000000,3176190257072449/10000000000000000,True,False,all-64,primary,current_partial,64,0,unresolved,opposite_worlds,-13/16,9/8,-11/32,23/32
cell-0085,3167286217212677/10000000000000000,3176190257072449/10000000000000000,True,False,all-64,primary,union_strict,64,36,input_blocked,,,,,
cell-0085,3167286217212677/10000000000000000,3176190257072449/10000000000000000,True,False,all-64,primary,union_partial,64,1,input_blocked,,,,,
cell-0086,3176190257072449/10000000000000000,3191157877445221/10000000000000000,True,False,all-64,primary,exact_projection,64,0,supported,universal_bound,17/64,17/64,17/64,17/64
cell-0086,3176190257072449/10000000000000000,3191157877445221/10000000000000000,True,False,all-64,primary,one_edit_per_image,64,0,unresolved,opposite_worlds,-105/64,149/64,-79/64,125/64
cell-0086,3176190257072449/10000000000000000,3191157877445221/10000000000000000,True,False,all-64,primary,one_edit_global,64,0,supported,universal_bound,13/64,21/64,13/64,21/64
cell-0086,3176190257072449/10000000000000000,3191157877445221/10000000000000000,True,False,all-64,primary,current_strict,64,25,input_blocked,,,,,
cell-0086,3176190257072449/10000000000000000,3191157877445221/10000000000000000,True,False,all-64,primary,current_partial,64,0,unresolved,opposite_worlds,-51/64,71/64,-21/64,45/64
cell-0086,3176190257072449/10000000000000000,3191157877445221/10000000000000000,True,False,all-64,primary,union_strict,64,36,input_blocked,,,,,
cell-0086,3176190257072449/10000000000000000,3191157877445221/10000000000000000,True,False,all-64,primary,union_partial,64,1,input_blocked,,,,,
cell-0087,3191157877445221/10000000000000000,15986955165863037/50000000000000000,True,False,all-64,primary,exact_projection,64,0,supported,universal_bound,9/32,9/32,9/32,9/32
cell-0087,3191157877445221/10000000000000000,15986955165863037/50000000000000000,True,False,all-64,primary,one_edit_per_image,64,0,unresolved,opposite_worlds,-13/8,75/32,-39/32,63/32
cell-0087,3191157877445221/10000000000000000,15986955165863037/50000000000000000,True,False,all-64,primary,one_edit_global,64,0,supported,universal_bound,7/32,11/32,7/32,11/32
cell-0087,3191157877445221/10000000000000000,15986955165863037/50000000000000000,True,False,all-64,primary,current_strict,64,25,input_blocked,,,,,
cell-0087,3191157877445221/10000000000000000,15986955165863037/50000000000000000,True,False,all-64,primary,current_partial,64,0,unresolved,opposite_worlds,-25/32,9/8,-5/16,23/32
cell-0087,3191157877445221/10000000000000000,15986955165863037/50000000000000000,True,False,all-64,primary,union_strict,64,36,input_blocked,,,,,
cell-0087,3191157877445221/10000000000000000,15986955165863037/50000000000000000,True,False,all-64,primary,union_partial,64,1,input_blocked,,,,,
cell-0088,15986955165863037/50000000000000000,3207913041114807/10000000000000000,True,False,all-64,primary,exact_projection,64,0,supported,universal_bound,17/64,17/64,17/64,17/64
cell-0088,15986955165863037/50000000000000000,3207913041114807/10000000000000000,True,False,all-64,primary,one_edit_per_image,64,0,unresolved,opposite_worlds,-105/64,149/64,-79/64,125/64
cell-0088,15986955165863037/50000000000000000,3207913041114807/10000000000000000,True,False,all-64,primary,one_edit_global,64,0,supported,universal_bound,13/64,21/64,13/64,21/64
cell-0088,15986955165863037/50000000000000000,3207913041114807/10000000000000000,True,False,all-64,primary,current_strict,64,25,input_blocked,,,,,
cell-0088,15986955165863037/50000000000000000,3207913041114807/10000000000000000,True,False,all-64,primary,current_partial,64,0,unresolved,opposite_worlds,-51/64,71/64,-21/64,45/64
cell-0088,15986955165863037/50000000000000000,3207913041114807/10000000000000000,True,False,all-64,primary,union_strict,64,36,input_blocked,,,,,
cell-0088,15986955165863037/50000000000000000,3207913041114807/10000000000000000,True,False,all-64,primary,union_partial,64,1,input_blocked,,,,,
cell-0089,3207913041114807/10000000000000000,4010598361492157/12500000000000000,True,False,all-64,primary,exact_projection,64,0,supported,universal_bound,9/32,9/32,9/32,9/32
cell-0089,3207913041114807/10000000000000000,4010598361492157/12500000000000000,True,False,all-64,primary,one_edit_per_image,64,0,unresolved,opposite_worlds,-53/32,75/32,-39/32,63/32
cell-0089,3207913041114807/10000000000000000,4010598361492157/12500000000000000,True,False,all-64,primary,one_edit_global,64,0,supported,universal_bound,7/32,11/32,7/32,11/32
cell-0089,3207913041114807/10000000000000000,4010598361492157/12500000000000000,True,False,all-64,primary,current_strict,64,25,input_blocked,,,,,
cell-0089,3207913041114807/10000000000000000,4010598361492157/12500000000000000,True,False,all-64,primary,current_partial,64,0,unresolved,opposite_worlds,-25/32,9/8,-5/16,23/32
cell-0089,3207913041114807/10000000000000000,4010598361492157/12500000000000000,True,False,all-64,primary,union_strict,64,36,input_blocked,,,,,
cell-0089,3207913041114807/10000000000000000,4010598361492157/12500000000000000,True,False,all-64,primary,union_partial,64,1,input_blocked,,,,,
cell-0090,4010598361492157/12500000000000000,16102316975593567/50000000000000000,True,False,all-64,primary,exact_projection,64,0,supported,universal_bound,17/64,17/64,17/64,17/64
cell-0090,4010598361492157/12500000000000000,16102316975593567/50000000000000000,True,False,all-64,primary,one_edit_per_image,64,0,unresolved,opposite_worlds,-107/64,149/64,-79/64,125/64
cell-0090,4010598361492157/12500000000000000,16102316975593567/50000000000000000,True,False,all-64,primary,one_edit_global,64,0,supported,universal_bound,13/64,21/64,13/64,21/64
cell-0090,4010598361492157/12500000000000000,16102316975593567/50000000000000000,True,False,all-64,primary,current_strict,64,25,input_blocked,,,,,
cell-0090,4010598361492157/12500000000000000,16102316975593567/50000000000000000,True,False,all-64,primary,current_partial,64,0,unresolved,opposite_worlds,-51/64,71/64,-19/64,45/64
cell-0090,4010598361492157/12500000000000000,16102316975593567/50000000000000000,True,False,all-64,primary,union_strict,64,36,input_blocked,,,,,
cell-0090,4010598361492157/12500000000000000,16102316975593567/50000000000000000,True,False,all-64,primary,union_partial,64,1,input_blocked,,,,,
cell-0091,16102316975593567/50000000000000000,818391814827919/2500000000000000,True,False,all-64,primary,exact_projection,64,0,supported,universal_bound,9/32,9/32,9/32,9/32
cell-0091,16102316975593567/50000000000000000,818391814827919/2500000000000000,True,False,all-64,primary,one_edit_per_image,64,0,unresolved,opposite_worlds,-53/32,37/16,-39/32,31/16
cell-0091,16102316975593567/50000000000000000,818391814827919/2500000000000000,True,False,all-64,primary,one_edit_global,64,0,supported,universal_bound,7/32,11/32,7/32,11/32
cell-0091,16102316975593567/50000000000000000,818391814827919/2500000000000000,True,False,all-64,primary,current_strict,64,25,input_blocked,,,,,
cell-0091,16102316975593567/50000000000000000,818391814827919/2500000000000000,True,False,all-64,primary,current_partial,64,0,unresolved,opposite_worlds,-25/32,35/32,-9/32,11/16
cell-0091,16102316975593567/50000000000000000,818391814827919/2500000000000000,True,False,all-64,primary,union_strict,64,36,input_blocked,,,,,
cell-0091,16102316975593567/50000000000000000,818391814827919/2500000000000000,True,False,all-64,primary,union_partial,64,1,input_blocked,,,,,
cell-0092,818391814827919/2500000000000000,6553540825843811/20000000000000000,True,False,all-64,primary,exact_projection,64,0,supported,universal_bound,17/64,17/64,17/64,17/64
cell-0092,818391814827919/2500000000000000,6553540825843811/20000000000000000,True,False,all-64,primary,one_edit_per_image,64,0,unresolved,opposite_worlds,-105/64,147/64,-79/64,123/64
cell-0092,818391814827919/2500000000000000,6553540825843811/20000000000000000,True,False,all-64,primary,one_edit_global,64,0,supported,universal_bound,13/64,21/64,13/64,21/64
cell-0092,818391814827919/2500000000000000,6553540825843811/20000000000000000,True,False,all-64,primary,current_strict,64,25,input_blocked,,,,,
cell-0092,818391814827919/2500000000000000,6553540825843811/20000000000000000,True,False,all-64,primary,current_partial,64,0,unresolved,opposite_worlds,-49/64,69/64,-17/64,43/64
cell-0092,818391814827919/2500000000000000,6553540825843811/20000000000000000,True,False,all-64,primary,union_strict,64,36,input_blocked,,,,,
cell-0092,818391814827919/2500000000000000,6553540825843811/20000000000000000,True,False,all-64,primary,union_partial,64,1,input_blocked,,,,,
cell-0093,6553540825843811/20000000000000000,8266071230173111/25000000000000000,True,False,all-64,primary,exact_projection,64,0,supported,universal_bound,1/4,1/4,1/4,1/4
cell-0093,6553540825843811/20000000000000000,8266071230173111/25000000000000000,True,False,all-64,primary,one_edit_per_image,64,0,unresolved,opposite_worlds,-53/32,73/32,-5/4,61/32
cell-0093,6553540825843811/20000000000000000,8266071230173111/25000000000000000,True,False,all-64,primary,one_edit_global,64,0,supported,universal_bound,3/16,5/16,3/16,5/16
cell-0093,6553540825843811/20000000000000000,8266071230173111/25000000000000000,True,False,all-64,primary,current_strict,64,25,input_blocked,,,,,
cell-0093,6553540825843811/20000000000000000,8266071230173111/25000000000000000,True,False,all-64,primary,current_partial,64,0,unresolved,opposite_worlds,-25/32,17/16,-9/32,21/32
cell-0093,6553540825843811/20000000000000000,8266071230173111/25000000000000000,True,False,all-64,primary,union_strict,64,36,input_blocked,,,,,
cell-0093,6553540825843811/20000000000000000,8266071230173111/25000000000000000,True,False,all-64,primary,union_partial,64,1,input_blocked,,,,,
cell-0094,8266071230173111/25000000000000000,6634088158607483/20000000000000000,True,False,all-64,primary,exact_projection,64,0,supported,universal_bound,15/64,15/64,15/64,15/64
cell-0094,8266071230173111/25000000000000000,6634088158607483/20000000000000000,True,False,all-64,primary,one_edit_per_image,64,0,unresolved,opposite_worlds,-107/64,145/64,-79/64,121/64
cell-0094,8266071230173111/25000000000000000,6634088158607483/20000000000000000,True,False,all-64,primary,one_edit_global,64,0,supported,universal_bound,11/64,19/64,11/64,19/64
cell-0094,8266071230173111/25000000000000000,6634088158607483/20000000000000000,True,False,all-64,primary,current_strict,64,25,input_blocked,,,,,
cell-0094,8266071230173111/25000000000000000,6634088158607483/20000000000000000,True,False,all-64,primary,current_partial,64,0,unresolved,opposite_worlds,-51/64,67/64,-19/64,41/64
cell-0094,8266071230173111/25000000000000000,6634088158607483/20000000000000000,True,False,all-64,primary,union_strict,64,36,input_blocked,,,,,
cell-0094,8266071230173111/25000000000000000,6634088158607483/20000000000000000,True,False,all-64,primary,union_partial,64,1,input_blocked,,,,,
cell-0095,6634088158607483/20000000000000000,1045349333435297/3125000000000000,True,False,all-64,primary,exact_projection,64,0,supported,universal_bound,7/32,7/32,7/32,7/32
cell-0095,6634088158607483/20000000000000000,1045349333435297/3125000000000000,True,False,all-64,primary,one_edit_per_image,64,0,unresolved,opposite_worlds,-27/16,9/4,-5/4,15/8
cell-0095,6634088158607483/20000000000000000,1045349333435297/3125000000000000,True,False,all-64,primary,one_edit_global,64,0,supported,universal_bound,5/32,9/32,5/32,9/32
cell-0095,6634088158607483/20000000000000000,1045349333435297/3125000000000000,True,False,all-64,primary,current_strict,64,25,input_blocked,,,,,
cell-0095,6634088158607483/20000000000000000,1045349333435297/3125000000000000,True,False,all-64,primary,current_partial,64,0,unresolved,opposite_worlds,-13/16,33/32,-5/16,5/8
cell-0095,6634088158607483/20000000000000000,1045349333435297/3125000000000000,True,False,all-64,primary,union_strict,64,36,input_blocked,,,,,
cell-0095,6634088158607483/20000000000000000,1045349333435297/3125000000000000,True,False,all-64,primary,union_partial,64,1,input_blocked,,,,,
cell-0096,1045349333435297/3125000000000000,33523866534233093/100000000000000000,True,False,all-64,primary,exact_projection,64,0,supported,universal_bound,13/64,13/64,13/64,13/64
cell-0096,1045349333435297/3125000000000000,33523866534233093/100000000000000000,True,False,all-64,primary,one_edit_per_image,64,0,unresolved,opposite_worlds,-109/64,143/64,-81/64,119/64
cell-0096,1045349333435297/3125000000000000,33523866534233093/100000000000000000,True,False,all-64,primary,one_edit_global,64,0,supported,universal_bound,9/64,17/64,9/64,17/64
cell-0096,1045349333435297/3125000000000000,33523866534233093/100000000000000000,True,False,all-64,primary,current_strict,64,25,input_blocked,,,,,
cell-0096,1045349333435297/3125000000000000,33523866534233093/100000000000000000,True,False,all-64,primary,current_partial,64,0,unresolved,opposite_worlds,-53/64,65/64,-21/64,39/64
cell-0096,1045349333435297/3125000000000000,33523866534233093/100000000000000000,True,False,all-64,primary,union_strict,64,36,input_blocked,,,,,
cell-0096,1045349333435297/3125000000000000,33523866534233093/100000000000000000,True,False,all-64,primary,union_partial,64,1,input_blocked,,,,,
cell-0097,33523866534233093/100000000000000000,33672425150871277/100000000000000000,True,False,all-64,primary,exact_projection,64,0,supported,universal_bound,3/16,3/16,3/16,3/16
cell-0097,33523866534233093/100000000000000000,33672425150871277/100000000000000000,True,False,all-64,primary,one_edit_per_image,64,0,unresolved,opposite_worlds,-55/32,71/32,-5/4,59/32
cell-0097,33523866534233093/100000000000000000,33672425150871277/100000000000000000,True,False,all-64,primary,one_edit_global,64,0,supported,universal_bound,1/8,1/4,1/8,1/4
cell-0097,33523866534233093/100000000000000000,33672425150871277/100000000000000000,True,False,all-64,primary,current_strict,64,25,input_blocked,,,,,
cell-0097,33523866534233093/100000000000000000,33672425150871277/100000000000000000,True,False,all-64,primary,current_partial,64,0,unresolved,opposite_worlds,-27/32,1,-5/16,19/32
cell-0097,33523866534233093/100000000000000000,33672425150871277/100000000000000000,True,False,all-64,primary,union_strict,64,36,input_blocked,,,,,
cell-0097,33523866534233093/100000000000000000,33672425150871277/100000000000000000,True,False,all-64,primary,union_partial,64,1,input_blocked,,,,,
cell-0098,33672425150871277/100000000000000000,3367815315723419/10000000000000000,True,False,all-64,primary,exact_projection,64,0,supported,universal_bound,13/64,13/64,13/64,13/64
cell-0098,33672425150871277/100000000000000000,3367815315723419/10000000000000000,True,False,all-64,primary,one_edit_per_image,64,0,unresolved,opposite_worlds,-109/64,143/64,-79/64,119/64
cell-0098,33672425150871277/100000000000000000,3367815315723419/10000000000000000,True,False,all-64,primary,one_edit_global,64,0,supported,universal_bound,9/64,17/64,9/64,17/64
cell-0098,33672425150871277/100000000000000000,3367815315723419/10000000000000000,True,False,all-64,primary,current_strict,64,25,input_blocked,,,,,
cell-0098,33672425150871277/100000000000000000,3367815315723419/10000000000000000,True,False,all-64,primary,current_partial,64,0,unresolved,opposite_worlds,-53/64,65/64,-19/64,39/64
cell-0098,33672425150871277/100000000000000000,3367815315723419/10000000000000000,True,False,all-64,primary,union_strict,64,36,input_blocked,,,,,
cell-0098,33672425150871277/100000000000000000,3367815315723419/10000000000000000,True,False,all-64,primary,union_partial,64,1,input_blocked,,,,,
cell-0099,3367815315723419/10000000000000000,1692366600036621/5000000000000000,True,False,all-64,primary,exact_projection,64,0,supported,universal_bound,3/16,3/16,3/16,3/16
cell-0099,3367815315723419/10000000000000000,1692366600036621/5000000000000000,True,False,all-64,primary,one_edit_per_image,64,0,unresolved,opposite_worlds,-55/32,71/32,-5/4,59/32
cell-0099,3367815315723419/10000000000000000,1692366600036621/5000000000000000,True,False,all-64,primary,one_edit_global,64,0,supported,universal_bound,1/8,1/4,1/8,1/4
cell-0099,3367815315723419/10000000000000000,1692366600036621/5000000000000000,True,False,all-64,primary,current_strict,64,25,input_blocked,,,,,
cell-0099,3367815315723419/10000000000000000,1692366600036621/5000000000000000,True,False,all-64,primary,current_partial,64,0,unresolved,opposite_worlds,-27/32,1,-5/16,19/32
cell-0099,3367815315723419/10000000000000000,1692366600036621/5000000000000000,True,False,all-64,primary,union_strict,64,36,input_blocked,,,,,
cell-0099,3367815315723419/10000000000000000,1692366600036621/5000000000000000,True,False,all-64,primary,union_partial,64,1,input_blocked,,,,,
cell-0100,1692366600036621/5000000000000000,1059742271900177/3125000000000000,True,False,all-64,primary,exact_projection,64,0,supported,universal_bound,13/64,13/64,13/64,13/64
cell-0100,1692366600036621/5000000000000000,1059742271900177/3125000000000000,True,False,all-64,primary,one_edit_per_image,64,0,unresolved,opposite_worlds,-109/64,141/64,-79/64,117/64
cell-0100,1692366600036621/5000000000000000,1059742271900177/3125000000000000,True,False,all-64,primary,one_edit_global,64,0,supported,universal_bound,9/64,17/64,9/64,17/64
cell-0100,1692366600036621/5000000000000000,1059742271900177/3125000000000000,True,False,all-64,primary,current_strict,64,25,input_blocked,,,,,
cell-0100,1692366600036621/5000000000000000,1059742271900177/3125000000000000,True,False,all-64,primary,current_partial,64,0,unresolved,opposite_worlds,-53/64,63/64,-19/64,37/64
cell-0100,1692366600036621/5000000000000000,1059742271900177/3125000000000000,True,False,all-64,primary,union_strict,64,36,input_blocked,,,,,
cell-0100,1692366600036621/5000000000000000,1059742271900177/3125000000000000,True,False,all-64,primary,union_partial,64,1,input_blocked,,,,,
cell-0101,1059742271900177/3125000000000000,33945325016975403/100000000000000000,True,False,all-64,primary,exact_projection,64,0,supported,universal_bound,3/16,3/16,3/16,3/16
cell-0101,1059742271900177/3125000000000000,33945325016975403/100000000000000000,True,False,all-64,primary,one_edit_per_image,64,0,unresolved,opposite_worlds,-55/32,35/16,-39/32,29/16
cell-0101,1059742271900177/3125000000000000,33945325016975403/100000000000000000,True,False,all-64,primary,one_edit_global,64,0,supported,universal_bound,1/8,1/4,1/8,1/4
cell-0101,1059742271900177/3125000000000000,33945325016975403/100000000000000000,True,False,all-64,primary,current_strict,64,25,input_blocked,,,,,
cell-0101,1059742271900177/3125000000000000,33945325016975403/100000000000000000,True,False,all-64,primary,current_partial,64,0,unresolved,opposite_worlds,-27/32,31/32,-5/16,9/16
cell-0101,1059742271900177/3125000000000000,33945325016975403/100000000000000000,True,False,all-64,primary,union_strict,64,36,input_blocked,,,,,
cell-0101,1059742271900177/3125000000000000,33945325016975403/100000000000000000,True,False,all-64,primary,union_partial,64,1,input_blocked,,,,,
cell-0102,33945325016975403/100000000000000000,212254598736763/625000000000000,True,False,all-64,primary,exact_projection,64,0,supported,universal_bound,13/64,13/64,13/64,13/64
cell-0102,33945325016975403/100000000000000000,212254598736763/625000000000000,True,False,all-64,primary,one_edit_per_image,64,0,unresolved,opposite_worlds,-109/64,139/64,-77/64,115/64
cell-0102,33945325016975403/100000000000000000,212254598736763/625000000000000,True,False,all-64,primary,one_edit_global,64,0,supported,universal_bound,9/64,17/64,9/64,17/64
cell-0102,33945325016975403/100000000000000000,212254598736763/625000000000000,True,False,all-64,primary,current_strict,64,25,input_blocked,,,,,
cell-0102,33945325016975403/100000000000000000,212254598736763/625000000000000,True,False,all-64,primary,current_partial,64,0,unresolved,opposite_worlds,-53/64,63/64,-19/64,37/64
cell-0102,33945325016975403/100000000000000000,212254598736763/625000000000000,True,False,all-64,primary,union_strict,64,36,input_blocked,,,,,
cell-0102,33945325016975403/100000000000000000,212254598736763/625000000000000,True,False,all-64,primary,union_partial,64,1,input_blocked,,,,,
cell-0103,212254598736763/625000000000000,339977890253067/1000000000000000,True,False,all-64,primary,exact_projection,64,0,supported,universal_bound,7/32,7/32,7/32,7/32
cell-0103,212254598736763/625000000000000,339977890253067/1000000000000000,True,False,all-64,primary,one_edit_per_image,64,0,unresolved,opposite_worlds,-27/16,35/16,-19/16,57/32
cell-0103,212254598736763/625000000000000,339977890253067/1000000000000000,True,False,all-64,primary,one_edit_global,64,0,supported,universal_bound,5/32,9/32,5/32,9/32
cell-0103,212254598736763/625000000000000,339977890253067/1000000000000000,True,False,all-64,primary,current_strict,64,25,input_blocked,,,,,
cell-0103,212254598736763/625000000000000,339977890253067/1000000000000000,True,False,all-64,primary,current_partial,64,0,unresolved,opposite_worlds,-13/16,1,-9/32,19/32
cell-0103,212254598736763/625000000000000,339977890253067/1000000000000000,True,False,all-64,primary,union_strict,64,36,input_blocked,,,,,
cell-0103,212254598736763/625000000000000,339977890253067/1000000000000000,True,False,all-64,primary,union_partial,64,1,input_blocked,,,,,
cell-0104,339977890253067/1000000000000000,3404722213745117/10000000000000000,True,False,all-64,primary,exact_projection,64,0,supported,universal_bound,15/64,15/64,15/64,15/64
cell-0104,339977890253067/1000000000000000,3404722213745117/10000000000000000,True,False,all-64,primary,one_edit_per_image,64,0,unresolved,opposite_worlds,-107/64,141/64,-75/64,113/64
cell-0104,339977890253067/1000000000000000,3404722213745117/10000000000000000,True,False,all-64,primary,one_edit_global,64,0,supported,universal_bound,11/64,19/64,11/64,19/64
cell-0104,339977890253067/1000000000000000,3404722213745117/10000000000000000,True,False,all-64,primary,current_strict,64,25,input_blocked,,,,,
cell-0104,339977890253067/1000000000000000,3404722213745117/10000000000000000,True,False,all-64,primary,current_partial,64,0,unresolved,opposite_worlds,-51/64,65/64,-17/64,37/64
cell-0104,339977890253067/1000000000000000,3404722213745117/10000000000000000,True,False,all-64,primary,union_strict,64,36,input_blocked,,,,,
cell-0104,339977890253067/1000000000000000,3404722213745117/10000000000000000,True,False,all-64,primary,union_partial,64,1,input_blocked,,,,,
cell-0105,3404722213745117/10000000000000000,17057444155216217/50000000000000000,True,False,all-64,primary,exact_projection,64,0,supported,universal_bound,7/32,7/32,7/32,7/32
cell-0105,3404722213745117/10000000000000000,17057444155216217/50000000000000000,True,False,all-64,primary,one_edit_per_image,64,0,unresolved,opposite_worlds,-27/16,71/32,-19/16,57/32
cell-0105,3404722213745117/10000000000000000,17057444155216217/50000000000000000,True,False,all-64,primary,one_edit_global,64,0,supported,universal_bound,5/32,9/32,5/32,9/32
cell-0105,3404722213745117/10000000000000000,17057444155216217/50000000000000000,True,False,all-64,primary,current_strict,64,25,input_blocked,,,,,
cell-0105,3404722213745117/10000000000000000,17057444155216217/50000000000000000,True,False,all-64,primary,current_partial,64,0,unresolved,opposite_worlds,-25/32,1,-1/4,19/32
cell-0105,3404722213745117/10000000000000000,17057444155216217/50000000000000000,True,False,all-64,primary,union_strict,64,36,input_blocked,,,,,
cell-0105,3404722213745117/10000000000000000,17057444155216217/50000000000000000,True,False,all-64,primary,union_partial,64,1,input_blocked,,,,,
cell-0106,17057444155216217/50000000000000000,3419094681739807/10000000000000000,True,False,all-64,primary,exact_projection,64,0,supported,universal_bound,13/64,13/64,13/64,13/64
cell-0106,17057444155216217/50000000000000000,3419094681739807/10000000000000000,True,False,all-64,primary,one_edit_per_image,64,0,unresolved,opposite_worlds,-109/64,141/64,-77/64,113/64
cell-0106,17057444155216217/50000000000000000,3419094681739807/10000000000000000,True,False,all-64,primary,one_edit_global,64,0,supported,universal_bound,9/64,17/64,9/64,17/64
cell-0106,17057444155216217/50000000000000000,3419094681739807/10000000000000000,True,False,all-64,primary,current_strict,64,25,input_blocked,,,,,
cell-0106,17057444155216217/50000000000000000,3419094681739807/10000000000000000,True,False,all-64,primary,current_partial,64,0,unresolved,opposite_worlds,-51/64,63/64,-17/64,37/64
cell-0106,17057444155216217/50000000000000000,3419094681739807/10000000000000000,True,False,all-64,primary,union_strict,64,36,input_blocked,,,,,
cell-0106,17057444155216217/50000000000000000,3419094681739807/10000000000000000,True,False,all-64,primary,union_partial,64,1,input_blocked,,,,,
cell-0107,3419094681739807/10000000000000000,3421206474304199/10000000000000000,True,False,all-64,primary,exact_projection,64,0,supported,universal_bound,3/16,3/16,3/16,3/16
cell-0107,3419094681739807/10000000000000000,3421206474304199/10000000000000000,True,False,all-64,primary,one_edit_per_image,64,0,unresolved,opposite_worlds,-27/16,35/16,-19/16,7/4
cell-0107,3419094681739807/10000000000000000,3421206474304199/10000000000000000,True,False,all-64,primary,one_edit_global,64,0,supported,universal_bound,1/8,1/4,1/8,1/4
cell-0107,3419094681739807/10000000000000000,3421206474304199/10000000000000000,True,False,all-64,primary,current_strict,64,25,input_blocked,,,,,
cell-0107,3419094681739807/10000000000000000,3421206474304199/10000000000000000,True,False,all-64,primary,current_partial,64,0,unresolved,opposite_worlds,-13/16,31/32,-9/32,9/16
cell-0107,3419094681739807/10000000000000000,3421206474304199/10000000000000000,True,False,all-64,primary,union_strict,64,36,input_blocked,,,,,
cell-0107,3419094681739807/10000000000000000,3421206474304199/10000000000000000,True,False,all-64,primary,union_partial,64,1,input_blocked,,,,,
cell-0108,3421206474304199/10000000000000000,34337863326072693/100000000000000000,True,False,all-64,primary,exact_projection,64,0,supported,universal_bound,11/64,11/64,11/64,11/64
cell-0108,3421206474304199/10000000000000000,34337863326072693/100000000000000000,True,False,all-64,primary,one_edit_per_image,64,0,unresolved,opposite_worlds,-109/64,139/64,-77/64,111/64
cell-0108,3421206474304199/10000000000000000,34337863326072693/100000000000000000,True,False,all-64,primary,one_edit_global,64,0,supported,universal_bound,7/64,15/64,7/64,15/64
cell-0108,3421206474304199/10000000000000000,34337863326072693/100000000000000000,True,False,all-64,primary,current_strict,64,25,input_blocked,,,,,
cell-0108,3421206474304199/10000000000000000,34337863326072693/100000000000000000,True,False,all-64,primary,current_partial,64,0,unresolved,opposite_worlds,-53/64,61/64,-19/64,35/64
cell-0108,3421206474304199/10000000000000000,34337863326072693/100000000000000000,True,False,all-64,primary,union_strict,64,36,input_blocked,,,,,
cell-0108,3421206474304199/10000000000000000,34337863326072693/100000000000000000,True,False,all-64,primary,union_partial,64,1,input_blocked,,,,,
cell-0109,34337863326072693/100000000000000000,1720016598701477/5000000000000000,True,False,all-64,primary,exact_projection,64,0,supported,universal_bound,5/32,5/32,5/32,5/32
cell-0109,34337863326072693/100000000000000000,1720016598701477/5000000000000000,True,False,all-64,primary,one_edit_per_image,64,0,unresolved,opposite_worlds,-55/32,35/16,-39/32,7/4
cell-0109,34337863326072693/100000000000000000,1720016598701477/5000000000000000,True,False,all-64,primary,one_edit_global,64,0,supported,universal_bound,3/32,7/32,3/32,7/32
cell-0109,34337863326072693/100000000000000000,1720016598701477/5000000000000000,True,False,all-64,primary,current_strict,64,25,input_blocked,,,,,
cell-0109,34337863326072693/100000000000000000,1720016598701477/5000000000000000,True,False,all-64,primary,current_partial,64,0,unresolved,opposite_worlds,-27/32,15/16,-5/16,17/32
cell-0109,34337863326072693/100000000000000000,1720016598701477/5000000000000000,True,False,all-64,primary,union_strict,64,36,input_blocked,,,,,
cell-0109,34337863326072693/100000000000000000,1720016598701477/5000000000000000,True,False,all-64,primary,union_partial,64,1,input_blocked,,,,,
cell-0110,1720016598701477/5000000000000000,860791876912117/2500000000000000,True,False,all-64,primary,exact_projection,64,0,supported,universal_bound,11/64,11/64,11/64,11/64
cell-0110,1720016598701477/5000000000000000,860791876912117/2500000000000000,True,False,all-64,primary,one_edit_per_image,64,0,unresolved,opposite_worlds,-111/64,141/64,-77/64,113/64
cell-0110,1720016598701477/5000000000000000,860791876912117/2500000000000000,True,False,all-64,primary,one_edit_global,64,0,supported,universal_bound,7/64,15/64,7/64,15/64
cell-0110,1720016598701477/5000000000000000,860791876912117/2500000000000000,True,False,all-64,primary,current_strict,64,25,input_blocked,,,,,
cell-0110,1720016598701477/5000000000000000,860791876912117/2500000000000000,True,False,all-64,primary,current_partial,64,0,unresolved,opposite_worlds,-53/64,59/64,-21/64,33/64
cell-0110,1720016598701477/5000000000000000,860791876912117/2500000000000000,True,False,all-64,primary,union_strict,64,36,input_blocked,,,,,
cell-0110,1720016598701477/5000000000000000,860791876912117/2500000000000000,True,False,all-64,primary,union_partial,64,1,input_blocked,,,,,
cell-0111,860791876912117/2500000000000000,34655043482780457/100000000000000000,True,False,all-64,primary,exact_projection,64,0,supported,universal_bound,5/32,5/32,5/32,5/32
cell-0111,860791876912117/2500000000000000,34655043482780457/100000000000000000,True,False,all-64,primary,one_edit_per_image,64,0,unresolved,opposite_worlds,-7/4,35/16,-39/32,7/4
cell-0111,860791876912117/2500000000000000,34655043482780457/100000000000000000,True,False,all-64,primary,one_edit_global,64,0,supported,universal_bound,3/32,7/32,3/32,7/32
cell-0111,860791876912117/2500000000000000,34655043482780457/100000000000000000,True,False,all-64,primary,current_strict,64,25,input_blocked,,,,,
cell-0111,860791876912117/2500000000000000,34655043482780457/100000000000000000,True,False,all-64,primary,current_partial,64,0,unresolved,opposite_worlds,-27/32,29/32,-11/32,1/2
cell-0111,860791876912117/2500000000000000,34655043482780457/100000000000000000,True,False,all-64,primary,union_strict,64,36,input_blocked,,,,,
cell-0111,860791876912117/2500000000000000,34655043482780457/100000000000000000,True,False,all-64,primary,union_partial,64,1,input_blocked,,,,,
cell-0112,34655043482780457/100000000000000000,1734364628791809/5000000000000000,True,False,all-64,primary,exact_projection,64,0,supported,universal_bound,9/64,9/64,9/64,9/64
cell-0112,34655043482780457/100000000000000000,1734364628791809/5000000000000000,True,False,all-64,primary,one_edit_per_image,64,0,unresolved,opposite_worlds,-113/64,139/64,-77/64,111/64
cell-0112,34655043482780457/100000000000000000,1734364628791809/5000000000000000,True,False,all-64,primary,one_edit_global,64,0,supported,universal_bound,5/64,13/64,5/64,13/64
cell-0112,34655043482780457/100000000000000000,1734364628791809/5000000000000000,True,False,all-64,primary,current_strict,64,25,input_blocked,,,,,
cell-0112,34655043482780457/100000000000000000,1734364628791809/5000000000000000,True,False,all-64,primary,current_partial,64,0,unresolved,opposite_worlds,-55/64,57/64,-21/64,31/64
cell-0112,34655043482780457/100000000000000000,1734364628791809/5000000000000000,True,False,all-64,primary,union_strict,64,36,input_blocked,,,,,
cell-0112,34655043482780457/100000000000000000,1734364628791809/5000000000000000,True,False,all-64,primary,union_partial,64,1,input_blocked,,,,,
cell-0113,1734364628791809/5000000000000000,6962965726852417/20000000000000000,True,False,all-64,primary,exact_projection,64,0,supported,universal_bound,5/32,5/32,5/32,5/32
cell-0113,1734364628791809/5000000000000000,6962965726852417/20000000000000000,True,False,all-64,primary,one_edit_per_image,64,0,unresolved,opposite_worlds,-7/4,35/16,-19/16,7/4
cell-0113,1734364628791809/5000000000000000,6962965726852417/20000000000000000,True,False,all-64,primary,one_edit_global,64,0,supported,universal_bound,3/32,7/32,3/32,7/32
cell-0113,1734364628791809/5000000000000000,6962965726852417/20000000000000000,True,False,all-64,primary,current_strict,64,25,input_blocked,,,,,
cell-0113,1734364628791809/5000000000000000,6962965726852417/20000000000000000,True,False,all-64,primary,current_partial,64,0,unresolved,opposite_worlds,-27/32,29/32,-5/16,1/2
cell-0113,1734364628791809/5000000000000000,6962965726852417/20000000000000000,True,False,all-64,primary,union_strict,64,36,input_blocked,,,,,
cell-0113,1734364628791809/5000000000000000,6962965726852417/20000000000000000,True,False,all-64,primary,union_partial,64,1,input_blocked,,,,,
cell-0114,6962965726852417/20000000000000000,6963813304901123/20000000000000000,True,False,all-64,primary,exact_projection,64,0,supported,universal_bound,11/64,11/64,11/64,11/64
cell-0114,6962965726852417/20000000000000000,6963813304901123/20000000000000000,True,False,all-64,primary,one_edit_per_image,64,0,unresolved,opposite_worlds,-111/64,141/64,-75/64,111/64
cell-0114,6962965726852417/20000000000000000,6963813304901123/20000000000000000,True,False,all-64,primary,one_edit_global,64,0,supported,universal_bound,7/64,15/64,7/64,15/64
cell-0114,6962965726852417/20000000000000000,6963813304901123/20000000000000000,True,False,all-64,primary,current_strict,64,25,input_blocked,,,,,
cell-0114,6962965726852417/20000000000000000,6963813304901123/20000000000000000,True,False,all-64,primary,current_partial,64,0,unresolved,opposite_worlds,-53/64,59/64,-19/64,33/64
cell-0114,6962965726852417/20000000000000000,6963813304901123/20000000000000000,True,False,all-64,primary,union_strict,64,36,input_blocked,,,,,
cell-0114,6962965726852417/20000000000000000,6963813304901123/20000000000000000,True,False,all-64,primary,union_partial,64,1,input_blocked,,,,,
cell-0115,6963813304901123/20000000000000000,17465919256210327/50000000000000000,True,False,all-64,primary,exact_projection,64,0,supported,universal_bound,5/32,5/32,5/32,5/32
cell-0115,6963813304901123/20000000000000000,17465919256210327/50000000000000000,True,False,all-64,primary,one_edit_per_image,64,0,unresolved,opposite_worlds,-7/4,71/32,-19/16,55/32
cell-0115,6963813304901123/20000000000000000,17465919256210327/50000000000000000,True,False,all-64,primary,one_edit_global,64,0,supported,universal_bound,3/32,7/32,3/32,7/32
cell-0115,6963813304901123/20000000000000000,17465919256210327/50000000000000000,True,False,all-64,primary,current_strict,64,25,input_blocked,,,,,
cell-0115,6963813304901123/20000000000000000,17465919256210327/50000000000000000,True,False,all-64,primary,current_partial,64,0,unresolved,opposite_worlds,-13/16,15/16,-9/32,1/2
cell-0115,6963813304901123/20000000000000000,17465919256210327/50000000000000000,True,False,all-64,primary,union_strict,64,36,input_blocked,,,,,
cell-0115,6963813304901123/20000000000000000,17465919256210327/50000000000000000,True,False,all-64,primary,union_partial,64,1,input_blocked,,,,,
cell-0116,17465919256210327/50000000000000000,699732780456543/2000000000000000,True,False,all-64,primary,exact_projection,64,0,supported,universal_bound,11/64,11/64,11/64,11/64
cell-0116,17465919256210327/50000000000000000,699732780456543/2000000000000000,True,False,all-64,primary,one_edit_per_image,64,0,unresolved,opposite_worlds,-113/64,143/64,-75/64,111/64
cell-0116,17465919256210327/50000000000000000,699732780456543/2000000000000000,True,False,all-64,primary,one_edit_global,64,0,supported,universal_bound,7/64,15/64,7/64,15/64
cell-0116,17465919256210327/50000000000000000,699732780456543/2000000000000000,True,False,all-64,primary,current_strict,64,25,input_blocked,,,,,
cell-0116,17465919256210327/50000000000000000,699732780456543/2000000000000000,True,False,all-64,primary,current_partial,64,0,unresolved,opposite_worlds,-51/64,61/64,-17/64,33/64
cell-0116,17465919256210327/50000000000000000,699732780456543/2000000000000000,True,False,all-64,primary,union_strict,64,36,input_blocked,,,,,
cell-0116,17465919256210327/50000000000000000,699732780456543/2000000000000000,True,False,all-64,primary,union_partial,64,1,input_blocked,,,,,
cell-0117,699732780456543/2000000000000000,4375220462679863/12500000000000000,True,False,all-64,primary,exact_projection,64,0,supported,universal_bound,5/32,5/32,5/32,5/32
cell-0117,699732780456543/2000000000000000,4375220462679863/12500000000000000,True,False,all-64,primary,one_edit_per_image,64,0,unresolved,opposite_worlds,-7/4,71/32,-37/32,55/32
cell-0117,699732780456543/2000000000000000,4375220462679863/12500000000000000,True,False,all-64,primary,one_edit_global,64,0,supported,universal_bound,3/32,7/32,3/32,7/32
cell-0117,699732780456543/2000000000000000,4375220462679863/12500000000000000,True,False,all-64,primary,current_strict,64,25,input_blocked,,,,,
cell-0117,699732780456543/2000000000000000,4375220462679863/12500000000000000,True,False,all-64,primary,current_partial,64,0,unresolved,opposite_worlds,-25/32,15/16,-1/4,1/2
cell-0117,699732780456543/2000000000000000,4375220462679863/12500000000000000,True,False,all-64,primary,union_strict,64,36,input_blocked,,,,,
cell-0117,699732780456543/2000000000000000,4375220462679863/12500000000000000,True,False,all-64,primary,union_partial,64,1,input_blocked,,,,,
cell-0118,4375220462679863/12500000000000000,8796665072441101/25000000000000000,True,False,all-64,primary,exact_projection,64,0,supported,universal_bound,9/64,9/64,9/64,9/64
cell-0118,4375220462679863/12500000000000000,8796665072441101/25000000000000000,True,False,all-64,primary,one_edit_per_image,64,0,unresolved,opposite_worlds,-113/64,143/64,-75/64,109/64
cell-0118,4375220462679863/12500000000000000,8796665072441101/25000000000000000,True,False,all-64,primary,one_edit_global,64,0,supported,universal_bound,5/64,13/64,5/64,13/64
cell-0118,4375220462679863/12500000000000000,8796665072441101/25000000000000000,True,False,all-64,primary,current_strict,64,25,input_blocked,,,,,
cell-0118,4375220462679863/12500000000000000,8796665072441101/25000000000000000,True,False,all-64,primary,current_partial,64,0,unresolved,opposite_worlds,-51/64,59/64,-17/64,31/64
cell-0118,4375220462679863/12500000000000000,8796665072441101/25000000000000000,True,False,all-64,primary,union_strict,64,36,input_blocked,,,,,
cell-0118,4375220462679863/12500000000000000,8796665072441101/25000000000000000,True,False,all-64,primary,union_partial,64,1,input_blocked,,,,,
cell-0119,8796665072441101/25000000000000000,35302242636680603/100000000000000000,True,False,all-64,primary,exact_projection,64,0,supported,universal_bound,1/8,1/8,1/8,1/8
cell-0119,8796665072441101/25000000000000000,35302242636680603/100000000000000000,True,False,all-64,primary,one_edit_per_image,64,0,unresolved,opposite_worlds,-57/32,71/32,-19/16,27/16
cell-0119,8796665072441101/25000000000000000,35302242636680603/100000000000000000,True,False,all-64,primary,one_edit_global,64,0,supported,universal_bound,1/16,3/16,1/16,3/16
cell-0119,8796665072441101/25000000000000000,35302242636680603/100000000000000000,True,False,all-64,primary,current_strict,64,25,input_blocked,,,,,
cell-0119,8796665072441101/25000000000000000,35302242636680603/100000000000000000,True,False,all-64,primary,current_partial,64,0,unresolved,opposite_worlds,-13/16,29/32,-9/32,15/32
cell-0119,8796665072441101/25000000000000000,35302242636680603/100000000000000000,True,False,all-64,primary,union_strict,64,36,input_blocked,,,,,
cell-0119,8796665072441101/25000000000000000,35302242636680603/100000000000000000,True,False,all-64,primary,union_partial,64,1,input_blocked,,,,,
cell-0120,35302242636680603/100000000000000000,17719481885433197/50000000000000000,True,False,all-64,primary,exact_projection,64,0,supported,universal_bound,7/64,7/64,7/64,7/64
cell-0120,35302242636680603/100000000000000000,17719481885433197/50000000000000000,True,False,all-64,primary,one_edit_per_image,64,0,unresolved,opposite_worlds,-113/64,141/64,-75/64,107/64
cell-0120,35302242636680603/100000000000000000,17719481885433197/50000000000000000,True,False,all-64,primary,one_edit_global,64,0,supported,universal_bound,3/64,11/64,3/64,11/64
cell-0120,35302242636680603/100000000000000000,17719481885433197/50000000000000000,True,False,all-64,primary,current_strict,64,25,input_blocked,,,,,
cell-0120,35302242636680603/100000000000000000,17719481885433197/50000000000000000,True,False,all-64,primary,current_partial,64,0,unresolved,opposite_worlds,-53/64,57/64,-19/64,29/64
cell-0120,35302242636680603/100000000000000000,17719481885433197/50000000000000000,True,False,all-64,primary,union_strict,64,36,input_blocked,,,,,
cell-0120,35302242636680603/100000000000000000,17719481885433197/50000000000000000,True,False,all-64,primary,union_partial,64,1,input_blocked,,,,,
cell-0121,17719481885433197/50000000000000000,1781584620475769/5000000000000000,True,False,all-64,primary,exact_projection,64,0,supported,universal_bound,3/32,3/32,3/32,3/32
cell-0121,17719481885433197/50000000000000000,1781584620475769/5000000000000000,True,False,all-64,primary,one_edit_per_image,64,0,unresolved,opposite_worlds,-57/32,35/16,-19/16,53/32
cell-0121,17719481885433197/50000000000000000,1781584620475769/5000000000000000,True,False,all-64,primary,one_edit_global,64,0,supported,universal_bound,1/32,5/32,1/32,5/32
cell-0121,17719481885433197/50000000000000000,1781584620475769/5000000000000000,True,False,all-64,primary,current_strict,64,25,input_blocked,,,,,
cell-0121,17719481885433197/50000000000000000,1781584620475769/5000000000000000,True,False,all-64,primary,current_partial,64,0,unresolved,opposite_worlds,-27/32,7/8,-5/16,7/16
cell-0121,17719481885433197/50000000000000000,1781584620475769/5000000000000000,True,False,all-64,primary,union_strict,64,36,input_blocked,,,,,
cell-0121,17719481885433197/50000000000000000,1781584620475769/5000000000000000,True,False,all-64,primary,union_partial,64,1,input_blocked,,,,,
cell-0122,1781584620475769/5000000000000000,3565331697463989/10000000000000000,True,False,all-64,primary,exact_projection,64,0,supported,universal_bound,7/64,7/64,7/64,7/64
cell-0122,1781584620475769/5000000000000000,3565331697463989/10000000000000000,True,False,all-64,primary,one_edit_per_image,64,0,unresolved,opposite_worlds,-113/64,141/64,-75/64,107/64
cell-0122,1781584620475769/5000000000000000,3565331697463989/10000000000000000,True,False,all-64,primary,one_edit_global,64,0,supported,universal_bound,3/64,11/64,3/64,11/64
cell-0122,1781584620475769/5000000000000000,3565331697463989/10000000000000000,True,False,all-64,primary,current_strict,64,25,input_blocked,,,,,
cell-0122,1781584620475769/5000000000000000,3565331697463989/10000000000000000,True,False,all-64,primary,current_partial,64,0,unresolved,opposite_worlds,-53/64,57/64,-19/64,29/64
cell-0122,1781584620475769/5000000000000000,3565331697463989/10000000000000000,True,False,all-64,primary,union_strict,64,36,input_blocked,,,,,
cell-0122,1781584620475769/5000000000000000,3565331697463989/10000000000000000,True,False,all-64,primary,union_partial,64,1,input_blocked,,,,,
cell-0123,3565331697463989/10000000000000000,35768580436706543/100000000000000000,True,False,all-64,primary,exact_projection,64,0,supported,universal_bound,1/8,1/8,1/8,1/8
cell-0123,3565331697463989/10000000000000000,35768580436706543/100000000000000000,True,False,all-64,primary,one_edit_per_image,64,0,unresolved,opposite_worlds,-7/4,71/32,-37/32,27/16
cell-0123,3565331697463989/10000000000000000,35768580436706543/100000000000000000,True,False,all-64,primary,one_edit_global,64,0,supported,universal_bound,1/16,3/16,1/16,3/16
cell-0123,3565331697463989/10000000000000000,35768580436706543/100000000000000000,True,False,all-64,primary,current_strict,64,25,input_blocked,,,,,
cell-0123,3565331697463989/10000000000000000,35768580436706543/100000000000000000,True,False,all-64,primary,current_partial,64,0,unresolved,opposite_worlds,-13/16,29/32,-9/32,15/32
cell-0123,3565331697463989/10000000000000000,35768580436706543/100000000000000000,True,False,all-64,primary,union_strict,64,36,input_blocked,,,,,
cell-0123,3565331697463989/10000000000000000,35768580436706543/100000000000000000,True,False,all-64,primary,union_partial,64,1,input_blocked,,,,,
cell-0124,35768580436706543/100000000000000000,3580537438392639/10000000000000000,True,False,all-64,primary,exact_projection,64,0,supported,universal_bound,7/64,7/64,7/64,7/64
cell-0124,35768580436706543/100000000000000000,3580537438392639/10000000000000000,True,False,all-64,primary,one_edit_per_image,64,0,unresolved,opposite_worlds,-113/64,141/64,-73/64,107/64
cell-0124,35768580436706543/100000000000000000,3580537438392639/10000000000000000,True,False,all-64,primary,one_edit_global,64,0,supported,universal_bound,3/64,11/64,3/64,11/64
cell-0124,35768580436706543/100000000000000000,3580537438392639/10000000000000000,True,False,all-64,primary,current_strict,64,25,input_blocked,,,,,
cell-0124,35768580436706543/100000000000000000,3580537438392639/10000000000000000,True,False,all-64,primary,current_partial,64,0,unresolved,opposite_worlds,-53/64,57/64,-19/64,29/64
cell-0124,35768580436706543/100000000000000000,3580537438392639/10000000000000000,True,False,all-64,primary,union_strict,64,36,input_blocked,,,,,
cell-0124,35768580436706543/100000000000000000,3580537438392639/10000000000000000,True,False,all-64,primary,union_partial,64,1,input_blocked,,,,,
cell-0125,3580537438392639/10000000000000000,7177494764328003/20000000000000000,True,False,all-64,primary,exact_projection,64,0,supported,universal_bound,1/8,1/8,1/8,1/8
cell-0125,3580537438392639/10000000000000000,7177494764328003/20000000000000000,True,False,all-64,primary,one_edit_per_image,64,0,unresolved,opposite_worlds,-57/32,35/16,-9/8,53/32
cell-0125,3580537438392639/10000000000000000,7177494764328003/20000000000000000,True,False,all-64,primary,one_edit_global,64,0,supported,universal_bound,1/16,3/16,1/16,3/16
cell-0125,3580537438392639/10000000000000000,7177494764328003/20000000000000000,True,False,all-64,primary,current_strict,64,25,input_blocked,,,,,
cell-0125,3580537438392639/10000000000000000,7177494764328003/20000000000000000,True,False,all-64,primary,current_partial,64,0,unresolved,opposite_worlds,-13/16,29/32,-9/32,15/32
cell-0125,3580537438392639/10000000000000000,7177494764328003/20000000000000000,True,False,all-64,primary,union_strict,64,36,input_blocked,,,,,
cell-0125,3580537438392639/10000000000000000,7177494764328003/20000000000000000,True,False,all-64,primary,union_partial,64,1,input_blocked,,,,,
cell-0126,7177494764328003/20000000000000000,18003609776496887/50000000000000000,True,False,all-64,primary,exact_projection,64,0,supported,universal_bound,9/64,9/64,9/64,9/64
cell-0126,7177494764328003/20000000000000000,18003609776496887/50000000000000000,True,False,all-64,primary,one_edit_per_image,64,0,unresolved,opposite_worlds,-113/64,139/64,-71/64,105/64
cell-0126,7177494764328003/20000000000000000,18003609776496887/50000000000000000,True,False,all-64,primary,one_edit_global,64,0,supported,universal_bound,5/64,13/64,5/64,13/64
cell-0126,7177494764328003/20000000000000000,18003609776496887/50000000000000000,True,False,all-64,primary,current_strict,64,25,input_blocked,,,,,
cell-0126,7177494764328003/20000000000000000,18003609776496887/50000000000000000,True,False,all-64,primary,current_partial,64,0,unresolved,opposite_worlds,-51/64,59/64,-17/64,31/64
cell-0126,7177494764328003/20000000000000000,18003609776496887/50000000000000000,True,False,all-64,primary,union_strict,64,36,input_blocked,,,,,
cell-0126,7177494764328003/20000000000000000,18003609776496887/50000000000000000,True,False,all-64,primary,union_partial,64,1,input_blocked,,,,,
cell-0127,18003609776496887/50000000000000000,3618805408477783/10000000000000000,True,False,all-64,primary,exact_projection,64,0,supported,universal_bound,5/32,5/32,5/32,5/32
cell-0127,18003609776496887/50000000000000000,3618805408477783/10000000000000000,True,False,all-64,primary,one_edit_per_image,64,0,unresolved,opposite_worlds,-7/4,35/16,-35/32,53/32
cell-0127,18003609776496887/50000000000000000,3618805408477783/10000000000000000,True,False,all-64,primary,one_edit_global,64,0,supported,universal_bound,3/32,7/32,3/32,7/32
cell-0127,18003609776496887/50000000000000000,3618805408477783/10000000000000000,True,False,all-64,primary,current_strict,64,25,input_blocked,,,,,
cell-0127,18003609776496887/50000000000000000,3618805408477783/10000000000000000,True,False,all-64,primary,current_partial,64,0,unresolved,opposite_worlds,-25/32,15/16,-1/4,15/32
cell-0127,18003609776496887/50000000000000000,3618805408477783/10000000000000000,True,False,all-64,primary,union_strict,64,36,input_blocked,,,,,
cell-0127,18003609776496887/50000000000000000,3618805408477783/10000000000000000,True,False,all-64,primary,union_partial,64,1,input_blocked,,,,,
cell-0128,3618805408477783/10000000000000000,728017270565033/2000000000000000,True,False,all-64,primary,exact_projection,64,0,supported,universal_bound,11/64,11/64,11/64,11/64
cell-0128,3618805408477783/10000000000000000,728017270565033/2000000000000000,True,False,all-64,primary,one_edit_per_image,64,0,unresolved,opposite_worlds,-111/64,139/64,-69/64,105/64
cell-0128,3618805408477783/10000000000000000,728017270565033/2000000000000000,True,False,all-64,primary,one_edit_global,64,0,supported,universal_bound,7/64,15/64,7/64,15/64
cell-0128,3618805408477783/10000000000000000,728017270565033/2000000000000000,True,False,all-64,primary,current_strict,64,25,input_blocked,,,,,
cell-0128,3618805408477783/10000000000000000,728017270565033/2000000000000000,True,False,all-64,primary,current_partial,64,0,unresolved,opposite_worlds,-49/64,61/64,-15/64,31/64
cell-0128,3618805408477783/10000000000000000,728017270565033/2000000000000000,True,False,all-64,primary,union_strict,64,36,input_blocked,,,,,
cell-0128,3618805408477783/10000000000000000,728017270565033/2000000000000000,True,False,all-64,primary,union_partial,64,1,input_blocked,,,,,
cell-0129,728017270565033/2000000000000000,3647362291812897/10000000000000000,True,False,all-64,primary,exact_projection,64,0,supported,universal_bound,5/32,5/32,5/32,5/32
cell-0129,728017270565033/2000000000000000,3647362291812897/10000000000000000,True,False,all-64,primary,one_edit_per_image,64,0,unresolved,opposite_worlds,-7/4,69/32,-17/16,13/8
cell-0129,728017270565033/2000000000000000,3647362291812897/10000000000000000,True,False,all-64,primary,one_edit_global,64,0,supported,universal_bound,3/32,7/32,3/32,7/32
cell-0129,728017270565033/2000000000000000,3647362291812897/10000000000000000,True,False,all-64,primary,current_strict,64,25,input_blocked,,,,,
cell-0129,728017270565033/2000000000000000,3647362291812897/10000000000000000,True,False,all-64,primary,current_partial,64,0,unresolved,opposite_worlds,-25/32,15/16,-1/4,15/32
cell-0129,728017270565033/2000000000000000,3647362291812897/10000000000000000,True,False,all-64,primary,union_strict,64,36,input_blocked,,,,,
cell-0129,728017270565033/2000000000000000,3647362291812897/10000000000000000,True,False,all-64,primary,union_partial,64,1,input_blocked,,,,,
cell-0130,3647362291812897/10000000000000000,146096932888031/400000000000000,True,False,all-64,primary,exact_projection,64,0,supported,universal_bound,9/64,9/64,9/64,9/64
cell-0130,3647362291812897/10000000000000000,146096932888031/400000000000000,True,False,all-64,primary,one_edit_per_image,64,0,unresolved,opposite_worlds,-113/64,137/64,-69/64,103/64
cell-0130,3647362291812897/10000000000000000,146096932888031/400000000000000,True,False,all-64,primary,one_edit_global,64,0,supported,universal_bound,5/64,13/64,5/64,13/64
cell-0130,3647362291812897/10000000000000000,146096932888031/400000000000000,True,False,all-64,primary,current_strict,64,25,input_blocked,,,,,
cell-0130,3647362291812897/10000000000000000,146096932888031/400000000000000,True,False,all-64,primary,current_partial,64,0,unresolved,opposite_worlds,-49/64,59/64,-15/64,29/64
cell-0130,3647362291812897/10000000000000000,146096932888031/400000000000000,True,False,all-64,primary,union_strict,64,36,input_blocked,,,,,
cell-0130,3647362291812897/10000000000000000,146096932888031/400000000000000,True,False,all-64,primary,union_partial,64,1,input_blocked,,,,,
cell-0131,146096932888031/400000000000000,3653861880302429/10000000000000000,True,False,all-64,primary,exact_projection,64,0,supported,universal_bound,1/8,1/8,1/8,1/8
cell-0131,146096932888031/400000000000000,3653861880302429/10000000000000000,True,False,all-64,primary,one_edit_per_image,64,0,unresolved,opposite_worlds,-57/32,17/8,-35/32,51/32
cell-0131,146096932888031/400000000000000,3653861880302429/10000000000000000,True,False,all-64,primary,one_edit_global,64,0,supported,universal_bound,1/16,3/16,1/16,3/16
cell-0131,146096932888031/400000000000000,3653861880302429/10000000000000000,True,False,all-64,primary,current_strict,64,25,input_blocked,,,,,
cell-0131,146096932888031/400000000000000,3653861880302429/10000000000000000,True,False,all-64,primary,current_partial,64,0,unresolved,opposite_worlds,-25/32,29/32,-1/4,7/16
cell-0131,146096932888031/400000000000000,3653861880302429/10000000000000000,True,False,all-64,primary,union_strict,64,36,input_blocked,,,,,
cell-0131,146096932888031/400000000000000,3653861880302429/10000000000000000,True,False,all-64,primary,union_partial,64,1,input_blocked,,,,,
cell-0132,3653861880302429/10000000000000000,36763420701026917/100000000000000000,True,False,all-64,primary,exact_projection,64,0,supported,universal_bound,7/64,7/64,7/64,7/64
cell-0132,3653861880302429/10000000000000000,36763420701026917/100000000000000000,True,False,all-64,primary,one_edit_per_image,64,0,unresolved,opposite_worlds,-115/64,135/64,-71/64,101/64
cell-0132,3653861880302429/10000000000000000,36763420701026917/100000000000000000,True,False,all-64,primary,one_edit_global,64,0,supported,universal_bound,3/64,11/64,3/64,11/64
cell-0132,3653861880302429/10000000000000000,36763420701026917/100000000000000000,True,False,all-64,primary,current_strict,64,25,input_blocked,,,,,
cell-0132,3653861880302429/10000000000000000,36763420701026917/100000000000000000,True,False,all-64,primary,current_partial,64,0,unresolved,opposite_worlds,-51/64,57/64,-17/64,27/64
cell-0132,3653861880302429/10000000000000000,36763420701026917/100000000000000000,True,False,all-64,primary,union_strict,64,36,input_blocked,,,,,
cell-0132,3653861880302429/10000000000000000,36763420701026917/100000000000000000,True,False,all-64,primary,union_partial,64,1,input_blocked,,,,,
cell-0133,36763420701026917/100000000000000000,919380933046341/2500000000000000,True,False,all-64,primary,exact_projection,64,0,supported,universal_bound,1/8,1/8,1/8,1/8
cell-0133,36763420701026917/100000000000000000,919380933046341/2500000000000000,True,False,all-64,primary,one_edit_per_image,64,0,unresolved,opposite_worlds,-57/32,17/8,-35/32,51/32
cell-0133,36763420701026917/100000000000000000,919380933046341/2500000000000000,True,False,all-64,primary,one_edit_global,64,0,supported,universal_bound,1/16,3/16,1/16,3/16
cell-0133,36763420701026917/100000000000000000,919380933046341/2500000000000000,True,False,all-64,primary,current_strict,64,25,input_blocked,,,,,
cell-0133,36763420701026917/100000000000000000,919380933046341/2500000000000000,True,False,all-64,primary,current_partial,64,0,unresolved,opposite_worlds,-25/32,29/32,-1/4,7/16
cell-0133,36763420701026917/100000000000000000,919380933046341/2500000000000000,True,False,all-64,primary,union_strict,64,36,input_blocked,,,,,
cell-0133,36763420701026917/100000000000000000,919380933046341/2500000000000000,True,False,all-64,primary,union_partial,64,1,input_blocked,,,,,
cell-0134,919380933046341/2500000000000000,18463796377182007/50000000000000000,True,False,all-64,primary,exact_projection,64,0,supported,universal_bound,7/64,7/64,7/64,7/64
cell-0134,919380933046341/2500000000000000,18463796377182007/50000000000000000,True,False,all-64,primary,one_edit_per_image,64,0,unresolved,opposite_worlds,-115/64,135/64,-71/64,101/64
cell-0134,919380933046341/2500000000000000,18463796377182007/50000000000000000,True,False,all-64,primary,one_edit_global,64,0,supported,universal_bound,3/64,11/64,3/64,11/64
cell-0134,919380933046341/2500000000000000,18463796377182007/50000000000000000,True,False,all-64,primary,current_strict,64,25,input_blocked,,,,,
cell-0134,919380933046341/2500000000000000,18463796377182007/50000000000000000,True,False,all-64,primary,current_partial,64,0,unresolved,opposite_worlds,-51/64,57/64,-17/64,27/64
cell-0134,919380933046341/2500000000000000,18463796377182007/50000000000000000,True,False,all-64,primary,union_strict,64,36,input_blocked,,,,,
cell-0134,919380933046341/2500000000000000,18463796377182007/50000000000000000,True,False,all-64,primary,union_partial,64,1,input_blocked,,,,,
cell-0135,18463796377182007/50000000000000000,3696780502796173/10000000000000000,True,False,all-64,primary,exact_projection,64,0,supported,universal_bound,3/32,3/32,3/32,3/32
cell-0135,18463796377182007/50000000000000000,3696780502796173/10000000000000000,True,False,all-64,primary,one_edit_per_image,64,0,unresolved,opposite_worlds,-29/16,67/32,-9/8,25/16
cell-0135,18463796377182007/50000000000000000,3696780502796173/10000000000000000,True,False,all-64,primary,one_edit_global,64,0,supported,universal_bound,1/32,5/32,1/32,5/32
cell-0135,18463796377182007/50000000000000000,3696780502796173/10000000000000000,True,False,all-64,primary,current_strict,64,25,input_blocked,,,,,
cell-0135,18463796377182007/50000000000000000,3696780502796173/10000000000000000,True,False,all-64,primary,current_partial,64,0,unresolved,opposite_worlds,-13/16,7/8,-9/32,13/32
cell-0135,18463796377182007/50000000000000000,3696780502796173/10000000000000000,True,False,all-64,primary,union_strict,64,36,input_blocked,,,,,
cell-0135,18463796377182007/50000000000000000,3696780502796173/10000000000000000,True,False,all-64,primary,union_partial,64,1,input_blocked,,,,,
cell-0136,3696780502796173/10000000000000000,9247744083404541/25000000000000000,True,False,all-64,primary,exact_projection,64,0,supported,universal_bound,5/64,5/64,5/64,5/64
cell-0136,3696780502796173/10000000000000000,9247744083404541/25000000000000000,True,False,all-64,primary,one_edit_per_image,64,0,unresolved,opposite_worlds,-117/64,133/64,-73/64,99/64
cell-0136,3696780502796173/10000000000000000,9247744083404541/25000000000000000,True,False,all-64,primary,one_edit_global,64,0,supported,universal_bound,1/64,9/64,1/64,9/64
cell-0136,3696780502796173/10000000000000000,9247744083404541/25000000000000000,True,False,all-64,primary,current_strict,64,25,input_blocked,,,,,
cell-0136,3696780502796173/10000000000000000,9247744083404541/25000000000000000,True,False,all-64,primary,current_partial,64,0,unresolved,opposite_worlds,-53/64,55/64,-19/64,25/64
cell-0136,3696780502796173/10000000000000000,9247744083404541/25000000000000000,True,False,all-64,primary,union_strict,64,36,input_blocked,,,,,
cell-0136,3696780502796173/10000000000000000,9247744083404541/25000000000000000,True,False,all-64,primary,union_partial,64,1,input_blocked,,,,,
cell-0137,9247744083404541/25000000000000000,739916980266571/2000000000000000,True,False,all-64,primary,exact_projection,64,0,supported,universal_bound,3/32,3/32,3/32,3/32
cell-0137,9247744083404541/25000000000000000,739916980266571/2000000000000000,True,False,all-64,primary,one_edit_per_image,64,0,unresolved,opposite_worlds,-59/32,67/32,-9/8,25/16
cell-0137,9247744083404541/25000000000000000,739916980266571/2000000000000000,True,False,all-64,primary,one_edit_global,64,0,supported,universal_bound,1/32,5/32,1/32,5/32
cell-0137,9247744083404541/25000000000000000,739916980266571/2000000000000000,True,False,all-64,primary,current_strict,64,25,input_blocked,,,,,
cell-0137,9247744083404541/25000000000000000,739916980266571/2000000000000000,True,False,all-64,primary,current_partial,64,0,unresolved,opposite_worlds,-13/16,7/8,-9/32,13/32
cell-0137,9247744083404541/25000000000000000,739916980266571/2000000000000000,True,False,all-64,primary,union_strict,64,36,input_blocked,,,,,
cell-0137,9247744083404541/25000000000000000,739916980266571/2000000000000000,True,False,all-64,primary,union_partial,64,1,input_blocked,,,,,
cell-0138,739916980266571/2000000000000000,3716457486152649/10000000000000000,True,False,all-64,primary,exact_projection,64,0,supported,universal_bound,5/64,5/64,5/64,5/64
cell-0138,739916980266571/2000000000000000,3716457486152649/10000000000000000,True,False,all-64,primary,one_edit_per_image,64,0,unresolved,opposite_worlds,-119/64,133/64,-73/64,99/64
cell-0138,739916980266571/2000000000000000,3716457486152649/10000000000000000,True,False,all-64,primary,one_edit_global,64,0,supported,universal_bound,1/64,9/64,1/64,9/64
cell-0138,739916980266571/2000000000000000,3716457486152649/10000000000000000,True,False,all-64,primary,current_strict,64,25,input_blocked,,,,,
cell-0138,739916980266571/2000000000000000,3716457486152649/10000000000000000,True,False,all-64,primary,current_partial,64,0,unresolved,opposite_worlds,-51/64,55/64,-17/64,25/64
cell-0138,739916980266571/2000000000000000,3716457486152649/10000000000000000,True,False,all-64,primary,union_strict,64,36,input_blocked,,,,,
cell-0138,739916980266571/2000000000000000,3716457486152649/10000000000000000,True,False,all-64,primary,union_partial,64,1,input_blocked,,,,,
cell-0139,3716457486152649/10000000000000000,7442353367805481/20000000000000000,True,False,all-64,primary,exact_projection,64,0,supported,universal_bound,1/16,1/16,1/16,1/16
cell-0139,3716457486152649/10000000000000000,7442353367805481/20000000000000000,True,False,all-64,primary,one_edit_per_image,64,0,unresolved,opposite_worlds,-15/8,33/16,-37/32,49/32
cell-0139,3716457486152649/10000000000000000,7442353367805481/20000000000000000,True,False,all-64,primary,one_edit_global,64,0,unresolved,opposite_worlds,0,1/8,0,1/8
cell-0139,3716457486152649/10000000000000000,7442353367805481/20000000000000000,True,False,all-64,primary,current_strict,64,25,input_blocked,,,,,
cell-0139,3716457486152649/10000000000000000,7442353367805481/20000000000000000,True,False,all-64,primary,current_partial,64,0,unresolved,opposite_worlds,-13/16,27/32,-9/32,3/8
cell-0139,3716457486152649/10000000000000000,7442353367805481/20000000000000000,True,False,all-64,primary,union_strict,64,36,input_blocked,,,,,
cell-0139,3716457486152649/10000000000000000,7442353367805481/20000000000000000,True,False,all-64,primary,union_partial,64,1,input_blocked,,,,,
cell-0140,7442353367805481/20000000000000000,37255924940109253/100000000000000000,True,False,all-64,primary,exact_projection,64,0,supported,universal_bound,5/64,5/64,5/64,5/64
cell-0140,7442353367805481/20000000000000000,37255924940109253/100000000000000000,True,False,all-64,primary,one_edit_per_image,64,0,unresolved,opposite_worlds,-119/64,133/64,-73/64,97/64
cell-0140,7442353367805481/20000000000000000,37255924940109253/100000000000000000,True,False,all-64,primary,one_edit_global,64,0,supported,universal_bound,1/64,9/64,1/64,9/64
cell-0140,7442353367805481/20000000000000000,37255924940109253/100000000000000000,True,False,all-64,primary,current_strict,64,25,input_blocked,,,,,
cell-0140,7442353367805481/20000000000000000,37255924940109253/100000000000000000,True,False,all-64,primary,current_partial,64,0,unresolved,opposite_worlds,-51/64,55/64,-17/64,25/64
cell-0140,7442353367805481/20000000000000000,37255924940109253/100000000000000000,True,False,all-64,primary,union_strict,64,36,input_blocked,,,,,
cell-0140,7442353367805481/20000000000000000,37255924940109253/100000000000000000,True,False,all-64,primary,union_partial,64,1,input_blocked,,,,,
cell-0141,37255924940109253/100000000000000000,931994616985321/2500000000000000,True,False,all-64,primary,exact_projection,64,0,supported,universal_bound,1/16,1/16,1/16,1/16
cell-0141,37255924940109253/100000000000000000,931994616985321/2500000000000000,True,False,all-64,primary,one_edit_per_image,64,0,unresolved,opposite_worlds,-15/8,33/16,-37/32,3/2
cell-0141,37255924940109253/100000000000000000,931994616985321/2500000000000000,True,False,all-64,primary,one_edit_global,64,0,unresolved,opposite_worlds,0,1/8,0,1/8
cell-0141,37255924940109253/100000000000000000,931994616985321/2500000000000000,True,False,all-64,primary,current_strict,64,25,input_blocked,,,,,
cell-0141,37255924940109253/100000000000000000,931994616985321/2500000000000000,True,False,all-64,primary,current_partial,64,0,unresolved,opposite_worlds,-13/16,27/32,-9/32,3/8
cell-0141,37255924940109253/100000000000000000,931994616985321/2500000000000000,True,False,all-64,primary,union_strict,64,36,input_blocked,,,,,
cell-0141,37255924940109253/100000000000000000,931994616985321/2500000000000000,True,False,all-64,primary,union_partial,64,1,input_blocked,,,,,
cell-0142,931994616985321/2500000000000000,3734166920185089/10000000000000000,True,False,all-64,primary,exact_projection,64,0,supported,universal_bound,3/64,3/64,3/64,3/64
cell-0142,931994616985321/2500000000000000,3734166920185089/10000000000000000,True,False,all-64,primary,one_edit_per_image,64,0,unresolved,opposite_worlds,-121/64,131/64,-75/64,95/64
cell-0142,931994616985321/2500000000000000,3734166920185089/10000000000000000,True,False,all-64,primary,one_edit_global,64,0,unresolved,opposite_worlds,-1/64,7/64,-1/64,7/64
cell-0142,931994616985321/2500000000000000,3734166920185089/10000000000000000,True,False,all-64,primary,current_strict,64,25,input_blocked,,,,,
cell-0142,931994616985321/2500000000000000,3734166920185089/10000000000000000,True,False,all-64,primary,current_partial,64,0,unresolved,opposite_worlds,-51/64,53/64,-17/64,23/64
cell-0142,931994616985321/2500000000000000,3734166920185089/10000000000000000,True,False,all-64,primary,union_strict,64,36,input_blocked,,,,,
cell-0142,931994616985321/2500000000000000,3734166920185089/10000000000000000,True,False,all-64,primary,union_partial,64,1,input_blocked,,,,,
cell-0143,3734166920185089/10000000000000000,7477869987487793/20000000000000000,True,False,all-64,primary,exact_projection,64,0,supported,universal_bound,1/16,1/16,1/16,1/16
cell-0143,3734166920185089/10000000000000000,7477869987487793/20000000000000000,True,False,all-64,primary,one_edit_per_image,64,0,unresolved,opposite_worlds,-15/8,65/32,-37/32,3/2
cell-0143,3734166920185089/10000000000000000,7477869987487793/20000000000000000,True,False,all-64,primary,one_edit_global,64,0,unresolved,opposite_worlds,0,1/8,0,1/8
cell-0143,3734166920185089/10000000000000000,7477869987487793/20000000000000000,True,False,all-64,primary,current_strict,64,25,input_blocked,,,,,
cell-0143,3734166920185089/10000000000000000,7477869987487793/20000000000000000,True,False,all-64,primary,current_partial,64,0,unresolved,opposite_worlds,-25/32,27/32,-1/4,3/8
cell-0143,3734166920185089/10000000000000000,7477869987487793/20000000000000000,True,False,all-64,primary,union_strict,64,36,input_blocked,,,,,
cell-0143,3734166920185089/10000000000000000,7477869987487793/20000000000000000,True,False,all-64,primary,union_partial,64,1,input_blocked,,,,,
cell-0144,7477869987487793/20000000000000000,18761923909187317/50000000000000000,True,False,all-64,primary,exact_projection,64,0,supported,universal_bound,3/64,3/64,3/64,3/64
cell-0144,7477869987487793/20000000000000000,18761923909187317/50000000000000000,True,False,all-64,primary,one_edit_per_image,64,0,unresolved,opposite_worlds,-121/64,129/64,-73/64,95/64
cell-0144,7477869987487793/20000000000000000,18761923909187317/50000000000000000,True,False,all-64,primary,one_edit_global,64,0,unresolved,opposite_worlds,-1/64,7/64,-1/64,7/64
cell-0144,7477869987487793/20000000000000000,18761923909187317/50000000000000000,True,False,all-64,primary,current_strict,64,25,input_blocked,,,,,
cell-0144,7477869987487793/20000000000000000,18761923909187317/50000000000000000,True,False,all-64,primary,current_partial,64,0,unresolved,opposite_worlds,-51/64,53/64,-17/64,23/64
cell-0144,7477869987487793/20000000000000000,18761923909187317/50000000000000000,True,False,all-64,primary,union_strict,64,36,input_blocked,,,,,
cell-0144,7477869987487793/20000000000000000,18761923909187317/50000000000000000,True,False,all-64,primary,union_partial,64,1,input_blocked,,,,,
cell-0145,18761923909187317/50000000000000000,37947365641593933/100000000000000000,True,False,all-64,primary,exact_projection,64,0,supported,universal_bound,1/16,1/16,1/16,1/16
cell-0145,18761923909187317/50000000000000000,37947365641593933/100000000000000000,True,False,all-64,primary,one_edit_per_image,64,0,unresolved,opposite_worlds,-15/8,65/32,-9/8,47/32
cell-0145,18761923909187317/50000000000000000,37947365641593933/100000000000000000,True,False,all-64,primary,one_edit_global,64,0,unresolved,opposite_worlds,0,1/8,0,1/8
cell-0145,18761923909187317/50000000000000000,37947365641593933/100000000000000000,True,False,all-64,primary,current_strict,64,25,input_blocked,,,,,
cell-0145,18761923909187317/50000000000000000,37947365641593933/100000000000000000,True,False,all-64,primary,current_partial,64,0,unresolved,opposite_worlds,-25/32,27/32,-1/4,11/32
cell-0145,18761923909187317/50000000000000000,37947365641593933/100000000000000000,True,False,all-64,primary,union_strict,64,36,input_blocked,,,,,
cell-0145,18761923909187317/50000000000000000,37947365641593933/100000000000000000,True,False,all-64,primary,union_partial,64,1,input_blocked,,,,,
cell-0146,37947365641593933/100000000000000000,474393330514431/1250000000000000,True,False,all-64,primary,exact_projection,64,0,supported,universal_bound,3/64,3/64,3/64,3/64
cell-0146,37947365641593933/100000000000000000,474393330514431/1250000000000000,True,False,all-64,primary,one_edit_per_image,64,0,unresolved,opposite_worlds,-121/64,129/64,-73/64,93/64
cell-0146,37947365641593933/100000000000000000,474393330514431/1250000000000000,True,False,all-64,primary,one_edit_global,64,0,unresolved,opposite_worlds,-1/64,7/64,-1/64,7/64
cell-0146,37947365641593933/100000000000000000,474393330514431/1250000000000000,True,False,all-64,primary,current_strict,64,25,input_blocked,,,,,
cell-0146,37947365641593933/100000000000000000,474393330514431/1250000000000000,True,False,all-64,primary,current_partial,64,0,unresolved,opposite_worlds,-51/64,53/64,-17/64,21/64
cell-0146,37947365641593933/100000000000000000,474393330514431/1250000000000000,True,False,all-64,primary,union_strict,64,36,input_blocked,,,,,
cell-0146,37947365641593933/100000000000000000,474393330514431/1250000000000000,True,False,all-64,primary,union_partial,64,1,input_blocked,,,,,
cell-0147,474393330514431/1250000000000000,7623099684715271/20000000000000000,True,False,all-64,primary,exact_projection,64,0,supported,universal_bound,1/32,1/32,1/32,1/32
cell-0147,474393330514431/1250000000000000,7623099684715271/20000000000000000,True,False,all-64,primary,one_edit_per_image,64,0,unresolved,opposite_worlds,-61/32,2,-37/32,23/16
cell-0147,474393330514431/1250000000000000,7623099684715271/20000000000000000,True,False,all-64,primary,one_edit_global,64,0,unresolved,opposite_worlds,-1/32,3/32,-1/32,3/32
cell-0147,474393330514431/1250000000000000,7623099684715271/20000000000000000,True,False,all-64,primary,current_strict,64,25,input_blocked,,,,,
cell-0147,474393330514431/1250000000000000,7623099684715271/20000000000000000,True,False,all-64,primary,current_partial,64,0,unresolved,opposite_worlds,-13/16,13/16,-9/32,5/16
cell-0147,474393330514431/1250000000000000,7623099684715271/20000000000000000,True,False,all-64,primary,union_strict,64,36,input_blocked,,,,,
cell-0147,474393330514431/1250000000000000,7623099684715271/20000000000000000,True,False,all-64,primary,union_partial,64,1,input_blocked,,,,,
cell-0148,7623099684715271/20000000000000000,1907971352338791/5000000000000000,True,False,all-64,primary,exact_projection,64,0,supported,universal_bound,1/64,1/64,1/64,1/64
cell-0148,7623099684715271/20000000000000000,1907971352338791/5000000000000000,True,False,all-64,primary,one_edit_per_image,64,0,unresolved,opposite_worlds,-123/64,129/64,-75/64,93/64
cell-0148,7623099684715271/20000000000000000,1907971352338791/5000000000000000,True,False,all-64,primary,one_edit_global,64,0,unresolved,opposite_worlds,-3/64,5/64,-3/64,5/64
cell-0148,7623099684715271/20000000000000000,1907971352338791/5000000000000000,True,False,all-64,primary,current_strict,64,25,input_blocked,,,,,
cell-0148,7623099684715271/20000000000000000,1907971352338791/5000000000000000,True,False,all-64,primary,current_partial,64,0,unresolved,opposite_worlds,-53/64,51/64,-19/64,19/64
cell-0148,7623099684715271/20000000000000000,1907971352338791/5000000000000000,True,False,all-64,primary,union_strict,64,36,input_blocked,,,,,
cell-0148,7623099684715271/20000000000000000,1907971352338791/5000000000000000,True,False,all-64,primary,union_partial,64,1,input_blocked,,,,,
cell-0149,1907971352338791/5000000000000000,9571598470211029/25000000000000000,True,False,all-64,primary,exact_projection,64,0,excluded,universal_bound,0,0,0,0
cell-0149,1907971352338791/5000000000000000,9571598470211029/25000000000000000,True,False,all-64,primary,one_edit_per_image,64,0,unresolved,opposite_worlds,-31/16,2,-19/16,23/16
cell-0149,1907971352338791/5000000000000000,9571598470211029/25000000000000000,True,False,all-64,primary,one_edit_global,64,0,unresolved,opposite_worlds,-1/16,1/16,-1/16,1/16
cell-0149,1907971352338791/5000000000000000,9571598470211029/25000000000000000,True,False,all-64,primary,current_strict,64,25,input_blocked,,,,,
cell-0149,1907971352338791/5000000000000000,9571598470211029/25000000000000000,True,False,all-64,primary,current_partial,64,0,unresolved,opposite_worlds,-27/32,25/32,-5/16,9/32
cell-0149,1907971352338791/5000000000000000,9571598470211029/25000000000000000,True,False,all-64,primary,union_strict,64,36,input_blocked,,,,,
cell-0149,1907971352338791/5000000000000000,9571598470211029/25000000000000000,True,False,all-64,primary,union_partial,64,1,input_blocked,,,,,
cell-0150,9571598470211029/25000000000000000,383911669254303/1000000000000000,True,False,all-64,primary,exact_projection,64,0,excluded,universal_bound,-1/64,-1/64,-1/64,-1/64
cell-0150,9571598470211029/25000000000000000,383911669254303/1000000000000000,True,False,all-64,primary,one_edit_per_image,64,0,unresolved,opposite_worlds,-125/64,127/64,-77/64,91/64
cell-0150,9571598470211029/25000000000000000,383911669254303/1000000000000000,True,False,all-64,primary,one_edit_global,64,0,unresolved,opposite_worlds,-5/64,3/64,-5/64,3/64
cell-0150,9571598470211029/25000000000000000,383911669254303/1000000000000000,True,False,all-64,primary,current_strict,64,25,input_blocked,,,,,
cell-0150,9571598470211029/25000000000000000,383911669254303/1000000000000000,True,False,all-64,primary,current_partial,64,0,unresolved,opposite_worlds,-53/64,49/64,-19/64,19/64
cell-0150,9571598470211029/25000000000000000,383911669254303/1000000000000000,True,False,all-64,primary,union_strict,64,36,input_blocked,,,,,
cell-0150,9571598470211029/25000000000000000,383911669254303/1000000000000000,True,False,all-64,primary,union_partial,64,1,input_blocked,,,,,
cell-0151,383911669254303/1000000000000000,480102002620697/1250000000000000,True,False,all-64,primary,exact_projection,64,0,excluded,universal_bound,0,0,0,0
cell-0151,383911669254303/1000000000000000,480102002620697/1250000000000000,True,False,all-64,primary,one_edit_per_image,64,0,unresolved,opposite_worlds,-31/16,2,-19/16,23/16
cell-0151,383911669254303/1000000000000000,480102002620697/1250000000000000,True,False,all-64,primary,one_edit_global,64,0,unresolved,opposite_worlds,-1/16,1/16,-1/16,1/16
cell-0151,383911669254303/1000000000000000,480102002620697/1250000000000000,True,False,all-64,primary,current_strict,64,25,input_blocked,,,,,
cell-0151,383911669254303/1000000000000000,480102002620697/1250000000000000,True,False,all-64,primary,current_partial,64,0,unresolved,opposite_worlds,-27/32,3/4,-5/16,9/32
cell-0151,383911669254303/1000000000000000,480102002620697/1250000000000000,True,False,all-64,primary,union_strict,64,36,input_blocked,,,,,
cell-0151,383911669254303/1000000000000000,480102002620697/1250000000000000,True,False,all-64,primary,union_partial,64,1,input_blocked,,,,,
cell-0152,480102002620697/1250000000000000,1921418011188507/5000000000000000,True,False,all-64,primary,exact_projection,64,0,supported,universal_bound,1/64,1/64,1/64,1/64
cell-0152,480102002620697/1250000000000000,1921418011188507/5000000000000000,True,False,all-64,primary,one_edit_per_image,64,0,unresolved,opposite_worlds,-125/64,129/64,-77/64,93/64
cell-0152,480102002620697/1250000000000000,1921418011188507/5000000000000000,True,False,all-64,primary,one_edit_global,64,0,unresolved,opposite_worlds,-3/64,5/64,-3/64,5/64
cell-0152,480102002620697/1250000000000000,1921418011188507/5000000000000000,True,False,all-64,primary,current_strict,64,25,input_blocked,,,,,
cell-0152,480102002620697/1250000000000000,1921418011188507/5000000000000000,True,False,all-64,primary,current_partial,64,0,unresolved,opposite_worlds,-53/64,49/64,-19/64,19/64
cell-0152,480102002620697/1250000000000000,1921418011188507/5000000000000000,True,False,all-64,primary,union_strict,64,36,input_blocked,,,,,
cell-0152,480102002620697/1250000000000000,1921418011188507/5000000000000000,True,False,all-64,primary,union_partial,64,1,input_blocked,,,,,
cell-0153,1921418011188507/5000000000000000,1929478645324707/5000000000000000,True,False,all-64,primary,exact_projection,64,0,excluded,universal_bound,0,0,0,0
cell-0153,1921418011188507/5000000000000000,1929478645324707/5000000000000000,True,False,all-64,primary,one_edit_per_image,64,0,unresolved,opposite_worlds,-31/16,2,-39/32,23/16
cell-0153,1921418011188507/5000000000000000,1929478645324707/5000000000000000,True,False,all-64,primary,one_edit_global,64,0,unresolved,opposite_worlds,-1/16,1/16,-1/16,1/16
cell-0153,1921418011188507/5000000000000000,1929478645324707/5000000000000000,True,False,all-64,primary,current_strict,64,25,input_blocked,,,,,
cell-0153,1921418011188507/5000000000000000,1929478645324707/5000000000000000,True,False,all-64,primary,current_partial,64,0,unresolved,opposite_worlds,-27/32,3/4,-5/16,9/32
cell-0153,1921418011188507/5000000000000000,1929478645324707/5000000000000000,True,False,all-64,primary,union_strict,64,36,input_blocked,,,,,
cell-0153,1921418011188507/5000000000000000,1929478645324707/5000000000000000,True,False,all-64,primary,union_partial,64,1,input_blocked,,,,,
cell-0154,1929478645324707/5000000000000000,38619372248649597/100000000000000000,True,False,all-64,primary,exact_projection,64,0,excluded,universal_bound,-1/64,-1/64,-1/64,-1/64
cell-0154,1929478645324707/5000000000000000,38619372248649597/100000000000000000,True,False,all-64,primary,one_edit_per_image,64,0,unresolved,opposite_worlds,-123/64,127/64,-77/64,91/64
cell-0154,1929478645324707/5000000000000000,38619372248649597/100000000000000000,True,False,all-64,primary,one_edit_global,64,0,unresolved,opposite_worlds,-5/64,3/64,-5/64,3/64
cell-0154,1929478645324707/5000000000000000,38619372248649597/100000000000000000,True,False,all-64,primary,current_strict,64,25,input_blocked,,,,,
cell-0154,1929478645324707/5000000000000000,38619372248649597/100000000000000000,True,False,all-64,primary,current_partial,64,0,unresolved,opposite_worlds,-55/64,47/64,-21/64,17/64
cell-0154,1929478645324707/5000000000000000,38619372248649597/100000000000000000,True,False,all-64,primary,union_strict,64,36,input_blocked,,,,,
cell-0154,1929478645324707/5000000000000000,38619372248649597/100000000000000000,True,False,all-64,primary,union_partial,64,1,input_blocked,,,,,
cell-0155,38619372248649597/100000000000000000,241553895175457/625000000000000,True,False,all-64,primary,exact_projection,64,0,excluded,universal_bound,0,0,0,0
cell-0155,38619372248649597/100000000000000000,241553895175457/625000000000000,True,False,all-64,primary,one_edit_per_image,64,0,unresolved,opposite_worlds,-61/32,2,-19/16,23/16
cell-0155,38619372248649597/100000000000000000,241553895175457/625000000000000,True,False,all-64,primary,one_edit_global,64,0,unresolved,opposite_worlds,-1/16,1/16,-1/16,1/16
cell-0155,38619372248649597/100000000000000000,241553895175457/625000000000000,True,False,all-64,primary,current_strict,64,25,input_blocked,,,,,
cell-0155,38619372248649597/100000000000000000,241553895175457/625000000000000,True,False,all-64,primary,current_partial,64,0,unresolved,opposite_worlds,-27/32,3/4,-5/16,9/32
cell-0155,38619372248649597/100000000000000000,241553895175457/625000000000000,True,False,all-64,primary,union_strict,64,36,input_blocked,,,,,
cell-0155,38619372248649597/100000000000000000,241553895175457/625000000000000,True,False,all-64,primary,union_partial,64,1,input_blocked,,,,,
cell-0156,241553895175457/625000000000000,38665691018104553/100000000000000000,True,False,all-64,primary,exact_projection,64,0,supported,universal_bound,1/64,1/64,1/64,1/64
cell-0156,241553895175457/625000000000000,38665691018104553/100000000000000000,True,False,all-64,primary,one_edit_per_image,64,0,unresolved,opposite_worlds,-121/64,129/64,-75/64,91/64
cell-0156,241553895175457/625000000000000,38665691018104553/100000000000000000,True,False,all-64,primary,one_edit_global,64,0,unresolved,opposite_worlds,-3/64,5/64,-3/64,5/64
cell-0156,241553895175457/625000000000000,38665691018104553/100000000000000000,True,False,all-64,primary,current_strict,64,25,input_blocked,,,,,
cell-0156,241553895175457/625000000000000,38665691018104553/100000000000000000,True,False,all-64,primary,current_partial,64,0,unresolved,opposite_worlds,-53/64,49/64,-19/64,19/64
cell-0156,241553895175457/625000000000000,38665691018104553/100000000000000000,True,False,all-64,primary,union_strict,64,36,input_blocked,,,,,
cell-0156,241553895175457/625000000000000,38665691018104553/100000000000000000,True,False,all-64,primary,union_partial,64,1,input_blocked,,,,,
cell-0157,38665691018104553/100000000000000000,3874489367008209/10000000000000000,True,False,all-64,primary,exact_projection,64,0,excluded,universal_bound,0,0,0,0
cell-0157,38665691018104553/100000000000000000,3874489367008209/10000000000000000,True,False,all-64,primary,one_edit_per_image,64,0,unresolved,opposite_worlds,-61/32,2,-19/16,45/32
cell-0157,38665691018104553/100000000000000000,3874489367008209/10000000000000000,True,False,all-64,primary,one_edit_global,64,0,unresolved,opposite_worlds,-1/16,1/16,-1/16,1/16
cell-0157,38665691018104553/100000000000000000,3874489367008209/10000000000000000,True,False,all-64,primary,current_strict,64,25,input_blocked,,,,,
cell-0157,38665691018104553/100000000000000000,3874489367008209/10000000000000000,True,False,all-64,primary,current_partial,64,0,unresolved,opposite_worlds,-27/32,3/4,-5/16,9/32
cell-0157,38665691018104553/100000000000000000,3874489367008209/10000000000000000,True,False,all-64,primary,union_strict,64,36,input_blocked,,,,,
cell-0157,38665691018104553/100000000000000000,3874489367008209/10000000000000000,True,False,all-64,primary,union_partial,64,1,input_blocked,,,,,
cell-0158,3874489367008209/10000000000000000,969071015715599/2500000000000000,True,False,all-64,primary,exact_projection,64,0,excluded,universal_bound,-1/64,-1/64,-1/64,-1/64
cell-0158,3874489367008209/10000000000000000,969071015715599/2500000000000000,True,False,all-64,primary,one_edit_per_image,64,0,unresolved,opposite_worlds,-123/64,127/64,-77/64,89/64
cell-0158,3874489367008209/10000000000000000,969071015715599/2500000000000000,True,False,all-64,primary,one_edit_global,64,0,unresolved,opposite_worlds,-5/64,3/64,-5/64,3/64
cell-0158,3874489367008209/10000000000000000,969071015715599/2500000000000000,True,False,all-64,primary,current_strict,64,25,input_blocked,,,,,
cell-0158,3874489367008209/10000000000000000,969071015715599/2500000000000000,True,False,all-64,primary,current_partial,64,0,unresolved,opposite_worlds,-55/64,47/64,-21/64,17/64
cell-0158,3874489367008209/10000000000000000,969071015715599/2500000000000000,True,False,all-64,primary,union_strict,64,36,input_blocked,,,,,
cell-0158,3874489367008209/10000000000000000,969071015715599/2500000000000000,True,False,all-64,primary,union_partial,64,1,input_blocked,,,,,
cell-0159,969071015715599/2500000000000000,9693591296672821/25000000000000000,True,False,all-64,primary,exact_projection,64,0,excluded,universal_bound,-1/32,-1/32,-1/32,-1/32
cell-0159,969071015715599/2500000000000000,9693591296672821/25000000000000000,True,False,all-64,primary,one_edit_per_image,64,0,unresolved,opposite_worlds,-61/32,63/32,-39/32,11/8
cell-0159,969071015715599/2500000000000000,9693591296672821/25000000000000000,True,False,all-64,primary,one_edit_global,64,0,unresolved,opposite_worlds,-3/32,1/32,-3/32,1/32
cell-0159,969071015715599/2500000000000000,9693591296672821/25000000000000000,True,False,all-64,primary,current_strict,64,25,input_blocked,,,,,
cell-0159,969071015715599/2500000000000000,9693591296672821/25000000000000000,True,False,all-64,primary,current_partial,64,0,unresolved,opposite_worlds,-7/8,23/32,-11/32,1/4
cell-0159,969071015715599/2500000000000000,9693591296672821/25000000000000000,True,False,all-64,primary,union_strict,64,36,input_blocked,,,,,
cell-0159,969071015715599/2500000000000000,9693591296672821/25000000000000000,True,False,all-64,primary,union_partial,64,1,input_blocked,,,,,
cell-0160,9693591296672821/25000000000000000,3877904713153839/10000000000000000,True,False,all-64,primary,exact_projection,64,0,excluded,universal_bound,-3/64,-3/64,-3/64,-3/64
cell-0160,9693591296672821/25000000000000000,3877904713153839/10000000000000000,True,False,all-64,primary,one_edit_per_image,64,0,unresolved,opposite_worlds,-123/64,125/64,-77/64,87/64
cell-0160,9693591296672821/25000000000000000,3877904713153839/10000000000000000,True,False,all-64,primary,one_edit_global,64,0,unresolved,opposite_worlds,-7/64,1/64,-7/64,1/64
cell-0160,9693591296672821/25000000000000000,3877904713153839/10000000000000000,True,False,all-64,primary,current_strict,64,25,input_blocked,,,,,
cell-0160,9693591296672821/25000000000000000,3877904713153839/10000000000000000,True,False,all-64,primary,current_partial,64,0,unresolved,opposite_worlds,-57/64,45/64,-23/64,15/64
cell-0160,9693591296672821/25000000000000000,3877904713153839/10000000000000000,True,False,all-64,primary,union_strict,64,36,input_blocked,,,,,
cell-0160,9693591296672821/25000000000000000,3877904713153839/10000000000000000,True,False,all-64,primary,union_partial,64,1,input_blocked,,,,,
cell-0161,3877904713153839/10000000000000000,3885746896266937/10000000000000000,True,False,all-64,primary,exact_projection,64,0,excluded,universal_bound,-1/32,-1/32,-1/32,-1/32
cell-0161,3877904713153839/10000000000000000,3885746896266937/10000000000000000,True,False,all-64,primary,one_edit_per_image,64,0,unresolved,opposite_worlds,-61/32,63/32,-39/32,11/8
cell-0161,3877904713153839/10000000000000000,3885746896266937/10000000000000000,True,False,all-64,primary,one_edit_global,64,0,unresolved,opposite_worlds,-3/32,1/32,-3/32,1/32
cell-0161,3877904713153839/10000000000000000,3885746896266937/10000000000000000,True,False,all-64,primary,current_strict,64,25,input_blocked,,,,,
cell-0161,3877904713153839/10000000000000000,3885746896266937/10000000000000000,True,False,all-64,primary,current_partial,64,0,unresolved,opposite_worlds,-7/8,23/32,-11/32,1/4
cell-0161,3877904713153839/10000000000000000,3885746896266937/10000000000000000,True,False,all-64,primary,union_strict,64,36,input_blocked,,,,,
cell-0161,3877904713153839/10000000000000000,3885746896266937/10000000000000000,True,False,all-64,primary,union_partial,64,1,input_blocked,,,,,
cell-0162,3885746896266937/10000000000000000,3910408020019531/10000000000000000,True,False,all-64,primary,exact_projection,64,0,excluded,universal_bound,-3/64,-3/64,-3/64,-3/64
cell-0162,3885746896266937/10000000000000000,3910408020019531/10000000000000000,True,False,all-64,primary,one_edit_per_image,64,0,unresolved,opposite_worlds,-123/64,125/64,-79/64,87/64
cell-0162,3885746896266937/10000000000000000,3910408020019531/10000000000000000,True,False,all-64,primary,one_edit_global,64,0,unresolved,opposite_worlds,-7/64,1/64,-7/64,1/64
cell-0162,3885746896266937/10000000000000000,3910408020019531/10000000000000000,True,False,all-64,primary,current_strict,64,25,input_blocked,,,,,
cell-0162,3885746896266937/10000000000000000,3910408020019531/10000000000000000,True,False,all-64,primary,current_partial,64,0,unresolved,opposite_worlds,-57/64,45/64,-23/64,15/64
cell-0162,3885746896266937/10000000000000000,3910408020019531/10000000000000000,True,False,all-64,primary,union_strict,64,36,input_blocked,,,,,
cell-0162,3885746896266937/10000000000000000,3910408020019531/10000000000000000,True,False,all-64,primary,union_partial,64,1,input_blocked,,,,,
cell-0163,3910408020019531/10000000000000000,156934654712677/400000000000000,True,False,all-64,primary,exact_projection,64,0,excluded,universal_bound,-1/32,-1/32,-1/32,-1/32
cell-0163,3910408020019531/10000000000000000,156934654712677/400000000000000,True,False,all-64,primary,one_edit_per_image,64,0,unresolved,opposite_worlds,-61/32,31/16,-39/32,43/32
cell-0163,3910408020019531/10000000000000000,156934654712677/400000000000000,True,False,all-64,primary,one_edit_global,64,0,unresolved,bound_gap,-3/32,1/32,-3/32,0
cell-0163,3910408020019531/10000000000000000,156934654712677/400000000000000,True,False,all-64,primary,current_strict,64,25,input_blocked,,,,,
cell-0163,3910408020019531/10000000000000000,156934654712677/400000000000000,True,False,all-64,primary,current_partial,64,0,unresolved,opposite_worlds,-7/8,23/32,-11/32,1/4
cell-0163,3910408020019531/10000000000000000,156934654712677/400000000000000,True,False,all-64,primary,union_strict,64,36,input_blocked,,,,,
cell-0163,3910408020019531/10000000000000000,156934654712677/400000000000000,True,False,all-64,primary,union_partial,64,1,input_blocked,,,,,
cell-0164,156934654712677/400000000000000,7870815396308899/20000000000000000,True,False,all-64,primary,exact_projection,64,0,excluded,universal_bound,-1/64,-1/64,-1/64,-1/64
cell-0164,156934654712677/400000000000000,7870815396308899/20000000000000000,True,False,all-64,primary,one_edit_per_image,64,0,unresolved,opposite_worlds,-121/64,125/64,-77/64,85/64
cell-0164,156934654712677/400000000000000,7870815396308899/20000000000000000,True,False,all-64,primary,one_edit_global,64,0,unresolved,opposite_worlds,-5/64,3/64,-5/64,1/64
cell-0164,156934654712677/400000000000000,7870815396308899/20000000000000000,True,False,all-64,primary,current_strict,64,25,input_blocked,,,,,
cell-0164,156934654712677/400000000000000,7870815396308899/20000000000000000,True,False,all-64,primary,current_partial,64,0,unresolved,opposite_worlds,-55/64,45/64,-21/64,15/64
cell-0164,156934654712677/400000000000000,7870815396308899/20000000000000000,True,False,all-64,primary,union_strict,64,36,input_blocked,,,,,
cell-0164,156934654712677/400000000000000,7870815396308899/20000000000000000,True,False,all-64,primary,union_partial,64,1,input_blocked,,,,,
cell-0165,7870815396308899/20000000000000000,19708341360092163/50000000000000000,True,False,all-64,primary,exact_projection,64,0,excluded,universal_bound,0,0,0,0
cell-0165,7870815396308899/20000000000000000,19708341360092163/50000000000000000,True,False,all-64,primary,one_edit_per_image,64,0,unresolved,opposite_worlds,-15/8,63/32,-19/16,43/32
cell-0165,7870815396308899/20000000000000000,19708341360092163/50000000000000000,True,False,all-64,primary,one_edit_global,64,0,unresolved,opposite_worlds,-1/16,1/16,-1/16,1/32
cell-0165,7870815396308899/20000000000000000,19708341360092163/50000000000000000,True,False,all-64,primary,current_strict,64,25,input_blocked,,,,,
cell-0165,7870815396308899/20000000000000000,19708341360092163/50000000000000000,True,False,all-64,primary,current_partial,64,0,unresolved,opposite_worlds,-27/32,23/32,-5/16,1/4
cell-0165,7870815396308899/20000000000000000,19708341360092163/50000000000000000,True,False,all-64,primary,union_strict,64,36,input_blocked,,,,,
cell-0165,7870815396308899/20000000000000000,19708341360092163/50000000000000000,True,False,all-64,primary,union_partial,64,1,input_blocked,,,,,
cell-0166,19708341360092163/50000000000000000,1976349651813507/5000000000000000,True,False,all-64,primary,exact_projection,64,0,excluded,universal_bound,-1/64,-1/64,-1/64,-1/64
cell-0166,19708341360092163/50000000000000000,1976349651813507/5000000000000000,True,False,all-64,primary,one_edit_per_image,64,0,unresolved,opposite_worlds,-121/64,125/64,-75/64,85/64
cell-0166,19708341360092163/50000000000000000,1976349651813507/5000000000000000,True,False,all-64,primary,one_edit_global,64,0,unresolved,opposite_worlds,-5/64,3/64,-5/64,1/64
cell-0166,19708341360092163/50000000000000000,1976349651813507/5000000000000000,True,False,all-64,primary,current_strict,64,25,input_blocked,,,,,
cell-0166,19708341360092163/50000000000000000,1976349651813507/5000000000000000,True,False,all-64,primary,current_partial,64,0,unresolved,opposite_worlds,-55/64,45/64,-21/64,15/64
cell-0166,19708341360092163/50000000000000000,1976349651813507/5000000000000000,True,False,all-64,primary,union_strict,64,36,input_blocked,,,,,
cell-0166,19708341360092163/50000000000000000,1976349651813507/5000000000000000,True,False,all-64,primary,union_partial,64,1,input_blocked,,,,,
cell-0167,1976349651813507/5000000000000000,39618968963623047/100000000000000000,True,False,all-64,primary,exact_projection,64,0,excluded,universal_bound,-1/32,-1/32,-1/32,-1/32
cell-0167,1976349651813507/5000000000000000,39618968963623047/100000000000000000,True,False,all-64,primary,one_edit_per_image,64,0,unresolved,opposite_worlds,-61/32,31/16,-37/32,21/16
cell-0167,1976349651813507/5000000000000000,39618968963623047/100000000000000000,True,False,all-64,primary,one_edit_global,64,0,unresolved,bound_gap,-3/32,1/32,-3/32,0
cell-0167,1976349651813507/5000000000000000,39618968963623047/100000000000000000,True,False,all-64,primary,current_strict,64,25,input_blocked,,,,,
cell-0167,1976349651813507/5000000000000000,39618968963623047/100000000000000000,True,False,all-64,primary,current_partial,64,0,unresolved,opposite_worlds,-7/8,11/16,-11/32,7/32
cell-0167,1976349651813507/5000000000000000,39618968963623047/100000000000000000,True,False,all-64,primary,union_strict,64,36,input_blocked,,,,,
cell-0167,1976349651813507/5000000000000000,39618968963623047/100000000000000000,True,False,all-64,primary,union_partial,64,1,input_blocked,,,,,
cell-0168,39618968963623047/100000000000000000,1987587809562683/5000000000000000,True,False,all-64,primary,exact_projection,64,0,excluded,universal_bound,-1/64,-1/64,-1/64,-1/64
cell-0168,39618968963623047/100000000000000000,1987587809562683/5000000000000000,True,False,all-64,primary,one_edit_per_image,64,0,unresolved,opposite_worlds,-121/64,125/64,-73/64,85/64
cell-0168,39618968963623047/100000000000000000,1987587809562683/5000000000000000,True,False,all-64,primary,one_edit_global,64,0,unresolved,opposite_worlds,-5/64,3/64,-5/64,1/64
cell-0168,39618968963623047/100000000000000000,1987587809562683/5000000000000000,True,False,all-64,primary,current_strict,64,25,input_blocked,,,,,
cell-0168,39618968963623047/100000000000000000,1987587809562683/5000000000000000,True,False,all-64,primary,current_partial,64,0,unresolved,opposite_worlds,-55/64,45/64,-21/64,15/64
cell-0168,39618968963623047/100000000000000000,1987587809562683/5000000000000000,True,False,all-64,primary,union_strict,64,36,input_blocked,,,,,
cell-0168,39618968963623047/100000000000000000,1987587809562683/5000000000000000,True,False,all-64,primary,union_partial,64,1,input_blocked,,,,,
cell-0169,1987587809562683/5000000000000000,1994917243719101/5000000000000000,True,False,all-64,primary,exact_projection,64,0,excluded,universal_bound,-1/32,-1/32,-1/32,-1/32
cell-0169,1987587809562683/5000000000000000,1994917243719101/5000000000000000,True,False,all-64,primary,one_edit_per_image,64,0,unresolved,opposite_worlds,-61/32,31/16,-37/32,43/32
cell-0169,1987587809562683/5000000000000000,1994917243719101/5000000000000000,True,False,all-64,primary,one_edit_global,64,0,unresolved,bound_gap,-3/32,1/32,-3/32,0
cell-0169,1987587809562683/5000000000000000,1994917243719101/5000000000000000,True,False,all-64,primary,current_strict,64,25,input_blocked,,,,,
cell-0169,1987587809562683/5000000000000000,1994917243719101/5000000000000000,True,False,all-64,primary,current_partial,64,0,unresolved,opposite_worlds,-7/8,11/16,-11/32,7/32
cell-0169,1987587809562683/5000000000000000,1994917243719101/5000000000000000,True,False,all-64,primary,union_strict,64,36,input_blocked,,,,,
cell-0169,1987587809562683/5000000000000000,1994917243719101/5000000000000000,True,False,all-64,primary,union_partial,64,1,input_blocked,,,,,
cell-0170,1994917243719101/5000000000000000,50028245896101/125000000000000,True,False,all-64,primary,exact_projection,64,0,excluded,universal_bound,-3/64,-3/64,-3/64,-3/64
cell-0170,1994917243719101/5000000000000000,50028245896101/125000000000000,True,False,all-64,primary,one_edit_per_image,64,0,unresolved,opposite_worlds,-123/64,123/64,-75/64,85/64
cell-0170,1994917243719101/5000000000000000,50028245896101/125000000000000,True,False,all-64,primary,one_edit_global,64,0,unresolved,bound_gap,-7/64,1/64,-7/64,-1/64
cell-0170,1994917243719101/5000000000000000,50028245896101/125000000000000,True,False,all-64,primary,current_strict,64,25,input_blocked,,,,,
cell-0170,1994917243719101/5000000000000000,50028245896101/125000000000000,True,False,all-64,primary,current_partial,64,0,unresolved,opposite_worlds,-57/64,43/64,-23/64,13/64
cell-0170,1994917243719101/5000000000000000,50028245896101/125000000000000,True,False,all-64,primary,union_strict,64,36,input_blocked,,,,,
cell-0170,1994917243719101/5000000000000000,50028245896101/125000000000000,True,False,all-64,primary,union_partial,64,1,input_blocked,,,,,
cell-0171,50028245896101/125000000000000,20012974739074707/50000000000000000,True,False,all-64,primary,exact_projection,64,0,excluded,universal_bound,-1/16,-1/16,-1/16,-1/16
cell-0171,50028245896101/125000000000000,20012974739074707/50000000000000000,True,False,all-64,primary,one_edit_per_image,64,0,unresolved,opposite_worlds,-61/32,61/32,-19/16,21/16
cell-0171,50028245896101/125000000000000,20012974739074707/50000000000000000,True,False,all-64,primary,one_edit_global,64,0,excluded,universal_bound,-1/8,0,-1/8,-1/32
cell-0171,50028245896101/125000000000000,20012974739074707/50000000000000000,True,False,all-64,primary,current_strict,64,25,input_blocked,,,,,
cell-0171,50028245896101/125000000000000,20012974739074707/50000000000000000,True,False,all-64,primary,current_partial,64,0,unresolved,opposite_worlds,-7/8,21/32,-11/32,3/16
cell-0171,50028245896101/125000000000000,20012974739074707/50000000000000000,True,False,all-64,primary,union_strict,64,36,input_blocked,,,,,
cell-0171,50028245896101/125000000000000,20012974739074707/50000000000000000,True,False,all-64,primary,union_partial,64,1,input_blocked,,,,,
cell-0172,20012974739074707/50000000000000000,40092411637306213/100000000000000000,True,False,all-64,primary,exact_projection,64,0,excluded,universal_bound,-5/64,-5/64,-5/64,-5/64
cell-0172,20012974739074707/50000000000000000,40092411637306213/100000000000000000,True,False,all-64,primary,one_edit_per_image,64,0,unresolved,opposite_worlds,-123/64,121/64,-77/64,83/64
cell-0172,20012974739074707/50000000000000000,40092411637306213/100000000000000000,True,False,all-64,primary,one_edit_global,64,0,excluded,universal_bound,-9/64,-1/64,-9/64,-3/64
cell-0172,20012974739074707/50000000000000000,40092411637306213/100000000000000000,True,False,all-64,primary,current_strict,64,25,input_blocked,,,,,
cell-0172,20012974739074707/50000000000000000,40092411637306213/100000000000000000,True,False,all-64,primary,current_partial,64,0,unresolved,opposite_worlds,-57/64,41/64,-21/64,11/64
cell-0172,20012974739074707/50000000000000000,40092411637306213/100000000000000000,True,False,all-64,primary,union_strict,64,36,input_blocked,,,,,
cell-0172,20012974739074707/50000000000000000,40092411637306213/100000000000000000,True,False,all-64,primary,union_partial,64,1,input_blocked,,,,,
cell-0173,40092411637306213/100000000000000000,4028167426586151/10000000000000000,True,False,all-64,primary,exact_projection,64,0,excluded,universal_bound,-3/32,-3/32,-3/32,-3/32
cell-0173,40092411637306213/100000000000000000,4028167426586151/10000000000000000,True,False,all-64,primary,one_edit_per_image,64,0,unresolved,opposite_worlds,-31/16,15/8,-19/16,41/32
cell-0173,40092411637306213/100000000000000000,4028167426586151/10000000000000000,True,False,all-64,primary,one_edit_global,64,0,excluded,universal_bound,-5/32,-1/32,-5/32,-1/16
cell-0173,40092411637306213/100000000000000000,4028167426586151/10000000000000000,True,False,all-64,primary,current_strict,64,25,input_blocked,,,,,
cell-0173,40092411637306213/100000000000000000,4028167426586151/10000000000000000,True,False,all-64,primary,current_partial,64,0,unresolved,opposite_worlds,-29/32,5/8,-11/32,5/32
cell-0173,40092411637306213/100000000000000000,4028167426586151/10000000000000000,True,False,all-64,primary,union_strict,64,36,input_blocked,,,,,
cell-0173,40092411637306213/100000000000000000,4028167426586151/10000000000000000,True,False,all-64,primary,union_partial,64,1,input_blocked,,,,,
cell-0174,4028167426586151/10000000000000000,40358027815818787/100000000000000000,True,False,all-64,primary,exact_projection,64,0,excluded,universal_bound,-7/64,-7/64,-7/64,-7/64
cell-0174,4028167426586151/10000000000000000,40358027815818787/100000000000000000,True,False,all-64,primary,one_edit_per_image,64,0,unresolved,opposite_worlds,-125/64,119/64,-77/64,81/64
cell-0174,4028167426586151/10000000000000000,40358027815818787/100000000000000000,True,False,all-64,primary,one_edit_global,64,0,excluded,universal_bound,-11/64,-3/64,-11/64,-5/64
cell-0174,4028167426586151/10000000000000000,40358027815818787/100000000000000000,True,False,all-64,primary,current_strict,64,25,input_blocked,,,,,
cell-0174,4028167426586151/10000000000000000,40358027815818787/100000000000000000,True,False,all-64,primary,current_partial,64,0,unresolved,opposite_worlds,-59/64,39/64,-23/64,9/64
cell-0174,4028167426586151/10000000000000000,40358027815818787/100000000000000000,True,False,all-64,primary,union_strict,64,36,input_blocked,,,,,
cell-0174,4028167426586151/10000000000000000,40358027815818787/100000000000000000,True,False,all-64,primary,union_partial,64,1,input_blocked,,,,,
cell-0175,40358027815818787/100000000000000000,4049404263496399/10000000000000000,True,False,all-64,primary,exact_projection,64,0,excluded,universal_bound,-1/8,-1/8,-1/8,-1/8
cell-0175,40358027815818787/100000000000000000,4049404263496399/10000000000000000,True,False,all-64,primary,one_edit_per_image,64,0,unresolved,opposite_worlds,-63/32,15/8,-39/32,5/4
cell-0175,40358027815818787/100000000000000000,4049404263496399/10000000000000000,True,False,all-64,primary,one_edit_global,64,0,excluded,universal_bound,-3/16,-1/16,-3/16,-3/32
cell-0175,40358027815818787/100000000000000000,4049404263496399/10000000000000000,True,False,all-64,primary,current_strict,64,25,input_blocked,,,,,
cell-0175,40358027815818787/100000000000000000,4049404263496399/10000000000000000,True,False,all-64,primary,current_partial,64,0,unresolved,opposite_worlds,-15/16,19/32,-3/8,1/8
cell-0175,40358027815818787/100000000000000000,4049404263496399/10000000000000000,True,False,all-64,primary,union_strict,64,36,input_blocked,,,,,
cell-0175,40358027815818787/100000000000000000,4049404263496399/10000000000000000,True,False,all-64,primary,union_partial,64,1,input_blocked,,,,,
cell-0176,4049404263496399/10000000000000000,20289944112300873/50000000000000000,True,False,all-64,primary,exact_projection,64,0,excluded,universal_bound,-9/64,-9/64,-9/64,-9/64
cell-0176,4049404263496399/10000000000000000,20289944112300873/50000000000000000,True,False,all-64,primary,one_edit_per_image,64,0,unresolved,opposite_worlds,-127/64,119/64,-79/64,79/64
cell-0176,4049404263496399/10000000000000000,20289944112300873/50000000000000000,True,False,all-64,primary,one_edit_global,64,0,excluded,universal_bound,-13/64,-5/64,-13/64,-7/64
cell-0176,4049404263496399/10000000000000000,20289944112300873/50000000000000000,True,False,all-64,primary,current_strict,64,25,input_blocked,,,,,
cell-0176,4049404263496399/10000000000000000,20289944112300873/50000000000000000,True,False,all-64,primary,current_partial,64,0,unresolved,opposite_worlds,-61/64,37/64,-25/64,7/64
cell-0176,4049404263496399/10000000000000000,20289944112300873/50000000000000000,True,False,all-64,primary,union_strict,64,36,input_blocked,,,,,
cell-0176,4049404263496399/10000000000000000,20289944112300873/50000000000000000,True,False,all-64,primary,union_partial,64,1,input_blocked,,,,,
cell-0177,20289944112300873/50000000000000000,41164854168891907/100000000000000000,True,False,all-64,primary,exact_projection,64,0,excluded,universal_bound,-5/32,-5/32,-5/32,-5/32
cell-0177,20289944112300873/50000000000000000,41164854168891907/100000000000000000,True,False,all-64,primary,one_edit_per_image,64,0,unresolved,opposite_worlds,-2,59/32,-39/32,39/32
cell-0177,20289944112300873/50000000000000000,41164854168891907/100000000000000000,True,False,all-64,primary,one_edit_global,64,0,excluded,universal_bound,-7/32,-3/32,-7/32,-1/8
cell-0177,20289944112300873/50000000000000000,41164854168891907/100000000000000000,True,False,all-64,primary,current_strict,64,25,input_blocked,,,,,
cell-0177,20289944112300873/50000000000000000,41164854168891907/100000000000000000,True,False,all-64,primary,current_partial,64,0,unresolved,opposite_worlds,-31/32,9/16,-3/8,3/32
cell-0177,20289944112300873/50000000000000000,41164854168891907/100000000000000000,True,False,all-64,primary,union_strict,64,36,input_blocked,,,,,
cell-0177,20289944112300873/50000000000000000,41164854168891907/100000000000000000,True,False,all-64,primary,union_partial,64,1,input_blocked,,,,,
cell-0178,41164854168891907/100000000000000000,2062952220439911/5000000000000000,True,False,all-64,primary,exact_projection,64,0,excluded,universal_bound,-11/64,-11/64,-11/64,-11/64
cell-0178,41164854168891907/100000000000000000,2062952220439911/5000000000000000,True,False,all-64,primary,one_edit_per_image,64,0,unresolved,opposite_worlds,-129/64,117/64,-79/64,77/64
cell-0178,41164854168891907/100000000000000000,2062952220439911/5000000000000000,True,False,all-64,primary,one_edit_global,64,0,excluded,universal_bound,-15/64,-7/64,-15/64,-9/64
cell-0178,41164854168891907/100000000000000000,2062952220439911/5000000000000000,True,False,all-64,primary,current_strict,64,25,input_blocked,,,,,
cell-0178,41164854168891907/100000000000000000,2062952220439911/5000000000000000,True,False,all-64,primary,current_partial,64,0,unresolved,opposite_worlds,-61/64,35/64,-25/64,5/64
cell-0178,41164854168891907/100000000000000000,2062952220439911/5000000000000000,True,False,all-64,primary,union_strict,64,36,input_blocked,,,,,
cell-0178,41164854168891907/100000000000000000,2062952220439911/5000000000000000,True,False,all-64,primary,union_partial,64,1,input_blocked,,,,,
cell-0179,2062952220439911/5000000000000000,2063145786523819/5000000000000000,True,False,all-64,primary,exact_projection,64,0,excluded,universal_bound,-3/16,-3/16,-3/16,-3/16
cell-0179,2062952220439911/5000000000000000,2063145786523819/5000000000000000,True,False,all-64,primary,one_edit_per_image,64,0,unresolved,opposite_worlds,-65/32,29/16,-5/4,19/16
cell-0179,2062952220439911/5000000000000000,2063145786523819/5000000000000000,True,False,all-64,primary,one_edit_global,64,0,excluded,universal_bound,-1/4,-1/8,-1/4,-5/32
cell-0179,2062952220439911/5000000000000000,2063145786523819/5000000000000000,True,False,all-64,primary,current_strict,64,25,input_blocked,,,,,
cell-0179,2062952220439911/5000000000000000,2063145786523819/5000000000000000,True,False,all-64,primary,current_partial,64,0,unresolved,opposite_worlds,-15/16,17/32,-13/32,1/16
cell-0179,2062952220439911/5000000000000000,2063145786523819/5000000000000000,True,False,all-64,primary,union_strict,64,36,input_blocked,,,,,
cell-0179,2062952220439911/5000000000000000,2063145786523819/5000000000000000,True,False,all-64,primary,union_partial,64,1,input_blocked,,,,,
cell-0180,2063145786523819/5000000000000000,20805196464061737/50000000000000000,True,False,all-64,primary,exact_projection,64,0,excluded,universal_bound,-13/64,-13/64,-13/64,-13/64
cell-0180,2063145786523819/5000000000000000,20805196464061737/50000000000000000,True,False,all-64,primary,one_edit_per_image,64,0,unresolved,opposite_worlds,-131/64,115/64,-81/64,75/64
cell-0180,2063145786523819/5000000000000000,20805196464061737/50000000000000000,True,False,all-64,primary,one_edit_global,64,0,excluded,universal_bound,-17/64,-9/64,-17/64,-11/64
cell-0180,2063145786523819/5000000000000000,20805196464061737/50000000000000000,True,False,all-64,primary,current_strict,64,25,input_blocked,,,,,
cell-0180,2063145786523819/5000000000000000,20805196464061737/50000000000000000,True,False,all-64,primary,current_partial,64,0,unresolved,opposite_worlds,-59/64,33/64,-25/64,3/64
cell-0180,2063145786523819/5000000000000000,20805196464061737/50000000000000000,True,False,all-64,primary,union_strict,64,36,input_blocked,,,,,
cell-0180,2063145786523819/5000000000000000,20805196464061737/50000000000000000,True,False,all-64,primary,union_partial,64,1,input_blocked,,,,,
cell-0181,20805196464061737/50000000000000000,20877179503440857/50000000000000000,True,False,all-64,primary,exact_projection,64,0,excluded,universal_bound,-7/32,-7/32,-7/32,-7/32
cell-0181,20805196464061737/50000000000000000,20877179503440857/50000000000000000,True,False,all-64,primary,one_edit_per_image,64,0,unresolved,opposite_worlds,-33/16,57/32,-5/4,37/32
cell-0181,20805196464061737/50000000000000000,20877179503440857/50000000000000000,True,False,all-64,primary,one_edit_global,64,0,excluded,universal_bound,-9/32,-5/32,-1/4,-3/16
cell-0181,20805196464061737/50000000000000000,20877179503440857/50000000000000000,True,False,all-64,primary,current_strict,64,25,input_blocked,,,,,
cell-0181,20805196464061737/50000000000000000,20877179503440857/50000000000000000,True,False,all-64,primary,current_partial,64,0,unresolved,opposite_worlds,-15/16,1/2,-13/32,1/32
cell-0181,20805196464061737/50000000000000000,20877179503440857/50000000000000000,True,False,all-64,primary,union_strict,64,36,input_blocked,,,,,
cell-0181,20805196464061737/50000000000000000,20877179503440857/50000000000000000,True,False,all-64,primary,union_partial,64,1,input_blocked,,,,,
cell-0182,20877179503440857/50000000000000000,4177917242050171/10000000000000000,True,False,all-64,primary,exact_projection,64,0,excluded,universal_bound,-13/64,-13/64,-13/64,-13/64
cell-0182,20877179503440857/50000000000000000,4177917242050171/10000000000000000,True,False,all-64,primary,one_edit_per_image,64,0,unresolved,opposite_worlds,-131/64,115/64,-79/64,73/64
cell-0182,20877179503440857/50000000000000000,4177917242050171/10000000000000000,True,False,all-64,primary,one_edit_global,64,0,excluded,universal_bound,-17/64,-9/64,-15/64,-11/64
cell-0182,20877179503440857/50000000000000000,4177917242050171/10000000000000000,True,False,all-64,primary,current_strict,64,25,input_blocked,,,,,
cell-0182,20877179503440857/50000000000000000,4177917242050171/10000000000000000,True,False,all-64,primary,current_partial,64,0,unresolved,opposite_worlds,-59/64,33/64,-25/64,3/64
cell-0182,20877179503440857/50000000000000000,4177917242050171/10000000000000000,True,False,all-64,primary,union_strict,64,36,input_blocked,,,,,
cell-0182,20877179503440857/50000000000000000,4177917242050171/10000000000000000,True,False,all-64,primary,union_partial,64,1,input_blocked,,,,,
cell-0183,4177917242050171/10000000000000000,10504026710987091/25000000000000000,True,False,all-64,primary,exact_projection,64,0,excluded,universal_bound,-7/32,-7/32,-7/32,-7/32
cell-0183,4177917242050171/10000000000000000,10504026710987091/25000000000000000,True,False,all-64,primary,one_edit_per_image,64,0,unresolved,opposite_worlds,-33/16,57/32,-39/32,9/8
cell-0183,4177917242050171/10000000000000000,10504026710987091/25000000000000000,True,False,all-64,primary,one_edit_global,64,0,excluded,universal_bound,-9/32,-5/32,-1/4,-3/16
cell-0183,4177917242050171/10000000000000000,10504026710987091/25000000000000000,True,False,all-64,primary,current_strict,64,25,input_blocked,,,,,
cell-0183,4177917242050171/10000000000000000,10504026710987091/25000000000000000,True,False,all-64,primary,current_partial,64,0,unresolved,opposite_worlds,-29/32,1/2,-3/8,1/32
cell-0183,4177917242050171/10000000000000000,10504026710987091/25000000000000000,True,False,all-64,primary,union_strict,64,36,input_blocked,,,,,
cell-0183,4177917242050171/10000000000000000,10504026710987091/25000000000000000,True,False,all-64,primary,union_partial,64,1,input_blocked,,,,,
cell-0184,10504026710987091/25000000000000000,2111077904701233/5000000000000000,True,False,all-64,primary,exact_projection,64,0,excluded,universal_bound,-15/64,-15/64,-15/64,-15/64
cell-0184,10504026710987091/25000000000000000,2111077904701233/5000000000000000,True,False,all-64,primary,one_edit_per_image,64,0,unresolved,opposite_worlds,-133/64,113/64,-79/64,71/64
cell-0184,10504026710987091/25000000000000000,2111077904701233/5000000000000000,True,False,all-64,primary,one_edit_global,64,0,excluded,universal_bound,-19/64,-11/64,-17/64,-13/64
cell-0184,10504026710987091/25000000000000000,2111077904701233/5000000000000000,True,False,all-64,primary,current_strict,64,25,input_blocked,,,,,
cell-0184,10504026710987091/25000000000000000,2111077904701233/5000000000000000,True,False,all-64,primary,current_partial,64,0,unresolved,opposite_worlds,-59/64,31/64,-25/64,1/64
cell-0184,10504026710987091/25000000000000000,2111077904701233/5000000000000000,True,False,all-64,primary,union_strict,64,36,input_blocked,,,,,
cell-0184,10504026710987091/25000000000000000,2111077904701233/5000000000000000,True,False,all-64,primary,union_partial,64,1,input_blocked,,,,,
cell-0185,2111077904701233/5000000000000000,169568932056427/400000000000000,True,False,all-64,primary,exact_projection,64,0,excluded,universal_bound,-7/32,-7/32,-7/32,-7/32
cell-0185,2111077904701233/5000000000000000,169568932056427/400000000000000,True,False,all-64,primary,one_edit_per_image,64,0,unresolved,opposite_worlds,-33/16,57/32,-39/32,9/8
cell-0185,2111077904701233/5000000000000000,169568932056427/400000000000000,True,False,all-64,primary,one_edit_global,64,0,excluded,universal_bound,-9/32,-5/32,-1/4,-3/16
cell-0185,2111077904701233/5000000000000000,169568932056427/400000000000000,True,False,all-64,primary,current_strict,64,25,input_blocked,,,,,
cell-0185,2111077904701233/5000000000000000,169568932056427/400000000000000,True,False,all-64,primary,current_partial,64,0,unresolved,opposite_worlds,-29/32,1/2,-3/8,1/32
cell-0185,2111077904701233/5000000000000000,169568932056427/400000000000000,True,False,all-64,primary,union_strict,64,36,input_blocked,,,,,
cell-0185,2111077904701233/5000000000000000,169568932056427/400000000000000,True,False,all-64,primary,union_partial,64,1,input_blocked,,,,,
cell-0186,169568932056427/400000000000000,1060706228017807/2500000000000000,True,False,all-64,primary,exact_projection,64,0,excluded,universal_bound,-15/64,-15/64,-15/64,-15/64
cell-0186,169568932056427/400000000000000,1060706228017807/2500000000000000,True,False,all-64,primary,one_edit_per_image,64,0,unresolved,opposite_worlds,-133/64,113/64,-79/64,71/64
cell-0186,169568932056427/400000000000000,1060706228017807/2500000000000000,True,False,all-64,primary,one_edit_global,64,0,excluded,universal_bound,-19/64,-11/64,-17/64,-13/64
cell-0186,169568932056427/400000000000000,1060706228017807/2500000000000000,True,False,all-64,primary,current_strict,64,25,input_blocked,,,,,
cell-0186,169568932056427/400000000000000,1060706228017807/2500000000000000,True,False,all-64,primary,current_partial,64,0,unresolved,opposite_worlds,-59/64,31/64,-25/64,1/64
cell-0186,169568932056427/400000000000000,1060706228017807/2500000000000000,True,False,all-64,primary,union_strict,64,36,input_blocked,,,,,
cell-0186,169568932056427/400000000000000,1060706228017807/2500000000000000,True,False,all-64,primary,union_partial,64,1,input_blocked,,,,,
cell-0187,1060706228017807/2500000000000000,21302691102027893/50000000000000000,True,False,all-64,primary,exact_projection,64,0,excluded,universal_bound,-7/32,-7/32,-7/32,-7/32
cell-0187,1060706228017807/2500000000000000,21302691102027893/50000000000000000,True,False,all-64,primary,one_edit_per_image,64,0,unresolved,opposite_worlds,-33/16,57/32,-5/4,9/8
cell-0187,1060706228017807/2500000000000000,21302691102027893/50000000000000000,True,False,all-64,primary,one_edit_global,64,0,excluded,universal_bound,-9/32,-5/32,-1/4,-3/16
cell-0187,1060706228017807/2500000000000000,21302691102027893/50000000000000000,True,False,all-64,primary,current_strict,64,25,input_blocked,,,,,
cell-0187,1060706228017807/2500000000000000,21302691102027893/50000000000000000,True,False,all-64,primary,current_partial,64,0,unresolved,opposite_worlds,-29/32,1/2,-3/8,1/32
cell-0187,1060706228017807/2500000000000000,21302691102027893/50000000000000000,True,False,all-64,primary,union_strict,64,36,input_blocked,,,,,
cell-0187,1060706228017807/2500000000000000,21302691102027893/50000000000000000,True,False,all-64,primary,union_partial,64,1,input_blocked,,,,,
cell-0188,21302691102027893/50000000000000000,8541325330734253/20000000000000000,True,False,all-64,primary,exact_projection,64,0,excluded,universal_bound,-13/64,-13/64,-13/64,-13/64
cell-0188,21302691102027893/50000000000000000,8541325330734253/20000000000000000,True,False,all-64,primary,one_edit_per_image,64,0,unresolved,opposite_worlds,-131/64,115/64,-79/64,73/64
cell-0188,21302691102027893/50000000000000000,8541325330734253/20000000000000000,True,False,all-64,primary,one_edit_global,64,0,excluded,universal_bound,-17/64,-9/64,-15/64,-11/64
cell-0188,21302691102027893/50000000000000000,8541325330734253/20000000000000000,True,False,all-64,primary,current_strict,64,25,input_blocked,,,,,
cell-0188,21302691102027893/50000000000000000,8541325330734253/20000000000000000,True,False,all-64,primary,current_partial,64,0,unresolved,opposite_worlds,-57/64,33/64,-23/64,3/64
cell-0188,21302691102027893/50000000000000000,8541325330734253/20000000000000000,True,False,all-64,primary,union_strict,64,36,input_blocked,,,,,
cell-0188,21302691102027893/50000000000000000,8541325330734253/20000000000000000,True,False,all-64,primary,union_partial,64,1,input_blocked,,,,,
cell-0189,8541325330734253/20000000000000000,42730414867401123/100000000000000000,True,False,all-64,primary,exact_projection,64,0,excluded,universal_bound,-7/32,-7/32,-7/32,-7/32
cell-0189,8541325330734253/20000000000000000,42730414867401123/100000000000000000,True,False,all-64,primary,one_edit_per_image,64,0,unresolved,opposite_worlds,-33/16,57/32,-5/4,9/8
cell-0189,8541325330734253/20000000000000000,42730414867401123/100000000000000000,True,False,all-64,primary,one_edit_global,64,0,excluded,universal_bound,-9/32,-5/32,-1/4,-3/16
cell-0189,8541325330734253/20000000000000000,42730414867401123/100000000000000000,True,False,all-64,primary,current_strict,64,25,input_blocked,,,,,
cell-0189,8541325330734253/20000000000000000,42730414867401123/100000000000000000,True,False,all-64,primary,current_partial,64,0,unresolved,opposite_worlds,-29/32,1/2,-11/32,1/32
cell-0189,8541325330734253/20000000000000000,42730414867401123/100000000000000000,True,False,all-64,primary,union_strict,64,36,input_blocked,,,,,
cell-0189,8541325330734253/20000000000000000,42730414867401123/100000000000000000,True,False,all-64,primary,union_partial,64,1,input_blocked,,,,,
cell-0190,42730414867401123/100000000000000000,2136804610490799/5000000000000000,True,False,all-64,primary,exact_projection,64,0,excluded,universal_bound,-15/64,-15/64,-15/64,-15/64
cell-0190,42730414867401123/100000000000000000,2136804610490799/5000000000000000,True,False,all-64,primary,one_edit_per_image,64,0,unresolved,opposite_worlds,-133/64,113/64,-81/64,71/64
cell-0190,42730414867401123/100000000000000000,2136804610490799/5000000000000000,True,False,all-64,primary,one_edit_global,64,0,excluded,universal_bound,-19/64,-11/64,-17/64,-13/64
cell-0190,42730414867401123/100000000000000000,2136804610490799/5000000000000000,True,False,all-64,primary,current_strict,64,25,input_blocked,,,,,
cell-0190,42730414867401123/100000000000000000,2136804610490799/5000000000000000,True,False,all-64,primary,current_partial,64,0,unresolved,opposite_worlds,-59/64,31/64,-23/64,1/64
cell-0190,42730414867401123/100000000000000000,2136804610490799/5000000000000000,True,False,all-64,primary,union_strict,64,36,input_blocked,,,,,
cell-0190,42730414867401123/100000000000000000,2136804610490799/5000000000000000,True,False,all-64,primary,union_partial,64,1,input_blocked,,,,,
cell-0191,2136804610490799/5000000000000000,4285130798816681/10000000000000000,True,False,all-64,primary,exact_projection,64,0,excluded,universal_bound,-1/4,-1/4,-1/4,-1/4
cell-0191,2136804610490799/5000000000000000,4285130798816681/10000000000000000,True,False,all-64,primary,one_edit_per_image,64,0,unresolved,opposite_worlds,-33/16,7/4,-5/4,35/32
cell-0191,2136804610490799/5000000000000000,4285130798816681/10000000000000000,True,False,all-64,primary,one_edit_global,64,0,excluded,universal_bound,-5/16,-3/16,-9/32,-7/32
cell-0191,2136804610490799/5000000000000000,4285130798816681/10000000000000000,True,False,all-64,primary,current_strict,64,25,input_blocked,,,,,
cell-0191,2136804610490799/5000000000000000,4285130798816681/10000000000000000,True,False,all-64,primary,current_partial,64,0,unresolved,bound_gap,-15/16,15/32,-3/8,0
cell-0191,2136804610490799/5000000000000000,4285130798816681/10000000000000000,True,False,all-64,primary,union_strict,64,36,input_blocked,,,,,
cell-0191,2136804610490799/5000000000000000,4285130798816681/10000000000000000,True,False,all-64,primary,union_partial,64,1,input_blocked,,,,,
cell-0192,4285130798816681/10000000000000000,21578139066696167/50000000000000000,True,False,all-64,primary,exact_projection,64,0,excluded,universal_bound,-17/64,-17/64,-17/64,-17/64
cell-0192,4285130798816681/10000000000000000,21578139066696167/50000000000000000,True,False,all-64,primary,one_edit_per_image,64,0,unresolved,opposite_worlds,-133/64,111/64,-81/64,69/64
cell-0192,4285130798816681/10000000000000000,21578139066696167/50000000000000000,True,False,all-64,primary,one_edit_global,64,0,excluded,universal_bound,-21/64,-13/64,-19/64,-15/64
cell-0192,4285130798816681/10000000000000000,21578139066696167/50000000000000000,True,False,all-64,primary,current_strict,64,25,input_blocked,,,,,
cell-0192,4285130798816681/10000000000000000,21578139066696167/50000000000000000,True,False,all-64,primary,current_partial,64,0,unresolved,bound_gap,-61/64,29/64,-25/64,-1/64
cell-0192,4285130798816681/10000000000000000,21578139066696167/50000000000000000,True,False,all-64,primary,union_strict,64,36,input_blocked,,,,,
cell-0192,4285130798816681/10000000000000000,21578139066696167/50000000000000000,True,False,all-64,primary,union_partial,64,1,input_blocked,,,,,
cell-0193,21578139066696167/50000000000000000,2724725566804409/6250000000000000,True,False,all-64,primary,exact_projection,64,0,excluded,universal_bound,-9/32,-9/32,-9/32,-9/32
cell-0193,21578139066696167/50000000000000000,2724725566804409/6250000000000000,True,False,all-64,primary,one_edit_per_image,64,0,unresolved,opposite_worlds,-67/32,55/32,-5/4,17/16
cell-0193,21578139066696167/50000000000000000,2724725566804409/6250000000000000,True,False,all-64,primary,one_edit_global,64,0,excluded,universal_bound,-11/32,-7/32,-5/16,-1/4
cell-0193,21578139066696167/50000000000000000,2724725566804409/6250000000000000,True,False,all-64,primary,current_strict,64,25,input_blocked,,,,,
cell-0193,21578139066696167/50000000000000000,2724725566804409/6250000000000000,True,False,all-64,primary,current_partial,64,0,unresolved,bound_gap,-15/16,7/16,-3/8,0
cell-0193,21578139066696167/50000000000000000,2724725566804409/6250000000000000,True,False,all-64,primary,union_strict,64,36,input_blocked,,,,,
cell-0193,21578139066696167/50000000000000000,2724725566804409/6250000000000000,True,False,all-64,primary,union_partial,64,1,input_blocked,,,,,
cell-0194,2724725566804409/6250000000000000,10945083200931549/25000000000000000,True,False,all-64,primary,exact_projection,64,0,excluded,universal_bound,-17/64,-17/64,-17/64,-17/64
cell-0194,2724725566804409/6250000000000000,10945083200931549/25000000000000000,True,False,all-64,primary,one_edit_per_image,64,0,unresolved,opposite_worlds,-133/64,111/64,-79/64,67/64
cell-0194,2724725566804409/6250000000000000,10945083200931549/25000000000000000,True,False,all-64,primary,one_edit_global,64,0,excluded,universal_bound,-21/64,-13/64,-19/64,-15/64
cell-0194,2724725566804409/6250000000000000,10945083200931549/25000000000000000,True,False,all-64,primary,current_strict,64,25,input_blocked,,,,,
cell-0194,2724725566804409/6250000000000000,10945083200931549/25000000000000000,True,False,all-64,primary,current_partial,64,0,unresolved,opposite_worlds,-59/64,29/64,-23/64,1/64
cell-0194,2724725566804409/6250000000000000,10945083200931549/25000000000000000,True,False,all-64,primary,union_strict,64,36,input_blocked,,,,,
cell-0194,2724725566804409/6250000000000000,10945083200931549/25000000000000000,True,False,all-64,primary,union_partial,64,1,input_blocked,,,,,
cell-0195,10945083200931549/25000000000000000,881320059299469/2000000000000000,True,False,all-64,primary,exact_projection,64,0,excluded,universal_bound,-9/32,-9/32,-9/32,-9/32
cell-0195,10945083200931549/25000000000000000,881320059299469/2000000000000000,True,False,all-64,primary,one_edit_per_image,64,0,unresolved,opposite_worlds,-67/32,55/32,-39/32,33/32
cell-0195,10945083200931549/25000000000000000,881320059299469/2000000000000000,True,False,all-64,primary,one_edit_global,64,0,excluded,universal_bound,-11/32,-7/32,-5/16,-1/4
cell-0195,10945083200931549/25000000000000000,881320059299469/2000000000000000,True,False,all-64,primary,current_strict,64,25,input_blocked,,,,,
cell-0195,10945083200931549/25000000000000000,881320059299469/2000000000000000,True,False,all-64,primary,current_partial,64,0,unresolved,bound_gap,-15/16,7/16,-3/8,0
cell-0195,10945083200931549/25000000000000000,881320059299469/2000000000000000,True,False,all-64,primary,union_strict,64,36,input_blocked,,,,,
cell-0195,10945083200931549/25000000000000000,881320059299469/2000000000000000,True,False,all-64,primary,union_partial,64,1,input_blocked,,,,,
cell-0196,881320059299469/2000000000000000,4410291910171509/10000000000000000,True,False,all-64,primary,exact_projection,64,0,excluded,universal_bound,-17/64,-17/64,-17/64,-17/64
cell-0196,881320059299469/2000000000000000,4410291910171509/10000000000000000,True,False,all-64,primary,one_edit_per_image,64,0,unresolved,opposite_worlds,-133/64,111/64,-77/64,67/64
cell-0196,881320059299469/2000000000000000,4410291910171509/10000000000000000,True,False,all-64,primary,one_edit_global,64,0,excluded,universal_bound,-21/64,-13/64,-19/64,-15/64
cell-0196,881320059299469/2000000000000000,4410291910171509/10000000000000000,True,False,all-64,primary,current_strict,64,25,input_blocked,,,,,
cell-0196,881320059299469/2000000000000000,4410291910171509/10000000000000000,True,False,all-64,primary,current_partial,64,0,unresolved,opposite_worlds,-59/64,27/64,-23/64,1/64
cell-0196,881320059299469/2000000000000000,4410291910171509/10000000000000000,True,False,all-64,primary,union_strict,64,36,input_blocked,,,,,
cell-0196,881320059299469/2000000000000000,4410291910171509/10000000000000000,True,False,all-64,primary,union_partial,64,1,input_blocked,,,,,
cell-0197,4410291910171509/10000000000000000,5526401475071907/12500000000000000,True,False,all-64,primary,exact_projection,64,0,excluded,universal_bound,-9/32,-9/32,-9/32,-9/32
cell-0197,4410291910171509/10000000000000000,5526401475071907/12500000000000000,True,False,all-64,primary,one_edit_per_image,64,0,unresolved,opposite_worlds,-33/16,55/32,-19/16,33/32
cell-0197,4410291910171509/10000000000000000,5526401475071907/12500000000000000,True,False,all-64,primary,one_edit_global,64,0,excluded,universal_bound,-11/32,-7/32,-5/16,-1/4
cell-0197,4410291910171509/10000000000000000,5526401475071907/12500000000000000,True,False,all-64,primary,current_strict,64,25,input_blocked,,,,,
cell-0197,4410291910171509/10000000000000000,5526401475071907/12500000000000000,True,False,all-64,primary,current_partial,64,0,unresolved,bound_gap,-29/32,13/32,-11/32,0
cell-0197,4410291910171509/10000000000000000,5526401475071907/12500000000000000,True,False,all-64,primary,union_strict,64,36,input_blocked,,,,,
cell-0197,4410291910171509/10000000000000000,5526401475071907/12500000000000000,True,False,all-64,primary,union_partial,64,1,input_blocked,,,,,
cell-0198,5526401475071907/12500000000000000,4431484639644623/10000000000000000,True,False,all-64,primary,exact_projection,64,0,excluded,universal_bound,-17/64,-17/64,-17/64,-17/64
cell-0198,5526401475071907/12500000000000000,4431484639644623/10000000000000000,True,False,all-64,primary,one_edit_per_image,64,0,unresolved,opposite_worlds,-131/64,109/64,-75/64,65/64
cell-0198,5526401475071907/12500000000000000,4431484639644623/10000000000000000,True,False,all-64,primary,one_edit_global,64,0,excluded,universal_bound,-21/64,-13/64,-19/64,-15/64
cell-0198,5526401475071907/12500000000000000,4431484639644623/10000000000000000,True,False,all-64,primary,current_strict,64,25,input_blocked,,,,,
cell-0198,5526401475071907/12500000000000000,4431484639644623/10000000000000000,True,False,all-64,primary,current_partial,64,0,unresolved,opposite_worlds,-57/64,27/64,-21/64,1/64
cell-0198,5526401475071907/12500000000000000,4431484639644623/10000000000000000,True,False,all-64,primary,union_strict,64,36,input_blocked,,,,,
cell-0198,5526401475071907/12500000000000000,4431484639644623/10000000000000000,True,False,all-64,primary,union_partial,64,1,input_blocked,,,,,
cell-0199,4431484639644623/10000000000000000,22194957733154297/50000000000000000,True,False,all-64,primary,exact_projection,64,0,excluded,universal_bound,-9/32,-9/32,-9/32,-9/32
cell-0199,4431484639644623/10000000000000000,22194957733154297/50000000000000000,True,False,all-64,primary,one_edit_per_image,64,0,unresolved,opposite_worlds,-33/16,27/16,-19/16,1
cell-0199,4431484639644623/10000000000000000,22194957733154297/50000000000000000,True,False,all-64,primary,one_edit_global,64,0,excluded,universal_bound,-11/32,-7/32,-5/16,-1/4
cell-0199,4431484639644623/10000000000000000,22194957733154297/50000000000000000,True,False,all-64,primary,current_strict,64,25,input_blocked,,,,,
cell-0199,4431484639644623/10000000000000000,22194957733154297/50000000000000000,True,False,all-64,primary,current_partial,64,0,unresolved,bound_gap,-29/32,13/32,-11/32,0
cell-0199,4431484639644623/10000000000000000,22194957733154297/50000000000000000,True,False,all-64,primary,union_strict,64,36,input_blocked,,,,,
cell-0199,4431484639644623/10000000000000000,22194957733154297/50000000000000000,True,False,all-64,primary,union_partial,64,1,input_blocked,,,,,
cell-0200,22194957733154297/50000000000000000,4457928538322449/10000000000000000,True,False,all-64,primary,exact_projection,64,0,excluded,universal_bound,-19/64,-19/64,-19/64,-19/64
cell-0200,22194957733154297/50000000000000000,4457928538322449/10000000000000000,True,False,all-64,primary,one_edit_per_image,64,0,unresolved,opposite_worlds,-133/64,107/64,-77/64,63/64
cell-0200,22194957733154297/50000000000000000,4457928538322449/10000000000000000,True,False,all-64,primary,one_edit_global,64,0,excluded,universal_bound,-23/64,-15/64,-21/64,-17/64
cell-0200,22194957733154297/50000000000000000,4457928538322449/10000000000000000,True,False,all-64,primary,current_strict,64,25,input_blocked,,,,,
cell-0200,22194957733154297/50000000000000000,4457928538322449/10000000000000000,True,False,all-64,primary,current_partial,64,0,unresolved,opposite_worlds,-57/64,25/64,-21/64,1/64
cell-0200,22194957733154297/50000000000000000,4457928538322449/10000000000000000,True,False,all-64,primary,union_strict,64,36,input_blocked,,,,,
cell-0200,22194957733154297/50000000000000000,4457928538322449/10000000000000000,True,False,all-64,primary,union_partial,64,1,input_blocked,,,,,
cell-0201,4457928538322449/10000000000000000,44623681902885437/100000000000000000,True,False,all-64,primary,exact_projection,64,0,excluded,universal_bound,-5/16,-5/16,-5/16,-5/16
cell-0201,4457928538322449/10000000000000000,44623681902885437/100000000000000000,True,False,all-64,primary,one_edit_per_image,64,0,unresolved,opposite_worlds,-67/32,53/32,-19/16,31/32
cell-0201,4457928538322449/10000000000000000,44623681902885437/100000000000000000,True,False,all-64,primary,one_edit_global,64,0,excluded,universal_bound,-3/8,-1/4,-11/32,-9/32
cell-0201,4457928538322449/10000000000000000,44623681902885437/100000000000000000,True,False,all-64,primary,current_strict,64,25,input_blocked,,,,,
cell-0201,4457928538322449/10000000000000000,44623681902885437/100000000000000000,True,False,all-64,primary,current_partial,64,0,unresolved,bound_gap,-7/8,3/8,-5/16,0
cell-0201,4457928538322449/10000000000000000,44623681902885437/100000000000000000,True,False,all-64,primary,union_strict,64,36,input_blocked,,,,,
cell-0201,4457928538322449/10000000000000000,44623681902885437/100000000000000000,True,False,all-64,primary,union_partial,64,1,input_blocked,,,,,
cell-0202,44623681902885437/100000000000000000,4463450014591217/10000000000000000,True,False,all-64,primary,exact_projection,64,0,excluded,universal_bound,-21/64,-21/64,-21/64,-21/64
cell-0202,44623681902885437/100000000000000000,4463450014591217/10000000000000000,True,False,all-64,primary,one_edit_per_image,64,0,unresolved,opposite_worlds,-133/64,105/64,-77/64,61/64
cell-0202,44623681902885437/100000000000000000,4463450014591217/10000000000000000,True,False,all-64,primary,one_edit_global,64,0,excluded,universal_bound,-25/64,-17/64,-23/64,-19/64
cell-0202,44623681902885437/100000000000000000,4463450014591217/10000000000000000,True,False,all-64,primary,current_strict,64,25,input_blocked,,,,,
cell-0202,44623681902885437/100000000000000000,4463450014591217/10000000000000000,True,False,all-64,primary,current_partial,64,0,unresolved,bound_gap,-57/64,23/64,-21/64,-1/64
cell-0202,44623681902885437/100000000000000000,4463450014591217/10000000000000000,True,False,all-64,primary,union_strict,64,36,input_blocked,,,,,
cell-0202,44623681902885437/100000000000000000,4463450014591217/10000000000000000,True,False,all-64,primary,union_partial,64,1,input_blocked,,,,,
cell-0203,4463450014591217/10000000000000000,4476374685764313/10000000000000000,True,False,all-64,primary,exact_projection,64,0,excluded,universal_bound,-5/16,-5/16,-5/16,-5/16
cell-0203,4463450014591217/10000000000000000,4476374685764313/10000000000000000,True,False,all-64,primary,one_edit_per_image,64,0,unresolved,opposite_worlds,-33/16,53/32,-19/16,31/32
cell-0203,4463450014591217/10000000000000000,4476374685764313/10000000000000000,True,False,all-64,primary,one_edit_global,64,0,excluded,universal_bound,-3/8,-1/4,-11/32,-9/32
cell-0203,4463450014591217/10000000000000000,4476374685764313/10000000000000000,True,False,all-64,primary,current_strict,64,25,input_blocked,,,,,
cell-0203,4463450014591217/10000000000000000,4476374685764313/10000000000000000,True,False,all-64,primary,current_partial,64,0,unresolved,bound_gap,-7/8,3/8,-5/16,0
cell-0203,4463450014591217/10000000000000000,4476374685764313/10000000000000000,True,False,all-64,primary,union_strict,64,36,input_blocked,,,,,
cell-0203,4463450014591217/10000000000000000,4476374685764313/10000000000000000,True,False,all-64,primary,union_partial,64,1,input_blocked,,,,,
cell-0204,4476374685764313/10000000000000000,2239150106906891/5000000000000000,True,False,all-64,primary,exact_projection,64,0,excluded,universal_bound,-19/64,-19/64,-19/64,-19/64
cell-0204,4476374685764313/10000000000000000,2239150106906891/5000000000000000,True,False,all-64,primary,one_edit_per_image,64,0,unresolved,opposite_worlds,-131/64,105/64,-75/64,63/64
cell-0204,4476374685764313/10000000000000000,2239150106906891/5000000000000000,True,False,all-64,primary,one_edit_global,64,0,excluded,universal_bound,-23/64,-15/64,-21/64,-17/64
cell-0204,4476374685764313/10000000000000000,2239150106906891/5000000000000000,True,False,all-64,primary,current_strict,64,25,input_blocked,,,,,
cell-0204,4476374685764313/10000000000000000,2239150106906891/5000000000000000,True,False,all-64,primary,current_partial,64,0,unresolved,bound_gap,-55/64,23/64,-19/64,-1/64
cell-0204,4476374685764313/10000000000000000,2239150106906891/5000000000000000,True,False,all-64,primary,union_strict,64,36,input_blocked,,,,,
cell-0204,4476374685764313/10000000000000000,2239150106906891/5000000000000000,True,False,all-64,primary,union_partial,64,1,input_blocked,,,,,
cell-0205,2239150106906891/5000000000000000,4487994909286499/10000000000000000,True,False,all-64,primary,exact_projection,64,0,excluded,universal_bound,-9/32,-9/32,-9/32,-9/32
cell-0205,2239150106906891/5000000000000000,4487994909286499/10000000000000000,True,False,all-64,primary,one_edit_per_image,64,0,unresolved,opposite_worlds,-65/32,53/32,-37/32,31/32
cell-0205,2239150106906891/5000000000000000,4487994909286499/10000000000000000,True,False,all-64,primary,one_edit_global,64,0,excluded,universal_bound,-11/32,-7/32,-5/16,-1/4
cell-0205,2239150106906891/5000000000000000,4487994909286499/10000000000000000,True,False,all-64,primary,current_strict,64,25,input_blocked,,,,,
cell-0205,2239150106906891/5000000000000000,4487994909286499/10000000000000000,True,False,all-64,primary,current_partial,64,0,unresolved,bound_gap,-27/32,3/8,-9/32,0
cell-0205,2239150106906891/5000000000000000,4487994909286499/10000000000000000,True,False,all-64,primary,union_strict,64,36,input_blocked,,,,,
cell-0205,2239150106906891/5000000000000000,4487994909286499/10000000000000000,True,False,all-64,primary,union_partial,64,1,input_blocked,,,,,
cell-0206,4487994909286499/10000000000000000,44907116889953613/100000000000000000,True,False,all-64,primary,exact_projection,64,0,excluded,universal_bound,-19/64,-19/64,-19/64,-19/64
cell-0206,4487994909286499/10000000000000000,44907116889953613/100000000000000000,True,False,all-64,primary,one_edit_per_image,64,0,unresolved,opposite_worlds,-131/64,105/64,-75/64,63/64
cell-0206,4487994909286499/10000000000000000,44907116889953613/100000000000000000,True,False,all-64,primary,one_edit_global,64,0,excluded,universal_bound,-23/64,-15/64,-21/64,-17/64
cell-0206,4487994909286499/10000000000000000,44907116889953613/100000000000000000,True,False,all-64,primary,current_strict,64,25,input_blocked,,,,,
cell-0206,4487994909286499/10000000000000000,44907116889953613/100000000000000000,True,False,all-64,primary,current_partial,64,0,unresolved,bound_gap,-55/64,23/64,-19/64,-1/64
cell-0206,4487994909286499/10000000000000000,44907116889953613/100000000000000000,True,False,all-64,primary,union_strict,64,36,input_blocked,,,,,
cell-0206,4487994909286499/10000000000000000,44907116889953613/100000000000000000,True,False,all-64,primary,union_partial,64,1,input_blocked,,,,,
cell-0207,44907116889953613/100000000000000000,4537603557109833/10000000000000000,True,False,all-64,primary,exact_projection,64,0,excluded,universal_bound,-9/32,-9/32,-9/32,-9/32
cell-0207,44907116889953613/100000000000000000,4537603557109833/10000000000000000,True,False,all-64,primary,one_edit_per_image,64,0,unresolved,opposite_worlds,-65/32,13/8,-37/32,1
cell-0207,44907116889953613/100000000000000000,4537603557109833/10000000000000000,True,False,all-64,primary,one_edit_global,64,0,excluded,universal_bound,-11/32,-7/32,-5/16,-1/4
cell-0207,44907116889953613/100000000000000000,4537603557109833/10000000000000000,True,False,all-64,primary,current_strict,64,25,input_blocked,,,,,
cell-0207,44907116889953613/100000000000000000,4537603557109833/10000000000000000,True,False,all-64,primary,current_partial,64,0,unresolved,bound_gap,-27/32,3/8,-9/32,0
cell-0207,44907116889953613/100000000000000000,4537603557109833/10000000000000000,True,False,all-64,primary,union_strict,64,36,input_blocked,,,,,
cell-0207,44907116889953613/100000000000000000,4537603557109833/10000000000000000,True,False,all-64,primary,union_partial,64,1,input_blocked,,,,,
cell-0208,4537603557109833/10000000000000000,4578700661659241/10000000000000000,True,False,all-64,primary,exact_projection,64,0,excluded,universal_bound,-19/64,-19/64,-19/64,-19/64
cell-0208,4537603557109833/10000000000000000,4578700661659241/10000000000000000,True,False,all-64,primary,one_edit_per_image,64,0,unresolved,opposite_worlds,-131/64,103/64,-75/64,63/64
cell-0208,4537603557109833/10000000000000000,4578700661659241/10000000000000000,True,False,all-64,primary,one_edit_global,64,0,excluded,universal_bound,-23/64,-15/64,-21/64,-17/64
cell-0208,4537603557109833/10000000000000000,4578700661659241/10000000000000000,True,False,all-64,primary,current_strict,64,25,input_blocked,,,,,
cell-0208,4537603557109833/10000000000000000,4578700661659241/10000000000000000,True,False,all-64,primary,current_partial,64,0,unresolved,bound_gap,-55/64,23/64,-19/64,-1/64
cell-0208,4537603557109833/10000000000000000,4578700661659241/10000000000000000,True,False,all-64,primary,union_strict,64,36,input_blocked,,,,,
cell-0208,4537603557109833/10000000000000000,4578700661659241/10000000000000000,True,False,all-64,primary,union_partial,64,1,input_blocked,,,,,
cell-0209,4578700661659241/10000000000000000,45814433693885803/100000000000000000,True,False,all-64,primary,exact_projection,64,0,excluded,universal_bound,-5/16,-5/16,-5/16,-5/16
cell-0209,4578700661659241/10000000000000000,45814433693885803/100000000000000000,True,False,all-64,primary,one_edit_per_image,64,0,unresolved,opposite_worlds,-33/16,51/32,-37/32,31/32
cell-0209,4578700661659241/10000000000000000,45814433693885803/100000000000000000,True,False,all-64,primary,one_edit_global,64,0,excluded,universal_bound,-3/8,-1/4,-11/32,-9/32
cell-0209,4578700661659241/10000000000000000,45814433693885803/100000000000000000,True,False,all-64,primary,current_strict,64,25,input_blocked,,,,,
cell-0209,4578700661659241/10000000000000000,45814433693885803/100000000000000000,True,False,all-64,primary,current_partial,64,0,unresolved,bound_gap,-7/8,11/32,-5/16,-1/32
cell-0209,4578700661659241/10000000000000000,45814433693885803/100000000000000000,True,False,all-64,primary,union_strict,64,36,input_blocked,,,,,
cell-0209,4578700661659241/10000000000000000,45814433693885803/100000000000000000,True,False,all-64,primary,union_partial,64,1,input_blocked,,,,,
cell-0210,45814433693885803/100000000000000000,4594684839248657/10000000000000000,True,False,all-64,primary,exact_projection,64,0,excluded,universal_bound,-19/64,-19/64,-19/64,-19/64
cell-0210,45814433693885803/100000000000000000,4594684839248657/10000000000000000,True,False,all-64,primary,one_edit_per_image,64,0,unresolved,opposite_worlds,-131/64,103/64,-73/64,61/64
cell-0210,45814433693885803/100000000000000000,4594684839248657/10000000000000000,True,False,all-64,primary,one_edit_global,64,0,excluded,universal_bound,-23/64,-15/64,-21/64,-17/64
cell-0210,45814433693885803/100000000000000000,4594684839248657/10000000000000000,True,False,all-64,primary,current_strict,64,25,input_blocked,,,,,
cell-0210,45814433693885803/100000000000000000,4594684839248657/10000000000000000,True,False,all-64,primary,current_partial,64,0,unresolved,bound_gap,-55/64,23/64,-19/64,-1/64
cell-0210,45814433693885803/100000000000000000,4594684839248657/10000000000000000,True,False,all-64,primary,union_strict,64,36,input_blocked,,,,,
cell-0210,45814433693885803/100000000000000000,4594684839248657/10000000000000000,True,False,all-64,primary,union_partial,64,1,input_blocked,,,,,
cell-0211,4594684839248657/10000000000000000,46292421221733093/100000000000000000,True,False,all-64,primary,exact_projection,64,0,excluded,universal_bound,-5/16,-5/16,-5/16,-5/16
cell-0211,4594684839248657/10000000000000000,46292421221733093/100000000000000000,True,False,all-64,primary,one_edit_per_image,64,0,unresolved,opposite_worlds,-65/32,51/32,-37/32,15/16
cell-0211,4594684839248657/10000000000000000,46292421221733093/100000000000000000,True,False,all-64,primary,one_edit_global,64,0,excluded,universal_bound,-3/8,-1/4,-11/32,-9/32
cell-0211,4594684839248657/10000000000000000,46292421221733093/100000000000000000,True,False,all-64,primary,current_strict,64,25,input_blocked,,,,,
cell-0211,4594684839248657/10000000000000000,46292421221733093/100000000000000000,True,False,all-64,primary,current_partial,64,0,unresolved,bound_gap,-7/8,11/32,-5/16,-1/32
cell-0211,4594684839248657/10000000000000000,46292421221733093/100000000000000000,True,False,all-64,primary,union_strict,64,36,input_blocked,,,,,
cell-0211,4594684839248657/10000000000000000,46292421221733093/100000000000000000,True,False,all-64,primary,union_partial,64,1,input_blocked,,,,,
cell-0212,46292421221733093/100000000000000000,2321779578924179/5000000000000000,True,False,all-64,primary,exact_projection,64,0,excluded,universal_bound,-19/64,-19/64,-19/64,-19/64
cell-0212,46292421221733093/100000000000000000,2321779578924179/5000000000000000,True,False,all-64,primary,one_edit_per_image,64,0,unresolved,opposite_worlds,-129/64,103/64,-73/64,61/64
cell-0212,46292421221733093/100000000000000000,2321779578924179/5000000000000000,True,False,all-64,primary,one_edit_global,64,0,excluded,universal_bound,-23/64,-15/64,-21/64,-17/64
cell-0212,46292421221733093/100000000000000000,2321779578924179/5000000000000000,True,False,all-64,primary,current_strict,64,25,input_blocked,,,,,
cell-0212,46292421221733093/100000000000000000,2321779578924179/5000000000000000,True,False,all-64,primary,current_partial,64,0,unresolved,bound_gap,-55/64,23/64,-19/64,-1/64
cell-0212,46292421221733093/100000000000000000,2321779578924179/5000000000000000,True,False,all-64,primary,union_strict,64,36,input_blocked,,,,,
cell-0212,46292421221733093/100000000000000000,2321779578924179/5000000000000000,True,False,all-64,primary,union_partial,64,1,input_blocked,,,,,
cell-0213,2321779578924179/5000000000000000,2332610934972763/5000000000000000,True,False,all-64,primary,exact_projection,64,0,excluded,universal_bound,-9/32,-9/32,-9/32,-9/32
cell-0213,2321779578924179/5000000000000000,2332610934972763/5000000000000000,True,False,all-64,primary,one_edit_per_image,64,0,unresolved,opposite_worlds,-2,13/8,-9/8,31/32
cell-0213,2321779578924179/5000000000000000,2332610934972763/5000000000000000,True,False,all-64,primary,one_edit_global,64,0,excluded,universal_bound,-11/32,-7/32,-5/16,-1/4
cell-0213,2321779578924179/5000000000000000,2332610934972763/5000000000000000,True,False,all-64,primary,current_strict,64,25,input_blocked,,,,,
cell-0213,2321779578924179/5000000000000000,2332610934972763/5000000000000000,True,False,all-64,primary,current_partial,64,0,unresolved,bound_gap,-27/32,3/8,-9/32,0
cell-0213,2321779578924179/5000000000000000,2332610934972763/5000000000000000,True,False,all-64,primary,union_strict,64,36,input_blocked,,,,,
cell-0213,2321779578924179/5000000000000000,2332610934972763/5000000000000000,True,False,all-64,primary,union_partial,64,1,input_blocked,,,,,
cell-0214,2332610934972763/5000000000000000,1170593872666359/2500000000000000,True,False,all-64,primary,exact_projection,64,0,excluded,universal_bound,-17/64,-17/64,-17/64,-17/64
cell-0214,2332610934972763/5000000000000000,1170593872666359/2500000000000000,True,False,all-64,primary,one_edit_per_image,64,0,unresolved,opposite_worlds,-127/64,105/64,-71/64,63/64
cell-0214,2332610934972763/5000000000000000,1170593872666359/2500000000000000,True,False,all-64,primary,one_edit_global,64,0,excluded,universal_bound,-21/64,-13/64,-19/64,-15/64
cell-0214,2332610934972763/5000000000000000,1170593872666359/2500000000000000,True,False,all-64,primary,current_strict,64,25,input_blocked,,,,,
cell-0214,2332610934972763/5000000000000000,1170593872666359/2500000000000000,True,False,all-64,primary,current_partial,64,0,unresolved,opposite_worlds,-53/64,25/64,-17/64,1/64
cell-0214,2332610934972763/5000000000000000,1170593872666359/2500000000000000,True,False,all-64,primary,union_strict,64,36,input_blocked,,,,,
cell-0214,2332610934972763/5000000000000000,1170593872666359/2500000000000000,True,False,all-64,primary,union_partial,64,1,input_blocked,,,,,
cell-0215,1170593872666359/2500000000000000,23553618788719177/50000000000000000,True,False,all-64,primary,exact_projection,64,0,excluded,universal_bound,-1/4,-1/4,-1/4,-1/4
cell-0215,1170593872666359/2500000000000000,23553618788719177/50000000000000000,True,False,all-64,primary,one_edit_per_image,64,0,unresolved,opposite_worlds,-2,53/32,-9/8,1
cell-0215,1170593872666359/2500000000000000,23553618788719177/50000000000000000,True,False,all-64,primary,one_edit_global,64,0,excluded,universal_bound,-5/16,-3/16,-9/32,-7/32
cell-0215,1170593872666359/2500000000000000,23553618788719177/50000000000000000,True,False,all-64,primary,current_strict,64,25,input_blocked,,,,,
cell-0215,1170593872666359/2500000000000000,23553618788719177/50000000000000000,True,False,all-64,primary,current_partial,64,0,unresolved,opposite_worlds,-13/16,13/32,-1/4,1/32
cell-0215,1170593872666359/2500000000000000,23553618788719177/50000000000000000,True,False,all-64,primary,union_strict,64,36,input_blocked,,,,,
cell-0215,1170593872666359/2500000000000000,23553618788719177/50000000000000000,True,False,all-64,primary,union_partial,64,1,input_blocked,,,,,
cell-0216,23553618788719177/50000000000000000,4712275564670563/10000000000000000,True,False,all-64,primary,exact_projection,64,0,excluded,universal_bound,-17/64,-17/64,-17/64,-17/64
cell-0216,23553618788719177/50000000000000000,4712275564670563/10000000000000000,True,False,all-64,primary,one_edit_per_image,64,0,unresolved,opposite_worlds,-129/64,105/64,-71/64,63/64
cell-0216,23553618788719177/50000000000000000,4712275564670563/10000000000000000,True,False,all-64,primary,one_edit_global,64,0,excluded,universal_bound,-21/64,-13/64,-19/64,-15/64
cell-0216,23553618788719177/50000000000000000,4712275564670563/10000000000000000,True,False,all-64,primary,current_strict,64,25,input_blocked,,,,,
cell-0216,23553618788719177/50000000000000000,4712275564670563/10000000000000000,True,False,all-64,primary,current_partial,64,0,unresolved,opposite_worlds,-53/64,25/64,-17/64,1/64
cell-0216,23553618788719177/50000000000000000,4712275564670563/10000000000000000,True,False,all-64,primary,union_strict,64,36,input_blocked,,,,,
cell-0216,23553618788719177/50000000000000000,4712275564670563/10000000000000000,True,False,all-64,primary,union_partial,64,1,input_blocked,,,,,
cell-0217,4712275564670563/10000000000000000,4716944396495819/10000000000000000,True,False,all-64,primary,exact_projection,64,0,excluded,universal_bound,-9/32,-9/32,-9/32,-9/32
cell-0217,4712275564670563/10000000000000000,4716944396495819/10000000000000000,True,False,all-64,primary,one_edit_per_image,64,0,unresolved,opposite_worlds,-2,13/8,-9/8,31/32
cell-0217,4712275564670563/10000000000000000,4716944396495819/10000000000000000,True,False,all-64,primary,one_edit_global,64,0,excluded,universal_bound,-11/32,-7/32,-5/16,-1/4
cell-0217,4712275564670563/10000000000000000,4716944396495819/10000000000000000,True,False,all-64,primary,current_strict,64,25,input_blocked,,,,,
cell-0217,4712275564670563/10000000000000000,4716944396495819/10000000000000000,True,False,all-64,primary,current_partial,64,0,unresolved,bound_gap,-27/32,3/8,-9/32,0
cell-0217,4712275564670563/10000000000000000,4716944396495819/10000000000000000,True,False,all-64,primary,union_strict,64,36,input_blocked,,,,,
cell-0217,4712275564670563/10000000000000000,4716944396495819/10000000000000000,True,False,all-64,primary,union_partial,64,1,input_blocked,,,,,
cell-0218,4716944396495819/10000000000000000,2363017499446869/5000000000000000,True,False,all-64,primary,exact_projection,64,0,excluded,universal_bound,-17/64,-17/64,-17/64,-17/64
cell-0218,4716944396495819/10000000000000000,2363017499446869/5000000000000000,True,False,all-64,primary,one_edit_per_image,64,0,unresolved,opposite_worlds,-127/64,105/64,-71/64,63/64
cell-0218,4716944396495819/10000000000000000,2363017499446869/5000000000000000,True,False,all-64,primary,one_edit_global,64,0,excluded,universal_bound,-21/64,-13/64,-19/64,-15/64
cell-0218,4716944396495819/10000000000000000,2363017499446869/5000000000000000,True,False,all-64,primary,current_strict,64,25,input_blocked,,,,,
cell-0218,4716944396495819/10000000000000000,2363017499446869/5000000000000000,True,False,all-64,primary,current_partial,64,0,unresolved,opposite_worlds,-53/64,25/64,-17/64,1/64
cell-0218,4716944396495819/10000000000000000,2363017499446869/5000000000000000,True,False,all-64,primary,union_strict,64,36,input_blocked,,,,,
cell-0218,4716944396495819/10000000000000000,2363017499446869/5000000000000000,True,False,all-64,primary,union_partial,64,1,input_blocked,,,,,
cell-0219,2363017499446869/5000000000000000,4744192957878113/10000000000000000,True,False,all-64,primary,exact_projection,64,0,excluded,universal_bound,-1/4,-1/4,-1/4,-1/4
cell-0219,2363017499446869/5000000000000000,4744192957878113/10000000000000000,True,False,all-64,primary,one_edit_per_image,64,0,unresolved,opposite_worlds,-63/32,13/8,-35/32,1
cell-0219,2363017499446869/5000000000000000,4744192957878113/10000000000000000,True,False,all-64,primary,one_edit_global,64,0,excluded,universal_bound,-5/16,-3/16,-9/32,-7/32
cell-0219,2363017499446869/5000000000000000,4744192957878113/10000000000000000,True,False,all-64,primary,current_strict,64,25,input_blocked,,,,,
cell-0219,2363017499446869/5000000000000000,4744192957878113/10000000000000000,True,False,all-64,primary,current_partial,64,0,unresolved,opposite_worlds,-13/16,3/8,-1/4,1/32
cell-0219,2363017499446869/5000000000000000,4744192957878113/10000000000000000,True,False,all-64,primary,union_strict,64,36,input_blocked,,,,,
cell-0219,2363017499446869/5000000000000000,4744192957878113/10000000000000000,True,False,all-64,primary,union_partial,64,1,input_blocked,,,,,
cell-0220,4744192957878113/10000000000000000,23725558817386627/50000000000000000,True,False,all-64,primary,exact_projection,64,0,excluded,universal_bound,-15/64,-15/64,-15/64,-15/64
cell-0220,4744192957878113/10000000000000000,23725558817386627/50000000000000000,True,False,all-64,primary,one_edit_per_image,64,0,unresolved,opposite_worlds,-125/64,103/64,-69/64,63/64
cell-0220,4744192957878113/10000000000000000,23725558817386627/50000000000000000,True,False,all-64,primary,one_edit_global,64,0,excluded,universal_bound,-19/64,-11/64,-17/64,-13/64
cell-0220,4744192957878113/10000000000000000,23725558817386627/50000000000000000,True,False,all-64,primary,current_strict,64,25,input_blocked,,,,,
cell-0220,4744192957878113/10000000000000000,23725558817386627/50000000000000000,True,False,all-64,primary,current_partial,64,0,unresolved,opposite_worlds,-51/64,25/64,-15/64,3/64
cell-0220,4744192957878113/10000000000000000,23725558817386627/50000000000000000,True,False,all-64,primary,union_strict,64,36,input_blocked,,,,,
cell-0220,4744192957878113/10000000000000000,23725558817386627/50000000000000000,True,False,all-64,primary,union_partial,64,1,input_blocked,,,,,
cell-0221,23725558817386627/50000000000000000,237857386469841/500000000000000,True,False,all-64,primary,exact_projection,64,0,excluded,universal_bound,-7/32,-7/32,-7/32,-7/32
cell-0221,23725558817386627/50000000000000000,237857386469841/500000000000000,True,False,all-64,primary,one_edit_per_image,64,0,unresolved,opposite_worlds,-31/16,51/32,-17/16,1
cell-0221,23725558817386627/50000000000000000,237857386469841/500000000000000,True,False,all-64,primary,one_edit_global,64,0,excluded,universal_bound,-9/32,-5/32,-1/4,-3/16
cell-0221,23725558817386627/50000000000000000,237857386469841/500000000000000,True,False,all-64,primary,current_strict,64,25,input_blocked,,,,,
cell-0221,23725558817386627/50000000000000000,237857386469841/500000000000000,True,False,all-64,primary,current_partial,64,0,unresolved,opposite_worlds,-25/32,13/32,-7/32,1/16
cell-0221,23725558817386627/50000000000000000,237857386469841/500000000000000,True,False,all-64,primary,union_strict,64,36,input_blocked,,,,,
cell-0221,23725558817386627/50000000000000000,237857386469841/500000000000000,True,False,all-64,primary,union_partial,64,1,input_blocked,,,,,
cell-0222,237857386469841/500000000000000,4769899249076843/10000000000000000,True,False,all-64,primary,exact_projection,64,0,excluded,universal_bound,-15/64,-15/64,-15/64,-15/64
cell-0222,237857386469841/500000000000000,4769899249076843/10000000000000000,True,False,all-64,primary,one_edit_per_image,64,0,unresolved,opposite_worlds,-125/64,101/64,-69/64,63/64
cell-0222,237857386469841/500000000000000,4769899249076843/10000000000000000,True,False,all-64,primary,one_edit_global,64,0,excluded,universal_bound,-19/64,-11/64,-17/64,-13/64
cell-0222,237857386469841/500000000000000,4769899249076843/10000000000000000,True,False,all-64,primary,current_strict,64,25,input_blocked,,,,,
cell-0222,237857386469841/500000000000000,4769899249076843/10000000000000000,True,False,all-64,primary,current_partial,64,0,unresolved,opposite_worlds,-51/64,25/64,-15/64,3/64
cell-0222,237857386469841/500000000000000,4769899249076843/10000000000000000,True,False,all-64,primary,union_strict,64,36,input_blocked,,,,,
cell-0222,237857386469841/500000000000000,4769899249076843/10000000000000000,True,False,all-64,primary,union_partial,64,1,input_blocked,,,,,
cell-0223,4769899249076843/10000000000000000,4773765504360199/10000000000000000,True,False,all-64,primary,exact_projection,64,0,excluded,universal_bound,-7/32,-7/32,-7/32,-7/32
cell-0223,4769899249076843/10000000000000000,4773765504360199/10000000000000000,True,False,all-64,primary,one_edit_per_image,64,0,unresolved,opposite_worlds,-31/16,25/16,-17/16,31/32
cell-0223,4769899249076843/10000000000000000,4773765504360199/10000000000000000,True,False,all-64,primary,one_edit_global,64,0,excluded,universal_bound,-9/32,-5/32,-1/4,-3/16
cell-0223,4769899249076843/10000000000000000,4773765504360199/10000000000000000,True,False,all-64,primary,current_strict,64,25,input_blocked,,,,,
cell-0223,4769899249076843/10000000000000000,4773765504360199/10000000000000000,True,False,all-64,primary,current_partial,64,0,unresolved,opposite_worlds,-25/32,3/8,-7/32,1/32
cell-0223,4769899249076843/10000000000000000,4773765504360199/10000000000000000,True,False,all-64,primary,union_strict,64,36,input_blocked,,,,,
cell-0223,4769899249076843/10000000000000000,4773765504360199/10000000000000000,True,False,all-64,primary,union_partial,64,1,input_blocked,,,,,
cell-0224,4773765504360199/10000000000000000,1197604164481163/2500000000000000,True,False,all-64,primary,exact_projection,64,0,excluded,universal_bound,-15/64,-15/64,-15/64,-15/64
cell-0224,4773765504360199/10000000000000000,1197604164481163/2500000000000000,True,False,all-64,primary,one_edit_per_image,64,0,unresolved,opposite_worlds,-125/64,99/64,-69/64,61/64
cell-0224,4773765504360199/10000000000000000,1197604164481163/2500000000000000,True,False,all-64,primary,one_edit_global,64,0,excluded,universal_bound,-19/64,-11/64,-17/64,-13/64
cell-0224,4773765504360199/10000000000000000,1197604164481163/2500000000000000,True,False,all-64,primary,current_strict,64,25,input_blocked,,,,,
cell-0224,4773765504360199/10000000000000000,1197604164481163/2500000000000000,True,False,all-64,primary,current_partial,64,0,unresolved,opposite_worlds,-51/64,23/64,-15/64,1/64
cell-0224,4773765504360199/10000000000000000,1197604164481163/2500000000000000,True,False,all-64,primary,union_strict,64,36,input_blocked,,,,,
cell-0224,4773765504360199/10000000000000000,1197604164481163/2500000000000000,True,False,all-64,primary,union_partial,64,1,input_blocked,,,,,
cell-0225,1197604164481163/2500000000000000,965361475944519/2000000000000000,True,False,all-64,primary,exact_projection,64,0,excluded,universal_bound,-1/4,-1/4,-1/4,-1/4
cell-0225,1197604164481163/2500000000000000,965361475944519/2000000000000000,True,False,all-64,primary,one_edit_per_image,64,0,unresolved,opposite_worlds,-63/32,49/32,-17/16,15/16
cell-0225,1197604164481163/2500000000000000,965361475944519/2000000000000000,True,False,all-64,primary,one_edit_global,64,0,excluded,universal_bound,-5/16,-3/16,-9/32,-7/32
cell-0225,1197604164481163/2500000000000000,965361475944519/2000000000000000,True,False,all-64,primary,current_strict,64,25,input_blocked,,,,,
cell-0225,1197604164481163/2500000000000000,965361475944519/2000000000000000,True,False,all-64,primary,current_partial,64,0,unresolved,bound_gap,-13/16,11/32,-1/4,0
cell-0225,1197604164481163/2500000000000000,965361475944519/2000000000000000,True,False,all-64,primary,union_strict,64,36,input_blocked,,,,,
cell-0225,1197604164481163/2500000000000000,965361475944519/2000000000000000,True,False,all-64,primary,union_partial,64,1,input_blocked,,,,,
cell-0226,965361475944519/2000000000000000,4849502742290497/10000000000000000,True,False,all-64,primary,exact_projection,64,0,excluded,universal_bound,-15/64,-15/64,-15/64,-15/64
cell-0226,965361475944519/2000000000000000,4849502742290497/10000000000000000,True,False,all-64,primary,one_edit_per_image,64,0,unresolved,opposite_worlds,-125/64,97/64,-67/64,59/64
cell-0226,965361475944519/2000000000000000,4849502742290497/10000000000000000,True,False,all-64,primary,one_edit_global,64,0,excluded,universal_bound,-19/64,-11/64,-17/64,-13/64
cell-0226,965361475944519/2000000000000000,4849502742290497/10000000000000000,True,False,all-64,primary,current_strict,64,25,input_blocked,,,,,
cell-0226,965361475944519/2000000000000000,4849502742290497/10000000000000000,True,False,all-64,primary,current_partial,64,0,unresolved,opposite_worlds,-51/64,23/64,-15/64,1/64
cell-0226,965361475944519/2000000000000000,4849502742290497/10000000000000000,True,False,all-64,primary,union_strict,64,36,input_blocked,,,,,
cell-0226,965361475944519/2000000000000000,4849502742290497/10000000000000000,True,False,all-64,primary,union_partial,64,1,input_blocked,,,,,
cell-0227,4849502742290497/10000000000000000,9703303575515747/20000000000000000,True,False,all-64,primary,exact_projection,64,0,excluded,universal_bound,-7/32,-7/32,-7/32,-7/32
cell-0227,4849502742290497/10000000000000000,9703303575515747/20000000000000000,True,False,all-64,primary,one_edit_per_image,64,0,unresolved,opposite_worlds,-31/16,49/32,-33/32,15/16
cell-0227,4849502742290497/10000000000000000,9703303575515747/20000000000000000,True,False,all-64,primary,one_edit_global,64,0,excluded,universal_bound,-9/32,-5/32,-1/4,-3/16
cell-0227,4849502742290497/10000000000000000,9703303575515747/20000000000000000,True,False,all-64,primary,current_strict,64,25,input_blocked,,,,,
cell-0227,4849502742290497/10000000000000000,9703303575515747/20000000000000000,True,False,all-64,primary,current_partial,64,0,unresolved,opposite_worlds,-25/32,3/8,-7/32,1/32
cell-0227,4849502742290497/10000000000000000,9703303575515747/20000000000000000,True,False,all-64,primary,union_strict,64,36,input_blocked,,,,,
cell-0227,4849502742290497/10000000000000000,9703303575515747/20000000000000000,True,False,all-64,primary,union_partial,64,1,input_blocked,,,,,
cell-0228,9703303575515747/20000000000000000,121891088783741/250000000000000,True,False,all-64,primary,exact_projection,64,0,excluded,universal_bound,-15/64,-15/64,-15/64,-15/64
cell-0228,9703303575515747/20000000000000000,121891088783741/250000000000000,True,False,all-64,primary,one_edit_per_image,64,0,unresolved,opposite_worlds,-125/64,97/64,-67/64,59/64
cell-0228,9703303575515747/20000000000000000,121891088783741/250000000000000,True,False,all-64,primary,one_edit_global,64,0,excluded,universal_bound,-19/64,-11/64,-17/64,-13/64
cell-0228,9703303575515747/20000000000000000,121891088783741/250000000000000,True,False,all-64,primary,current_strict,64,25,input_blocked,,,,,
cell-0228,9703303575515747/20000000000000000,121891088783741/250000000000000,True,False,all-64,primary,current_partial,64,0,unresolved,opposite_worlds,-51/64,23/64,-15/64,1/64
cell-0228,9703303575515747/20000000000000000,121891088783741/250000000000000,True,False,all-64,primary,union_strict,64,36,input_blocked,,,,,
cell-0228,9703303575515747/20000000000000000,121891088783741/250000000000000,True,False,all-64,primary,union_partial,64,1,input_blocked,,,,,
cell-0229,121891088783741/250000000000000,4888797700405121/10000000000000000,True,False,all-64,primary,exact_projection,64,0,excluded,universal_bound,-7/32,-7/32,-7/32,-7/32
cell-0229,121891088783741/250000000000000,4888797700405121/10000000000000000,True,False,all-64,primary,one_edit_per_image,64,0,unresolved,opposite_worlds,-31/16,3/2,-33/32,15/16
cell-0229,121891088783741/250000000000000,4888797700405121/10000000000000000,True,False,all-64,primary,one_edit_global,64,0,excluded,universal_bound,-9/32,-5/32,-1/4,-3/16
cell-0229,121891088783741/250000000000000,4888797700405121/10000000000000000,True,False,all-64,primary,current_strict,64,25,input_blocked,,,,,
cell-0229,121891088783741/250000000000000,4888797700405121/10000000000000000,True,False,all-64,primary,current_partial,64,0,unresolved,bound_gap,-13/16,11/32,-1/4,0
cell-0229,121891088783741/250000000000000,4888797700405121/10000000000000000,True,False,all-64,primary,union_strict,64,36,input_blocked,,,,,
cell-0229,121891088783741/250000000000000,4888797700405121/10000000000000000,True,False,all-64,primary,union_partial,64,1,input_blocked,,,,,
cell-0230,4888797700405121/10000000000000000,24536512792110443/50000000000000000,True,False,all-64,primary,exact_projection,64,0,excluded,universal_bound,-13/64,-13/64,-13/64,-13/64
cell-0230,4888797700405121/10000000000000000,24536512792110443/50000000000000000,True,False,all-64,primary,one_edit_per_image,64,0,unresolved,opposite_worlds,-123/64,97/64,-65/64,61/64
cell-0230,4888797700405121/10000000000000000,24536512792110443/50000000000000000,True,False,all-64,primary,one_edit_global,64,0,excluded,universal_bound,-17/64,-9/64,-15/64,-11/64
cell-0230,4888797700405121/10000000000000000,24536512792110443/50000000000000000,True,False,all-64,primary,current_strict,64,25,input_blocked,,,,,
cell-0230,4888797700405121/10000000000000000,24536512792110443/50000000000000000,True,False,all-64,primary,current_partial,64,0,unresolved,opposite_worlds,-51/64,21/64,-15/64,1/64
cell-0230,4888797700405121/10000000000000000,24536512792110443/50000000000000000,True,False,all-64,primary,union_strict,64,36,input_blocked,,,,,
cell-0230,4888797700405121/10000000000000000,24536512792110443/50000000000000000,True,False,all-64,primary,union_partial,64,1,input_blocked,,,,,
cell-0231,24536512792110443/50000000000000000,24807600677013397/50000000000000000,True,False,all-64,primary,exact_projection,64,0,excluded,universal_bound,-3/16,-3/16,-3/16,-3/16
cell-0231,24536512792110443/50000000000000000,24807600677013397/50000000000000000,True,False,all-64,primary,one_edit_per_image,64,0,unresolved,opposite_worlds,-61/32,49/32,-1,31/32
cell-0231,24536512792110443/50000000000000000,24807600677013397/50000000000000000,True,False,all-64,primary,one_edit_global,64,0,excluded,universal_bound,-1/4,-1/8,-7/32,-5/32
cell-0231,24536512792110443/50000000000000000,24807600677013397/50000000000000000,True,False,all-64,primary,current_strict,64,25,input_blocked,,,,,
cell-0231,24536512792110443/50000000000000000,24807600677013397/50000000000000000,True,False,all-64,primary,current_partial,64,0,unresolved,opposite_worlds,-25/32,11/32,-7/32,1/32
cell-0231,24536512792110443/50000000000000000,24807600677013397/50000000000000000,True,False,all-64,primary,union_strict,64,36,input_blocked,,,,,
cell-0231,24536512792110443/50000000000000000,24807600677013397/50000000000000000,True,False,all-64,primary,union_partial,64,1,input_blocked,,,,,
cell-0232,24807600677013397/50000000000000000,3119657002389431/6250000000000000,True,False,all-64,primary,exact_projection,64,0,excluded,universal_bound,-13/64,-13/64,-13/64,-13/64
cell-0232,24807600677013397/50000000000000000,3119657002389431/6250000000000000,True,False,all-64,primary,one_edit_per_image,64,0,unresolved,opposite_worlds,-123/64,97/64,-65/64,61/64
cell-0232,24807600677013397/50000000000000000,3119657002389431/6250000000000000,True,False,all-64,primary,one_edit_global,64,0,excluded,universal_bound,-17/64,-9/64,-15/64,-11/64
cell-0232,24807600677013397/50000000000000000,3119657002389431/6250000000000000,True,False,all-64,primary,current_strict,64,25,input_blocked,,,,,
cell-0232,24807600677013397/50000000000000000,3119657002389431/6250000000000000,True,False,all-64,primary,current_partial,64,0,unresolved,opposite_worlds,-51/64,21/64,-15/64,1/64
cell-0232,24807600677013397/50000000000000000,3119657002389431/6250000000000000,True,False,all-64,primary,union_strict,64,36,input_blocked,,,,,
cell-0232,24807600677013397/50000000000000000,3119657002389431/6250000000000000,True,False,all-64,primary,union_partial,64,1,input_blocked,,,,,
cell-0233,3119657002389431/6250000000000000,1251533329486847/2500000000000000,True,False,all-64,primary,exact_projection,64,0,excluded,universal_bound,-7/32,-7/32,-7/32,-7/32
cell-0233,3119657002389431/6250000000000000,1251533329486847/2500000000000000,True,False,all-64,primary,one_edit_per_image,64,0,unresolved,opposite_worlds,-61/32,3/2,-1,15/16
cell-0233,3119657002389431/6250000000000000,1251533329486847/2500000000000000,True,False,all-64,primary,one_edit_global,64,0,excluded,universal_bound,-9/32,-5/32,-1/4,-3/16
cell-0233,3119657002389431/6250000000000000,1251533329486847/2500000000000000,True,False,all-64,primary,current_strict,64,25,input_blocked,,,,,
cell-0233,3119657002389431/6250000000000000,1251533329486847/2500000000000000,True,False,all-64,primary,current_partial,64,0,unresolved,bound_gap,-13/16,5/16,-1/4,0
cell-0233,3119657002389431/6250000000000000,1251533329486847/2500000000000000,True,False,all-64,primary,union_strict,64,36,input_blocked,,,,,
cell-0233,3119657002389431/6250000000000000,1251533329486847/2500000000000000,True,False,all-64,primary,union_partial,64,1,input_blocked,,,,,
cell-0234,1251533329486847/2500000000000000,32907/65536,True,False,all-64,primary,exact_projection,64,0,excluded,universal_bound,-13/64,-13/64,-13/64,-13/64
cell-0234,1251533329486847/2500000000000000,32907/65536,True,False,all-64,primary,one_edit_per_image,64,0,unresolved,opposite_worlds,-121/64,95/64,-63/64,61/64
cell-0234,1251533329486847/2500000000000000,32907/65536,True,False,all-64,primary,one_edit_global,64,0,excluded,universal_bound,-17/64,-9/64,-15/64,-11/64
cell-0234,1251533329486847/2500000000000000,32907/65536,True,False,all-64,primary,current_strict,64,25,input_blocked,,,,,
cell-0234,1251533329486847/2500000000000000,32907/65536,True,False,all-64,primary,current_partial,64,0,unresolved,opposite_worlds,-51/64,19/64,-15/64,1/64
cell-0234,1251533329486847/2500000000000000,32907/65536,True,False,all-64,primary,union_strict,64,36,input_blocked,,,,,
cell-0234,1251533329486847/2500000000000000,32907/65536,True,False,all-64,primary,union_partial,64,1,input_blocked,,,,,
cell-0235,32907/65536,2512069344520569/5000000000000000,True,False,all-64,primary,exact_projection,64,0,excluded,universal_bound,-3/16,-3/16,-3/16,-3/16
cell-0235,32907/65536,2512069344520569/5000000000000000,True,False,all-64,primary,one_edit_per_image,64,0,unresolved,opposite_worlds,-61/32,3/2,-1,31/32
cell-0235,32907/65536,2512069344520569/5000000000000000,True,False,all-64,primary,one_edit_global,64,0,excluded,universal_bound,-1/4,-1/8,-7/32,-5/32
cell-0235,32907/65536,2512069344520569/5000000000000000,True,False,all-64,primary,current_strict,64,25,input_blocked,,,,,
cell-0235,32907/65536,2512069344520569/5000000000000000,True,False,all-64,primary,current_partial,64,0,unresolved,bound_gap,-13/16,9/32,-1/4,0
cell-0235,32907/65536,2512069344520569/5000000000000000,True,False,all-64,primary,union_strict,64,36,input_blocked,,,,,
cell-0235,32907/65536,2512069344520569/5000000000000000,True,False,all-64,primary,union_partial,64,1,input_blocked,,,,,
cell-0236,2512069344520569/5000000000000000,5033586025238037/10000000000000000,True,False,all-64,primary,exact_projection,64,0,excluded,universal_bound,-11/64,-11/64,-11/64,-11/64
cell-0236,2512069344520569/5000000000000000,5033586025238037/10000000000000000,True,False,all-64,primary,one_edit_per_image,64,0,unresolved,opposite_worlds,-121/64,97/64,-63/64,61/64
cell-0236,2512069344520569/5000000000000000,5033586025238037/10000000000000000,True,False,all-64,primary,one_edit_global,64,0,excluded,universal_bound,-15/64,-7/64,-13/64,-9/64
cell-0236,2512069344520569/5000000000000000,5033586025238037/10000000000000000,True,False,all-64,primary,current_strict,64,25,input_blocked,,,,,
cell-0236,2512069344520569/5000000000000000,5033586025238037/10000000000000000,True,False,all-64,primary,current_partial,64,0,unresolved,opposite_worlds,-51/64,19/64,-15/64,1/64
cell-0236,2512069344520569/5000000000000000,5033586025238037/10000000000000000,True,False,all-64,primary,union_strict,64,36,input_blocked,,,,,
cell-0236,2512069344520569/5000000000000000,5033586025238037/10000000000000000,True,False,all-64,primary,union_partial,64,1,input_blocked,,,,,
cell-0237,5033586025238037/10000000000000000,2517324984073639/5000000000000000,True,False,all-64,primary,exact_projection,64,0,excluded,universal_bound,-3/16,-3/16,-3/16,-3/16
cell-0237,5033586025238037/10000000000000000,2517324984073639/5000000000000000,True,False,all-64,primary,one_edit_per_image,64,0,unresolved,opposite_worlds,-61/32,3/2,-1,15/16
cell-0237,5033586025238037/10000000000000000,2517324984073639/5000000000000000,True,False,all-64,primary,one_edit_global,64,0,excluded,universal_bound,-1/4,-1/8,-7/32,-5/32
cell-0237,5033586025238037/10000000000000000,2517324984073639/5000000000000000,True,False,all-64,primary,current_strict,64,25,input_blocked,,,,,
cell-0237,5033586025238037/10000000000000000,2517324984073639/5000000000000000,True,False,all-64,primary,current_partial,64,0,unresolved,bound_gap,-13/16,9/32,-1/4,0
cell-0237,5033586025238037/10000000000000000,2517324984073639/5000000000000000,True,False,all-64,primary,union_strict,64,36,input_blocked,,,,,
cell-0237,5033586025238037/10000000000000000,2517324984073639/5000000000000000,True,False,all-64,primary,union_partial,64,1,input_blocked,,,,,
cell-0238,2517324984073639/5000000000000000,2527444362640381/5000000000000000,True,False,all-64,primary,exact_projection,64,0,excluded,universal_bound,-11/64,-11/64,-11/64,-11/64
cell-0238,2517324984073639/5000000000000000,2527444362640381/5000000000000000,True,False,all-64,primary,one_edit_per_image,64,0,unresolved,opposite_worlds,-121/64,97/64,-63/64,61/64
cell-0238,2517324984073639/5000000000000000,2527444362640381/5000000000000000,True,False,all-64,primary,one_edit_global,64,0,excluded,universal_bound,-15/64,-7/64,-13/64,-9/64
cell-0238,2517324984073639/5000000000000000,2527444362640381/5000000000000000,True,False,all-64,primary,current_strict,64,25,input_blocked,,,,,
cell-0238,2517324984073639/5000000000000000,2527444362640381/5000000000000000,True,False,all-64,primary,current_partial,64,0,unresolved,opposite_worlds,-51/64,19/64,-15/64,1/64
cell-0238,2517324984073639/5000000000000000,2527444362640381/5000000000000000,True,False,all-64,primary,union_strict,64,36,input_blocked,,,,,
cell-0238,2517324984073639/5000000000000000,2527444362640381/5000000000000000,True,False,all-64,primary,union_partial,64,1,input_blocked,,,,,
cell-0239,2527444362640381/5000000000000000,5094243884086609/10000000000000000,True,False,all-64,primary,exact_projection,64,0,excluded,universal_bound,-5/32,-5/32,-5/32,-5/32
cell-0239,2527444362640381/5000000000000000,5094243884086609/10000000000000000,True,False,all-64,primary,one_edit_per_image,64,0,unresolved,opposite_worlds,-61/32,49/32,-31/32,31/32
cell-0239,2527444362640381/5000000000000000,5094243884086609/10000000000000000,True,False,all-64,primary,one_edit_global,64,0,excluded,universal_bound,-7/32,-3/32,-3/16,-1/8
cell-0239,2527444362640381/5000000000000000,5094243884086609/10000000000000000,True,False,all-64,primary,current_strict,64,25,input_blocked,,,,,
cell-0239,2527444362640381/5000000000000000,5094243884086609/10000000000000000,True,False,all-64,primary,current_partial,64,0,unresolved,bound_gap,-25/32,9/32,-1/4,0
cell-0239,2527444362640381/5000000000000000,5094243884086609/10000000000000000,True,False,all-64,primary,union_strict,64,36,input_blocked,,,,,
cell-0239,2527444362640381/5000000000000000,5094243884086609/10000000000000000,True,False,all-64,primary,union_partial,64,1,input_blocked,,,,,
cell-0240,5094243884086609/10000000000000000,2567906677722931/5000000000000000,True,False,all-64,primary,exact_projection,64,0,excluded,universal_bound,-11/64,-11/64,-11/64,-11/64
cell-0240,5094243884086609/10000000000000000,2567906677722931/5000000000000000,True,False,all-64,primary,one_edit_per_image,64,0,unresolved,opposite_worlds,-121/64,97/64,-63/64,61/64
cell-0240,5094243884086609/10000000000000000,2567906677722931/5000000000000000,True,False,all-64,primary,one_edit_global,64,0,excluded,universal_bound,-15/64,-7/64,-13/64,-9/64
cell-0240,5094243884086609/10000000000000000,2567906677722931/5000000000000000,True,False,all-64,primary,current_strict,64,25,input_blocked,,,,,
cell-0240,5094243884086609/10000000000000000,2567906677722931/5000000000000000,True,False,all-64,primary,current_partial,64,0,unresolved,opposite_worlds,-49/64,17/64,-15/64,1/64
cell-0240,5094243884086609/10000000000000000,2567906677722931/5000000000000000,True,False,all-64,primary,union_strict,64,36,input_blocked,,,,,
cell-0240,5094243884086609/10000000000000000,2567906677722931/5000000000000000,True,False,all-64,primary,union_partial,64,1,input_blocked,,,,,
cell-0241,2567906677722931/5000000000000000,161519106477499/312500000000000,True,False,all-64,primary,exact_projection,64,0,excluded,universal_bound,-3/16,-3/16,-3/16,-3/16
cell-0241,2567906677722931/5000000000000000,161519106477499/312500000000000,True,False,all-64,primary,one_edit_per_image,64,0,unresolved,opposite_worlds,-61/32,3/2,-31/32,15/16
cell-0241,2567906677722931/5000000000000000,161519106477499/312500000000000,True,False,all-64,primary,one_edit_global,64,0,excluded,universal_bound,-1/4,-1/8,-7/32,-5/32
cell-0241,2567906677722931/5000000000000000,161519106477499/312500000000000,True,False,all-64,primary,current_strict,64,25,input_blocked,,,,,
cell-0241,2567906677722931/5000000000000000,161519106477499/312500000000000,True,False,all-64,primary,current_partial,64,0,unresolved,bound_gap,-25/32,1/4,-1/4,0
cell-0241,2567906677722931/5000000000000000,161519106477499/312500000000000,True,False,all-64,primary,union_strict,64,36,input_blocked,,,,,
cell-0241,2567906677722931/5000000000000000,161519106477499/312500000000000,True,False,all-64,primary,union_partial,64,1,input_blocked,,,,,
cell-0242,161519106477499/312500000000000,5181799530982971/10000000000000000,True,False,all-64,primary,exact_projection,64,0,excluded,universal_bound,-13/64,-13/64,-13/64,-13/64
cell-0242,161519106477499/312500000000000,5181799530982971/10000000000000000,True,False,all-64,primary,one_edit_per_image,64,0,unresolved,opposite_worlds,-123/64,95/64,-63/64,59/64
cell-0242,161519106477499/312500000000000,5181799530982971/10000000000000000,True,False,all-64,primary,one_edit_global,64,0,excluded,universal_bound,-17/64,-9/64,-15/64,-11/64
cell-0242,161519106477499/312500000000000,5181799530982971/10000000000000000,True,False,all-64,primary,current_strict,64,25,input_blocked,,,,,
cell-0242,161519106477499/312500000000000,5181799530982971/10000000000000000,True,False,all-64,primary,current_partial,64,0,unresolved,bound_gap,-49/64,15/64,-17/64,-1/64
cell-0242,161519106477499/312500000000000,5181799530982971/10000000000000000,True,False,all-64,primary,union_strict,64,36,input_blocked,,,,,
cell-0242,161519106477499/312500000000000,5181799530982971/10000000000000000,True,False,all-64,primary,union_partial,64,1,input_blocked,,,,,
cell-0243,5181799530982971/10000000000000000,1037416934967041/2000000000000000,True,False,all-64,primary,exact_projection,64,0,excluded,universal_bound,-7/32,-7/32,-7/32,-7/32
cell-0243,5181799530982971/10000000000000000,1037416934967041/2000000000000000,True,False,all-64,primary,one_edit_per_image,64,0,unresolved,opposite_worlds,-31/16,47/32,-1,29/32
cell-0243,5181799530982971/10000000000000000,1037416934967041/2000000000000000,True,False,all-64,primary,one_edit_global,64,0,excluded,universal_bound,-9/32,-5/32,-1/4,-3/16
cell-0243,5181799530982971/10000000000000000,1037416934967041/2000000000000000,True,False,all-64,primary,current_strict,64,25,input_blocked,,,,,
cell-0243,5181799530982971/10000000000000000,1037416934967041/2000000000000000,True,False,all-64,primary,current_partial,64,0,unresolved,bound_gap,-3/4,7/32,-9/32,-1/32
cell-0243,5181799530982971/10000000000000000,1037416934967041/2000000000000000,True,False,all-64,primary,union_strict,64,36,input_blocked,,,,,
cell-0243,5181799530982971/10000000000000000,1037416934967041/2000000000000000,True,False,all-64,primary,union_partial,64,1,input_blocked,,,,,
cell-0244,1037416934967041/2000000000000000,5207837224006653/10000000000000000,True,False,all-64,primary,exact_projection,64,0,excluded,universal_bound,-15/64,-15/64,-15/64,-15/64
cell-0244,1037416934967041/2000000000000000,5207837224006653/10000000000000000,True,False,all-64,primary,one_edit_per_image,64,0,unresolved,opposite_worlds,-123/64,93/64,-63/64,57/64
cell-0244,1037416934967041/2000000000000000,5207837224006653/10000000000000000,True,False,all-64,primary,one_edit_global,64,0,excluded,universal_bound,-19/64,-11/64,-17/64,-13/64
cell-0244,1037416934967041/2000000000000000,5207837224006653/10000000000000000,True,False,all-64,primary,current_strict,64,25,input_blocked,,,,,
cell-0244,1037416934967041/2000000000000000,5207837224006653/10000000000000000,True,False,all-64,primary,current_partial,64,0,unresolved,bound_gap,-49/64,13/64,-19/64,-3/64
cell-0244,1037416934967041/2000000000000000,5207837224006653/10000000000000000,True,False,all-64,primary,union_strict,64,36,input_blocked,,,,,
cell-0244,1037416934967041/2000000000000000,5207837224006653/10000000000000000,True,False,all-64,primary,union_partial,64,1,input_blocked,,,,,
cell-0245,5207837224006653/10000000000000000,5267099738121033/10000000000000000,True,False,all-64,primary,exact_projection,64,0,excluded,universal_bound,-7/32,-7/32,-7/32,-7/32
cell-0245,5207837224006653/10000000000000000,5267099738121033/10000000000000000,True,False,all-64,primary,one_edit_per_image,64,0,unresolved,opposite_worlds,-61/32,47/32,-31/32,29/32
cell-0245,5207837224006653/10000000000000000,5267099738121033/10000000000000000,True,False,all-64,primary,one_edit_global,64,0,excluded,universal_bound,-9/32,-5/32,-1/4,-3/16
cell-0245,5207837224006653/10000000000000000,5267099738121033/10000000000000000,True,False,all-64,primary,current_strict,64,25,input_blocked,,,,,
cell-0245,5207837224006653/10000000000000000,5267099738121033/10000000000000000,True,False,all-64,primary,current_partial,64,0,unresolved,bound_gap,-3/4,7/32,-9/32,-1/32
cell-0245,5207837224006653/10000000000000000,5267099738121033/10000000000000000,True,False,all-64,primary,union_strict,64,36,input_blocked,,,,,
cell-0245,5207837224006653/10000000000000000,5267099738121033/10000000000000000,True,False,all-64,primary,union_partial,64,1,input_blocked,,,,,
cell-0246,5267099738121033/10000000000000000,5319038033485413/10000000000000000,True,False,all-64,primary,exact_projection,64,0,excluded,universal_bound,-15/64,-15/64,-15/64,-15/64
cell-0246,5267099738121033/10000000000000000,5319038033485413/10000000000000000,True,False,all-64,primary,one_edit_per_image,64,0,unresolved,opposite_worlds,-123/64,93/64,-63/64,57/64
cell-0246,5267099738121033/10000000000000000,5319038033485413/10000000000000000,True,False,all-64,primary,one_edit_global,64,0,excluded,universal_bound,-19/64,-11/64,-17/64,-13/64
cell-0246,5267099738121033/10000000000000000,5319038033485413/10000000000000000,True,False,all-64,primary,current_strict,64,25,input_blocked,,,,,
cell-0246,5267099738121033/10000000000000000,5319038033485413/10000000000000000,True,False,all-64,primary,current_partial,64,0,unresolved,bound_gap,-49/64,13/64,-19/64,-3/64
cell-0246,5267099738121033/10000000000000000,5319038033485413/10000000000000000,True,False,all-64,primary,union_strict,64,36,input_blocked,,,,,
cell-0246,5267099738121033/10000000000000000,5319038033485413/10000000000000000,True,False,all-64,primary,union_partial,64,1,input_blocked,,,,,
cell-0247,5319038033485413/10000000000000000,5320107340812683/10000000000000000,True,False,all-64,primary,exact_projection,64,0,excluded,universal_bound,-1/4,-1/4,-1/4,-1/4
cell-0247,5319038033485413/10000000000000000,5320107340812683/10000000000000000,True,False,all-64,primary,one_edit_per_image,64,0,unresolved,opposite_worlds,-31/16,23/16,-1,7/8
cell-0247,5319038033485413/10000000000000000,5320107340812683/10000000000000000,True,False,all-64,primary,one_edit_global,64,0,excluded,universal_bound,-5/16,-3/16,-9/32,-7/32
cell-0247,5319038033485413/10000000000000000,5320107340812683/10000000000000000,True,False,all-64,primary,current_strict,64,25,input_blocked,,,,,
cell-0247,5319038033485413/10000000000000000,5320107340812683/10000000000000000,True,False,all-64,primary,current_partial,64,0,unresolved,bound_gap,-25/32,3/16,-5/16,-1/16
cell-0247,5319038033485413/10000000000000000,5320107340812683/10000000000000000,True,False,all-64,primary,union_strict,64,36,input_blocked,,,,,
cell-0247,5319038033485413/10000000000000000,5320107340812683/10000000000000000,True,False,all-64,primary,union_partial,64,1,input_blocked,,,,,
cell-0248,5320107340812683/10000000000000000,5331491827964783/10000000000000000,True,False,all-64,primary,exact_projection,64,0,excluded,universal_bound,-15/64,-15/64,-15/64,-15/64
cell-0248,5320107340812683/10000000000000000,5331491827964783/10000000000000000,True,False,all-64,primary,one_edit_per_image,64,0,unresolved,opposite_worlds,-123/64,93/64,-63/64,57/64
cell-0248,5320107340812683/10000000000000000,5331491827964783/10000000000000000,True,False,all-64,primary,one_edit_global,64,0,excluded,universal_bound,-19/64,-11/64,-17/64,-13/64
cell-0248,5320107340812683/10000000000000000,5331491827964783/10000000000000000,True,False,all-64,primary,current_strict,64,25,input_blocked,,,,,
cell-0248,5320107340812683/10000000000000000,5331491827964783/10000000000000000,True,False,all-64,primary,current_partial,64,0,unresolved,bound_gap,-49/64,13/64,-19/64,-3/64
cell-0248,5320107340812683/10000000000000000,5331491827964783/10000000000000000,True,False,all-64,primary,union_strict,64,36,input_blocked,,,,,
cell-0248,5320107340812683/10000000000000000,5331491827964783/10000000000000000,True,False,all-64,primary,union_partial,64,1,input_blocked,,,,,
cell-0249,5331491827964783/10000000000000000,5363252758979797/10000000000000000,True,False,all-64,primary,exact_projection,64,0,excluded,universal_bound,-7/32,-7/32,-7/32,-7/32
cell-0249,5331491827964783/10000000000000000,5363252758979797/10000000000000000,True,False,all-64,primary,one_edit_per_image,64,0,unresolved,opposite_worlds,-31/16,47/32,-1,29/32
cell-0249,5331491827964783/10000000000000000,5363252758979797/10000000000000000,True,False,all-64,primary,one_edit_global,64,0,excluded,universal_bound,-9/32,-5/32,-1/4,-3/16
cell-0249,5331491827964783/10000000000000000,5363252758979797/10000000000000000,True,False,all-64,primary,current_strict,64,25,input_blocked,,,,,
cell-0249,5331491827964783/10000000000000000,5363252758979797/10000000000000000,True,False,all-64,primary,current_partial,64,0,unresolved,bound_gap,-3/4,7/32,-9/32,-1/32
cell-0249,5331491827964783/10000000000000000,5363252758979797/10000000000000000,True,False,all-64,primary,union_strict,64,36,input_blocked,,,,,
cell-0249,5331491827964783/10000000000000000,5363252758979797/10000000000000000,True,False,all-64,primary,union_partial,64,1,input_blocked,,,,,
cell-0250,5363252758979797/10000000000000000,1341492235660553/2500000000000000,True,False,all-64,primary,exact_projection,64,0,excluded,universal_bound,-13/64,-13/64,-13/64,-13/64
cell-0250,5363252758979797/10000000000000000,1341492235660553/2500000000000000,True,False,all-64,primary,one_edit_per_image,64,0,unresolved,opposite_worlds,-123/64,95/64,-63/64,59/64
cell-0250,5363252758979797/10000000000000000,1341492235660553/2500000000000000,True,False,all-64,primary,one_edit_global,64,0,excluded,universal_bound,-17/64,-9/64,-15/64,-11/64
cell-0250,5363252758979797/10000000000000000,1341492235660553/2500000000000000,True,False,all-64,primary,current_strict,64,25,input_blocked,,,,,
cell-0250,5363252758979797/10000000000000000,1341492235660553/2500000000000000,True,False,all-64,primary,current_partial,64,0,unresolved,bound_gap,-47/64,15/64,-17/64,-1/64
cell-0250,5363252758979797/10000000000000000,1341492235660553/2500000000000000,True,False,all-64,primary,union_strict,64,36,input_blocked,,,,,
cell-0250,5363252758979797/10000000000000000,1341492235660553/2500000000000000,True,False,all-64,primary,union_partial,64,1,input_blocked,,,,,
cell-0251,1341492235660553/2500000000000000,1074486494064331/2000000000000000,True,False,all-64,primary,exact_projection,64,0,excluded,universal_bound,-7/32,-7/32,-7/32,-7/32
cell-0251,1341492235660553/2500000000000000,1074486494064331/2000000000000000,True,False,all-64,primary,one_edit_per_image,64,0,unresolved,opposite_worlds,-61/32,47/32,-31/32,29/32
cell-0251,1341492235660553/2500000000000000,1074486494064331/2000000000000000,True,False,all-64,primary,one_edit_global,64,0,excluded,universal_bound,-9/32,-5/32,-1/4,-3/16
cell-0251,1341492235660553/2500000000000000,1074486494064331/2000000000000000,True,False,all-64,primary,current_strict,64,25,input_blocked,,,,,
cell-0251,1341492235660553/2500000000000000,1074486494064331/2000000000000000,True,False,all-64,primary,current_partial,64,0,unresolved,bound_gap,-23/32,1/4,-1/4,-1/32
cell-0251,1341492235660553/2500000000000000,1074486494064331/2000000000000000,True,False,all-64,primary,union_strict,64,36,input_blocked,,,,,
cell-0251,1341492235660553/2500000000000000,1074486494064331/2000000000000000,True,False,all-64,primary,union_partial,64,1,input_blocked,,,,,
cell-0252,1074486494064331/2000000000000000,268687903881073/500000000000000,True,False,all-64,primary,exact_projection,64,0,excluded,universal_bound,-13/64,-13/64,-13/64,-13/64
cell-0252,1074486494064331/2000000000000000,268687903881073/500000000000000,True,False,all-64,primary,one_edit_per_image,64,0,unresolved,opposite_worlds,-121/64,95/64,-61/64,57/64
cell-0252,1074486494064331/2000000000000000,268687903881073/500000000000000,True,False,all-64,primary,one_edit_global,64,0,excluded,universal_bound,-17/64,-9/64,-15/64,-11/64
cell-0252,1074486494064331/2000000000000000,268687903881073/500000000000000,True,False,all-64,primary,current_strict,64,25,input_blocked,,,,,
cell-0252,1074486494064331/2000000000000000,268687903881073/500000000000000,True,False,all-64,primary,current_partial,64,0,unresolved,bound_gap,-45/64,17/64,-15/64,-1/64
cell-0252,1074486494064331/2000000000000000,268687903881073/500000000000000,True,False,all-64,primary,union_strict,64,36,input_blocked,,,,,
cell-0252,1074486494064331/2000000000000000,268687903881073/500000000000000,True,False,all-64,primary,union_partial,64,1,input_blocked,,,,,
cell-0253,268687903881073/500000000000000,134370818734169/250000000000000,True,False,all-64,primary,exact_projection,64,0,excluded,universal_bound,-3/16,-3/16,-3/16,-3/16
cell-0253,268687903881073/500000000000000,134370818734169/250000000000000,True,False,all-64,primary,one_edit_per_image,64,0,unresolved,opposite_worlds,-15/8,3/2,-15/16,29/32
cell-0253,268687903881073/500000000000000,134370818734169/250000000000000,True,False,all-64,primary,one_edit_global,64,0,excluded,universal_bound,-1/4,-1/8,-7/32,-5/32
cell-0253,268687903881073/500000000000000,134370818734169/250000000000000,True,False,all-64,primary,current_strict,64,25,input_blocked,,,,,
cell-0253,268687903881073/500000000000000,134370818734169/250000000000000,True,False,all-64,primary,current_partial,64,0,unresolved,bound_gap,-11/16,9/32,-7/32,0
cell-0253,268687903881073/500000000000000,134370818734169/250000000000000,True,False,all-64,primary,union_strict,64,36,input_blocked,,,,,
cell-0253,268687903881073/500000000000000,134370818734169/250000000000000,True,False,all-64,primary,union_partial,64,1,input_blocked,,,,,
cell-0254,134370818734169/250000000000000,2707003057003021/5000000000000000,True,False,all-64,primary,exact_projection,64,0,excluded,universal_bound,-11/64,-11/64,-11/64,-11/64
cell-0254,134370818734169/250000000000000,2707003057003021/5000000000000000,True,False,all-64,primary,one_edit_per_image,64,0,unresolved,opposite_worlds,-119/64,97/64,-59/64,59/64
cell-0254,134370818734169/250000000000000,2707003057003021/5000000000000000,True,False,all-64,primary,one_edit_global,64,0,excluded,universal_bound,-15/64,-7/64,-13/64,-9/64
cell-0254,134370818734169/250000000000000,2707003057003021/5000000000000000,True,False,all-64,primary,current_strict,64,25,input_blocked,,,,,
cell-0254,134370818734169/250000000000000,2707003057003021/5000000000000000,True,False,all-64,primary,current_partial,64,0,unresolved,opposite_worlds,-43/64,19/64,-13/64,1/64
cell-0254,134370818734169/250000000000000,2707003057003021/5000000000000000,True,False,all-64,primary,union_strict,64,36,input_blocked,,,,,
cell-0254,134370818734169/250000000000000,2707003057003021/5000000000000000,True,False,all-64,primary,union_partial,64,1,input_blocked,,,,,
cell-0255,2707003057003021/5000000000000000,1356668621301651/2500000000000000,True,False,all-64,primary,exact_projection,64,0,excluded,universal_bound,-5/32,-5/32,-5/32,-5/32
cell-0255,2707003057003021/5000000000000000,1356668621301651/2500000000000000,True,False,all-64,primary,one_edit_per_image,64,0,unresolved,opposite_worlds,-59/32,49/32,-29/32,15/16
cell-0255,2707003057003021/5000000000000000,1356668621301651/2500000000000000,True,False,all-64,primary,one_edit_global,64,0,excluded,universal_bound,-7/32,-3/32,-3/16,-1/8
cell-0255,2707003057003021/5000000000000000,1356668621301651/2500000000000000,True,False,all-64,primary,current_strict,64,25,input_blocked,,,,,
cell-0255,2707003057003021/5000000000000000,1356668621301651/2500000000000000,True,False,all-64,primary,current_partial,64,0,unresolved,opposite_worlds,-21/32,5/16,-3/16,1/32
cell-0255,2707003057003021/5000000000000000,1356668621301651/2500000000000000,True,False,all-64,primary,union_strict,64,36,input_blocked,,,,,
cell-0255,2707003057003021/5000000000000000,1356668621301651/2500000000000000,True,False,all-64,primary,union_partial,64,1,input_blocked,,,,,
cell-0256,1356668621301651/2500000000000000,678902417421341/1250000000000000,True,False,all-64,primary,exact_projection,64,0,excluded,universal_bound,-11/64,-11/64,-11/64,-11/64
cell-0256,1356668621301651/2500000000000000,678902417421341/1250000000000000,True,False,all-64,primary,one_edit_per_image,64,0,unresolved,opposite_worlds,-119/64,97/64,-59/64,59/64
cell-0256,1356668621301651/2500000000000000,678902417421341/1250000000000000,True,False,all-64,primary,one_edit_global,64,0,excluded,universal_bound,-15/64,-7/64,-13/64,-9/64
cell-0256,1356668621301651/2500000000000000,678902417421341/1250000000000000,True,False,all-64,primary,current_strict,64,25,input_blocked,,,,,
cell-0256,1356668621301651/2500000000000000,678902417421341/1250000000000000,True,False,all-64,primary,current_partial,64,0,unresolved,opposite_worlds,-43/64,19/64,-13/64,1/64
cell-0256,1356668621301651/2500000000000000,678902417421341/1250000000000000,True,False,all-64,primary,union_strict,64,36,input_blocked,,,,,
cell-0256,1356668621301651/2500000000000000,678902417421341/1250000000000000,True,False,all-64,primary,union_partial,64,1,input_blocked,,,,,
cell-0257,678902417421341/1250000000000000,5442526340484619/10000000000000000,True,False,all-64,primary,exact_projection,64,0,excluded,universal_bound,-3/16,-3/16,-3/16,-3/16
cell-0257,678902417421341/1250000000000000,5442526340484619/10000000000000000,True,False,all-64,primary,one_edit_per_image,64,0,unresolved,opposite_worlds,-59/32,3/2,-29/32,29/32
cell-0257,678902417421341/1250000000000000,5442526340484619/10000000000000000,True,False,all-64,primary,one_edit_global,64,0,excluded,universal_bound,-1/4,-1/8,-7/32,-5/32
cell-0257,678902417421341/1250000000000000,5442526340484619/10000000000000000,True,False,all-64,primary,current_strict,64,25,input_blocked,,,,,
cell-0257,678902417421341/1250000000000000,5442526340484619/10000000000000000,True,False,all-64,primary,current_partial,64,0,unresolved,bound_gap,-11/16,9/32,-7/32,0
cell-0257,678902417421341/1250000000000000,5442526340484619/10000000000000000,True,False,all-64,primary,union_strict,64,36,input_blocked,,,,,
cell-0257,678902417421341/1250000000000000,5442526340484619/10000000000000000,True,False,all-64,primary,union_partial,64,1,input_blocked,,,,,
cell-0258,5442526340484619/10000000000000000,5446969270706177/10000000000000000,True,False,all-64,primary,exact_projection,64,0,excluded,universal_bound,-11/64,-11/64,-11/64,-11/64
cell-0258,5442526340484619/10000000000000000,5446969270706177/10000000000000000,True,False,all-64,primary,one_edit_per_image,64,0,unresolved,opposite_worlds,-117/64,97/64,-57/64,59/64
cell-0258,5442526340484619/10000000000000000,5446969270706177/10000000000000000,True,False,all-64,primary,one_edit_global,64,0,excluded,universal_bound,-15/64,-7/64,-13/64,-9/64
cell-0258,5442526340484619/10000000000000000,5446969270706177/10000000000000000,True,False,all-64,primary,current_strict,64,25,input_blocked,,,,,
cell-0258,5442526340484619/10000000000000000,5446969270706177/10000000000000000,True,False,all-64,primary,current_partial,64,0,unresolved,opposite_worlds,-43/64,19/64,-13/64,1/64
cell-0258,5442526340484619/10000000000000000,5446969270706177/10000000000000000,True,False,all-64,primary,union_strict,64,36,input_blocked,,,,,
cell-0258,5442526340484619/10000000000000000,5446969270706177/10000000000000000,True,False,all-64,primary,union_partial,64,1,input_blocked,,,,,
cell-0259,5446969270706177/10000000000000000,683460608124733/1250000000000000,True,False,all-64,primary,exact_projection,64,0,excluded,universal_bound,-3/16,-3/16,-3/16,-3/16
cell-0259,5446969270706177/10000000000000000,683460608124733/1250000000000000,True,False,all-64,primary,one_edit_per_image,64,0,unresolved,opposite_worlds,-59/32,3/2,-7/8,29/32
cell-0259,5446969270706177/10000000000000000,683460608124733/1250000000000000,True,False,all-64,primary,one_edit_global,64,0,excluded,universal_bound,-1/4,-1/8,-7/32,-5/32
cell-0259,5446969270706177/10000000000000000,683460608124733/1250000000000000,True,False,all-64,primary,current_strict,64,25,input_blocked,,,,,
cell-0259,5446969270706177/10000000000000000,683460608124733/1250000000000000,True,False,all-64,primary,current_partial,64,0,unresolved,bound_gap,-11/16,9/32,-7/32,0
cell-0259,5446969270706177/10000000000000000,683460608124733/1250000000000000,True,False,all-64,primary,union_strict,64,36,input_blocked,,,,,
cell-0259,5446969270706177/10000000000000000,683460608124733/1250000000000000,True,False,all-64,primary,union_partial,64,1,input_blocked,,,,,
cell-0260,683460608124733/1250000000000000,1368420273065567/2500000000000000,True,False,all-64,primary,exact_projection,64,0,excluded,universal_bound,-11/64,-11/64,-11/64,-11/64
cell-0260,683460608124733/1250000000000000,1368420273065567/2500000000000000,True,False,all-64,primary,one_edit_per_image,64,0,unresolved,opposite_worlds,-117/64,97/64,-57/64,59/64
cell-0260,683460608124733/1250000000000000,1368420273065567/2500000000000000,True,False,all-64,primary,one_edit_global,64,0,excluded,universal_bound,-15/64,-7/64,-13/64,-9/64
cell-0260,683460608124733/1250000000000000,1368420273065567/2500000000000000,True,False,all-64,primary,current_strict,64,25,input_blocked,,,,,
cell-0260,683460608124733/1250000000000000,1368420273065567/2500000000000000,True,False,all-64,primary,current_partial,64,0,unresolved,opposite_worlds,-43/64,19/64,-13/64,1/64
cell-0260,683460608124733/1250000000000000,1368420273065567/2500000000000000,True,False,all-64,primary,union_strict,64,36,input_blocked,,,,,
cell-0260,683460608124733/1250000000000000,1368420273065567/2500000000000000,True,False,all-64,primary,union_partial,64,1,input_blocked,,,,,
cell-0261,1368420273065567/2500000000000000,2769027352333069/5000000000000000,True,False,all-64,primary,exact_projection,64,0,excluded,universal_bound,-3/16,-3/16,-3/16,-3/16
cell-0261,1368420273065567/2500000000000000,2769027352333069/5000000000000000,True,False,all-64,primary,one_edit_per_image,64,0,unresolved,opposite_worlds,-59/32,3/2,-7/8,29/32
cell-0261,1368420273065567/2500000000000000,2769027352333069/5000000000000000,True,False,all-64,primary,one_edit_global,64,0,excluded,universal_bound,-1/4,-1/8,-7/32,-5/32
cell-0261,1368420273065567/2500000000000000,2769027352333069/5000000000000000,True,False,all-64,primary,current_strict,64,25,input_blocked,,,,,
cell-0261,1368420273065567/2500000000000000,2769027352333069/5000000000000000,True,False,all-64,primary,current_partial,64,0,unresolved,bound_gap,-11/16,9/32,-7/32,0
cell-0261,1368420273065567/2500000000000000,2769027352333069/5000000000000000,True,False,all-64,primary,union_strict,64,36,input_blocked,,,,,
cell-0261,1368420273065567/2500000000000000,2769027352333069/5000000000000000,True,False,all-64,primary,union_partial,64,1,input_blocked,,,,,
cell-0262,2769027352333069/5000000000000000,5549469590187073/10000000000000000,True,False,all-64,primary,exact_projection,64,0,excluded,universal_bound,-13/64,-13/64,-13/64,-13/64
cell-0262,2769027352333069/5000000000000000,5549469590187073/10000000000000000,True,False,all-64,primary,one_edit_per_image,64,0,unresolved,opposite_worlds,-119/64,95/64,-57/64,57/64
cell-0262,2769027352333069/5000000000000000,5549469590187073/10000000000000000,True,False,all-64,primary,one_edit_global,64,0,excluded,universal_bound,-17/64,-9/64,-15/64,-11/64
cell-0262,2769027352333069/5000000000000000,5549469590187073/10000000000000000,True,False,all-64,primary,current_strict,64,25,input_blocked,,,,,
cell-0262,2769027352333069/5000000000000000,5549469590187073/10000000000000000,True,False,all-64,primary,current_partial,64,0,unresolved,bound_gap,-45/64,17/64,-15/64,-1/64
cell-0262,2769027352333069/5000000000000000,5549469590187073/10000000000000000,True,False,all-64,primary,union_strict,64,36,input_blocked,,,,,
cell-0262,2769027352333069/5000000000000000,5549469590187073/10000000000000000,True,False,all-64,primary,union_partial,64,1,input_blocked,,,,,
cell-0263,5549469590187073/10000000000000000,2775324583053589/5000000000000000,True,False,all-64,primary,exact_projection,64,0,excluded,universal_bound,-3/16,-3/16,-3/16,-3/16
cell-0263,5549469590187073/10000000000000000,2775324583053589/5000000000000000,True,False,all-64,primary,one_edit_per_image,64,0,unresolved,opposite_worlds,-59/32,3/2,-7/8,29/32
cell-0263,5549469590187073/10000000000000000,2775324583053589/5000000000000000,True,False,all-64,primary,one_edit_global,64,0,excluded,universal_bound,-1/4,-1/8,-7/32,-5/32
cell-0263,5549469590187073/10000000000000000,2775324583053589/5000000000000000,True,False,all-64,primary,current_strict,64,25,input_blocked,,,,,
cell-0263,5549469590187073/10000000000000000,2775324583053589/5000000000000000,True,False,all-64,primary,current_partial,64,0,unresolved,bound_gap,-11/16,1/4,-7/32,0
cell-0263,5549469590187073/10000000000000000,2775324583053589/5000000000000000,True,False,all-64,primary,union_strict,64,36,input_blocked,,,,,
cell-0263,5549469590187073/10000000000000000,2775324583053589/5000000000000000,True,False,all-64,primary,union_partial,64,1,input_blocked,,,,,
cell-0264,2775324583053589/5000000000000000,1114668846130371/2000000000000000,True,False,all-64,primary,exact_projection,64,0,excluded,universal_bound,-13/64,-13/64,-13/64,-13/64
cell-0264,2775324583053589/5000000000000000,1114668846130371/2000000000000000,True,False,all-64,primary,one_edit_per_image,64,0,unresolved,opposite_worlds,-117/64,95/64,-57/64,57/64
cell-0264,2775324583053589/5000000000000000,1114668846130371/2000000000000000,True,False,all-64,primary,one_edit_global,64,0,excluded,universal_bound,-17/64,-9/64,-15/64,-11/64
cell-0264,2775324583053589/5000000000000000,1114668846130371/2000000000000000,True,False,all-64,primary,current_strict,64,25,input_blocked,,,,,
cell-0264,2775324583053589/5000000000000000,1114668846130371/2000000000000000,True,False,all-64,primary,current_partial,64,0,unresolved,bound_gap,-45/64,15/64,-15/64,-1/64
cell-0264,2775324583053589/5000000000000000,1114668846130371/2000000000000000,True,False,all-64,primary,union_strict,64,36,input_blocked,,,,,
cell-0264,2775324583053589/5000000000000000,1114668846130371/2000000000000000,True,False,all-64,primary,union_partial,64,1,input_blocked,,,,,
cell-0265,1114668846130371/2000000000000000,5581982731819153/10000000000000000,True,False,all-64,primary,exact_projection,64,0,excluded,universal_bound,-7/32,-7/32,-7/32,-7/32
cell-0265,1114668846130371/2000000000000000,5581982731819153/10000000000000000,True,False,all-64,primary,one_edit_per_image,64,0,unresolved,opposite_worlds,-59/32,3/2,-29/32,29/32
cell-0265,1114668846130371/2000000000000000,5581982731819153/10000000000000000,True,False,all-64,primary,one_edit_global,64,0,excluded,universal_bound,-9/32,-5/32,-1/4,-3/16
cell-0265,1114668846130371/2000000000000000,5581982731819153/10000000000000000,True,False,all-64,primary,current_strict,64,25,input_blocked,,,,,
cell-0265,1114668846130371/2000000000000000,5581982731819153/10000000000000000,True,False,all-64,primary,current_partial,64,0,unresolved,bound_gap,-23/32,7/32,-1/4,-1/32
cell-0265,1114668846130371/2000000000000000,5581982731819153/10000000000000000,True,False,all-64,primary,union_strict,64,36,input_blocked,,,,,
cell-0265,1114668846130371/2000000000000000,5581982731819153/10000000000000000,True,False,all-64,primary,union_partial,64,1,input_blocked,,,,,
cell-0266,5581982731819153/10000000000000000,5592556595802307/10000000000000000,True,False,all-64,primary,exact_projection,64,0,excluded,universal_bound,-13/64,-13/64,-13/64,-13/64
cell-0266,5581982731819153/10000000000000000,5592556595802307/10000000000000000,True,False,all-64,primary,one_edit_per_image,64,0,unresolved,opposite_worlds,-117/64,97/64,-57/64,59/64
cell-0266,5581982731819153/10000000000000000,5592556595802307/10000000000000000,True,False,all-64,primary,one_edit_global,64,0,excluded,universal_bound,-17/64,-9/64,-15/64,-11/64
cell-0266,5581982731819153/10000000000000000,5592556595802307/10000000000000000,True,False,all-64,primary,current_strict,64,25,input_blocked,,,,,
cell-0266,5581982731819153/10000000000000000,5592556595802307/10000000000000000,True,False,all-64,primary,current_partial,64,0,unresolved,bound_gap,-45/64,15/64,-15/64,-1/64
cell-0266,5581982731819153/10000000000000000,5592556595802307/10000000000000000,True,False,all-64,primary,union_strict,64,36,input_blocked,,,,,
cell-0266,5581982731819153/10000000000000000,5592556595802307/10000000000000000,True,False,all-64,primary,union_partial,64,1,input_blocked,,,,,
cell-0267,5592556595802307/10000000000000000,5600090622901917/10000000000000000,True,False,all-64,primary,exact_projection,64,0,excluded,universal_bound,-7/32,-7/32,-7/32,-7/32
cell-0267,5592556595802307/10000000000000000,5600090622901917/10000000000000000,True,False,all-64,primary,one_edit_per_image,64,0,unresolved,opposite_worlds,-29/16,3/2,-29/32,29/32
cell-0267,5592556595802307/10000000000000000,5600090622901917/10000000000000000,True,False,all-64,primary,one_edit_global,64,0,excluded,universal_bound,-9/32,-5/32,-1/4,-3/16
cell-0267,5592556595802307/10000000000000000,5600090622901917/10000000000000000,True,False,all-64,primary,current_strict,64,25,input_blocked,,,,,
cell-0267,5592556595802307/10000000000000000,5600090622901917/10000000000000000,True,False,all-64,primary,current_partial,64,0,unresolved,bound_gap,-23/32,7/32,-1/4,-1/32
cell-0267,5592556595802307/10000000000000000,5600090622901917/10000000000000000,True,False,all-64,primary,union_strict,64,36,input_blocked,,,,,
cell-0267,5592556595802307/10000000000000000,5600090622901917/10000000000000000,True,False,all-64,primary,union_partial,64,1,input_blocked,,,,,
cell-0268,5600090622901917/10000000000000000,5610771775245667/10000000000000000,True,False,all-64,primary,exact_projection,64,0,excluded,universal_bound,-13/64,-13/64,-13/64,-13/64
cell-0268,5600090622901917/10000000000000000,5610771775245667/10000000000000000,True,False,all-64,primary,one_edit_per_image,64,0,unresolved,opposite_worlds,-115/64,97/64,-57/64,59/64
cell-0268,5600090622901917/10000000000000000,5610771775245667/10000000000000000,True,False,all-64,primary,one_edit_global,64,0,excluded,universal_bound,-17/64,-9/64,-15/64,-11/64
cell-0268,5600090622901917/10000000000000000,5610771775245667/10000000000000000,True,False,all-64,primary,current_strict,64,25,input_blocked,,,,,
cell-0268,5600090622901917/10000000000000000,5610771775245667/10000000000000000,True,False,all-64,primary,current_partial,64,0,unresolved,bound_gap,-45/64,15/64,-15/64,-1/64
cell-0268,5600090622901917/10000000000000000,5610771775245667/10000000000000000,True,False,all-64,primary,union_strict,64,36,input_blocked,,,,,
cell-0268,5600090622901917/10000000000000000,5610771775245667/10000000000000000,True,False,all-64,primary,union_partial,64,1,input_blocked,,,,,
cell-0269,5610771775245667/10000000000000000,5647768378257751/10000000000000000,True,False,all-64,primary,exact_projection,64,0,excluded,universal_bound,-3/16,-3/16,-3/16,-3/16
cell-0269,5610771775245667/10000000000000000,5647768378257751/10000000000000000,True,False,all-64,primary,one_edit_per_image,64,0,unresolved,opposite_worlds,-57/32,49/32,-7/8,15/16
cell-0269,5610771775245667/10000000000000000,5647768378257751/10000000000000000,True,False,all-64,primary,one_edit_global,64,0,excluded,universal_bound,-1/4,-1/8,-7/32,-5/32
cell-0269,5610771775245667/10000000000000000,5647768378257751/10000000000000000,True,False,all-64,primary,current_strict,64,25,input_blocked,,,,,
cell-0269,5610771775245667/10000000000000000,5647768378257751/10000000000000000,True,False,all-64,primary,current_partial,64,0,unresolved,bound_gap,-23/32,7/32,-7/32,-1/32
cell-0269,5610771775245667/10000000000000000,5647768378257751/10000000000000000,True,False,all-64,primary,union_strict,64,36,input_blocked,,,,,
cell-0269,5610771775245667/10000000000000000,5647768378257751/10000000000000000,True,False,all-64,primary,union_partial,64,1,input_blocked,,,,,
cell-0270,5647768378257751/10000000000000000,354287326335907/625000000000000,True,False,all-64,primary,exact_projection,64,0,excluded,universal_bound,-13/64,-13/64,-13/64,-13/64
cell-0270,5647768378257751/10000000000000000,354287326335907/625000000000000,True,False,all-64,primary,one_edit_per_image,64,0,unresolved,opposite_worlds,-113/64,97/64,-57/64,59/64
cell-0270,5647768378257751/10000000000000000,354287326335907/625000000000000,True,False,all-64,primary,one_edit_global,64,0,excluded,universal_bound,-17/64,-9/64,-15/64,-11/64
cell-0270,5647768378257751/10000000000000000,354287326335907/625000000000000,True,False,all-64,primary,current_strict,64,25,input_blocked,,,,,
cell-0270,5647768378257751/10000000000000000,354287326335907/625000000000000,True,False,all-64,primary,current_partial,64,0,unresolved,bound_gap,-47/64,13/64,-15/64,-3/64
cell-0270,5647768378257751/10000000000000000,354287326335907/625000000000000,True,False,all-64,primary,union_strict,64,36,input_blocked,,,,,
cell-0270,5647768378257751/10000000000000000,354287326335907/625000000000000,True,False,all-64,primary,union_partial,64,1,input_blocked,,,,,
cell-0271,354287326335907/625000000000000,1418313831090927/2500000000000000,True,False,all-64,primary,exact_projection,64,0,excluded,universal_bound,-3/16,-3/16,-3/16,-3/16
cell-0271,354287326335907/625000000000000,1418313831090927/2500000000000000,True,False,all-64,primary,one_edit_per_image,64,0,unresolved,opposite_worlds,-7/4,49/32,-7/8,15/16
cell-0271,354287326335907/625000000000000,1418313831090927/2500000000000000,True,False,all-64,primary,one_edit_global,64,0,excluded,universal_bound,-1/4,-1/8,-7/32,-5/32
cell-0271,354287326335907/625000000000000,1418313831090927/2500000000000000,True,False,all-64,primary,current_strict,64,25,input_blocked,,,,,
cell-0271,354287326335907/625000000000000,1418313831090927/2500000000000000,True,False,all-64,primary,current_partial,64,0,unresolved,bound_gap,-23/32,7/32,-7/32,-1/32
cell-0271,354287326335907/625000000000000,1418313831090927/2500000000000000,True,False,all-64,primary,union_strict,64,36,input_blocked,,,,,
cell-0271,354287326335907/625000000000000,1418313831090927/2500000000000000,True,False,all-64,primary,union_partial,64,1,input_blocked,,,,,
cell-0272,1418313831090927/2500000000000000,56803297996521/100000000000000,True,False,all-64,primary,exact_projection,64,0,excluded,universal_bound,-13/64,-13/64,-13/64,-13/64
cell-0272,1418313831090927/2500000000000000,56803297996521/100000000000000,True,False,all-64,primary,one_edit_per_image,64,0,unresolved,opposite_worlds,-113/64,97/64,-55/64,59/64
cell-0272,1418313831090927/2500000000000000,56803297996521/100000000000000,True,False,all-64,primary,one_edit_global,64,0,excluded,universal_bound,-17/64,-9/64,-15/64,-11/64
cell-0272,1418313831090927/2500000000000000,56803297996521/100000000000000,True,False,all-64,primary,current_strict,64,25,input_blocked,,,,,
cell-0272,1418313831090927/2500000000000000,56803297996521/100000000000000,True,False,all-64,primary,current_partial,64,0,unresolved,bound_gap,-47/64,13/64,-15/64,-3/64
cell-0272,1418313831090927/2500000000000000,56803297996521/100000000000000,True,False,all-64,primary,union_strict,64,36,input_blocked,,,,,
cell-0272,1418313831090927/2500000000000000,56803297996521/100000000000000,True,False,all-64,primary,union_partial,64,1,input_blocked,,,,,
cell-0273,56803297996521/100000000000000,5702518224716187/10000000000000000,True,False,all-64,primary,exact_projection,64,0,excluded,universal_bound,-7/32,-7/32,-7/32,-7/32
cell-0273,56803297996521/100000000000000,5702518224716187/10000000000000000,True,False,all-64,primary,one_edit_per_image,64,0,unresolved,opposite_worlds,-57/32,3/2,-7/8,29/32
cell-0273,56803297996521/100000000000000,5702518224716187/10000000000000000,True,False,all-64,primary,one_edit_global,64,0,excluded,universal_bound,-9/32,-5/32,-1/4,-3/16
cell-0273,56803297996521/100000000000000,5702518224716187/10000000000000000,True,False,all-64,primary,current_strict,64,25,input_blocked,,,,,
cell-0273,56803297996521/100000000000000,5702518224716187/10000000000000000,True,False,all-64,primary,current_partial,64,0,unresolved,bound_gap,-3/4,3/16,-1/4,-1/16
cell-0273,56803297996521/100000000000000,5702518224716187/10000000000000000,True,False,all-64,primary,union_strict,64,36,input_blocked,,,,,
cell-0273,56803297996521/100000000000000,5702518224716187/10000000000000000,True,False,all-64,primary,union_partial,64,1,input_blocked,,,,,
cell-0274,5702518224716187/10000000000000000,1142790675163269/2000000000000000,True,False,all-64,primary,exact_projection,64,0,excluded,universal_bound,-13/64,-13/64,-13/64,-13/64
cell-0274,5702518224716187/10000000000000000,1142790675163269/2000000000000000,True,False,all-64,primary,one_edit_per_image,64,0,unresolved,opposite_worlds,-113/64,97/64,-55/64,57/64
cell-0274,5702518224716187/10000000000000000,1142790675163269/2000000000000000,True,False,all-64,primary,one_edit_global,64,0,excluded,universal_bound,-17/64,-9/64,-15/64,-11/64
cell-0274,5702518224716187/10000000000000000,1142790675163269/2000000000000000,True,False,all-64,primary,current_strict,64,25,input_blocked,,,,,
cell-0274,5702518224716187/10000000000000000,1142790675163269/2000000000000000,True,False,all-64,primary,current_partial,64,0,unresolved,bound_gap,-47/64,13/64,-15/64,-3/64
cell-0274,5702518224716187/10000000000000000,1142790675163269/2000000000000000,True,False,all-64,primary,union_strict,64,36,input_blocked,,,,,
cell-0274,5702518224716187/10000000000000000,1142790675163269/2000000000000000,True,False,all-64,primary,union_partial,64,1,input_blocked,,,,,
cell-0275,1142790675163269/2000000000000000,178588405251503/312500000000000,True,False,all-64,primary,exact_projection,64,0,excluded,universal_bound,-7/32,-7/32,-7/32,-7/32
cell-0275,1142790675163269/2000000000000000,178588405251503/312500000000000,True,False,all-64,primary,one_edit_per_image,64,0,unresolved,opposite_worlds,-57/32,3/2,-27/32,7/8
cell-0275,1142790675163269/2000000000000000,178588405251503/312500000000000,True,False,all-64,primary,one_edit_global,64,0,excluded,universal_bound,-9/32,-5/32,-1/4,-3/16
cell-0275,1142790675163269/2000000000000000,178588405251503/312500000000000,True,False,all-64,primary,current_strict,64,25,input_blocked,,,,,
cell-0275,1142790675163269/2000000000000000,178588405251503/312500000000000,True,False,all-64,primary,current_partial,64,0,unresolved,bound_gap,-3/4,3/16,-1/4,-1/16
cell-0275,1142790675163269/2000000000000000,178588405251503/312500000000000,True,False,all-64,primary,union_strict,64,36,input_blocked,,,,,
cell-0275,1142790675163269/2000000000000000,178588405251503/312500000000000,True,False,all-64,primary,union_partial,64,1,input_blocked,,,,,
cell-0276,178588405251503/312500000000000,2866581380367279/5000000000000000,True,False,all-64,primary,exact_projection,64,0,excluded,universal_bound,-13/64,-13/64,-13/64,-13/64
cell-0276,178588405251503/312500000000000,2866581380367279/5000000000000000,True,False,all-64,primary,one_edit_per_image,64,0,unresolved,opposite_worlds,-113/64,95/64,-53/64,57/64
cell-0276,178588405251503/312500000000000,2866581380367279/5000000000000000,True,False,all-64,primary,one_edit_global,64,0,excluded,universal_bound,-17/64,-9/64,-15/64,-11/64
cell-0276,178588405251503/312500000000000,2866581380367279/5000000000000000,True,False,all-64,primary,current_strict,64,25,input_blocked,,,,,
cell-0276,178588405251503/312500000000000,2866581380367279/5000000000000000,True,False,all-64,primary,current_partial,64,0,unresolved,bound_gap,-47/64,13/64,-15/64,-3/64
cell-0276,178588405251503/312500000000000,2866581380367279/5000000000000000,True,False,all-64,primary,union_strict,64,36,input_blocked,,,,,
cell-0276,178588405251503/312500000000000,2866581380367279/5000000000000000,True,False,all-64,primary,union_partial,64,1,input_blocked,,,,,
cell-0277,2866581380367279/5000000000000000,5767287015914917/10000000000000000,True,False,all-64,primary,exact_projection,64,0,excluded,universal_bound,-7/32,-7/32,-7/32,-7/32
cell-0277,2866581380367279/5000000000000000,5767287015914917/10000000000000000,True,False,all-64,primary,one_edit_per_image,64,0,unresolved,opposite_worlds,-57/32,47/32,-13/16,7/8
cell-0277,2866581380367279/5000000000000000,5767287015914917/10000000000000000,True,False,all-64,primary,one_edit_global,64,0,excluded,universal_bound,-9/32,-5/32,-1/4,-3/16
cell-0277,2866581380367279/5000000000000000,5767287015914917/10000000000000000,True,False,all-64,primary,current_strict,64,25,input_blocked,,,,,
cell-0277,2866581380367279/5000000000000000,5767287015914917/10000000000000000,True,False,all-64,primary,current_partial,64,0,unresolved,bound_gap,-3/4,3/16,-1/4,-1/16
cell-0277,2866581380367279/5000000000000000,5767287015914917/10000000000000000,True,False,all-64,primary,union_strict,64,36,input_blocked,,,,,
cell-0277,2866581380367279/5000000000000000,5767287015914917/10000000000000000,True,False,all-64,primary,union_partial,64,1,input_blocked,,,,,
cell-0278,5767287015914917/10000000000000000,2887473404407501/5000000000000000,True,False,all-64,primary,exact_projection,64,0,excluded,universal_bound,-13/64,-13/64,-13/64,-13/64
cell-0278,5767287015914917/10000000000000000,2887473404407501/5000000000000000,True,False,all-64,primary,one_edit_per_image,64,0,unresolved,opposite_worlds,-113/64,93/64,-51/64,55/64
cell-0278,5767287015914917/10000000000000000,2887473404407501/5000000000000000,True,False,all-64,primary,one_edit_global,64,0,excluded,universal_bound,-17/64,-9/64,-15/64,-11/64
cell-0278,5767287015914917/10000000000000000,2887473404407501/5000000000000000,True,False,all-64,primary,current_strict,64,25,input_blocked,,,,,
cell-0278,5767287015914917/10000000000000000,2887473404407501/5000000000000000,True,False,all-64,primary,current_partial,64,0,unresolved,bound_gap,-47/64,13/64,-15/64,-3/64
cell-0278,5767287015914917/10000000000000000,2887473404407501/5000000000000000,True,False,all-64,primary,union_strict,64,36,input_blocked,,,,,
cell-0278,5767287015914917/10000000000000000,2887473404407501/5000000000000000,True,False,all-64,primary,union_partial,64,1,input_blocked,,,,,
cell-0279,2887473404407501/5000000000000000,5775716304779053/10000000000000000,True,False,all-64,primary,exact_projection,64,0,excluded,universal_bound,-7/32,-7/32,-7/32,-7/32
cell-0279,2887473404407501/5000000000000000,5775716304779053/10000000000000000,True,False,all-64,primary,one_edit_per_image,64,0,unresolved,opposite_worlds,-57/32,23/16,-13/16,27/32
cell-0279,2887473404407501/5000000000000000,5775716304779053/10000000000000000,True,False,all-64,primary,one_edit_global,64,0,excluded,universal_bound,-9/32,-5/32,-1/4,-3/16
cell-0279,2887473404407501/5000000000000000,5775716304779053/10000000000000000,True,False,all-64,primary,current_strict,64,25,input_blocked,,,,,
cell-0279,2887473404407501/5000000000000000,5775716304779053/10000000000000000,True,False,all-64,primary,current_partial,64,0,unresolved,bound_gap,-23/32,3/16,-1/4,-1/16
cell-0279,2887473404407501/5000000000000000,5775716304779053/10000000000000000,True,False,all-64,primary,union_strict,64,36,input_blocked,,,,,
cell-0279,2887473404407501/5000000000000000,5775716304779053/10000000000000000,True,False,all-64,primary,union_partial,64,1,input_blocked,,,,,
cell-0280,5775716304779053/10000000000000000,362093411386013/625000000000000,True,False,all-64,primary,exact_projection,64,0,excluded,universal_bound,-13/64,-13/64,-13/64,-13/64
cell-0280,5775716304779053/10000000000000000,362093411386013/625000000000000,True,False,all-64,primary,one_edit_per_image,64,0,unresolved,opposite_worlds,-113/64,93/64,-51/64,53/64
cell-0280,5775716304779053/10000000000000000,362093411386013/625000000000000,True,False,all-64,primary,one_edit_global,64,0,excluded,universal_bound,-17/64,-9/64,-15/64,-11/64
cell-0280,5775716304779053/10000000000000000,362093411386013/625000000000000,True,False,all-64,primary,current_strict,64,25,input_blocked,,,,,
cell-0280,5775716304779053/10000000000000000,362093411386013/625000000000000,True,False,all-64,primary,current_partial,64,0,unresolved,bound_gap,-45/64,13/64,-15/64,-3/64
cell-0280,5775716304779053/10000000000000000,362093411386013/625000000000000,True,False,all-64,primary,union_strict,64,36,input_blocked,,,,,
cell-0280,5775716304779053/10000000000000000,362093411386013/625000000000000,True,False,all-64,primary,union_partial,64,1,input_blocked,,,,,
cell-0281,362093411386013/625000000000000,5803796648979187/10000000000000000,True,False,all-64,primary,exact_projection,64,0,excluded,universal_bound,-3/16,-3/16,-3/16,-3/16
cell-0281,362093411386013/625000000000000,5803796648979187/10000000000000000,True,False,all-64,primary,one_edit_per_image,64,0,unresolved,opposite_worlds,-7/4,23/16,-25/32,13/16
cell-0281,362093411386013/625000000000000,5803796648979187/10000000000000000,True,False,all-64,primary,one_edit_global,64,0,excluded,universal_bound,-1/4,-1/8,-7/32,-5/32
cell-0281,362093411386013/625000000000000,5803796648979187/10000000000000000,True,False,all-64,primary,current_strict,64,25,input_blocked,,,,,
cell-0281,362093411386013/625000000000000,5803796648979187/10000000000000000,True,False,all-64,primary,current_partial,64,0,unresolved,bound_gap,-11/16,7/32,-7/32,-1/32
cell-0281,362093411386013/625000000000000,5803796648979187/10000000000000000,True,False,all-64,primary,union_strict,64,36,input_blocked,,,,,
cell-0281,362093411386013/625000000000000,5803796648979187/10000000000000000,True,False,all-64,primary,union_partial,64,1,input_blocked,,,,,
cell-0282,5803796648979187/10000000000000000,1452144980430603/2500000000000000,True,False,all-64,primary,exact_projection,64,0,excluded,universal_bound,-11/64,-11/64,-11/64,-11/64
cell-0282,5803796648979187/10000000000000000,1452144980430603/2500000000000000,True,False,all-64,primary,one_edit_per_image,64,0,unresolved,opposite_worlds,-111/64,93/64,-49/64,53/64
cell-0282,5803796648979187/10000000000000000,1452144980430603/2500000000000000,True,False,all-64,primary,one_edit_global,64,0,excluded,universal_bound,-15/64,-7/64,-13/64,-9/64
cell-0282,5803796648979187/10000000000000000,1452144980430603/2500000000000000,True,False,all-64,primary,current_strict,64,25,input_blocked,,,,,
cell-0282,5803796648979187/10000000000000000,1452144980430603/2500000000000000,True,False,all-64,primary,current_partial,64,0,unresolved,bound_gap,-43/64,15/64,-13/64,-1/64
cell-0282,5803796648979187/10000000000000000,1452144980430603/2500000000000000,True,False,all-64,primary,union_strict,64,36,input_blocked,,,,,
cell-0282,5803796648979187/10000000000000000,1452144980430603/2500000000000000,True,False,all-64,primary,union_partial,64,1,input_blocked,,,,,
cell-0283,1452144980430603/2500000000000000,5809666514396667/10000000000000000,True,False,all-64,primary,exact_projection,64,0,excluded,universal_bound,-3/16,-3/16,-3/16,-3/16
cell-0283,1452144980430603/2500000000000000,5809666514396667/10000000000000000,True,False,all-64,primary,one_edit_per_image,64,0,unresolved,opposite_worlds,-55/32,23/16,-3/4,13/16
cell-0283,1452144980430603/2500000000000000,5809666514396667/10000000000000000,True,False,all-64,primary,one_edit_global,64,0,excluded,universal_bound,-1/4,-1/8,-7/32,-5/32
cell-0283,1452144980430603/2500000000000000,5809666514396667/10000000000000000,True,False,all-64,primary,current_strict,64,25,input_blocked,,,,,
cell-0283,1452144980430603/2500000000000000,5809666514396667/10000000000000000,True,False,all-64,primary,current_partial,64,0,unresolved,bound_gap,-11/16,7/32,-7/32,-1/32
cell-0283,1452144980430603/2500000000000000,5809666514396667/10000000000000000,True,False,all-64,primary,union_strict,64,36,input_blocked,,,,,
cell-0283,1452144980430603/2500000000000000,5809666514396667/10000000000000000,True,False,all-64,primary,union_partial,64,1,input_blocked,,,,,
cell-0284,5809666514396667/10000000000000000,364619642496109/625000000000000,True,False,all-64,primary,exact_projection,64,0,excluded,universal_bound,-11/64,-11/64,-11/64,-11/64
cell-0284,5809666514396667/10000000000000000,364619642496109/625000000000000,True,False,all-64,primary,one_edit_per_image,64,0,unresolved,opposite_worlds,-109/64,93/64,-47/64,53/64
cell-0284,5809666514396667/10000000000000000,364619642496109/625000000000000,True,False,all-64,primary,one_edit_global,64,0,excluded,universal_bound,-15/64,-7/64,-13/64,-9/64
cell-0284,5809666514396667/10000000000000000,364619642496109/625000000000000,True,False,all-64,primary,current_strict,64,25,input_blocked,,,,,
cell-0284,5809666514396667/10000000000000000,364619642496109/625000000000000,True,False,all-64,primary,current_partial,64,0,unresolved,bound_gap,-43/64,15/64,-13/64,-1/64
cell-0284,5809666514396667/10000000000000000,364619642496109/625000000000000,True,False,all-64,primary,union_strict,64,36,input_blocked,,,,,
cell-0284,5809666514396667/10000000000000000,364619642496109/625000000000000,True,False,all-64,primary,union_partial,64,1,input_blocked,,,,,
cell-0285,364619642496109/625000000000000,1463649868965149/2500000000000000,True,False,all-64,primary,exact_projection,64,0,excluded,universal_bound,-3/16,-3/16,-3/16,-3/16
cell-0285,364619642496109/625000000000000,1463649868965149/2500000000000000,True,False,all-64,primary,one_edit_per_image,64,0,unresolved,opposite_worlds,-55/32,23/16,-23/32,13/16
cell-0285,364619642496109/625000000000000,1463649868965149/2500000000000000,True,False,all-64,primary,one_edit_global,64,0,excluded,universal_bound,-1/4,-1/8,-7/32,-5/32
cell-0285,364619642496109/625000000000000,1463649868965149/2500000000000000,True,False,all-64,primary,current_strict,64,25,input_blocked,,,,,
cell-0285,364619642496109/625000000000000,1463649868965149/2500000000000000,True,False,all-64,primary,current_partial,64,0,unresolved,bound_gap,-11/16,7/32,-7/32,-1/32
cell-0285,364619642496109/625000000000000,1463649868965149/2500000000000000,True,False,all-64,primary,union_strict,64,36,input_blocked,,,,,
cell-0285,364619642496109/625000000000000,1463649868965149/2500000000000000,True,False,all-64,primary,union_partial,64,1,input_blocked,,,,,
cell-0286,1463649868965149/2500000000000000,589573860168457/1000000000000000,True,False,all-64,primary,exact_projection,64,0,excluded,universal_bound,-11/64,-11/64,-11/64,-11/64
cell-0286,1463649868965149/2500000000000000,589573860168457/1000000000000000,True,False,all-64,primary,one_edit_per_image,64,0,unresolved,opposite_worlds,-109/64,91/64,-45/64,53/64
cell-0286,1463649868965149/2500000000000000,589573860168457/1000000000000000,True,False,all-64,primary,one_edit_global,64,0,excluded,universal_bound,-15/64,-7/64,-13/64,-9/64
cell-0286,1463649868965149/2500000000000000,589573860168457/1000000000000000,True,False,all-64,primary,current_strict,64,25,input_blocked,,,,,
cell-0286,1463649868965149/2500000000000000,589573860168457/1000000000000000,True,False,all-64,primary,current_partial,64,0,unresolved,bound_gap,-43/64,15/64,-13/64,-1/64
cell-0286,1463649868965149/2500000000000000,589573860168457/1000000000000000,True,False,all-64,primary,union_strict,64,36,input_blocked,,,,,
cell-0286,1463649868965149/2500000000000000,589573860168457/1000000000000000,True,False,all-64,primary,union_partial,64,1,input_blocked,,,,,
cell-0287,589573860168457/1000000000000000,1182247519493103/2000000000000000,True,False,all-64,primary,exact_projection,64,0,excluded,universal_bound,-5/32,-5/32,-5/32,-5/32
cell-0287,589573860168457/1000000000000000,1182247519493103/2000000000000000,True,False,all-64,primary,one_edit_per_image,64,0,unresolved,opposite_worlds,-27/16,23/16,-23/32,27/32
cell-0287,589573860168457/1000000000000000,1182247519493103/2000000000000000,True,False,all-64,primary,one_edit_global,64,0,excluded,universal_bound,-7/32,-3/32,-3/16,-1/8
cell-0287,589573860168457/1000000000000000,1182247519493103/2000000000000000,True,False,all-64,primary,current_strict,64,25,input_blocked,,,,,
cell-0287,589573860168457/1000000000000000,1182247519493103/2000000000000000,True,False,all-64,primary,current_partial,64,0,unresolved,bound_gap,-21/32,1/4,-3/16,0
cell-0287,589573860168457/1000000000000000,1182247519493103/2000000000000000,True,False,all-64,primary,union_strict,64,36,input_blocked,,,,,
cell-0287,589573860168457/1000000000000000,1182247519493103/2000000000000000,True,False,all-64,primary,union_partial,64,1,input_blocked,,,,,
cell-0288,1182247519493103/2000000000000000,5923551917076111/10000000000000000,True,False,all-64,primary,exact_projection,64,0,excluded,universal_bound,-11/64,-11/64,-11/64,-11/64
cell-0288,1182247519493103/2000000000000000,5923551917076111/10000000000000000,True,False,all-64,primary,one_edit_per_image,64,0,unresolved,opposite_worlds,-107/64,91/64,-47/64,53/64
cell-0288,1182247519493103/2000000000000000,5923551917076111/10000000000000000,True,False,all-64,primary,one_edit_global,64,0,excluded,universal_bound,-15/64,-7/64,-13/64,-9/64
cell-0288,1182247519493103/2000000000000000,5923551917076111/10000000000000000,True,False,all-64,primary,current_strict,64,25,input_blocked,,,,,
cell-0288,1182247519493103/2000000000000000,5923551917076111/10000000000000000,True,False,all-64,primary,current_partial,64,0,unresolved,bound_gap,-43/64,15/64,-13/64,-1/64
cell-0288,1182247519493103/2000000000000000,5923551917076111/10000000000000000,True,False,all-64,primary,union_strict,64,36,input_blocked,,,,,
cell-0288,1182247519493103/2000000000000000,5923551917076111/10000000000000000,True,False,all-64,primary,union_partial,64,1,input_blocked,,,,,
cell-0289,5923551917076111/10000000000000000,2972254753112793/5000000000000000,True,False,all-64,primary,exact_projection,64,0,excluded,universal_bound,-3/16,-3/16,-3/16,-3/16
cell-0289,5923551917076111/10000000000000000,2972254753112793/5000000000000000,True,False,all-64,primary,one_edit_per_image,64,0,unresolved,opposite_worlds,-27/16,45/32,-3/4,13/16
cell-0289,5923551917076111/10000000000000000,2972254753112793/5000000000000000,True,False,all-64,primary,one_edit_global,64,0,excluded,universal_bound,-1/4,-1/8,-7/32,-5/32
cell-0289,5923551917076111/10000000000000000,2972254753112793/5000000000000000,True,False,all-64,primary,current_strict,64,25,input_blocked,,,,,
cell-0289,5923551917076111/10000000000000000,2972254753112793/5000000000000000,True,False,all-64,primary,current_partial,64,0,unresolved,bound_gap,-11/16,7/32,-7/32,-1/32
cell-0289,5923551917076111/10000000000000000,2972254753112793/5000000000000000,True,False,all-64,primary,union_strict,64,36,input_blocked,,,,,
cell-0289,5923551917076111/10000000000000000,2972254753112793/5000000000000000,True,False,all-64,primary,union_partial,64,1,input_blocked,,,,,
cell-0290,2972254753112793/5000000000000000,2977446913719177/5000000000000000,True,False,all-64,primary,exact_projection,64,0,excluded,universal_bound,-13/64,-13/64,-13/64,-13/64
cell-0290,2972254753112793/5000000000000000,2977446913719177/5000000000000000,True,False,all-64,primary,one_edit_per_image,64,0,unresolved,opposite_worlds,-109/64,89/64,-49/64,51/64
cell-0290,2972254753112793/5000000000000000,2977446913719177/5000000000000000,True,False,all-64,primary,one_edit_global,64,0,excluded,universal_bound,-17/64,-9/64,-15/64,-11/64
cell-0290,2972254753112793/5000000000000000,2977446913719177/5000000000000000,True,False,all-64,primary,current_strict,64,25,input_blocked,,,,,
cell-0290,2972254753112793/5000000000000000,2977446913719177/5000000000000000,True,False,all-64,primary,current_partial,64,0,unresolved,bound_gap,-45/64,13/64,-15/64,-3/64
cell-0290,2972254753112793/5000000000000000,2977446913719177/5000000000000000,True,False,all-64,primary,union_strict,64,36,input_blocked,,,,,
cell-0290,2972254753112793/5000000000000000,2977446913719177/5000000000000000,True,False,all-64,primary,union_partial,64,1,input_blocked,,,,,
cell-0291,2977446913719177/5000000000000000,1192111849784851/2000000000000000,True,False,all-64,primary,exact_projection,64,0,excluded,universal_bound,-3/16,-3/16,-3/16,-3/16
cell-0291,2977446913719177/5000000000000000,1192111849784851/2000000000000000,True,False,all-64,primary,one_edit_per_image,64,0,unresolved,opposite_worlds,-27/16,45/32,-3/4,13/16
cell-0291,2977446913719177/5000000000000000,1192111849784851/2000000000000000,True,False,all-64,primary,one_edit_global,64,0,excluded,universal_bound,-1/4,-1/8,-7/32,-5/32
cell-0291,2977446913719177/5000000000000000,1192111849784851/2000000000000000,True,False,all-64,primary,current_strict,64,25,input_blocked,,,,,
cell-0291,2977446913719177/5000000000000000,1192111849784851/2000000000000000,True,False,all-64,primary,current_partial,64,0,unresolved,bound_gap,-11/16,7/32,-7/32,-1/32
cell-0291,2977446913719177/5000000000000000,1192111849784851/2000000000000000,True,False,all-64,primary,union_strict,64,36,input_blocked,,,,,
cell-0291,2977446913719177/5000000000000000,1192111849784851/2000000000000000,True,False,all-64,primary,union_partial,64,1,input_blocked,,,,,
cell-0292,1192111849784851/2000000000000000,2992924749851227/5000000000000000,True,False,all-64,primary,exact_projection,64,0,excluded,universal_bound,-13/64,-13/64,-13/64,-13/64
cell-0292,1192111849784851/2000000000000000,2992924749851227/5000000000000000,True,False,all-64,primary,one_edit_per_image,64,0,unresolved,opposite_worlds,-109/64,89/64,-49/64,51/64
cell-0292,1192111849784851/2000000000000000,2992924749851227/5000000000000000,True,False,all-64,primary,one_edit_global,64,0,excluded,universal_bound,-17/64,-9/64,-15/64,-11/64
cell-0292,1192111849784851/2000000000000000,2992924749851227/5000000000000000,True,False,all-64,primary,current_strict,64,25,input_blocked,,,,,
cell-0292,1192111849784851/2000000000000000,2992924749851227/5000000000000000,True,False,all-64,primary,current_partial,64,0,unresolved,bound_gap,-43/64,13/64,-15/64,-3/64
cell-0292,1192111849784851/2000000000000000,2992924749851227/5000000000000000,True,False,all-64,primary,union_strict,64,36,input_blocked,,,,,
cell-0292,1192111849784851/2000000000000000,2992924749851227/5000000000000000,True,False,all-64,primary,union_partial,64,1,input_blocked,,,,,
cell-0293,2992924749851227/5000000000000000,1197575330734253/2000000000000000,True,False,all-64,primary,exact_projection,64,0,excluded,universal_bound,-7/32,-7/32,-7/32,-7/32
cell-0293,2992924749851227/5000000000000000,1197575330734253/2000000000000000,True,False,all-64,primary,one_edit_per_image,64,0,unresolved,opposite_worlds,-55/32,11/8,-3/4,25/32
cell-0293,2992924749851227/5000000000000000,1197575330734253/2000000000000000,True,False,all-64,primary,one_edit_global,64,0,excluded,universal_bound,-9/32,-5/32,-1/4,-3/16
cell-0293,2992924749851227/5000000000000000,1197575330734253/2000000000000000,True,False,all-64,primary,current_strict,64,25,input_blocked,,,,,
cell-0293,2992924749851227/5000000000000000,1197575330734253/2000000000000000,True,False,all-64,primary,current_partial,64,0,unresolved,bound_gap,-11/16,3/16,-1/4,-1/16
cell-0293,2992924749851227/5000000000000000,1197575330734253/2000000000000000,True,False,all-64,primary,union_strict,64,36,input_blocked,,,,,
cell-0293,2992924749851227/5000000000000000,1197575330734253/2000000000000000,True,False,all-64,primary,union_partial,64,1,input_blocked,,,,,
cell-0294,1197575330734253/2000000000000000,299671471118927/500000000000000,True,False,all-64,primary,exact_projection,64,0,excluded,universal_bound,-13/64,-13/64,-13/64,-13/64
cell-0294,1197575330734253/2000000000000000,299671471118927/500000000000000,True,False,all-64,primary,one_edit_per_image,64,0,unresolved,opposite_worlds,-109/64,87/64,-47/64,49/64
cell-0294,1197575330734253/2000000000000000,299671471118927/500000000000000,True,False,all-64,primary,one_edit_global,64,0,excluded,universal_bound,-17/64,-9/64,-15/64,-11/64
cell-0294,1197575330734253/2000000000000000,299671471118927/500000000000000,True,False,all-64,primary,current_strict,64,25,input_blocked,,,,,
cell-0294,1197575330734253/2000000000000000,299671471118927/500000000000000,True,False,all-64,primary,current_partial,64,0,unresolved,bound_gap,-43/64,13/64,-15/64,-3/64
cell-0294,1197575330734253/2000000000000000,299671471118927/500000000000000,True,False,all-64,primary,union_strict,64,36,input_blocked,,,,,
cell-0294,1197575330734253/2000000000000000,299671471118927/500000000000000,True,False,all-64,primary,union_partial,64,1,input_blocked,,,,,
cell-0295,299671471118927/500000000000000,5994065403938293/10000000000000000,True,False,all-64,primary,exact_projection,64,0,excluded,universal_bound,-3/16,-3/16,-3/16,-3/16
cell-0295,299671471118927/500000000000000,5994065403938293/10000000000000000,True,False,all-64,primary,one_edit_per_image,64,0,unresolved,opposite_worlds,-27/16,11/8,-23/32,25/32
cell-0295,299671471118927/500000000000000,5994065403938293/10000000000000000,True,False,all-64,primary,one_edit_global,64,0,excluded,universal_bound,-1/4,-1/8,-7/32,-5/32
cell-0295,299671471118927/500000000000000,5994065403938293/10000000000000000,True,False,all-64,primary,current_strict,64,25,input_blocked,,,,,
cell-0295,299671471118927/500000000000000,5994065403938293/10000000000000000,True,False,all-64,primary,current_partial,64,0,unresolved,bound_gap,-21/32,7/32,-7/32,-1/32
cell-0295,299671471118927/500000000000000,5994065403938293/10000000000000000,True,False,all-64,primary,union_strict,64,36,input_blocked,,,,,
cell-0295,299671471118927/500000000000000,5994065403938293/10000000000000000,True,False,all-64,primary,union_partial,64,1,input_blocked,,,,,
cell-0296,5994065403938293/10000000000000000,5998275876045227/10000000000000000,True,False,all-64,primary,exact_projection,64,0,excluded,universal_bound,-13/64,-13/64,-13/64,-13/64
cell-0296,5994065403938293/10000000000000000,5998275876045227/10000000000000000,True,False,all-64,primary,one_edit_per_image,64,0,unresolved,opposite_worlds,-109/64,89/64,-47/64,49/64
cell-0296,5994065403938293/10000000000000000,5998275876045227/10000000000000000,True,False,all-64,primary,one_edit_global,64,0,excluded,universal_bound,-17/64,-9/64,-15/64,-11/64
cell-0296,5994065403938293/10000000000000000,5998275876045227/10000000000000000,True,False,all-64,primary,current_strict,64,25,input_blocked,,,,,
cell-0296,5994065403938293/10000000000000000,5998275876045227/10000000000000000,True,False,all-64,primary,current_partial,64,0,unresolved,bound_gap,-43/64,13/64,-15/64,-3/64
cell-0296,5994065403938293/10000000000000000,5998275876045227/10000000000000000,True,False,all-64,primary,union_strict,64,36,input_blocked,,,,,
cell-0296,5994065403938293/10000000000000000,5998275876045227/10000000000000000,True,False,all-64,primary,union_partial,64,1,input_blocked,,,,,
cell-0297,5998275876045227/10000000000000000,6007465124130249/10000000000000000,True,False,all-64,primary,exact_projection,64,0,excluded,universal_bound,-7/32,-7/32,-7/32,-7/32
cell-0297,5998275876045227/10000000000000000,6007465124130249/10000000000000000,True,False,all-64,primary,one_edit_per_image,64,0,unresolved,opposite_worlds,-55/32,11/8,-23/32,3/4
cell-0297,5998275876045227/10000000000000000,6007465124130249/10000000000000000,True,False,all-64,primary,one_edit_global,64,0,excluded,universal_bound,-9/32,-5/32,-1/4,-3/16
cell-0297,5998275876045227/10000000000000000,6007465124130249/10000000000000000,True,False,all-64,primary,current_strict,64,25,input_blocked,,,,,
cell-0297,5998275876045227/10000000000000000,6007465124130249/10000000000000000,True,False,all-64,primary,current_partial,64,0,unresolved,bound_gap,-11/16,3/16,-1/4,-1/16
cell-0297,5998275876045227/10000000000000000,6007465124130249/10000000000000000,True,False,all-64,primary,union_strict,64,36,input_blocked,,,,,
cell-0297,5998275876045227/10000000000000000,6007465124130249/10000000000000000,True,False,all-64,primary,union_partial,64,1,input_blocked,,,,,
cell-0298,6007465124130249/10000000000000000,6025742888450623/10000000000000000,True,False,all-64,primary,exact_projection,64,0,excluded,universal_bound,-15/64,-15/64,-15/64,-15/64
cell-0298,6007465124130249/10000000000000000,6025742888450623/10000000000000000,True,False,all-64,primary,one_edit_per_image,64,0,unresolved,opposite_worlds,-111/64,87/64,-47/64,47/64
cell-0298,6007465124130249/10000000000000000,6025742888450623/10000000000000000,True,False,all-64,primary,one_edit_global,64,0,excluded,universal_bound,-19/64,-11/64,-17/64,-13/64
cell-0298,6007465124130249/10000000000000000,6025742888450623/10000000000000000,True,False,all-64,primary,current_strict,64,25,input_blocked,,,,,
cell-0298,6007465124130249/10000000000000000,6025742888450623/10000000000000000,True,False,all-64,primary,current_partial,64,0,unresolved,bound_gap,-45/64,11/64,-17/64,-5/64
cell-0298,6007465124130249/10000000000000000,6025742888450623/10000000000000000,True,False,all-64,primary,union_strict,64,36,input_blocked,,,,,
cell-0298,6007465124130249/10000000000000000,6025742888450623/10000000000000000,True,False,all-64,primary,union_partial,64,1,input_blocked,,,,,
cell-0299,6025742888450623/10000000000000000,3023161292076111/5000000000000000,True,False,all-64,primary,exact_projection,64,0,excluded,universal_bound,-7/32,-7/32,-7/32,-7/32
cell-0299,6025742888450623/10000000000000000,3023161292076111/5000000000000000,True,False,all-64,primary,one_edit_per_image,64,0,unresolved,opposite_worlds,-55/32,43/32,-23/32,23/32
cell-0299,6025742888450623/10000000000000000,3023161292076111/5000000000000000,True,False,all-64,primary,one_edit_global,64,0,excluded,universal_bound,-9/32,-5/32,-1/4,-3/16
cell-0299,6025742888450623/10000000000000000,3023161292076111/5000000000000000,True,False,all-64,primary,current_strict,64,25,input_blocked,,,,,
cell-0299,6025742888450623/10000000000000000,3023161292076111/5000000000000000,True,False,all-64,primary,current_partial,64,0,unresolved,bound_gap,-11/16,3/16,-1/4,-1/16
cell-0299,6025742888450623/10000000000000000,3023161292076111/5000000000000000,True,False,all-64,primary,union_strict,64,36,input_blocked,,,,,
cell-0299,6025742888450623/10000000000000000,3023161292076111/5000000000000000,True,False,all-64,primary,union_partial,64,1,input_blocked,,,,,
cell-0300,3023161292076111/5000000000000000,6048392653465271/10000000000000000,True,False,all-64,primary,exact_projection,64,0,excluded,universal_bound,-15/64,-15/64,-15/64,-15/64
cell-0300,3023161292076111/5000000000000000,6048392653465271/10000000000000000,True,False,all-64,primary,one_edit_per_image,64,0,unresolved,opposite_worlds,-111/64,85/64,-47/64,45/64
cell-0300,3023161292076111/5000000000000000,6048392653465271/10000000000000000,True,False,all-64,primary,one_edit_global,64,0,excluded,universal_bound,-19/64,-11/64,-17/64,-13/64
cell-0300,3023161292076111/5000000000000000,6048392653465271/10000000000000000,True,False,all-64,primary,current_strict,64,25,input_blocked,,,,,
cell-0300,3023161292076111/5000000000000000,6048392653465271/10000000000000000,True,False,all-64,primary,current_partial,64,0,unresolved,bound_gap,-43/64,11/64,-17/64,-5/64
cell-0300,3023161292076111/5000000000000000,6048392653465271/10000000000000000,True,False,all-64,primary,union_strict,64,36,input_blocked,,,,,
cell-0300,3023161292076111/5000000000000000,6048392653465271/10000000000000000,True,False,all-64,primary,union_partial,64,1,input_blocked,,,,,
cell-0301,6048392653465271/10000000000000000,605260968208313/1000000000000000,True,False,all-64,primary,exact_projection,64,0,excluded,universal_bound,-1/4,-1/4,-1/4,-1/4
cell-0301,6048392653465271/10000000000000000,605260968208313/1000000000000000,True,False,all-64,primary,one_edit_per_image,64,0,unresolved,opposite_worlds,-7/4,43/32,-3/4,11/16
cell-0301,6048392653465271/10000000000000000,605260968208313/1000000000000000,True,False,all-64,primary,one_edit_global,64,0,excluded,universal_bound,-5/16,-3/16,-9/32,-7/32
cell-0301,6048392653465271/10000000000000000,605260968208313/1000000000000000,True,False,all-64,primary,current_strict,64,25,input_blocked,,,,,
cell-0301,6048392653465271/10000000000000000,605260968208313/1000000000000000,True,False,all-64,primary,current_partial,64,0,unresolved,bound_gap,-11/16,5/32,-9/32,-3/32
cell-0301,6048392653465271/10000000000000000,605260968208313/1000000000000000,True,False,all-64,primary,union_strict,64,36,input_blocked,,,,,
cell-0301,6048392653465271/10000000000000000,605260968208313/1000000000000000,True,False,all-64,primary,union_partial,64,1,input_blocked,,,,,
cell-0302,605260968208313/1000000000000000,6059466600418091/10000000000000000,True,False,all-64,primary,exact_projection,64,0,excluded,universal_bound,-15/64,-15/64,-15/64,-15/64
cell-0302,605260968208313/1000000000000000,6059466600418091/10000000000000000,True,False,all-64,primary,one_edit_per_image,64,0,unresolved,opposite_worlds,-111/64,85/64,-47/64,45/64
cell-0302,605260968208313/1000000000000000,6059466600418091/10000000000000000,True,False,all-64,primary,one_edit_global,64,0,excluded,universal_bound,-19/64,-11/64,-17/64,-13/64
cell-0302,605260968208313/1000000000000000,6059466600418091/10000000000000000,True,False,all-64,primary,current_strict,64,25,input_blocked,,,,,
cell-0302,605260968208313/1000000000000000,6059466600418091/10000000000000000,True,False,all-64,primary,current_partial,64,0,unresolved,bound_gap,-43/64,9/64,-17/64,-5/64
cell-0302,605260968208313/1000000000000000,6059466600418091/10000000000000000,True,False,all-64,primary,union_strict,64,36,input_blocked,,,,,
cell-0302,605260968208313/1000000000000000,6059466600418091/10000000000000000,True,False,all-64,primary,union_partial,64,1,input_blocked,,,,,
cell-0303,6059466600418091/10000000000000000,6064798831939697/10000000000000000,True,False,all-64,primary,exact_projection,64,0,excluded,universal_bound,-7/32,-7/32,-7/32,-7/32
cell-0303,6059466600418091/10000000000000000,6064798831939697/10000000000000000,True,False,all-64,primary,one_edit_per_image,64,0,unresolved,opposite_worlds,-55/32,43/32,-3/4,23/32
cell-0303,6059466600418091/10000000000000000,6064798831939697/10000000000000000,True,False,all-64,primary,one_edit_global,64,0,excluded,universal_bound,-9/32,-5/32,-1/4,-3/16
cell-0303,6059466600418091/10000000000000000,6064798831939697/10000000000000000,True,False,all-64,primary,current_strict,64,25,input_blocked,,,,,
cell-0303,6059466600418091/10000000000000000,6064798831939697/10000000000000000,True,False,all-64,primary,current_partial,64,0,unresolved,bound_gap,-21/32,5/32,-1/4,-1/16
cell-0303,6059466600418091/10000000000000000,6064798831939697/10000000000000000,True,False,all-64,primary,union_strict,64,36,input_blocked,,,,,
cell-0303,6059466600418091/10000000000000000,6064798831939697/10000000000000000,True,False,all-64,primary,union_partial,64,1,input_blocked,,,,,
cell-0304,6064798831939697/10000000000000000,6075121760368347/10000000000000000,True,False,all-64,primary,exact_projection,64,0,excluded,universal_bound,-15/64,-15/64,-15/64,-15/64
cell-0304,6064798831939697/10000000000000000,6075121760368347/10000000000000000,True,False,all-64,primary,one_edit_per_image,64,0,unresolved,opposite_worlds,-111/64,85/64,-49/64,45/64
cell-0304,6064798831939697/10000000000000000,6075121760368347/10000000000000000,True,False,all-64,primary,one_edit_global,64,0,excluded,universal_bound,-19/64,-11/64,-17/64,-13/64
cell-0304,6064798831939697/10000000000000000,6075121760368347/10000000000000000,True,False,all-64,primary,current_strict,64,25,input_blocked,,,,,
cell-0304,6064798831939697/10000000000000000,6075121760368347/10000000000000000,True,False,all-64,primary,current_partial,64,0,unresolved,bound_gap,-41/64,9/64,-17/64,-5/64
cell-0304,6064798831939697/10000000000000000,6075121760368347/10000000000000000,True,False,all-64,primary,union_strict,64,36,input_blocked,,,,,
cell-0304,6064798831939697/10000000000000000,6075121760368347/10000000000000000,True,False,all-64,primary,union_partial,64,1,input_blocked,,,,,
cell-0305,6075121760368347/10000000000000000,3039741516113281/5000000000000000,True,False,all-64,primary,exact_projection,64,0,excluded,universal_bound,-1/4,-1/4,-1/4,-1/4
cell-0305,6075121760368347/10000000000000000,3039741516113281/5000000000000000,True,False,all-64,primary,one_edit_per_image,64,0,unresolved,opposite_worlds,-7/4,21/16,-3/4,11/16
cell-0305,6075121760368347/10000000000000000,3039741516113281/5000000000000000,True,False,all-64,primary,one_edit_global,64,0,excluded,universal_bound,-5/16,-3/16,-9/32,-7/32
cell-0305,6075121760368347/10000000000000000,3039741516113281/5000000000000000,True,False,all-64,primary,current_strict,64,25,input_blocked,,,,,
cell-0305,6075121760368347/10000000000000000,3039741516113281/5000000000000000,True,False,all-64,primary,current_partial,64,0,unresolved,bound_gap,-5/8,1/8,-9/32,-3/32
cell-0305,6075121760368347/10000000000000000,3039741516113281/5000000000000000,True,False,all-64,primary,union_strict,64,36,input_blocked,,,,,
cell-0305,6075121760368347/10000000000000000,3039741516113281/5000000000000000,True,False,all-64,primary,union_partial,64,1,input_blocked,,,,,
cell-0306,3039741516113281/5000000000000000,1526380330324173/2500000000000000,True,False,all-64,primary,exact_projection,64,0,excluded,universal_bound,-17/64,-17/64,-17/64,-17/64
cell-0306,3039741516113281/5000000000000000,1526380330324173/2500000000000000,True,False,all-64,primary,one_edit_per_image,64,0,unresolved,opposite_worlds,-111/64,85/64,-49/64,43/64
cell-0306,3039741516113281/5000000000000000,1526380330324173/2500000000000000,True,False,all-64,primary,one_edit_global,64,0,excluded,universal_bound,-21/64,-13/64,-19/64,-15/64
cell-0306,3039741516113281/5000000000000000,1526380330324173/2500000000000000,True,False,all-64,primary,current_strict,64,25,input_blocked,,,,,
cell-0306,3039741516113281/5000000000000000,1526380330324173/2500000000000000,True,False,all-64,primary,current_partial,64,0,unresolved,bound_gap,-41/64,7/64,-19/64,-7/64
cell-0306,3039741516113281/5000000000000000,1526380330324173/2500000000000000,True,False,all-64,primary,union_strict,64,36,input_blocked,,,,,
cell-0306,3039741516113281/5000000000000000,1526380330324173/2500000000000000,True,False,all-64,primary,union_partial,64,1,input_blocked,,,,,
cell-0307,1526380330324173/2500000000000000,6113961338996887/10000000000000000,True,False,all-64,primary,exact_projection,64,0,excluded,universal_bound,-1/4,-1/4,-1/4,-1/4
cell-0307,1526380330324173/2500000000000000,6113961338996887/10000000000000000,True,False,all-64,primary,one_edit_per_image,64,0,unresolved,opposite_worlds,-55/32,43/32,-3/4,21/32
cell-0307,1526380330324173/2500000000000000,6113961338996887/10000000000000000,True,False,all-64,primary,one_edit_global,64,0,excluded,universal_bound,-5/16,-3/16,-9/32,-7/32
cell-0307,1526380330324173/2500000000000000,6113961338996887/10000000000000000,True,False,all-64,primary,current_strict,64,25,input_blocked,,,,,
cell-0307,1526380330324173/2500000000000000,6113961338996887/10000000000000000,True,False,all-64,primary,current_partial,64,0,unresolved,bound_gap,-5/8,1/8,-9/32,-3/32
cell-0307,1526380330324173/2500000000000000,6113961338996887/10000000000000000,True,False,all-64,primary,union_strict,64,36,input_blocked,,,,,
cell-0307,1526380330324173/2500000000000000,6113961338996887/10000000000000000,True,False,all-64,primary,union_partial,64,1,input_blocked,,,,,
cell-0308,6113961338996887/10000000000000000,3080935776233673/5000000000000000,True,False,all-64,primary,exact_projection,64,0,excluded,universal_bound,-15/64,-15/64,-15/64,-15/64
cell-0308,6113961338996887/10000000000000000,3080935776233673/5000000000000000,True,False,all-64,primary,one_edit_per_image,64,0,unresolved,opposite_worlds,-109/64,85/64,-47/64,43/64
cell-0308,6113961338996887/10000000000000000,3080935776233673/5000000000000000,True,False,all-64,primary,one_edit_global,64,0,excluded,universal_bound,-19/64,-11/64,-17/64,-13/64
cell-0308,6113961338996887/10000000000000000,3080935776233673/5000000000000000,True,False,all-64,primary,current_strict,64,25,input_blocked,,,,,
cell-0308,6113961338996887/10000000000000000,3080935776233673/5000000000000000,True,False,all-64,primary,current_partial,64,0,unresolved,bound_gap,-39/64,9/64,-17/64,-5/64
cell-0308,6113961338996887/10000000000000000,3080935776233673/5000000000000000,True,False,all-64,primary,union_strict,64,36,input_blocked,,,,,
cell-0308,6113961338996887/10000000000000000,3080935776233673/5000000000000000,True,False,all-64,primary,union_partial,64,1,input_blocked,,,,,
cell-0309,3080935776233673/5000000000000000,6177302598953247/10000000000000000,True,False,all-64,primary,exact_projection,64,0,excluded,universal_bound,-7/32,-7/32,-7/32,-7/32
cell-0309,3080935776233673/5000000000000000,6177302598953247/10000000000000000,True,False,all-64,primary,one_edit_per_image,64,0,unresolved,opposite_worlds,-27/16,43/32,-23/32,11/16
cell-0309,3080935776233673/5000000000000000,6177302598953247/10000000000000000,True,False,all-64,primary,one_edit_global,64,0,excluded,universal_bound,-9/32,-5/32,-1/4,-3/16
cell-0309,3080935776233673/5000000000000000,6177302598953247/10000000000000000,True,False,all-64,primary,current_strict,64,25,input_blocked,,,,,
cell-0309,3080935776233673/5000000000000000,6177302598953247/10000000000000000,True,False,all-64,primary,current_partial,64,0,unresolved,bound_gap,-19/32,1/8,-1/4,-3/32
cell-0309,3080935776233673/5000000000000000,6177302598953247/10000000000000000,True,False,all-64,primary,union_strict,64,36,input_blocked,,,,,
cell-0309,3080935776233673/5000000000000000,6177302598953247/10000000000000000,True,False,all-64,primary,union_partial,64,1,input_blocked,,,,,
cell-0310,6177302598953247/10000000000000000,3088740110397339/5000000000000000,True,False,all-64,primary,exact_projection,64,0,excluded,universal_bound,-13/64,-13/64,-13/64,-13/64
cell-0310,6177302598953247/10000000000000000,3088740110397339/5000000000000000,True,False,all-64,primary,one_edit_per_image,64,0,unresolved,opposite_worlds,-107/64,87/64,-45/64,45/64
cell-0310,6177302598953247/10000000000000000,3088740110397339/5000000000000000,True,False,all-64,primary,one_edit_global,64,0,excluded,universal_bound,-17/64,-9/64,-15/64,-11/64
cell-0310,6177302598953247/10000000000000000,3088740110397339/5000000000000000,True,False,all-64,primary,current_strict,64,25,input_blocked,,,,,
cell-0310,6177302598953247/10000000000000000,3088740110397339/5000000000000000,True,False,all-64,primary,current_partial,64,0,unresolved,bound_gap,-37/64,9/64,-15/64,-5/64
cell-0310,6177302598953247/10000000000000000,3088740110397339/5000000000000000,True,False,all-64,primary,union_strict,64,36,input_blocked,,,,,
cell-0310,6177302598953247/10000000000000000,3088740110397339/5000000000000000,True,False,all-64,primary,union_partial,64,1,input_blocked,,,,,
cell-0311,3088740110397339/5000000000000000,6198409199714661/10000000000000000,True,False,all-64,primary,exact_projection,64,0,excluded,universal_bound,-3/16,-3/16,-3/16,-3/16
cell-0311,3088740110397339/5000000000000000,6198409199714661/10000000000000000,True,False,all-64,primary,one_edit_per_image,64,0,unresolved,opposite_worlds,-53/32,11/8,-11/16,11/16
cell-0311,3088740110397339/5000000000000000,6198409199714661/10000000000000000,True,False,all-64,primary,one_edit_global,64,0,excluded,universal_bound,-1/4,-1/8,-7/32,-5/32
cell-0311,3088740110397339/5000000000000000,6198409199714661/10000000000000000,True,False,all-64,primary,current_strict,64,25,input_blocked,,,,,
cell-0311,3088740110397339/5000000000000000,6198409199714661/10000000000000000,True,False,all-64,primary,current_partial,64,0,unresolved,bound_gap,-9/16,5/32,-7/32,-1/16
cell-0311,3088740110397339/5000000000000000,6198409199714661/10000000000000000,True,False,all-64,primary,union_strict,64,36,input_blocked,,,,,
cell-0311,3088740110397339/5000000000000000,6198409199714661/10000000000000000,True,False,all-64,primary,union_partial,64,1,input_blocked,,,,,
cell-0312,6198409199714661/10000000000000000,6200166344642639/10000000000000000,True,False,all-64,primary,exact_projection,64,0,excluded,universal_bound,-13/64,-13/64,-13/64,-13/64
cell-0312,6198409199714661/10000000000000000,6200166344642639/10000000000000000,True,False,all-64,primary,one_edit_per_image,64,0,unresolved,opposite_worlds,-107/64,87/64,-45/64,43/64
cell-0312,6198409199714661/10000000000000000,6200166344642639/10000000000000000,True,False,all-64,primary,one_edit_global,64,0,excluded,universal_bound,-17/64,-9/64,-15/64,-11/64
cell-0312,6198409199714661/10000000000000000,6200166344642639/10000000000000000,True,False,all-64,primary,current_strict,64,25,input_blocked,,,,,
cell-0312,6198409199714661/10000000000000000,6200166344642639/10000000000000000,True,False,all-64,primary,current_partial,64,0,unresolved,bound_gap,-37/64,9/64,-15/64,-5/64
cell-0312,6198409199714661/10000000000000000,6200166344642639/10000000000000000,True,False,all-64,primary,union_strict,64,36,input_blocked,,,,,
cell-0312,6198409199714661/10000000000000000,6200166344642639/10000000000000000,True,False,all-64,primary,union_partial,64,1,input_blocked,,,,,
cell-0313,6200166344642639/10000000000000000,6203097701072693/10000000000000000,True,False,all-64,primary,exact_projection,64,0,excluded,universal_bound,-3/16,-3/16,-3/16,-3/16
cell-0313,6200166344642639/10000000000000000,6203097701072693/10000000000000000,True,False,all-64,primary,one_edit_per_image,64,0,unresolved,opposite_worlds,-53/32,43/32,-11/16,21/32
cell-0313,6200166344642639/10000000000000000,6203097701072693/10000000000000000,True,False,all-64,primary,one_edit_global,64,0,excluded,universal_bound,-1/4,-1/8,-7/32,-5/32
cell-0313,6200166344642639/10000000000000000,6203097701072693/10000000000000000,True,False,all-64,primary,current_strict,64,25,input_blocked,,,,,
cell-0313,6200166344642639/10000000000000000,6203097701072693/10000000000000000,True,False,all-64,primary,current_partial,64,0,unresolved,bound_gap,-9/16,5/32,-7/32,-1/16
cell-0313,6200166344642639/10000000000000000,6203097701072693/10000000000000000,True,False,all-64,primary,union_strict,64,36,input_blocked,,,,,
cell-0313,6200166344642639/10000000000000000,6203097701072693/10000000000000000,True,False,all-64,primary,union_partial,64,1,input_blocked,,,,,
cell-0314,6203097701072693/10000000000000000,776258334517479/1250000000000000,True,False,all-64,primary,exact_projection,64,0,excluded,universal_bound,-11/64,-11/64,-11/64,-11/64
cell-0314,6203097701072693/10000000000000000,776258334517479/1250000000000000,True,False,all-64,primary,one_edit_per_image,64,0,unresolved,opposite_worlds,-105/64,87/64,-43/64,43/64
cell-0314,6203097701072693/10000000000000000,776258334517479/1250000000000000,True,False,all-64,primary,one_edit_global,64,0,excluded,universal_bound,-15/64,-7/64,-13/64,-9/64
cell-0314,6203097701072693/10000000000000000,776258334517479/1250000000000000,True,False,all-64,primary,current_strict,64,25,input_blocked,,,,,
cell-0314,6203097701072693/10000000000000000,776258334517479/1250000000000000,True,False,all-64,primary,current_partial,64,0,unresolved,bound_gap,-35/64,11/64,-13/64,-3/64
cell-0314,6203097701072693/10000000000000000,776258334517479/1250000000000000,True,False,all-64,primary,union_strict,64,36,input_blocked,,,,,
cell-0314,6203097701072693/10000000000000000,776258334517479/1250000000000000,True,False,all-64,primary,union_partial,64,1,input_blocked,,,,,
cell-0315,776258334517479/1250000000000000,6227177977561951/10000000000000000,True,False,all-64,primary,exact_projection,64,0,excluded,universal_bound,-3/16,-3/16,-3/16,-3/16
cell-0315,776258334517479/1250000000000000,6227177977561951/10000000000000000,True,False,all-64,primary,one_edit_per_image,64,0,unresolved,opposite_worlds,-13/8,43/32,-21/32,21/32
cell-0315,776258334517479/1250000000000000,6227177977561951/10000000000000000,True,False,all-64,primary,one_edit_global,64,0,excluded,universal_bound,-1/4,-1/8,-7/32,-5/32
cell-0315,776258334517479/1250000000000000,6227177977561951/10000000000000000,True,False,all-64,primary,current_strict,64,25,input_blocked,,,,,
cell-0315,776258334517479/1250000000000000,6227177977561951/10000000000000000,True,False,all-64,primary,current_partial,64,0,unresolved,bound_gap,-9/16,5/32,-7/32,-1/16
cell-0315,776258334517479/1250000000000000,6227177977561951/10000000000000000,True,False,all-64,primary,union_strict,64,36,input_blocked,,,,,
cell-0315,776258334517479/1250000000000000,6227177977561951/10000000000000000,True,False,all-64,primary,union_partial,64,1,input_blocked,,,,,
cell-0316,6227177977561951/10000000000000000,6228417754173279/10000000000000000,True,False,all-64,primary,exact_projection,64,0,excluded,universal_bound,-13/64,-13/64,-13/64,-13/64
cell-0316,6227177977561951/10000000000000000,6228417754173279/10000000000000000,True,False,all-64,primary,one_edit_per_image,64,0,unresolved,opposite_worlds,-105/64,85/64,-43/64,41/64
cell-0316,6227177977561951/10000000000000000,6228417754173279/10000000000000000,True,False,all-64,primary,one_edit_global,64,0,excluded,universal_bound,-17/64,-9/64,-15/64,-11/64
cell-0316,6227177977561951/10000000000000000,6228417754173279/10000000000000000,True,False,all-64,primary,current_strict,64,25,input_blocked,,,,,
cell-0316,6227177977561951/10000000000000000,6228417754173279/10000000000000000,True,False,all-64,primary,current_partial,64,0,unresolved,bound_gap,-37/64,9/64,-15/64,-5/64
cell-0316,6227177977561951/10000000000000000,6228417754173279/10000000000000000,True,False,all-64,primary,union_strict,64,36,input_blocked,,,,,
cell-0316,6227177977561951/10000000000000000,6228417754173279/10000000000000000,True,False,all-64,primary,union_partial,64,1,input_blocked,,,,,
cell-0317,6228417754173279/10000000000000000,1563800871372223/2500000000000000,True,False,all-64,primary,exact_projection,64,0,excluded,universal_bound,-7/32,-7/32,-7/32,-7/32
cell-0317,6228417754173279/10000000000000000,1563800871372223/2500000000000000,True,False,all-64,primary,one_edit_per_image,64,0,unresolved,opposite_worlds,-53/32,43/32,-11/16,5/8
cell-0317,6228417754173279/10000000000000000,1563800871372223/2500000000000000,True,False,all-64,primary,one_edit_global,64,0,excluded,universal_bound,-9/32,-5/32,-1/4,-3/16
cell-0317,6228417754173279/10000000000000000,1563800871372223/2500000000000000,True,False,all-64,primary,current_strict,64,25,input_blocked,,,,,
cell-0317,6228417754173279/10000000000000000,1563800871372223/2500000000000000,True,False,all-64,primary,current_partial,64,0,unresolved,bound_gap,-19/32,1/8,-1/4,-3/32
cell-0317,6228417754173279/10000000000000000,1563800871372223/2500000000000000,True,False,all-64,primary,union_strict,64,36,input_blocked,,,,,
cell-0317,6228417754173279/10000000000000000,1563800871372223/2500000000000000,True,False,all-64,primary,union_partial,64,1,input_blocked,,,,,
cell-0318,1563800871372223/2500000000000000,3144814074039459/5000000000000000,True,False,all-64,primary,exact_projection,64,0,excluded,universal_bound,-13/64,-13/64,-13/64,-13/64
cell-0318,1563800871372223/2500000000000000,3144814074039459/5000000000000000,True,False,all-64,primary,one_edit_per_image,64,0,unresolved,opposite_worlds,-105/64,87/64,-43/64,41/64
cell-0318,1563800871372223/2500000000000000,3144814074039459/5000000000000000,True,False,all-64,primary,one_edit_global,64,0,excluded,universal_bound,-17/64,-9/64,-15/64,-11/64
cell-0318,1563800871372223/2500000000000000,3144814074039459/5000000000000000,True,False,all-64,primary,current_strict,64,25,input_blocked,,,,,
cell-0318,1563800871372223/2500000000000000,3144814074039459/5000000000000000,True,False,all-64,primary,current_partial,64,0,unresolved,bound_gap,-37/64,9/64,-15/64,-5/64
cell-0318,1563800871372223/2500000000000000,3144814074039459/5000000000000000,True,False,all-64,primary,union_strict,64,36,input_blocked,,,,,
cell-0318,1563800871372223/2500000000000000,3144814074039459/5000000000000000,True,False,all-64,primary,union_partial,64,1,input_blocked,,,,,
cell-0319,3144814074039459/5000000000000000,1572457104921341/2500000000000000,True,False,all-64,primary,exact_projection,64,0,excluded,universal_bound,-3/16,-3/16,-3/16,-3/16
cell-0319,3144814074039459/5000000000000000,1572457104921341/2500000000000000,True,False,all-64,primary,one_edit_per_image,64,0,unresolved,opposite_worlds,-13/8,11/8,-21/32,5/8
cell-0319,3144814074039459/5000000000000000,1572457104921341/2500000000000000,True,False,all-64,primary,one_edit_global,64,0,excluded,universal_bound,-1/4,-1/8,-7/32,-5/32
cell-0319,3144814074039459/5000000000000000,1572457104921341/2500000000000000,True,False,all-64,primary,current_strict,64,25,input_blocked,,,,,
cell-0319,3144814074039459/5000000000000000,1572457104921341/2500000000000000,True,False,all-64,primary,current_partial,64,0,unresolved,bound_gap,-9/16,1/8,-7/32,-3/32
cell-0319,3144814074039459/5000000000000000,1572457104921341/2500000000000000,True,False,all-64,primary,union_strict,64,36,input_blocked,,,,,
cell-0319,3144814074039459/5000000000000000,1572457104921341/2500000000000000,True,False,all-64,primary,union_partial,64,1,input_blocked,,,,,
cell-0320,1572457104921341/2500000000000000,3159536123275757/5000000000000000,True,False,all-64,primary,exact_projection,64,0,excluded,universal_bound,-11/64,-11/64,-11/64,-11/64
cell-0320,1572457104921341/2500000000000000,3159536123275757/5000000000000000,True,False,all-64,primary,one_edit_per_image,64,0,unresolved,opposite_worlds,-103/64,89/64,-43/64,41/64
cell-0320,1572457104921341/2500000000000000,3159536123275757/5000000000000000,True,False,all-64,primary,one_edit_global,64,0,excluded,universal_bound,-15/64,-7/64,-13/64,-9/64
cell-0320,1572457104921341/2500000000000000,3159536123275757/5000000000000000,True,False,all-64,primary,current_strict,64,25,input_blocked,,,,,
cell-0320,1572457104921341/2500000000000000,3159536123275757/5000000000000000,True,False,all-64,primary,current_partial,64,0,unresolved,bound_gap,-35/64,9/64,-13/64,-5/64
cell-0320,1572457104921341/2500000000000000,3159536123275757/5000000000000000,True,False,all-64,primary,union_strict,64,36,input_blocked,,,,,
cell-0320,1572457104921341/2500000000000000,3159536123275757/5000000000000000,True,False,all-64,primary,union_partial,64,1,input_blocked,,,,,
cell-0321,3159536123275757/5000000000000000,632829487323761/1000000000000000,True,False,all-64,primary,exact_projection,64,0,excluded,universal_bound,-5/32,-5/32,-5/32,-5/32
cell-0321,3159536123275757/5000000000000000,632829487323761/1000000000000000,True,False,all-64,primary,one_edit_per_image,64,0,unresolved,opposite_worlds,-51/32,45/32,-11/16,21/32
cell-0321,3159536123275757/5000000000000000,632829487323761/1000000000000000,True,False,all-64,primary,one_edit_global,64,0,excluded,universal_bound,-7/32,-3/32,-3/16,-1/8
cell-0321,3159536123275757/5000000000000000,632829487323761/1000000000000000,True,False,all-64,primary,current_strict,64,25,input_blocked,,,,,
cell-0321,3159536123275757/5000000000000000,632829487323761/1000000000000000,True,False,all-64,primary,current_partial,64,0,unresolved,bound_gap,-17/32,5/32,-3/16,-1/16
cell-0321,3159536123275757/5000000000000000,632829487323761/1000000000000000,True,False,all-64,primary,union_strict,64,36,input_blocked,,,,,
cell-0321,3159536123275757/5000000000000000,632829487323761/1000000000000000,True,False,all-64,primary,union_partial,64,1,input_blocked,,,,,
cell-0322,632829487323761/1000000000000000,3167029917240143/5000000000000000,True,False,all-64,primary,exact_projection,64,0,excluded,universal_bound,-9/64,-9/64,-9/64,-9/64
cell-0322,632829487323761/1000000000000000,3167029917240143/5000000000000000,True,False,all-64,primary,one_edit_per_image,64,0,unresolved,opposite_worlds,-101/64,91/64,-43/64,43/64
cell-0322,632829487323761/1000000000000000,3167029917240143/5000000000000000,True,False,all-64,primary,one_edit_global,64,0,excluded,universal_bound,-13/64,-5/64,-11/64,-7/64
cell-0322,632829487323761/1000000000000000,3167029917240143/5000000000000000,True,False,all-64,primary,current_strict,64,25,input_blocked,,,,,
cell-0322,632829487323761/1000000000000000,3167029917240143/5000000000000000,True,False,all-64,primary,current_partial,64,0,unresolved,bound_gap,-33/64,9/64,-11/64,-3/64
cell-0322,632829487323761/1000000000000000,3167029917240143/5000000000000000,True,False,all-64,primary,union_strict,64,36,input_blocked,,,,,
cell-0322,632829487323761/1000000000000000,3167029917240143/5000000000000000,True,False,all-64,primary,union_partial,64,1,input_blocked,,,,,
cell-0323,3167029917240143/5000000000000000,793842226266861/1250000000000000,True,False,all-64,primary,exact_projection,64,0,excluded,universal_bound,-5/32,-5/32,-5/32,-5/32
cell-0323,3167029917240143/5000000000000000,793842226266861/1250000000000000,True,False,all-64,primary,one_edit_per_image,64,0,unresolved,opposite_worlds,-51/32,45/32,-11/16,21/32
cell-0323,3167029917240143/5000000000000000,793842226266861/1250000000000000,True,False,all-64,primary,one_edit_global,64,0,excluded,universal_bound,-7/32,-3/32,-3/16,-1/8
cell-0323,3167029917240143/5000000000000000,793842226266861/1250000000000000,True,False,all-64,primary,current_strict,64,25,input_blocked,,,,,
cell-0323,3167029917240143/5000000000000000,793842226266861/1250000000000000,True,False,all-64,primary,current_partial,64,0,unresolved,bound_gap,-17/32,1/8,-3/16,-1/16
cell-0323,3167029917240143/5000000000000000,793842226266861/1250000000000000,True,False,all-64,primary,union_strict,64,36,input_blocked,,,,,
cell-0323,3167029917240143/5000000000000000,793842226266861/1250000000000000,True,False,all-64,primary,union_partial,64,1,input_blocked,,,,,
cell-0324,793842226266861/1250000000000000,6399707794189453/10000000000000000,True,False,all-64,primary,exact_projection,64,0,excluded,universal_bound,-9/64,-9/64,-9/64,-9/64
cell-0324,793842226266861/1250000000000000,6399707794189453/10000000000000000,True,False,all-64,primary,one_edit_per_image,64,0,unresolved,opposite_worlds,-101/64,91/64,-43/64,43/64
cell-0324,793842226266861/1250000000000000,6399707794189453/10000000000000000,True,False,all-64,primary,one_edit_global,64,0,excluded,universal_bound,-13/64,-5/64,-11/64,-7/64
cell-0324,793842226266861/1250000000000000,6399707794189453/10000000000000000,True,False,all-64,primary,current_strict,64,25,input_blocked,,,,,
cell-0324,793842226266861/1250000000000000,6399707794189453/10000000000000000,True,False,all-64,primary,current_partial,64,0,unresolved,bound_gap,-33/64,9/64,-11/64,-3/64
cell-0324,793842226266861/1250000000000000,6399707794189453/10000000000000000,True,False,all-64,primary,union_strict,64,36,input_blocked,,,,,
cell-0324,793842226266861/1250000000000000,6399707794189453/10000000000000000,True,False,all-64,primary,union_partial,64,1,input_blocked,,,,,
cell-0325,6399707794189453/10000000000000000,6401162147521973/10000000000000000,True,False,all-64,primary,exact_projection,64,0,excluded,universal_bound,-1/8,-1/8,-1/8,-1/8
cell-0325,6399707794189453/10000000000000000,6401162147521973/10000000000000000,True,False,all-64,primary,one_edit_per_image,64,0,unresolved,opposite_worlds,-25/16,45/32,-21/32,11/16
cell-0325,6399707794189453/10000000000000000,6401162147521973/10000000000000000,True,False,all-64,primary,one_edit_global,64,0,excluded,universal_bound,-3/16,-1/16,-5/32,-3/32
cell-0325,6399707794189453/10000000000000000,6401162147521973/10000000000000000,True,False,all-64,primary,current_strict,64,25,input_blocked,,,,,
cell-0325,6399707794189453/10000000000000000,6401162147521973/10000000000000000,True,False,all-64,primary,current_partial,64,0,unresolved,bound_gap,-1/2,5/32,-5/32,-1/32
cell-0325,6399707794189453/10000000000000000,6401162147521973/10000000000000000,True,False,all-64,primary,union_strict,64,36,input_blocked,,,,,
cell-0325,6399707794189453/10000000000000000,6401162147521973/10000000000000000,True,False,all-64,primary,union_partial,64,1,input_blocked,,,,,
cell-0326,6401162147521973/10000000000000000,6402555704116821/10000000000000000,True,False,all-64,primary,exact_projection,64,0,excluded,universal_bound,-9/64,-9/64,-9/64,-9/64
cell-0326,6401162147521973/10000000000000000,6402555704116821/10000000000000000,True,False,all-64,primary,one_edit_per_image,64,0,unresolved,opposite_worlds,-101/64,89/64,-43/64,43/64
cell-0326,6401162147521973/10000000000000000,6402555704116821/10000000000000000,True,False,all-64,primary,one_edit_global,64,0,excluded,universal_bound,-13/64,-5/64,-11/64,-7/64
cell-0326,6401162147521973/10000000000000000,6402555704116821/10000000000000000,True,False,all-64,primary,current_strict,64,25,input_blocked,,,,,
cell-0326,6401162147521973/10000000000000000,6402555704116821/10000000000000000,True,False,all-64,primary,current_partial,64,0,unresolved,bound_gap,-33/64,9/64,-11/64,-3/64
cell-0326,6401162147521973/10000000000000000,6402555704116821/10000000000000000,True,False,all-64,primary,union_strict,64,36,input_blocked,,,,,
cell-0326,6401162147521973/10000000000000000,6402555704116821/10000000000000000,True,False,all-64,primary,union_partial,64,1,input_blocked,,,,,
cell-0327,6402555704116821/10000000000000000,643150269985199/1000000000000000,True,False,all-64,primary,exact_projection,64,0,excluded,universal_bound,-1/8,-1/8,-1/8,-1/8
cell-0327,6402555704116821/10000000000000000,643150269985199/1000000000000000,True,False,all-64,primary,one_edit_per_image,64,0,unresolved,opposite_worlds,-25/16,11/8,-21/32,11/16
cell-0327,6402555704116821/10000000000000000,643150269985199/1000000000000000,True,False,all-64,primary,one_edit_global,64,0,excluded,universal_bound,-3/16,-1/16,-5/32,-3/32
cell-0327,6402555704116821/10000000000000000,643150269985199/1000000000000000,True,False,all-64,primary,current_strict,64,25,input_blocked,,,,,
cell-0327,6402555704116821/10000000000000000,643150269985199/1000000000000000,True,False,all-64,primary,current_partial,64,0,unresolved,bound_gap,-1/2,5/32,-5/32,-1/32
cell-0327,6402555704116821/10000000000000000,643150269985199/1000000000000000,True,False,all-64,primary,union_strict,64,36,input_blocked,,,,,
cell-0327,6402555704116821/10000000000000000,643150269985199/1000000000000000,True,False,all-64,primary,union_partial,64,1,input_blocked,,,,,
cell-0328,643150269985199/1000000000000000,6435994505882263/10000000000000000,True,False,all-64,primary,exact_projection,64,0,excluded,universal_bound,-9/64,-9/64,-9/64,-9/64
cell-0328,643150269985199/1000000000000000,6435994505882263/10000000000000000,True,False,all-64,primary,one_edit_per_image,64,0,unresolved,opposite_worlds,-101/64,87/64,-43/64,45/64
cell-0328,643150269985199/1000000000000000,6435994505882263/10000000000000000,True,False,all-64,primary,one_edit_global,64,0,excluded,universal_bound,-13/64,-5/64,-11/64,-7/64
cell-0328,643150269985199/1000000000000000,6435994505882263/10000000000000000,True,False,all-64,primary,current_strict,64,25,input_blocked,,,,,
cell-0328,643150269985199/1000000000000000,6435994505882263/10000000000000000,True,False,all-64,primary,current_partial,64,0,unresolved,bound_gap,-33/64,9/64,-11/64,-3/64
cell-0328,643150269985199/1000000000000000,6435994505882263/10000000000000000,True,False,all-64,primary,union_strict,64,36,input_blocked,,,,,
cell-0328,643150269985199/1000000000000000,6435994505882263/10000000000000000,True,False,all-64,primary,union_partial,64,1,input_blocked,,,,,
cell-0329,6435994505882263/10000000000000000,805971771478653/1250000000000000,True,False,all-64,primary,exact_projection,64,0,excluded,universal_bound,-5/32,-5/32,-5/32,-5/32
cell-0329,6435994505882263/10000000000000000,805971771478653/1250000000000000,True,False,all-64,primary,one_edit_per_image,64,0,unresolved,opposite_worlds,-51/32,43/32,-11/16,11/16
cell-0329,6435994505882263/10000000000000000,805971771478653/1250000000000000,True,False,all-64,primary,one_edit_global,64,0,excluded,universal_bound,-7/32,-3/32,-3/16,-1/8
cell-0329,6435994505882263/10000000000000000,805971771478653/1250000000000000,True,False,all-64,primary,current_strict,64,25,input_blocked,,,,,
cell-0329,6435994505882263/10000000000000000,805971771478653/1250000000000000,True,False,all-64,primary,current_partial,64,0,unresolved,bound_gap,-1/2,1/8,-3/16,-1/16
cell-0329,6435994505882263/10000000000000000,805971771478653/1250000000000000,True,False,all-64,primary,union_strict,64,36,input_blocked,,,,,
cell-0329,6435994505882263/10000000000000000,805971771478653/1250000000000000,True,False,all-64,primary,union_partial,64,1,input_blocked,,,,,
cell-0330,805971771478653/1250000000000000,3227619230747223/5000000000000000,True,False,all-64,primary,exact_projection,64,0,excluded,universal_bound,-11/64,-11/64,-11/64,-11/64
cell-0330,805971771478653/1250000000000000,3227619230747223/5000000000000000,True,False,all-64,primary,one_edit_per_image,64,0,unresolved,opposite_worlds,-103/64,87/64,-45/64,45/64
cell-0330,805971771478653/1250000000000000,3227619230747223/5000000000000000,True,False,all-64,primary,one_edit_global,64,0,excluded,universal_bound,-15/64,-7/64,-13/64,-9/64
cell-0330,805971771478653/1250000000000000,3227619230747223/5000000000000000,True,False,all-64,primary,current_strict,64,25,input_blocked,,,,,
cell-0330,805971771478653/1250000000000000,3227619230747223/5000000000000000,True,False,all-64,primary,current_partial,64,0,unresolved,bound_gap,-33/64,7/64,-13/64,-5/64
cell-0330,805971771478653/1250000000000000,3227619230747223/5000000000000000,True,False,all-64,primary,union_strict,64,36,input_blocked,,,,,
cell-0330,805971771478653/1250000000000000,3227619230747223/5000000000000000,True,False,all-64,primary,union_partial,64,1,input_blocked,,,,,
cell-0331,3227619230747223/5000000000000000,6462768912315369/10000000000000000,True,False,all-64,primary,exact_projection,64,0,excluded,universal_bound,-3/16,-3/16,-3/16,-3/16
cell-0331,3227619230747223/5000000000000000,6462768912315369/10000000000000000,True,False,all-64,primary,one_edit_per_image,64,0,unresolved,opposite_worlds,-51/32,43/32,-23/32,11/16
cell-0331,3227619230747223/5000000000000000,6462768912315369/10000000000000000,True,False,all-64,primary,one_edit_global,64,0,excluded,universal_bound,-1/4,-1/8,-7/32,-5/32
cell-0331,3227619230747223/5000000000000000,6462768912315369/10000000000000000,True,False,all-64,primary,current_strict,64,25,input_blocked,,,,,
cell-0331,3227619230747223/5000000000000000,6462768912315369/10000000000000000,True,False,all-64,primary,current_partial,64,0,unresolved,bound_gap,-17/32,3/32,-7/32,-3/32
cell-0331,3227619230747223/5000000000000000,6462768912315369/10000000000000000,True,False,all-64,primary,union_strict,64,36,input_blocked,,,,,
cell-0331,3227619230747223/5000000000000000,6462768912315369/10000000000000000,True,False,all-64,primary,union_partial,64,1,input_blocked,,,,,
cell-0332,6462768912315369/10000000000000000,1616610437631607/2500000000000000,True,False,all-64,primary,exact_projection,64,0,excluded,universal_bound,-13/64,-13/64,-13/64,-13/64
cell-0332,6462768912315369/10000000000000000,1616610437631607/2500000000000000,True,False,all-64,primary,one_edit_per_image,64,0,unresolved,opposite_worlds,-103/64,85/64,-47/64,45/64
cell-0332,6462768912315369/10000000000000000,1616610437631607/2500000000000000,True,False,all-64,primary,one_edit_global,64,0,excluded,universal_bound,-17/64,-9/64,-15/64,-11/64
cell-0332,6462768912315369/10000000000000000,1616610437631607/2500000000000000,True,False,all-64,primary,current_strict,64,25,input_blocked,,,,,
cell-0332,6462768912315369/10000000000000000,1616610437631607/2500000000000000,True,False,all-64,primary,current_partial,64,0,unresolved,bound_gap,-35/64,5/64,-15/64,-7/64
cell-0332,6462768912315369/10000000000000000,1616610437631607/2500000000000000,True,False,all-64,primary,union_strict,64,36,input_blocked,,,,,
cell-0332,6462768912315369/10000000000000000,1616610437631607/2500000000000000,True,False,all-64,primary,union_partial,64,1,input_blocked,,,,,
cell-0333,1616610437631607/2500000000000000,6469874978065491/10000000000000000,True,False,all-64,primary,exact_projection,64,0,excluded,universal_bound,-3/16,-3/16,-3/16,-3/16
cell-0333,1616610437631607/2500000000000000,6469874978065491/10000000000000000,True,False,all-64,primary,one_edit_per_image,64,0,unresolved,opposite_worlds,-51/32,21/16,-23/32,23/32
cell-0333,1616610437631607/2500000000000000,6469874978065491/10000000000000000,True,False,all-64,primary,one_edit_global,64,0,excluded,universal_bound,-1/4,-1/8,-7/32,-5/32
cell-0333,1616610437631607/2500000000000000,6469874978065491/10000000000000000,True,False,all-64,primary,current_strict,64,25,input_blocked,,,,,
cell-0333,1616610437631607/2500000000000000,6469874978065491/10000000000000000,True,False,all-64,primary,current_partial,64,0,unresolved,bound_gap,-17/32,1/16,-7/32,-1/8
cell-0333,1616610437631607/2500000000000000,6469874978065491/10000000000000000,True,False,all-64,primary,union_strict,64,36,input_blocked,,,,,
cell-0333,1616610437631607/2500000000000000,6469874978065491/10000000000000000,True,False,all-64,primary,union_partial,64,1,input_blocked,,,,,
cell-0334,6469874978065491/10000000000000000,6472460031509399/10000000000000000,True,False,all-64,primary,exact_projection,64,0,excluded,universal_bound,-11/64,-11/64,-11/64,-11/64
cell-0334,6469874978065491/10000000000000000,6472460031509399/10000000000000000,True,False,all-64,primary,one_edit_per_image,64,0,unresolved,opposite_worlds,-101/64,85/64,-45/64,47/64
cell-0334,6469874978065491/10000000000000000,6472460031509399/10000000000000000,True,False,all-64,primary,one_edit_global,64,0,excluded,universal_bound,-15/64,-7/64,-13/64,-9/64
cell-0334,6469874978065491/10000000000000000,6472460031509399/10000000000000000,True,False,all-64,primary,current_strict,64,25,input_blocked,,,,,
cell-0334,6469874978065491/10000000000000000,6472460031509399/10000000000000000,True,False,all-64,primary,current_partial,64,0,unresolved,bound_gap,-33/64,5/64,-13/64,-7/64
cell-0334,6469874978065491/10000000000000000,6472460031509399/10000000000000000,True,False,all-64,primary,union_strict,64,36,input_blocked,,,,,
cell-0334,6469874978065491/10000000000000000,6472460031509399/10000000000000000,True,False,all-64,primary,union_partial,64,1,input_blocked,,,,,
cell-0335,6472460031509399/10000000000000000,6483955979347229/10000000000000000,True,False,all-64,primary,exact_projection,64,0,excluded,universal_bound,-3/16,-3/16,-3/16,-3/16
cell-0335,6472460031509399/10000000000000000,6483955979347229/10000000000000000,True,False,all-64,primary,one_edit_per_image,64,0,unresolved,opposite_worlds,-51/32,21/16,-23/32,23/32
cell-0335,6472460031509399/10000000000000000,6483955979347229/10000000000000000,True,False,all-64,primary,one_edit_global,64,0,excluded,universal_bound,-1/4,-1/8,-7/32,-5/32
cell-0335,6472460031509399/10000000000000000,6483955979347229/10000000000000000,True,False,all-64,primary,current_strict,64,25,input_blocked,,,,,
cell-0335,6472460031509399/10000000000000000,6483955979347229/10000000000000000,True,False,all-64,primary,current_partial,64,0,unresolved,bound_gap,-17/32,1/16,-7/32,-1/8
cell-0335,6472460031509399/10000000000000000,6483955979347229/10000000000000000,True,False,all-64,primary,union_strict,64,36,input_blocked,,,,,
cell-0335,6472460031509399/10000000000000000,6483955979347229/10000000000000000,True,False,all-64,primary,union_partial,64,1,input_blocked,,,,,
cell-0336,6483955979347229/10000000000000000,3246564269065857/5000000000000000,True,False,all-64,primary,exact_projection,64,0,excluded,universal_bound,-13/64,-13/64,-13/64,-13/64
cell-0336,6483955979347229/10000000000000000,3246564269065857/5000000000000000,True,False,all-64,primary,one_edit_per_image,64,0,unresolved,opposite_worlds,-103/64,83/64,-47/64,45/64
cell-0336,6483955979347229/10000000000000000,3246564269065857/5000000000000000,True,False,all-64,primary,one_edit_global,64,0,excluded,universal_bound,-17/64,-9/64,-15/64,-11/64
cell-0336,6483955979347229/10000000000000000,3246564269065857/5000000000000000,True,False,all-64,primary,current_strict,64,25,input_blocked,,,,,
cell-0336,6483955979347229/10000000000000000,3246564269065857/5000000000000000,True,False,all-64,primary,current_partial,64,0,unresolved,bound_gap,-35/64,3/64,-15/64,-9/64
cell-0336,6483955979347229/10000000000000000,3246564269065857/5000000000000000,True,False,all-64,primary,union_strict,64,36,input_blocked,,,,,
cell-0336,6483955979347229/10000000000000000,3246564269065857/5000000000000000,True,False,all-64,primary,union_partial,64,1,input_blocked,,,,,
cell-0337,3246564269065857/5000000000000000,162540003657341/250000000000000,True,False,all-64,primary,exact_projection,64,0,excluded,universal_bound,-7/32,-7/32,-7/32,-7/32
cell-0337,3246564269065857/5000000000000000,162540003657341/250000000000000,True,False,all-64,primary,one_edit_per_image,64,0,unresolved,opposite_worlds,-13/8,41/32,-23/32,11/16
cell-0337,3246564269065857/5000000000000000,162540003657341/250000000000000,True,False,all-64,primary,one_edit_global,64,0,excluded,universal_bound,-9/32,-5/32,-1/4,-3/16
cell-0337,3246564269065857/5000000000000000,162540003657341/250000000000000,True,False,all-64,primary,current_strict,64,25,input_blocked,,,,,
cell-0337,3246564269065857/5000000000000000,162540003657341/250000000000000,True,False,all-64,primary,current_partial,64,0,unresolved,bound_gap,-17/32,1/32,-7/32,-5/32
cell-0337,3246564269065857/5000000000000000,162540003657341/250000000000000,True,False,all-64,primary,union_strict,64,36,input_blocked,,,,,
cell-0337,3246564269065857/5000000000000000,162540003657341/250000000000000,True,False,all-64,primary,union_partial,64,1,input_blocked,,,,,
cell-0338,162540003657341/250000000000000,6505885720252991/10000000000000000,True,False,all-64,primary,exact_projection,64,0,excluded,universal_bound,-13/64,-13/64,-13/64,-13/64
cell-0338,162540003657341/250000000000000,6505885720252991/10000000000000000,True,False,all-64,primary,one_edit_per_image,64,0,unresolved,opposite_worlds,-103/64,81/64,-45/64,45/64
cell-0338,162540003657341/250000000000000,6505885720252991/10000000000000000,True,False,all-64,primary,one_edit_global,64,0,excluded,universal_bound,-17/64,-9/64,-15/64,-11/64
cell-0338,162540003657341/250000000000000,6505885720252991/10000000000000000,True,False,all-64,primary,current_strict,64,25,input_blocked,,,,,
cell-0338,162540003657341/250000000000000,6505885720252991/10000000000000000,True,False,all-64,primary,current_partial,64,0,unresolved,bound_gap,-33/64,3/64,-13/64,-9/64
cell-0338,162540003657341/250000000000000,6505885720252991/10000000000000000,True,False,all-64,primary,union_strict,64,36,input_blocked,,,,,
cell-0338,162540003657341/250000000000000,6505885720252991/10000000000000000,True,False,all-64,primary,union_partial,64,1,input_blocked,,,,,
cell-0339,6505885720252991/10000000000000000,408673919737339/625000000000000,True,False,all-64,primary,exact_projection,64,0,excluded,universal_bound,-3/16,-3/16,-3/16,-3/16
cell-0339,6505885720252991/10000000000000000,408673919737339/625000000000000,True,False,all-64,primary,one_edit_per_image,64,0,unresolved,opposite_worlds,-51/32,41/32,-11/16,23/32
cell-0339,6505885720252991/10000000000000000,408673919737339/625000000000000,True,False,all-64,primary,one_edit_global,64,0,excluded,universal_bound,-1/4,-1/8,-7/32,-5/32
cell-0339,6505885720252991/10000000000000000,408673919737339/625000000000000,True,False,all-64,primary,current_strict,64,25,input_blocked,,,,,
cell-0339,6505885720252991/10000000000000000,408673919737339/625000000000000,True,False,all-64,primary,current_partial,64,0,unresolved,bound_gap,-1/2,1/16,-3/16,-1/8
cell-0339,6505885720252991/10000000000000000,408673919737339/625000000000000,True,False,all-64,primary,union_strict,64,36,input_blocked,,,,,
cell-0339,6505885720252991/10000000000000000,408673919737339/625000000000000,True,False,all-64,primary,union_partial,64,1,input_blocked,,,,,
cell-0340,408673919737339/625000000000000,819186195731163/1250000000000000,True,False,all-64,primary,exact_projection,64,0,excluded,universal_bound,-11/64,-11/64,-11/64,-11/64
cell-0340,408673919737339/625000000000000,819186195731163/1250000000000000,True,False,all-64,primary,one_edit_per_image,64,0,unresolved,opposite_worlds,-101/64,81/64,-43/64,45/64
cell-0340,408673919737339/625000000000000,819186195731163/1250000000000000,True,False,all-64,primary,one_edit_global,64,0,excluded,universal_bound,-15/64,-7/64,-13/64,-9/64
cell-0340,408673919737339/625000000000000,819186195731163/1250000000000000,True,False,all-64,primary,current_strict,64,25,input_blocked,,,,,
cell-0340,408673919737339/625000000000000,819186195731163/1250000000000000,True,False,all-64,primary,current_partial,64,0,unresolved,bound_gap,-31/64,5/64,-11/64,-7/64
cell-0340,408673919737339/625000000000000,819186195731163/1250000000000000,True,False,all-64,primary,union_strict,64,36,input_blocked,,,,,
cell-0340,408673919737339/625000000000000,819186195731163/1250000000000000,True,False,all-64,primary,union_partial,64,1,input_blocked,,,,,
cell-0341,819186195731163/1250000000000000,205057542771101/312500000000000,True,False,all-64,primary,exact_projection,64,0,excluded,universal_bound,-5/32,-5/32,-5/32,-5/32
cell-0341,819186195731163/1250000000000000,205057542771101/312500000000000,True,False,all-64,primary,one_edit_per_image,64,0,unresolved,opposite_worlds,-25/16,41/32,-21/32,23/32
cell-0341,819186195731163/1250000000000000,205057542771101/312500000000000,True,False,all-64,primary,one_edit_global,64,0,excluded,universal_bound,-7/32,-3/32,-3/16,-1/8
cell-0341,819186195731163/1250000000000000,205057542771101/312500000000000,True,False,all-64,primary,current_strict,64,25,input_blocked,,,,,
cell-0341,819186195731163/1250000000000000,205057542771101/312500000000000,True,False,all-64,primary,current_partial,64,0,unresolved,bound_gap,-15/32,1/16,-5/32,-1/8
cell-0341,819186195731163/1250000000000000,205057542771101/312500000000000,True,False,all-64,primary,union_strict,64,36,input_blocked,,,,,
cell-0341,819186195731163/1250000000000000,205057542771101/312500000000000,True,False,all-64,primary,union_partial,64,1,input_blocked,,,,,
cell-0342,205057542771101/312500000000000,6564890742301941/10000000000000000,True,False,all-64,primary,exact_projection,64,0,excluded,universal_bound,-11/64,-11/64,-11/64,-11/64
cell-0342,205057542771101/312500000000000,6564890742301941/10000000000000000,True,False,all-64,primary,one_edit_per_image,64,0,unresolved,opposite_worlds,-99/64,81/64,-43/64,47/64
cell-0342,205057542771101/312500000000000,6564890742301941/10000000000000000,True,False,all-64,primary,one_edit_global,64,0,excluded,universal_bound,-15/64,-7/64,-13/64,-9/64
cell-0342,205057542771101/312500000000000,6564890742301941/10000000000000000,True,False,all-64,primary,current_strict,64,25,input_blocked,,,,,
cell-0342,205057542771101/312500000000000,6564890742301941/10000000000000000,True,False,all-64,primary,current_partial,64,0,unresolved,bound_gap,-31/64,3/64,-11/64,-9/64
cell-0342,205057542771101/312500000000000,6564890742301941/10000000000000000,True,False,all-64,primary,union_strict,64,36,input_blocked,,,,,
cell-0342,205057542771101/312500000000000,6564890742301941/10000000000000000,True,False,all-64,primary,union_partial,64,1,input_blocked,,,,,
cell-0343,6564890742301941/10000000000000000,3282972574234009/5000000000000000,True,False,all-64,primary,exact_projection,64,0,excluded,universal_bound,-5/32,-5/32,-5/32,-5/32
cell-0343,6564890742301941/10000000000000000,3282972574234009/5000000000000000,True,False,all-64,primary,one_edit_per_image,64,0,unresolved,opposite_worlds,-49/32,41/32,-11/16,3/4
cell-0343,6564890742301941/10000000000000000,3282972574234009/5000000000000000,True,False,all-64,primary,one_edit_global,64,0,excluded,universal_bound,-7/32,-3/32,-3/16,-1/8
cell-0343,6564890742301941/10000000000000000,3282972574234009/5000000000000000,True,False,all-64,primary,current_strict,64,25,input_blocked,,,,,
cell-0343,6564890742301941/10000000000000000,3282972574234009/5000000000000000,True,False,all-64,primary,current_partial,64,0,unresolved,bound_gap,-15/32,1/16,-5/32,-1/8
cell-0343,6564890742301941/10000000000000000,3282972574234009/5000000000000000,True,False,all-64,primary,union_strict,64,36,input_blocked,,,,,
cell-0343,6564890742301941/10000000000000000,3282972574234009/5000000000000000,True,False,all-64,primary,union_partial,64,1,input_blocked,,,,,
cell-0344,3282972574234009/5000000000000000,6606414318084717/10000000000000000,True,False,all-64,primary,exact_projection,64,0,excluded,universal_bound,-11/64,-11/64,-11/64,-11/64
cell-0344,3282972574234009/5000000000000000,6606414318084717/10000000000000000,True,False,all-64,primary,one_edit_per_image,64,0,unresolved,opposite_worlds,-99/64,81/64,-45/64,47/64
cell-0344,3282972574234009/5000000000000000,6606414318084717/10000000000000000,True,False,all-64,primary,one_edit_global,64,0,excluded,universal_bound,-15/64,-7/64,-13/64,-9/64
cell-0344,3282972574234009/5000000000000000,6606414318084717/10000000000000000,True,False,all-64,primary,current_strict,64,25,input_blocked,,,,,
cell-0344,3282972574234009/5000000000000000,6606414318084717/10000000000000000,True,False,all-64,primary,current_partial,64,0,unresolved,bound_gap,-31/64,3/64,-11/64,-9/64
cell-0344,3282972574234009/5000000000000000,6606414318084717/10000000000000000,True,False,all-64,primary,union_strict,64,36,input_blocked,,,,,
cell-0344,3282972574234009/5000000000000000,6606414318084717/10000000000000000,True,False,all-64,primary,union_partial,64,1,input_blocked,,,,,
cell-0345,6606414318084717/10000000000000000,3306955397129059/5000000000000000,True,False,all-64,primary,exact_projection,64,0,excluded,universal_bound,-3/16,-3/16,-3/16,-3/16
cell-0345,6606414318084717/10000000000000000,3306955397129059/5000000000000000,True,False,all-64,primary,one_edit_per_image,64,0,unresolved,opposite_worlds,-49/32,5/4,-11/16,23/32
cell-0345,6606414318084717/10000000000000000,3306955397129059/5000000000000000,True,False,all-64,primary,one_edit_global,64,0,excluded,universal_bound,-1/4,-1/8,-7/32,-5/32
cell-0345,6606414318084717/10000000000000000,3306955397129059/5000000000000000,True,False,all-64,primary,current_strict,64,25,input_blocked,,,,,
cell-0345,6606414318084717/10000000000000000,3306955397129059/5000000000000000,True,False,all-64,primary,current_partial,64,0,unresolved,bound_gap,-1/2,1/32,-3/16,-5/32
cell-0345,6606414318084717/10000000000000000,3306955397129059/5000000000000000,True,False,all-64,primary,union_strict,64,36,input_blocked,,,,,
cell-0345,6606414318084717/10000000000000000,3306955397129059/5000000000000000,True,False,all-64,primary,union_partial,64,1,input_blocked,,,,,
cell-0346,3306955397129059/5000000000000000,6627209782600403/10000000000000000,True,False,all-64,primary,exact_projection,64,0,excluded,universal_bound,-13/64,-13/64,-13/64,-13/64
cell-0346,3306955397129059/5000000000000000,6627209782600403/10000000000000000,True,False,all-64,primary,one_edit_per_image,64,0,unresolved,opposite_worlds,-97/64,79/64,-45/64,45/64
cell-0346,3306955397129059/5000000000000000,6627209782600403/10000000000000000,True,False,all-64,primary,one_edit_global,64,0,excluded,universal_bound,-17/64,-9/64,-15/64,-11/64
cell-0346,3306955397129059/5000000000000000,6627209782600403/10000000000000000,True,False,all-64,primary,current_strict,64,25,input_blocked,,,,,
cell-0346,3306955397129059/5000000000000000,6627209782600403/10000000000000000,True,False,all-64,primary,current_partial,64,0,unresolved,bound_gap,-33/64,1/64,-13/64,-11/64
cell-0346,3306955397129059/5000000000000000,6627209782600403/10000000000000000,True,False,all-64,primary,union_strict,64,36,input_blocked,,,,,
cell-0346,3306955397129059/5000000000000000,6627209782600403/10000000000000000,True,False,all-64,primary,union_partial,64,1,input_blocked,,,,,
cell-0347,6627209782600403/10000000000000000,1327437400817871/2000000000000000,True,False,all-64,primary,exact_projection,64,0,excluded,universal_bound,-7/32,-7/32,-7/32,-7/32
cell-0347,6627209782600403/10000000000000000,1327437400817871/2000000000000000,True,False,all-64,primary,one_edit_per_image,64,0,unresolved,opposite_worlds,-49/32,39/32,-23/32,11/16
cell-0347,6627209782600403/10000000000000000,1327437400817871/2000000000000000,True,False,all-64,primary,one_edit_global,64,0,excluded,universal_bound,-9/32,-5/32,-1/4,-3/16
cell-0347,6627209782600403/10000000000000000,1327437400817871/2000000000000000,True,False,all-64,primary,current_strict,64,25,input_blocked,,,,,
cell-0347,6627209782600403/10000000000000000,1327437400817871/2000000000000000,True,False,all-64,primary,current_partial,64,0,excluded,universal_bound,-17/32,0,-7/32,-3/16
cell-0347,6627209782600403/10000000000000000,1327437400817871/2000000000000000,True,False,all-64,primary,union_strict,64,36,input_blocked,,,,,
cell-0347,6627209782600403/10000000000000000,1327437400817871/2000000000000000,True,False,all-64,primary,union_partial,64,1,input_blocked,,,,,
cell-0348,1327437400817871/2000000000000000,6661795973777771/10000000000000000,True,False,all-64,primary,exact_projection,64,0,excluded,universal_bound,-13/64,-13/64,-13/64,-13/64
cell-0348,1327437400817871/2000000000000000,6661795973777771/10000000000000000,True,False,all-64,primary,one_edit_per_image,64,0,unresolved,opposite_worlds,-97/64,79/64,-45/64,43/64
cell-0348,1327437400817871/2000000000000000,6661795973777771/10000000000000000,True,False,all-64,primary,one_edit_global,64,0,excluded,universal_bound,-17/64,-9/64,-15/64,-11/64
cell-0348,1327437400817871/2000000000000000,6661795973777771/10000000000000000,True,False,all-64,primary,current_strict,64,25,input_blocked,,,,,
cell-0348,1327437400817871/2000000000000000,6661795973777771/10000000000000000,True,False,all-64,primary,current_partial,64,0,unresolved,bound_gap,-33/64,1/64,-13/64,-11/64
cell-0348,1327437400817871/2000000000000000,6661795973777771/10000000000000000,True,False,all-64,primary,union_strict,64,36,input_blocked,,,,,
cell-0348,1327437400817871/2000000000000000,6661795973777771/10000000000000000,True,False,all-64,primary,union_partial,64,1,input_blocked,,,,,
cell-0349,6661795973777771/10000000000000000,6661979556083679/10000000000000000,True,False,all-64,primary,exact_projection,64,0,excluded,universal_bound,-7/32,-7/32,-7/32,-7/32
cell-0349,6661795973777771/10000000000000000,6661979556083679/10000000000000000,True,False,all-64,primary,one_edit_per_image,64,0,unresolved,opposite_worlds,-3/2,39/32,-23/32,21/32
cell-0349,6661795973777771/10000000000000000,6661979556083679/10000000000000000,True,False,all-64,primary,one_edit_global,64,0,excluded,universal_bound,-1/4,-5/32,-1/4,-3/16
cell-0349,6661795973777771/10000000000000000,6661979556083679/10000000000000000,True,False,all-64,primary,current_strict,64,25,input_blocked,,,,,
cell-0349,6661795973777771/10000000000000000,6661979556083679/10000000000000000,True,False,all-64,primary,current_partial,64,0,excluded,universal_bound,-1/2,0,-7/32,-3/16
cell-0349,6661795973777771/10000000000000000,6661979556083679/10000000000000000,True,False,all-64,primary,union_strict,64,36,input_blocked,,,,,
cell-0349,6661795973777771/10000000000000000,6661979556083679/10000000000000000,True,False,all-64,primary,union_partial,64,1,input_blocked,,,,,
cell-0350,6661979556083679/10000000000000000,3335098624229431/5000000000000000,True,False,all-64,primary,exact_projection,64,0,excluded,universal_bound,-15/64,-15/64,-15/64,-15/64
cell-0350,6661979556083679/10000000000000000,3335098624229431/5000000000000000,True,False,all-64,primary,one_edit_per_image,64,0,unresolved,opposite_worlds,-95/64,77/64,-47/64,43/64
cell-0350,6661979556083679/10000000000000000,3335098624229431/5000000000000000,True,False,all-64,primary,one_edit_global,64,0,excluded,universal_bound,-17/64,-11/64,-17/64,-13/64
cell-0350,6661979556083679/10000000000000000,3335098624229431/5000000000000000,True,False,all-64,primary,current_strict,64,25,input_blocked,,,,,
cell-0350,6661979556083679/10000000000000000,3335098624229431/5000000000000000,True,False,all-64,primary,current_partial,64,0,excluded,universal_bound,-33/64,-1/64,-15/64,-13/64
cell-0350,6661979556083679/10000000000000000,3335098624229431/5000000000000000,True,False,all-64,primary,union_strict,64,36,input_blocked,,,,,
cell-0350,6661979556083679/10000000000000000,3335098624229431/5000000000000000,True,False,all-64,primary,union_partial,64,1,input_blocked,,,,,
cell-0351,3335098624229431/5000000000000000,6670636534690857/10000000000000000,True,False,all-64,primary,exact_projection,64,0,excluded,universal_bound,-1/4,-1/4,-1/4,-1/4
cell-0351,3335098624229431/5000000000000000,6670636534690857/10000000000000000,True,False,all-64,primary,one_edit_per_image,64,0,unresolved,opposite_worlds,-3/2,19/16,-3/4,21/32
cell-0351,3335098624229431/5000000000000000,6670636534690857/10000000000000000,True,False,all-64,primary,one_edit_global,64,0,excluded,universal_bound,-9/32,-3/16,-9/32,-7/32
cell-0351,3335098624229431/5000000000000000,6670636534690857/10000000000000000,True,False,all-64,primary,current_strict,64,25,input_blocked,,,,,
cell-0351,3335098624229431/5000000000000000,6670636534690857/10000000000000000,True,False,all-64,primary,current_partial,64,0,excluded,universal_bound,-17/32,-1/32,-1/4,-7/32
cell-0351,3335098624229431/5000000000000000,6670636534690857/10000000000000000,True,False,all-64,primary,union_strict,64,36,input_blocked,,,,,
cell-0351,3335098624229431/5000000000000000,6670636534690857/10000000000000000,True,False,all-64,primary,union_partial,64,1,input_blocked,,,,,
cell-0352,6670636534690857/10000000000000000,6675038933753967/10000000000000000,True,False,all-64,primary,exact_projection,64,0,excluded,universal_bound,-15/64,-15/64,-15/64,-15/64
cell-0352,6670636534690857/10000000000000000,6675038933753967/10000000000000000,True,False,all-64,primary,one_edit_per_image,64,0,unresolved,opposite_worlds,-95/64,77/64,-49/64,43/64
cell-0352,6670636534690857/10000000000000000,6675038933753967/10000000000000000,True,False,all-64,primary,one_edit_global,64,0,excluded,universal_bound,-17/64,-11/64,-17/64,-13/64
cell-0352,6670636534690857/10000000000000000,6675038933753967/10000000000000000,True,False,all-64,primary,current_strict,64,25,input_blocked,,,,,
cell-0352,6670636534690857/10000000000000000,6675038933753967/10000000000000000,True,False,all-64,primary,current_partial,64,0,excluded,universal_bound,-33/64,-1/64,-15/64,-13/64
cell-0352,6670636534690857/10000000000000000,6675038933753967/10000000000000000,True,False,all-64,primary,union_strict,64,36,input_blocked,,,,,
cell-0352,6670636534690857/10000000000000000,6675038933753967/10000000000000000,True,False,all-64,primary,union_partial,64,1,input_blocked,,,,,
cell-0353,6675038933753967/10000000000000000,6700713038444519/10000000000000000,True,False,all-64,primary,exact_projection,64,0,excluded,universal_bound,-1/4,-1/4,-1/4,-1/4
cell-0353,6675038933753967/10000000000000000,6700713038444519/10000000000000000,True,False,all-64,primary,one_edit_per_image,64,0,unresolved,opposite_worlds,-3/2,19/16,-3/4,21/32
cell-0353,6675038933753967/10000000000000000,6700713038444519/10000000000000000,True,False,all-64,primary,one_edit_global,64,0,excluded,universal_bound,-9/32,-3/16,-9/32,-7/32
cell-0353,6675038933753967/10000000000000000,6700713038444519/10000000000000000,True,False,all-64,primary,current_strict,64,25,input_blocked,,,,,
cell-0353,6675038933753967/10000000000000000,6700713038444519/10000000000000000,True,False,all-64,primary,current_partial,64,0,excluded,universal_bound,-17/32,-1/32,-1/4,-7/32
cell-0353,6675038933753967/10000000000000000,6700713038444519/10000000000000000,True,False,all-64,primary,union_strict,64,36,input_blocked,,,,,
cell-0353,6675038933753967/10000000000000000,6700713038444519/10000000000000000,True,False,all-64,primary,union_partial,64,1,input_blocked,,,,,
cell-0354,6700713038444519/10000000000000000,6701812148094177/10000000000000000,True,False,all-64,primary,exact_projection,64,0,excluded,universal_bound,-15/64,-15/64,-15/64,-15/64
cell-0354,6700713038444519/10000000000000000,6701812148094177/10000000000000000,True,False,all-64,primary,one_edit_per_image,64,0,unresolved,opposite_worlds,-95/64,77/64,-47/64,43/64
cell-0354,6700713038444519/10000000000000000,6701812148094177/10000000000000000,True,False,all-64,primary,one_edit_global,64,0,excluded,universal_bound,-17/64,-11/64,-17/64,-13/64
cell-0354,6700713038444519/10000000000000000,6701812148094177/10000000000000000,True,False,all-64,primary,current_strict,64,25,input_blocked,,,,,
cell-0354,6700713038444519/10000000000000000,6701812148094177/10000000000000000,True,False,all-64,primary,current_partial,64,0,excluded,universal_bound,-33/64,-1/64,-15/64,-13/64
cell-0354,6700713038444519/10000000000000000,6701812148094177/10000000000000000,True,False,all-64,primary,union_strict,64,36,input_blocked,,,,,
cell-0354,6700713038444519/10000000000000000,6701812148094177/10000000000000000,True,False,all-64,primary,union_partial,64,1,input_blocked,,,,,
cell-0355,6701812148094177/10000000000000000,6703439950942993/10000000000000000,True,False,all-64,primary,exact_projection,64,0,excluded,universal_bound,-1/4,-1/4,-1/4,-1/4
cell-0355,6701812148094177/10000000000000000,6703439950942993/10000000000000000,True,False,all-64,primary,one_edit_per_image,64,0,unresolved,opposite_worlds,-47/32,19/16,-23/32,21/32
cell-0355,6701812148094177/10000000000000000,6703439950942993/10000000000000000,True,False,all-64,primary,one_edit_global,64,0,excluded,universal_bound,-9/32,-3/16,-9/32,-7/32
cell-0355,6701812148094177/10000000000000000,6703439950942993/10000000000000000,True,False,all-64,primary,current_strict,64,25,input_blocked,,,,,
cell-0355,6701812148094177/10000000000000000,6703439950942993/10000000000000000,True,False,all-64,primary,current_partial,64,0,excluded,universal_bound,-1/2,-1/32,-7/32,-7/32
cell-0355,6701812148094177/10000000000000000,6703439950942993/10000000000000000,True,False,all-64,primary,union_strict,64,36,input_blocked,,,,,
cell-0355,6701812148094177/10000000000000000,6703439950942993/10000000000000000,True,False,all-64,primary,union_partial,64,1,input_blocked,,,,,
cell-0356,6703439950942993/10000000000000000,6707577705383301/10000000000000000,True,False,all-64,primary,exact_projection,64,0,excluded,universal_bound,-15/64,-15/64,-15/64,-15/64
cell-0356,6703439950942993/10000000000000000,6707577705383301/10000000000000000,True,False,all-64,primary,one_edit_per_image,64,0,unresolved,opposite_worlds,-93/64,75/64,-45/64,41/64
cell-0356,6703439950942993/10000000000000000,6707577705383301/10000000000000000,True,False,all-64,primary,one_edit_global,64,0,excluded,universal_bound,-17/64,-11/64,-17/64,-13/64
cell-0356,6703439950942993/10000000000000000,6707577705383301/10000000000000000,True,False,all-64,primary,current_strict,64,25,input_blocked,,,,,
cell-0356,6703439950942993/10000000000000000,6707577705383301/10000000000000000,True,False,all-64,primary,current_partial,64,0,excluded,universal_bound,-31/64,-1/64,-13/64,-13/64
cell-0356,6703439950942993/10000000000000000,6707577705383301/10000000000000000,True,False,all-64,primary,union_strict,64,36,input_blocked,,,,,
cell-0356,6703439950942993/10000000000000000,6707577705383301/10000000000000000,True,False,all-64,primary,union_partial,64,1,input_blocked,,,,,
cell-0357,6707577705383301/10000000000000000,6738080382347107/10000000000000000,True,False,all-64,primary,exact_projection,64,0,excluded,universal_bound,-7/32,-7/32,-7/32,-7/32
cell-0357,6707577705383301/10000000000000000,6738080382347107/10000000000000000,True,False,all-64,primary,one_edit_per_image,64,0,unresolved,opposite_worlds,-23/16,37/32,-11/16,5/8
cell-0357,6707577705383301/10000000000000000,6738080382347107/10000000000000000,True,False,all-64,primary,one_edit_global,64,0,excluded,universal_bound,-1/4,-5/32,-1/4,-3/16
cell-0357,6707577705383301/10000000000000000,6738080382347107/10000000000000000,True,False,all-64,primary,current_strict,64,25,input_blocked,,,,,
cell-0357,6707577705383301/10000000000000000,6738080382347107/10000000000000000,True,False,all-64,primary,current_partial,64,0,excluded,universal_bound,-15/32,0,-3/16,-3/16
cell-0357,6707577705383301/10000000000000000,6738080382347107/10000000000000000,True,False,all-64,primary,union_strict,64,36,input_blocked,,,,,
cell-0357,6707577705383301/10000000000000000,6738080382347107/10000000000000000,True,False,all-64,primary,union_partial,64,1,input_blocked,,,,,
cell-0358,6738080382347107/10000000000000000,6738486289978027/10000000000000000,True,False,all-64,primary,exact_projection,64,0,excluded,universal_bound,-13/64,-13/64,-13/64,-13/64
cell-0358,6738080382347107/10000000000000000,6738486289978027/10000000000000000,True,False,all-64,primary,one_edit_per_image,64,0,unresolved,opposite_worlds,-91/64,75/64,-43/64,41/64
cell-0358,6738080382347107/10000000000000000,6738486289978027/10000000000000000,True,False,all-64,primary,one_edit_global,64,0,excluded,universal_bound,-15/64,-9/64,-15/64,-11/64
cell-0358,6738080382347107/10000000000000000,6738486289978027/10000000000000000,True,False,all-64,primary,current_strict,64,25,input_blocked,,,,,
cell-0358,6738080382347107/10000000000000000,6738486289978027/10000000000000000,True,False,all-64,primary,current_partial,64,0,unresolved,bound_gap,-29/64,1/64,-11/64,-11/64
cell-0358,6738080382347107/10000000000000000,6738486289978027/10000000000000000,True,False,all-64,primary,union_strict,64,36,input_blocked,,,,,
cell-0358,6738080382347107/10000000000000000,6738486289978027/10000000000000000,True,False,all-64,primary,union_partial,64,1,input_blocked,,,,,
cell-0359,6738486289978027/10000000000000000,1686747968196869/2500000000000000,True,False,all-64,primary,exact_projection,64,0,excluded,universal_bound,-3/16,-3/16,-3/16,-3/16
cell-0359,6738486289978027/10000000000000000,1686747968196869/2500000000000000,True,False,all-64,primary,one_edit_per_image,64,0,unresolved,opposite_worlds,-45/32,19/16,-21/32,21/32
cell-0359,6738486289978027/10000000000000000,1686747968196869/2500000000000000,True,False,all-64,primary,one_edit_global,64,0,excluded,universal_bound,-7/32,-1/8,-7/32,-5/32
cell-0359,6738486289978027/10000000000000000,1686747968196869/2500000000000000,True,False,all-64,primary,current_strict,64,25,input_blocked,,,,,
cell-0359,6738486289978027/10000000000000000,1686747968196869/2500000000000000,True,False,all-64,primary,current_partial,64,0,unresolved,bound_gap,-7/16,1/32,-5/32,-5/32
cell-0359,6738486289978027/10000000000000000,1686747968196869/2500000000000000,True,False,all-64,primary,union_strict,64,36,input_blocked,,,,,
cell-0359,6738486289978027/10000000000000000,1686747968196869/2500000000000000,True,False,all-64,primary,union_partial,64,1,input_blocked,,,,,
cell-0360,1686747968196869/2500000000000000,1688806414604187/2500000000000000,True,False,all-64,primary,exact_projection,64,0,excluded,universal_bound,-13/64,-13/64,-13/64,-13/64
cell-0360,1686747968196869/2500000000000000,1688806414604187/2500000000000000,True,False,all-64,primary,one_edit_per_image,64,0,unresolved,opposite_worlds,-91/64,75/64,-41/64,41/64
cell-0360,1686747968196869/2500000000000000,1688806414604187/2500000000000000,True,False,all-64,primary,one_edit_global,64,0,excluded,universal_bound,-15/64,-9/64,-15/64,-11/64
cell-0360,1686747968196869/2500000000000000,1688806414604187/2500000000000000,True,False,all-64,primary,current_strict,64,25,input_blocked,,,,,
cell-0360,1686747968196869/2500000000000000,1688806414604187/2500000000000000,True,False,all-64,primary,current_partial,64,0,unresolved,bound_gap,-29/64,1/64,-11/64,-11/64
cell-0360,1686747968196869/2500000000000000,1688806414604187/2500000000000000,True,False,all-64,primary,union_strict,64,36,input_blocked,,,,,
cell-0360,1686747968196869/2500000000000000,1688806414604187/2500000000000000,True,False,all-64,primary,union_partial,64,1,input_blocked,,,,,
cell-0361,1688806414604187/2500000000000000,6755596399307251/10000000000000000,True,False,all-64,primary,exact_projection,64,0,excluded,universal_bound,-3/16,-3/16,-3/16,-3/16
cell-0361,1688806414604187/2500000000000000,6755596399307251/10000000000000000,True,False,all-64,primary,one_edit_per_image,64,0,unresolved,opposite_worlds,-45/32,19/16,-5/8,21/32
cell-0361,1688806414604187/2500000000000000,6755596399307251/10000000000000000,True,False,all-64,primary,one_edit_global,64,0,excluded,universal_bound,-7/32,-1/8,-7/32,-5/32
cell-0361,1688806414604187/2500000000000000,6755596399307251/10000000000000000,True,False,all-64,primary,current_strict,64,25,input_blocked,,,,,
cell-0361,1688806414604187/2500000000000000,6755596399307251/10000000000000000,True,False,all-64,primary,current_partial,64,0,unresolved,bound_gap,-7/16,1/32,-5/32,-5/32
cell-0361,1688806414604187/2500000000000000,6755596399307251/10000000000000000,True,False,all-64,primary,union_strict,64,36,input_blocked,,,,,
cell-0361,1688806414604187/2500000000000000,6755596399307251/10000000000000000,True,False,all-64,primary,union_partial,64,1,input_blocked,,,,,
cell-0362,6755596399307251/10000000000000000,3379199802875519/5000000000000000,True,False,all-64,primary,exact_projection,64,0,excluded,universal_bound,-13/64,-13/64,-13/64,-13/64
cell-0362,6755596399307251/10000000000000000,3379199802875519/5000000000000000,True,False,all-64,primary,one_edit_per_image,64,0,unresolved,opposite_worlds,-89/64,75/64,-41/64,41/64
cell-0362,6755596399307251/10000000000000000,3379199802875519/5000000000000000,True,False,all-64,primary,one_edit_global,64,0,excluded,universal_bound,-15/64,-9/64,-15/64,-11/64
cell-0362,6755596399307251/10000000000000000,3379199802875519/5000000000000000,True,False,all-64,primary,current_strict,64,25,input_blocked,,,,,
cell-0362,6755596399307251/10000000000000000,3379199802875519/5000000000000000,True,False,all-64,primary,current_partial,64,0,unresolved,bound_gap,-29/64,1/64,-11/64,-11/64
cell-0362,6755596399307251/10000000000000000,3379199802875519/5000000000000000,True,False,all-64,primary,union_strict,64,36,input_blocked,,,,,
cell-0362,6755596399307251/10000000000000000,3379199802875519/5000000000000000,True,False,all-64,primary,union_partial,64,1,input_blocked,,,,,
cell-0363,3379199802875519/5000000000000000,21158367395401/31250000000000,True,False,all-64,primary,exact_projection,64,0,excluded,universal_bound,-3/16,-3/16,-3/16,-3/16
cell-0363,3379199802875519/5000000000000000,21158367395401/31250000000000,True,False,all-64,primary,one_edit_per_image,64,0,unresolved,opposite_worlds,-11/8,19/16,-5/8,5/8
cell-0363,3379199802875519/5000000000000000,21158367395401/31250000000000,True,False,all-64,primary,one_edit_global,64,0,excluded,universal_bound,-7/32,-1/8,-7/32,-5/32
cell-0363,3379199802875519/5000000000000000,21158367395401/31250000000000,True,False,all-64,primary,current_strict,64,25,input_blocked,,,,,
cell-0363,3379199802875519/5000000000000000,21158367395401/31250000000000,True,False,all-64,primary,current_partial,64,0,unresolved,bound_gap,-7/16,1/32,-5/32,-5/32
cell-0363,3379199802875519/5000000000000000,21158367395401/31250000000000,True,False,all-64,primary,union_strict,64,36,input_blocked,,,,,
cell-0363,3379199802875519/5000000000000000,21158367395401/31250000000000,True,False,all-64,primary,union_partial,64,1,input_blocked,,,,,
cell-0364,21158367395401/31250000000000,6790438890457153/10000000000000000,True,False,all-64,primary,exact_projection,64,0,excluded,universal_bound,-11/64,-11/64,-11/64,-11/64
cell-0364,21158367395401/31250000000000,6790438890457153/10000000000000000,True,False,all-64,primary,one_edit_per_image,64,0,unresolved,opposite_worlds,-87/64,77/64,-39/64,39/64
cell-0364,21158367395401/31250000000000,6790438890457153/10000000000000000,True,False,all-64,primary,one_edit_global,64,0,excluded,universal_bound,-13/64,-7/64,-13/64,-9/64
cell-0364,21158367395401/31250000000000,6790438890457153/10000000000000000,True,False,all-64,primary,current_strict,64,25,input_blocked,,,,,
cell-0364,21158367395401/31250000000000,6790438890457153/10000000000000000,True,False,all-64,primary,current_partial,64,0,unresolved,bound_gap,-27/64,3/64,-9/64,-9/64
cell-0364,21158367395401/31250000000000,6790438890457153/10000000000000000,True,False,all-64,primary,union_strict,64,36,input_blocked,,,,,
cell-0364,21158367395401/31250000000000,6790438890457153/10000000000000000,True,False,all-64,primary,union_partial,64,1,input_blocked,,,,,
cell-0365,6790438890457153/10000000000000000,6810934543609619/10000000000000000,True,False,all-64,primary,exact_projection,64,0,excluded,universal_bound,-3/16,-3/16,-3/16,-3/16
cell-0365,6790438890457153/10000000000000000,6810934543609619/10000000000000000,True,False,all-64,primary,one_edit_per_image,64,0,unresolved,opposite_worlds,-43/32,19/16,-19/32,19/32
cell-0365,6790438890457153/10000000000000000,6810934543609619/10000000000000000,True,False,all-64,primary,one_edit_global,64,0,excluded,universal_bound,-7/32,-1/8,-7/32,-5/32
cell-0365,6790438890457153/10000000000000000,6810934543609619/10000000000000000,True,False,all-64,primary,current_strict,64,25,input_blocked,,,,,
cell-0365,6790438890457153/10000000000000000,6810934543609619/10000000000000000,True,False,all-64,primary,current_partial,64,0,unresolved,bound_gap,-7/16,1/32,-5/32,-5/32
cell-0365,6790438890457153/10000000000000000,6810934543609619/10000000000000000,True,False,all-64,primary,union_strict,64,36,input_blocked,,,,,
cell-0365,6790438890457153/10000000000000000,6810934543609619/10000000000000000,True,False,all-64,primary,union_partial,64,1,input_blocked,,,,,
cell-0366,6810934543609619/10000000000000000,852774828672409/1250000000000000,True,False,all-64,primary,exact_projection,64,0,excluded,universal_bound,-11/64,-11/64,-11/64,-11/64
cell-0366,6810934543609619/10000000000000000,852774828672409/1250000000000000,True,False,all-64,primary,one_edit_per_image,64,0,unresolved,opposite_worlds,-85/64,77/64,-37/64,37/64
cell-0366,6810934543609619/10000000000000000,852774828672409/1250000000000000,True,False,all-64,primary,one_edit_global,64,0,excluded,universal_bound,-13/64,-7/64,-13/64,-9/64
cell-0366,6810934543609619/10000000000000000,852774828672409/1250000000000000,True,False,all-64,primary,current_strict,64,25,input_blocked,,,,,
cell-0366,6810934543609619/10000000000000000,852774828672409/1250000000000000,True,False,all-64,primary,current_partial,64,0,unresolved,bound_gap,-27/64,3/64,-9/64,-9/64
cell-0366,6810934543609619/10000000000000000,852774828672409/1250000000000000,True,False,all-64,primary,union_strict,64,36,input_blocked,,,,,
cell-0366,6810934543609619/10000000000000000,852774828672409/1250000000000000,True,False,all-64,primary,union_partial,64,1,input_blocked,,,,,
cell-0367,852774828672409/1250000000000000,6828610897064209/10000000000000000,True,False,all-64,primary,exact_projection,64,0,excluded,universal_bound,-5/32,-5/32,-5/32,-5/32
cell-0367,852774828672409/1250000000000000,6828610897064209/10000000000000000,True,False,all-64,primary,one_edit_per_image,64,0,unresolved,opposite_worlds,-21/16,39/32,-9/16,9/16
cell-0367,852774828672409/1250000000000000,6828610897064209/10000000000000000,True,False,all-64,primary,one_edit_global,64,0,excluded,universal_bound,-3/16,-3/32,-3/16,-1/8
cell-0367,852774828672409/1250000000000000,6828610897064209/10000000000000000,True,False,all-64,primary,current_strict,64,25,input_blocked,,,,,
cell-0367,852774828672409/1250000000000000,6828610897064209/10000000000000000,True,False,all-64,primary,current_partial,64,0,unresolved,bound_gap,-13/32,1/16,-1/8,-1/8
cell-0367,852774828672409/1250000000000000,6828610897064209/10000000000000000,True,False,all-64,primary,union_strict,64,36,input_blocked,,,,,
cell-0367,852774828672409/1250000000000000,6828610897064209/10000000000000000,True,False,all-64,primary,union_partial,64,1,input_blocked,,,,,
cell-0368,6828610897064209/10000000000000000,855158343911171/1250000000000000,True,False,all-64,primary,exact_projection,64,0,excluded,universal_bound,-11/64,-11/64,-11/64,-11/64
cell-0368,6828610897064209/10000000000000000,855158343911171/1250000000000000,True,False,all-64,primary,one_edit_per_image,64,0,unresolved,opposite_worlds,-85/64,77/64,-37/64,37/64
cell-0368,6828610897064209/10000000000000000,855158343911171/1250000000000000,True,False,all-64,primary,one_edit_global,64,0,excluded,universal_bound,-13/64,-7/64,-13/64,-9/64
cell-0368,6828610897064209/10000000000000000,855158343911171/1250000000000000,True,False,all-64,primary,current_strict,64,25,input_blocked,,,,,
cell-0368,6828610897064209/10000000000000000,855158343911171/1250000000000000,True,False,all-64,primary,current_partial,64,0,unresolved,bound_gap,-27/64,3/64,-9/64,-9/64
cell-0368,6828610897064209/10000000000000000,855158343911171/1250000000000000,True,False,all-64,primary,union_strict,64,36,input_blocked,,,,,
cell-0368,6828610897064209/10000000000000000,855158343911171/1250000000000000,True,False,all-64,primary,union_partial,64,1,input_blocked,,,,,
cell-0369,855158343911171/1250000000000000,686009407043457/1000000000000000,True,False,all-64,primary,exact_projection,64,0,excluded,universal_bound,-5/32,-5/32,-5/32,-5/32
cell-0369,855158343911171/1250000000000000,686009407043457/1000000000000000,True,False,all-64,primary,one_edit_per_image,64,0,unresolved,opposite_worlds,-21/16,19/16,-19/32,19/32
cell-0369,855158343911171/1250000000000000,686009407043457/1000000000000000,True,False,all-64,primary,one_edit_global,64,0,excluded,universal_bound,-3/16,-3/32,-3/16,-1/8
cell-0369,855158343911171/1250000000000000,686009407043457/1000000000000000,True,False,all-64,primary,current_strict,64,25,input_blocked,,,,,
cell-0369,855158343911171/1250000000000000,686009407043457/1000000000000000,True,False,all-64,primary,current_partial,64,0,unresolved,bound_gap,-13/32,1/16,-1/8,-1/8
cell-0369,855158343911171/1250000000000000,686009407043457/1000000000000000,True,False,all-64,primary,union_strict,64,36,input_blocked,,,,,
cell-0369,855158343911171/1250000000000000,686009407043457/1000000000000000,True,False,all-64,primary,union_partial,64,1,input_blocked,,,,,
cell-0370,686009407043457/1000000000000000,686613917350769/1000000000000000,True,False,all-64,primary,exact_projection,64,0,excluded,universal_bound,-11/64,-11/64,-11/64,-11/64
cell-0370,686009407043457/1000000000000000,686613917350769/1000000000000000,True,False,all-64,primary,one_edit_per_image,64,0,unresolved,opposite_worlds,-85/64,75/64,-39/64,39/64
cell-0370,686009407043457/1000000000000000,686613917350769/1000000000000000,True,False,all-64,primary,one_edit_global,64,0,excluded,universal_bound,-13/64,-7/64,-13/64,-9/64
cell-0370,686009407043457/1000000000000000,686613917350769/1000000000000000,True,False,all-64,primary,current_strict,64,25,input_blocked,,,,,
cell-0370,686009407043457/1000000000000000,686613917350769/1000000000000000,True,False,all-64,primary,current_partial,64,0,unresolved,bound_gap,-27/64,3/64,-9/64,-9/64
cell-0370,686009407043457/1000000000000000,686613917350769/1000000000000000,True,False,all-64,primary,union_strict,64,36,input_blocked,,,,,
cell-0370,686009407043457/1000000000000000,686613917350769/1000000000000000,True,False,all-64,primary,union_partial,64,1,input_blocked,,,,,
cell-0371,686613917350769/1000000000000000,1717793196439743/2500000000000000,True,False,all-64,primary,exact_projection,64,0,excluded,universal_bound,-5/32,-5/32,-5/32,-5/32
cell-0371,686613917350769/1000000000000000,1717793196439743/2500000000000000,True,False,all-64,primary,one_edit_per_image,64,0,unresolved,opposite_worlds,-21/16,37/32,-5/8,5/8
cell-0371,686613917350769/1000000000000000,1717793196439743/2500000000000000,True,False,all-64,primary,one_edit_global,64,0,excluded,universal_bound,-3/16,-3/32,-3/16,-1/8
cell-0371,686613917350769/1000000000000000,1717793196439743/2500000000000000,True,False,all-64,primary,current_strict,64,25,input_blocked,,,,,
cell-0371,686613917350769/1000000000000000,1717793196439743/2500000000000000,True,False,all-64,primary,current_partial,64,0,unresolved,bound_gap,-13/32,1/16,-1/8,-1/8
cell-0371,686613917350769/1000000000000000,1717793196439743/2500000000000000,True,False,all-64,primary,union_strict,64,36,input_blocked,,,,,
cell-0371,686613917350769/1000000000000000,1717793196439743/2500000000000000,True,False,all-64,primary,union_partial,64,1,input_blocked,,,,,
cell-0372,1717793196439743/2500000000000000,6875516772270203/10000000000000000,True,False,all-64,primary,exact_projection,64,0,excluded,universal_bound,-9/64,-9/64,-9/64,-9/64
cell-0372,1717793196439743/2500000000000000,6875516772270203/10000000000000000,True,False,all-64,primary,one_edit_per_image,64,0,unresolved,opposite_worlds,-83/64,73/64,-39/64,41/64
cell-0372,1717793196439743/2500000000000000,6875516772270203/10000000000000000,True,False,all-64,primary,one_edit_global,64,0,excluded,universal_bound,-11/64,-5/64,-11/64,-7/64
cell-0372,1717793196439743/2500000000000000,6875516772270203/10000000000000000,True,False,all-64,primary,current_strict,64,25,input_blocked,,,,,
cell-0372,1717793196439743/2500000000000000,6875516772270203/10000000000000000,True,False,all-64,primary,current_partial,64,0,unresolved,bound_gap,-25/64,5/64,-7/64,-7/64
cell-0372,1717793196439743/2500000000000000,6875516772270203/10000000000000000,True,False,all-64,primary,union_strict,64,36,input_blocked,,,,,
cell-0372,1717793196439743/2500000000000000,6875516772270203/10000000000000000,True,False,all-64,primary,union_partial,64,1,input_blocked,,,,,
cell-0373,6875516772270203/10000000000000000,1719086766242981/2500000000000000,True,False,all-64,primary,exact_projection,64,0,excluded,universal_bound,-1/8,-1/8,-1/8,-1/8
cell-0373,6875516772270203/10000000000000000,1719086766242981/2500000000000000,True,False,all-64,primary,one_edit_per_image,64,0,unresolved,opposite_worlds,-41/32,37/32,-19/32,21/32
cell-0373,6875516772270203/10000000000000000,1719086766242981/2500000000000000,True,False,all-64,primary,one_edit_global,64,0,excluded,universal_bound,-5/32,-1/16,-5/32,-3/32
cell-0373,6875516772270203/10000000000000000,1719086766242981/2500000000000000,True,False,all-64,primary,current_strict,64,25,input_blocked,,,,,
cell-0373,6875516772270203/10000000000000000,1719086766242981/2500000000000000,True,False,all-64,primary,current_partial,64,0,unresolved,bound_gap,-3/8,3/32,-3/32,-3/32
cell-0373,6875516772270203/10000000000000000,1719086766242981/2500000000000000,True,False,all-64,primary,union_strict,64,36,input_blocked,,,,,
cell-0373,6875516772270203/10000000000000000,1719086766242981/2500000000000000,True,False,all-64,primary,union_partial,64,1,input_blocked,,,,,
cell-0374,1719086766242981/2500000000000000,431508906185627/625000000000000,True,False,all-64,primary,exact_projection,64,0,excluded,universal_bound,-7/64,-7/64,-7/64,-7/64
cell-0374,1719086766242981/2500000000000000,431508906185627/625000000000000,True,False,all-64,primary,one_edit_per_image,64,0,unresolved,opposite_worlds,-81/64,75/64,-37/64,41/64
cell-0374,1719086766242981/2500000000000000,431508906185627/625000000000000,True,False,all-64,primary,one_edit_global,64,0,excluded,universal_bound,-9/64,-3/64,-9/64,-5/64
cell-0374,1719086766242981/2500000000000000,431508906185627/625000000000000,True,False,all-64,primary,current_strict,64,25,input_blocked,,,,,
cell-0374,1719086766242981/2500000000000000,431508906185627/625000000000000,True,False,all-64,primary,current_partial,64,0,unresolved,bound_gap,-23/64,7/64,-5/64,-5/64
cell-0374,1719086766242981/2500000000000000,431508906185627/625000000000000,True,False,all-64,primary,union_strict,64,36,input_blocked,,,,,
cell-0374,1719086766242981/2500000000000000,431508906185627/625000000000000,True,False,all-64,primary,union_partial,64,1,input_blocked,,,,,
cell-0375,431508906185627/625000000000000,3457014858722687/5000000000000000,True,False,all-64,primary,exact_projection,64,0,excluded,universal_bound,-1/8,-1/8,-1/8,-1/8
cell-0375,431508906185627/625000000000000,3457014858722687/5000000000000000,True,False,all-64,primary,one_edit_per_image,64,0,unresolved,opposite_worlds,-41/32,37/32,-19/32,5/8
cell-0375,431508906185627/625000000000000,3457014858722687/5000000000000000,True,False,all-64,primary,one_edit_global,64,0,excluded,universal_bound,-5/32,-1/16,-5/32,-3/32
cell-0375,431508906185627/625000000000000,3457014858722687/5000000000000000,True,False,all-64,primary,current_strict,64,25,input_blocked,,,,,
cell-0375,431508906185627/625000000000000,3457014858722687/5000000000000000,True,False,all-64,primary,current_partial,64,0,unresolved,bound_gap,-3/8,3/32,-3/32,-3/32
cell-0375,431508906185627/625000000000000,3457014858722687/5000000000000000,True,False,all-64,primary,union_strict,64,36,input_blocked,,,,,
cell-0375,431508906185627/625000000000000,3457014858722687/5000000000000000,True,False,all-64,primary,union_partial,64,1,input_blocked,,,,,
cell-0376,3457014858722687/5000000000000000,3462100327014923/5000000000000000,True,False,all-64,primary,exact_projection,64,0,excluded,universal_bound,-7/64,-7/64,-7/64,-7/64
cell-0376,3457014858722687/5000000000000000,3462100327014923/5000000000000000,True,False,all-64,primary,one_edit_per_image,64,0,unresolved,opposite_worlds,-81/64,75/64,-37/64,39/64
cell-0376,3457014858722687/5000000000000000,3462100327014923/5000000000000000,True,False,all-64,primary,one_edit_global,64,0,excluded,universal_bound,-9/64,-3/64,-9/64,-5/64
cell-0376,3457014858722687/5000000000000000,3462100327014923/5000000000000000,True,False,all-64,primary,current_strict,64,25,input_blocked,,,,,
cell-0376,3457014858722687/5000000000000000,3462100327014923/5000000000000000,True,False,all-64,primary,current_partial,64,0,unresolved,bound_gap,-23/64,7/64,-5/64,-5/64
cell-0376,3457014858722687/5000000000000000,3462100327014923/5000000000000000,True,False,all-64,primary,union_strict,64,36,input_blocked,,,,,
cell-0376,3457014858722687/5000000000000000,3462100327014923/5000000000000000,True,False,all-64,primary,union_partial,64,1,input_blocked,,,,,
cell-0377,3462100327014923/5000000000000000,1385349154472351/2000000000000000,True,False,all-64,primary,exact_projection,64,0,excluded,universal_bound,-3/32,-3/32,-3/32,-3/32
cell-0377,3462100327014923/5000000000000000,1385349154472351/2000000000000000,True,False,all-64,primary,one_edit_per_image,64,0,unresolved,opposite_worlds,-5/4,37/32,-19/32,5/8
cell-0377,3462100327014923/5000000000000000,1385349154472351/2000000000000000,True,False,all-64,primary,one_edit_global,64,0,excluded,universal_bound,-1/8,-1/32,-1/8,-1/16
cell-0377,3462100327014923/5000000000000000,1385349154472351/2000000000000000,True,False,all-64,primary,current_strict,64,25,input_blocked,,,,,
cell-0377,3462100327014923/5000000000000000,1385349154472351/2000000000000000,True,False,all-64,primary,current_partial,64,0,unresolved,bound_gap,-11/32,1/8,-1/16,-1/16
cell-0377,3462100327014923/5000000000000000,1385349154472351/2000000000000000,True,False,all-64,primary,union_strict,64,36,input_blocked,,,,,
cell-0377,3462100327014923/5000000000000000,1385349154472351/2000000000000000,True,False,all-64,primary,union_partial,64,1,input_blocked,,,,,
cell-0378,1385349154472351/2000000000000000,3470824956893921/5000000000000000,True,False,all-64,primary,exact_projection,64,0,excluded,universal_bound,-5/64,-5/64,-5/64,-5/64
cell-0378,1385349154472351/2000000000000000,3470824956893921/5000000000000000,True,False,all-64,primary,one_edit_per_image,64,0,unresolved,opposite_worlds,-79/64,75/64,-37/64,39/64
cell-0378,1385349154472351/2000000000000000,3470824956893921/5000000000000000,True,False,all-64,primary,one_edit_global,64,0,excluded,universal_bound,-7/64,-1/64,-7/64,-3/64
cell-0378,1385349154472351/2000000000000000,3470824956893921/5000000000000000,True,False,all-64,primary,current_strict,64,25,input_blocked,,,,,
cell-0378,1385349154472351/2000000000000000,3470824956893921/5000000000000000,True,False,all-64,primary,current_partial,64,0,unresolved,bound_gap,-21/64,9/64,-3/64,-3/64
cell-0378,1385349154472351/2000000000000000,3470824956893921/5000000000000000,True,False,all-64,primary,union_strict,64,36,input_blocked,,,,,
cell-0378,1385349154472351/2000000000000000,3470824956893921/5000000000000000,True,False,all-64,primary,union_partial,64,1,input_blocked,,,,,
cell-0379,3470824956893921/5000000000000000,3473716974258423/5000000000000000,True,False,all-64,primary,exact_projection,64,0,excluded,universal_bound,-3/32,-3/32,-3/32,-3/32
cell-0379,3470824956893921/5000000000000000,3473716974258423/5000000000000000,True,False,all-64,primary,one_edit_per_image,64,0,unresolved,opposite_worlds,-39/32,37/32,-9/16,19/32
cell-0379,3470824956893921/5000000000000000,3473716974258423/5000000000000000,True,False,all-64,primary,one_edit_global,64,0,excluded,universal_bound,-1/8,-1/32,-1/8,-1/16
cell-0379,3470824956893921/5000000000000000,3473716974258423/5000000000000000,True,False,all-64,primary,current_strict,64,25,input_blocked,,,,,
cell-0379,3470824956893921/5000000000000000,3473716974258423/5000000000000000,True,False,all-64,primary,current_partial,64,0,unresolved,bound_gap,-11/32,1/8,-1/16,-1/16
cell-0379,3470824956893921/5000000000000000,3473716974258423/5000000000000000,True,False,all-64,primary,union_strict,64,36,input_blocked,,,,,
cell-0379,3470824956893921/5000000000000000,3473716974258423/5000000000000000,True,False,all-64,primary,union_partial,64,1,input_blocked,,,,,
cell-0380,3473716974258423/5000000000000000,108848437666893/156250000000000,True,False,all-64,primary,exact_projection,64,0,excluded,universal_bound,-5/64,-5/64,-5/64,-5/64
cell-0380,3473716974258423/5000000000000000,108848437666893/156250000000000,True,False,all-64,primary,one_edit_per_image,64,0,unresolved,opposite_worlds,-77/64,75/64,-35/64,37/64
cell-0380,3473716974258423/5000000000000000,108848437666893/156250000000000,True,False,all-64,primary,one_edit_global,64,0,excluded,universal_bound,-7/64,-1/64,-7/64,-3/64
cell-0380,3473716974258423/5000000000000000,108848437666893/156250000000000,True,False,all-64,primary,current_strict,64,25,input_blocked,,,,,
cell-0380,3473716974258423/5000000000000000,108848437666893/156250000000000,True,False,all-64,primary,current_partial,64,0,unresolved,bound_gap,-21/64,7/64,-5/64,-5/64
cell-0380,3473716974258423/5000000000000000,108848437666893/156250000000000,True,False,all-64,primary,union_strict,64,36,input_blocked,,,,,
cell-0380,3473716974258423/5000000000000000,108848437666893/156250000000000,True,False,all-64,primary,union_partial,64,1,input_blocked,,,,,
cell-0381,108848437666893/156250000000000,6969920992851257/10000000000000000,True,False,all-64,primary,exact_projection,64,0,excluded,universal_bound,-3/32,-3/32,-3/32,-3/32
cell-0381,108848437666893/156250000000000,6969920992851257/10000000000000000,True,False,all-64,primary,one_edit_per_image,64,0,unresolved,opposite_worlds,-39/32,37/32,-9/16,9/16
cell-0381,108848437666893/156250000000000,6969920992851257/10000000000000000,True,False,all-64,primary,one_edit_global,64,0,excluded,universal_bound,-1/8,-1/32,-1/8,-1/16
cell-0381,108848437666893/156250000000000,6969920992851257/10000000000000000,True,False,all-64,primary,current_strict,64,25,input_blocked,,,,,
cell-0381,108848437666893/156250000000000,6969920992851257/10000000000000000,True,False,all-64,primary,current_partial,64,0,unresolved,bound_gap,-11/32,3/32,-3/32,-3/32
cell-0381,108848437666893/156250000000000,6969920992851257/10000000000000000,True,False,all-64,primary,union_strict,64,36,input_blocked,,,,,
cell-0381,108848437666893/156250000000000,6969920992851257/10000000000000000,True,False,all-64,primary,union_partial,64,1,input_blocked,,,,,
cell-0382,6969920992851257/10000000000000000,6980625987052917/10000000000000000,True,False,all-64,primary,exact_projection,64,0,excluded,universal_bound,-7/64,-7/64,-7/64,-7/64
cell-0382,6969920992851257/10000000000000000,6980625987052917/10000000000000000,True,False,all-64,primary,one_edit_per_image,64,0,unresolved,opposite_worlds,-77/64,73/64,-35/64,35/64
cell-0382,6969920992851257/10000000000000000,6980625987052917/10000000000000000,True,False,all-64,primary,one_edit_global,64,0,excluded,universal_bound,-9/64,-3/64,-9/64,-5/64
cell-0382,6969920992851257/10000000000000000,6980625987052917/10000000000000000,True,False,all-64,primary,current_strict,64,25,input_blocked,,,,,
cell-0382,6969920992851257/10000000000000000,6980625987052917/10000000000000000,True,False,all-64,primary,current_partial,64,0,unresolved,bound_gap,-21/64,5/64,-7/64,-7/64
cell-0382,6969920992851257/10000000000000000,6980625987052917/10000000000000000,True,False,all-64,primary,union_strict,64,36,input_blocked,,,,,
cell-0382,6969920992851257/10000000000000000,6980625987052917/10000000000000000,True,False,all-64,primary,union_partial,64,1,input_blocked,,,,,
cell-0383,6980625987052917/10000000000000000,7022984623908997/10000000000000000,True,False,all-64,primary,exact_projection,64,0,excluded,universal_bound,-1/8,-1/8,-1/8,-1/8
cell-0383,6980625987052917/10000000000000000,7022984623908997/10000000000000000,True,False,all-64,primary,one_edit_per_image,64,0,unresolved,opposite_worlds,-39/32,9/8,-9/16,9/16
cell-0383,6980625987052917/10000000000000000,7022984623908997/10000000000000000,True,False,all-64,primary,one_edit_global,64,0,excluded,universal_bound,-5/32,-1/16,-5/32,-3/32
cell-0383,6980625987052917/10000000000000000,7022984623908997/10000000000000000,True,False,all-64,primary,current_strict,64,25,input_blocked,,,,,
cell-0383,6980625987052917/10000000000000000,7022984623908997/10000000000000000,True,False,all-64,primary,current_partial,64,0,unresolved,bound_gap,-11/32,1/16,-1/8,-1/8
cell-0383,6980625987052917/10000000000000000,7022984623908997/10000000000000000,True,False,all-64,primary,union_strict,64,36,input_blocked,,,,,
cell-0383,6980625987052917/10000000000000000,7022984623908997/10000000000000000,True,False,all-64,primary,union_partial,64,1,input_blocked,,,,,
cell-0384,7022984623908997/10000000000000000,3523091971874237/5000000000000000,True,False,all-64,primary,exact_projection,64,0,excluded,universal_bound,-7/64,-7/64,-7/64,-7/64
cell-0384,7022984623908997/10000000000000000,3523091971874237/5000000000000000,True,False,all-64,primary,one_edit_per_image,64,0,unresolved,opposite_worlds,-77/64,73/64,-35/64,35/64
cell-0384,7022984623908997/10000000000000000,3523091971874237/5000000000000000,True,False,all-64,primary,one_edit_global,64,0,excluded,universal_bound,-9/64,-3/64,-9/64,-5/64
cell-0384,7022984623908997/10000000000000000,3523091971874237/5000000000000000,True,False,all-64,primary,current_strict,64,25,input_blocked,,,,,
cell-0384,7022984623908997/10000000000000000,3523091971874237/5000000000000000,True,False,all-64,primary,current_partial,64,0,unresolved,bound_gap,-21/64,5/64,-7/64,-7/64
cell-0384,7022984623908997/10000000000000000,3523091971874237/5000000000000000,True,False,all-64,primary,union_strict,64,36,input_blocked,,,,,
cell-0384,7022984623908997/10000000000000000,3523091971874237/5000000000000000,True,False,all-64,primary,union_partial,64,1,input_blocked,,,,,
cell-0385,3523091971874237/5000000000000000,56431565284729/80000000000000,True,False,all-64,primary,exact_projection,64,0,excluded,universal_bound,-3/32,-3/32,-3/32,-3/32
cell-0385,3523091971874237/5000000000000000,56431565284729/80000000000000,True,False,all-64,primary,one_edit_per_image,64,0,unresolved,opposite_worlds,-39/32,9/8,-9/16,9/16
cell-0385,3523091971874237/5000000000000000,56431565284729/80000000000000,True,False,all-64,primary,one_edit_global,64,0,excluded,universal_bound,-5/32,-1/32,-1/8,-1/16
cell-0385,3523091971874237/5000000000000000,56431565284729/80000000000000,True,False,all-64,primary,current_strict,64,25,input_blocked,,,,,
cell-0385,3523091971874237/5000000000000000,56431565284729/80000000000000,True,False,all-64,primary,current_partial,64,0,unresolved,bound_gap,-5/16,1/16,-1/8,-1/8
cell-0385,3523091971874237/5000000000000000,56431565284729/80000000000000,True,False,all-64,primary,union_strict,64,36,input_blocked,,,,,
cell-0385,3523091971874237/5000000000000000,56431565284729/80000000000000,True,False,all-64,primary,union_partial,64,1,input_blocked,,,,,
cell-0386,56431565284729/80000000000000,441628061234951/625000000000000,True,False,all-64,primary,exact_projection,64,0,excluded,universal_bound,-7/64,-7/64,-7/64,-7/64
cell-0386,56431565284729/80000000000000,441628061234951/625000000000000,True,False,all-64,primary,one_edit_per_image,64,0,unresolved,opposite_worlds,-79/64,71/64,-37/64,37/64
cell-0386,56431565284729/80000000000000,441628061234951/625000000000000,True,False,all-64,primary,one_edit_global,64,0,excluded,universal_bound,-11/64,-3/64,-9/64,-5/64
cell-0386,56431565284729/80000000000000,441628061234951/625000000000000,True,False,all-64,primary,current_strict,64,25,input_blocked,,,,,
cell-0386,56431565284729/80000000000000,441628061234951/625000000000000,True,False,all-64,primary,current_partial,64,0,unresolved,bound_gap,-21/64,3/64,-9/64,-9/64
cell-0386,56431565284729/80000000000000,441628061234951/625000000000000,True,False,all-64,primary,union_strict,64,36,input_blocked,,,,,
cell-0386,56431565284729/80000000000000,441628061234951/625000000000000,True,False,all-64,primary,union_partial,64,1,input_blocked,,,,,
cell-0387,441628061234951/625000000000000,1419377088546753/2000000000000000,True,False,all-64,primary,exact_projection,64,0,excluded,universal_bound,-3/32,-3/32,-3/32,-3/32
cell-0387,441628061234951/625000000000000,1419377088546753/2000000000000000,True,False,all-64,primary,one_edit_per_image,64,0,unresolved,opposite_worlds,-39/32,35/32,-9/16,9/16
cell-0387,441628061234951/625000000000000,1419377088546753/2000000000000000,True,False,all-64,primary,one_edit_global,64,0,excluded,universal_bound,-5/32,-1/32,-1/8,-1/16
cell-0387,441628061234951/625000000000000,1419377088546753/2000000000000000,True,False,all-64,primary,current_strict,64,25,input_blocked,,,,,
cell-0387,441628061234951/625000000000000,1419377088546753/2000000000000000,True,False,all-64,primary,current_partial,64,0,unresolved,bound_gap,-5/16,1/16,-1/8,-1/8
cell-0387,441628061234951/625000000000000,1419377088546753/2000000000000000,True,False,all-64,primary,union_strict,64,36,input_blocked,,,,,
cell-0387,441628061234951/625000000000000,1419377088546753/2000000000000000,True,False,all-64,primary,union_partial,64,1,input_blocked,,,,,
cell-0388,1419377088546753/2000000000000000,1775365024805069/2500000000000000,True,False,all-64,primary,exact_projection,64,0,excluded,universal_bound,-5/64,-5/64,-5/64,-5/64
cell-0388,1419377088546753/2000000000000000,1775365024805069/2500000000000000,True,False,all-64,primary,one_edit_per_image,64,0,unresolved,opposite_worlds,-77/64,71/64,-35/64,37/64
cell-0388,1419377088546753/2000000000000000,1775365024805069/2500000000000000,True,False,all-64,primary,one_edit_global,64,0,excluded,universal_bound,-9/64,-1/64,-7/64,-3/64
cell-0388,1419377088546753/2000000000000000,1775365024805069/2500000000000000,True,False,all-64,primary,current_strict,64,25,input_blocked,,,,,
cell-0388,1419377088546753/2000000000000000,1775365024805069/2500000000000000,True,False,all-64,primary,current_partial,64,0,unresolved,bound_gap,-19/64,5/64,-7/64,-7/64
cell-0388,1419377088546753/2000000000000000,1775365024805069/2500000000000000,True,False,all-64,primary,union_strict,64,36,input_blocked,,,,,
cell-0388,1419377088546753/2000000000000000,1775365024805069/2500000000000000,True,False,all-64,primary,union_partial,64,1,input_blocked,,,,,
cell-0389,1775365024805069/2500000000000000,1427724003791809/2000000000000000,True,False,all-64,primary,exact_projection,64,0,excluded,universal_bound,-3/32,-3/32,-3/32,-3/32
cell-0389,1775365024805069/2500000000000000,1427724003791809/2000000000000000,True,False,all-64,primary,one_edit_per_image,64,0,unresolved,opposite_worlds,-39/32,9/8,-9/16,9/16
cell-0389,1775365024805069/2500000000000000,1427724003791809/2000000000000000,True,False,all-64,primary,one_edit_global,64,0,excluded,universal_bound,-5/32,-1/32,-1/8,-1/16
cell-0389,1775365024805069/2500000000000000,1427724003791809/2000000000000000,True,False,all-64,primary,current_strict,64,25,input_blocked,,,,,
cell-0389,1775365024805069/2500000000000000,1427724003791809/2000000000000000,True,False,all-64,primary,current_partial,64,0,unresolved,bound_gap,-5/16,1/16,-1/8,-1/8
cell-0389,1775365024805069/2500000000000000,1427724003791809/2000000000000000,True,False,all-64,primary,union_strict,64,36,input_blocked,,,,,
cell-0389,1775365024805069/2500000000000000,1427724003791809/2000000000000000,True,False,all-64,primary,union_partial,64,1,input_blocked,,,,,
cell-0390,1427724003791809/2000000000000000,7196318507194519/10000000000000000,True,False,all-64,primary,exact_projection,64,0,excluded,universal_bound,-7/64,-7/64,-7/64,-7/64
cell-0390,1427724003791809/2000000000000000,7196318507194519/10000000000000000,True,False,all-64,primary,one_edit_per_image,64,0,unresolved,opposite_worlds,-77/64,71/64,-37/64,37/64
cell-0390,1427724003791809/2000000000000000,7196318507194519/10000000000000000,True,False,all-64,primary,one_edit_global,64,0,excluded,universal_bound,-11/64,-3/64,-9/64,-5/64
cell-0390,1427724003791809/2000000000000000,7196318507194519/10000000000000000,True,False,all-64,primary,current_strict,64,25,input_blocked,,,,,
cell-0390,1427724003791809/2000000000000000,7196318507194519/10000000000000000,True,False,all-64,primary,current_partial,64,0,unresolved,bound_gap,-21/64,3/64,-9/64,-9/64
cell-0390,1427724003791809/2000000000000000,7196318507194519/10000000000000000,True,False,all-64,primary,union_strict,64,36,input_blocked,,,,,
cell-0390,1427724003791809/2000000000000000,7196318507194519/10000000000000000,True,False,all-64,primary,union_partial,64,1,input_blocked,,,,,
cell-0391,7196318507194519/10000000000000000,7214465141296387/10000000000000000,True,False,all-64,primary,exact_projection,64,0,excluded,universal_bound,-3/32,-3/32,-3/32,-3/32
cell-0391,7196318507194519/10000000000000000,7214465141296387/10000000000000000,True,False,all-64,primary,one_edit_per_image,64,0,unresolved,opposite_worlds,-19/16,35/32,-9/16,9/16
cell-0391,7196318507194519/10000000000000000,7214465141296387/10000000000000000,True,False,all-64,primary,one_edit_global,64,0,excluded,universal_bound,-5/32,-1/32,-1/8,-1/16
cell-0391,7196318507194519/10000000000000000,7214465141296387/10000000000000000,True,False,all-64,primary,current_strict,64,25,input_blocked,,,,,
cell-0391,7196318507194519/10000000000000000,7214465141296387/10000000000000000,True,False,all-64,primary,current_partial,64,0,unresolved,bound_gap,-5/16,1/16,-1/8,-1/8
cell-0391,7196318507194519/10000000000000000,7214465141296387/10000000000000000,True,False,all-64,primary,union_strict,64,36,input_blocked,,,,,
cell-0391,7196318507194519/10000000000000000,7214465141296387/10000000000000000,True,False,all-64,primary,union_partial,64,1,input_blocked,,,,,
cell-0392,7214465141296387/10000000000000000,3608603775501251/5000000000000000,True,False,all-64,primary,exact_projection,64,0,excluded,universal_bound,-5/64,-5/64,-5/64,-5/64
cell-0392,7214465141296387/10000000000000000,3608603775501251/5000000000000000,True,False,all-64,primary,one_edit_per_image,64,0,unresolved,opposite_worlds,-75/64,69/64,-35/64,37/64
cell-0392,7214465141296387/10000000000000000,3608603775501251/5000000000000000,True,False,all-64,primary,one_edit_global,64,0,excluded,universal_bound,-9/64,-1/64,-7/64,-3/64
cell-0392,7214465141296387/10000000000000000,3608603775501251/5000000000000000,True,False,all-64,primary,current_strict,64,25,input_blocked,,,,,
cell-0392,7214465141296387/10000000000000000,3608603775501251/5000000000000000,True,False,all-64,primary,current_partial,64,0,unresolved,bound_gap,-19/64,5/64,-7/64,-7/64
cell-0392,7214465141296387/10000000000000000,3608603775501251/5000000000000000,True,False,all-64,primary,union_strict,64,36,input_blocked,,,,,
cell-0392,7214465141296387/10000000000000000,3608603775501251/5000000000000000,True,False,all-64,primary,union_partial,64,1,input_blocked,,,,,
cell-0393,3608603775501251/5000000000000000,3614096939563751/5000000000000000,True,False,all-64,primary,exact_projection,64,0,excluded,universal_bound,-3/32,-3/32,-3/32,-3/32
cell-0393,3608603775501251/5000000000000000,3614096939563751/5000000000000000,True,False,all-64,primary,one_edit_per_image,64,0,unresolved,opposite_worlds,-19/16,17/16,-17/32,9/16
cell-0393,3608603775501251/5000000000000000,3614096939563751/5000000000000000,True,False,all-64,primary,one_edit_global,64,0,excluded,universal_bound,-5/32,-1/32,-1/8,-1/16
cell-0393,3608603775501251/5000000000000000,3614096939563751/5000000000000000,True,False,all-64,primary,current_strict,64,25,input_blocked,,,,,
cell-0393,3608603775501251/5000000000000000,3614096939563751/5000000000000000,True,False,all-64,primary,current_partial,64,0,unresolved,bound_gap,-5/16,1/16,-1/8,-1/8
cell-0393,3608603775501251/5000000000000000,3614096939563751/5000000000000000,True,False,all-64,primary,union_strict,64,36,input_blocked,,,,,
cell-0393,3608603775501251/5000000000000000,3614096939563751/5000000000000000,True,False,all-64,primary,union_partial,64,1,input_blocked,,,,,
cell-0394,3614096939563751/5000000000000000,7262328267097473/10000000000000000,True,False,all-64,primary,exact_projection,64,0,excluded,universal_bound,-5/64,-5/64,-5/64,-5/64
cell-0394,3614096939563751/5000000000000000,7262328267097473/10000000000000000,True,False,all-64,primary,one_edit_per_image,64,0,unresolved,opposite_worlds,-75/64,69/64,-33/64,37/64
cell-0394,3614096939563751/5000000000000000,7262328267097473/10000000000000000,True,False,all-64,primary,one_edit_global,64,0,excluded,universal_bound,-9/64,-1/64,-7/64,-3/64
cell-0394,3614096939563751/5000000000000000,7262328267097473/10000000000000000,True,False,all-64,primary,current_strict,64,25,input_blocked,,,,,
cell-0394,3614096939563751/5000000000000000,7262328267097473/10000000000000000,True,False,all-64,primary,current_partial,64,0,unresolved,bound_gap,-19/64,5/64,-7/64,-7/64
cell-0394,3614096939563751/5000000000000000,7262328267097473/10000000000000000,True,False,all-64,primary,union_strict,64,36,input_blocked,,,,,
cell-0394,3614096939563751/5000000000000000,7262328267097473/10000000000000000,True,False,all-64,primary,union_partial,64,1,input_blocked,,,,,
cell-0395,7262328267097473/10000000000000000,1819552630186081/2500000000000000,True,False,all-64,primary,exact_projection,64,0,excluded,universal_bound,-3/32,-3/32,-3/32,-3/32
cell-0395,7262328267097473/10000000000000000,1819552630186081/2500000000000000,True,False,all-64,primary,one_edit_per_image,64,0,unresolved,opposite_worlds,-19/16,17/16,-17/32,9/16
cell-0395,7262328267097473/10000000000000000,1819552630186081/2500000000000000,True,False,all-64,primary,one_edit_global,64,0,excluded,universal_bound,-5/32,-1/32,-1/8,-1/16
cell-0395,7262328267097473/10000000000000000,1819552630186081/2500000000000000,True,False,all-64,primary,current_strict,64,25,input_blocked,,,,,
cell-0395,7262328267097473/10000000000000000,1819552630186081/2500000000000000,True,False,all-64,primary,current_partial,64,0,unresolved,bound_gap,-5/16,1/16,-1/8,-1/8
cell-0395,7262328267097473/10000000000000000,1819552630186081/2500000000000000,True,False,all-64,primary,union_strict,64,36,input_blocked,,,,,
cell-0395,7262328267097473/10000000000000000,1819552630186081/2500000000000000,True,False,all-64,primary,union_partial,64,1,input_blocked,,,,,
cell-0396,1819552630186081/2500000000000000,7290501594543457/10000000000000000,True,False,all-64,primary,exact_projection,64,0,excluded,universal_bound,-5/64,-5/64,-5/64,-5/64
cell-0396,1819552630186081/2500000000000000,7290501594543457/10000000000000000,True,False,all-64,primary,one_edit_per_image,64,0,unresolved,opposite_worlds,-75/64,69/64,-33/64,35/64
cell-0396,1819552630186081/2500000000000000,7290501594543457/10000000000000000,True,False,all-64,primary,one_edit_global,64,0,excluded,universal_bound,-9/64,-1/64,-7/64,-3/64
cell-0396,1819552630186081/2500000000000000,7290501594543457/10000000000000000,True,False,all-64,primary,current_strict,64,25,input_blocked,,,,,
cell-0396,1819552630186081/2500000000000000,7290501594543457/10000000000000000,True,False,all-64,primary,current_partial,64,0,unresolved,bound_gap,-19/64,5/64,-7/64,-7/64
cell-0396,1819552630186081/2500000000000000,7290501594543457/10000000000000000,True,False,all-64,primary,union_strict,64,36,input_blocked,,,,,
cell-0396,1819552630186081/2500000000000000,7290501594543457/10000000000000000,True,False,all-64,primary,union_partial,64,1,input_blocked,,,,,
cell-0397,7290501594543457/10000000000000000,7298077940940857/10000000000000000,True,False,all-64,primary,exact_projection,64,0,excluded,universal_bound,-3/32,-3/32,-3/32,-3/32
cell-0397,7290501594543457/10000000000000000,7298077940940857/10000000000000000,True,False,all-64,primary,one_edit_per_image,64,0,unresolved,opposite_worlds,-37/32,17/16,-17/32,17/32
cell-0397,7290501594543457/10000000000000000,7298077940940857/10000000000000000,True,False,all-64,primary,one_edit_global,64,0,excluded,universal_bound,-1/8,-1/32,-1/8,-1/16
cell-0397,7290501594543457/10000000000000000,7298077940940857/10000000000000000,True,False,all-64,primary,current_strict,64,25,input_blocked,,,,,
cell-0397,7290501594543457/10000000000000000,7298077940940857/10000000000000000,True,False,all-64,primary,current_partial,64,0,unresolved,bound_gap,-9/32,1/16,-1/8,-1/8
cell-0397,7290501594543457/10000000000000000,7298077940940857/10000000000000000,True,False,all-64,primary,union_strict,64,36,input_blocked,,,,,
cell-0397,7290501594543457/10000000000000000,7298077940940857/10000000000000000,True,False,all-64,primary,union_partial,64,1,input_blocked,,,,,
cell-0398,7298077940940857/10000000000000000,913437157869339/1250000000000000,True,False,all-64,primary,exact_projection,64,0,excluded,universal_bound,-7/64,-7/64,-7/64,-7/64
cell-0398,7298077940940857/10000000000000000,913437157869339/1250000000000000,True,False,all-64,primary,one_edit_per_image,64,0,unresolved,opposite_worlds,-75/64,67/64,-35/64,33/64
cell-0398,7298077940940857/10000000000000000,913437157869339/1250000000000000,True,False,all-64,primary,one_edit_global,64,0,excluded,universal_bound,-9/64,-3/64,-9/64,-5/64
cell-0398,7298077940940857/10000000000000000,913437157869339/1250000000000000,True,False,all-64,primary,current_strict,64,25,input_blocked,,,,,
cell-0398,7298077940940857/10000000000000000,913437157869339/1250000000000000,True,False,all-64,primary,current_partial,64,0,unresolved,bound_gap,-19/64,3/64,-9/64,-9/64
cell-0398,7298077940940857/10000000000000000,913437157869339/1250000000000000,True,False,all-64,primary,union_strict,64,36,input_blocked,,,,,
cell-0398,7298077940940857/10000000000000000,913437157869339/1250000000000000,True,False,all-64,primary,union_partial,64,1,input_blocked,,,,,
cell-0399,913437157869339/1250000000000000,1830427497625351/2500000000000000,True,False,all-64,primary,exact_projection,64,0,excluded,universal_bound,-1/8,-1/8,-1/8,-1/8
cell-0399,913437157869339/1250000000000000,1830427497625351/2500000000000000,True,False,all-64,primary,one_edit_per_image,64,0,unresolved,opposite_worlds,-19/16,33/32,-17/32,1/2
cell-0399,913437157869339/1250000000000000,1830427497625351/2500000000000000,True,False,all-64,primary,one_edit_global,64,0,excluded,universal_bound,-5/32,-1/16,-5/32,-3/32
cell-0399,913437157869339/1250000000000000,1830427497625351/2500000000000000,True,False,all-64,primary,current_strict,64,25,input_blocked,,,,,
cell-0399,913437157869339/1250000000000000,1830427497625351/2500000000000000,True,False,all-64,primary,current_partial,64,0,unresolved,bound_gap,-5/16,1/32,-5/32,-5/32
cell-0399,913437157869339/1250000000000000,1830427497625351/2500000000000000,True,False,all-64,primary,union_strict,64,36,input_blocked,,,,,
cell-0399,913437157869339/1250000000000000,1830427497625351/2500000000000000,True,False,all-64,primary,union_partial,64,1,input_blocked,,,,,
cell-0400,1830427497625351/2500000000000000,366323858499527/500000000000000,True,False,all-64,primary,exact_projection,64,0,excluded,universal_bound,-9/64,-9/64,-9/64,-9/64
cell-0400,1830427497625351/2500000000000000,366323858499527/500000000000000,True,False,all-64,primary,one_edit_per_image,64,0,unresolved,opposite_worlds,-75/64,65/64,-33/64,31/64
cell-0400,1830427497625351/2500000000000000,366323858499527/500000000000000,True,False,all-64,primary,one_edit_global,64,0,excluded,universal_bound,-11/64,-5/64,-11/64,-7/64
cell-0400,1830427497625351/2500000000000000,366323858499527/500000000000000,True,False,all-64,primary,current_strict,64,25,input_blocked,,,,,
cell-0400,1830427497625351/2500000000000000,366323858499527/500000000000000,True,False,all-64,primary,current_partial,64,0,unresolved,bound_gap,-21/64,1/64,-11/64,-11/64
cell-0400,1830427497625351/2500000000000000,366323858499527/500000000000000,True,False,all-64,primary,union_strict,64,36,input_blocked,,,,,
cell-0400,1830427497625351/2500000000000000,366323858499527/500000000000000,True,False,all-64,primary,union_partial,64,1,input_blocked,,,,,
cell-0401,366323858499527/500000000000000,458611436188221/625000000000000,True,False,all-64,primary,exact_projection,64,0,excluded,universal_bound,-1/8,-1/8,-1/8,-1/8
cell-0401,366323858499527/500000000000000,458611436188221/625000000000000,True,False,all-64,primary,one_edit_per_image,64,0,unresolved,opposite_worlds,-37/32,1,-1/2,15/32
cell-0401,366323858499527/500000000000000,458611436188221/625000000000000,True,False,all-64,primary,one_edit_global,64,0,excluded,universal_bound,-5/32,-1/16,-5/32,-3/32
cell-0401,366323858499527/500000000000000,458611436188221/625000000000000,True,False,all-64,primary,current_strict,64,25,input_blocked,,,,,
cell-0401,366323858499527/500000000000000,458611436188221/625000000000000,True,False,all-64,primary,current_partial,64,0,unresolved,bound_gap,-5/16,1/32,-5/32,-5/32
cell-0401,366323858499527/500000000000000,458611436188221/625000000000000,True,False,all-64,primary,union_strict,64,36,input_blocked,,,,,
cell-0401,366323858499527/500000000000000,458611436188221/625000000000000,True,False,all-64,primary,union_partial,64,1,input_blocked,,,,,
cell-0402,458611436188221/625000000000000,1470484733581543/2000000000000000,True,False,all-64,primary,exact_projection,64,0,excluded,universal_bound,-7/64,-7/64,-7/64,-7/64
cell-0402,458611436188221/625000000000000,1470484733581543/2000000000000000,True,False,all-64,primary,one_edit_per_image,64,0,unresolved,opposite_worlds,-73/64,63/64,-31/64,29/64
cell-0402,458611436188221/625000000000000,1470484733581543/2000000000000000,True,False,all-64,primary,one_edit_global,64,0,excluded,universal_bound,-9/64,-3/64,-9/64,-5/64
cell-0402,458611436188221/625000000000000,1470484733581543/2000000000000000,True,False,all-64,primary,current_strict,64,25,input_blocked,,,,,
cell-0402,458611436188221/625000000000000,1470484733581543/2000000000000000,True,False,all-64,primary,current_partial,64,0,unresolved,bound_gap,-19/64,3/64,-9/64,-9/64
cell-0402,458611436188221/625000000000000,1470484733581543/2000000000000000,True,False,all-64,primary,union_strict,64,36,input_blocked,,,,,
cell-0402,458611436188221/625000000000000,1470484733581543/2000000000000000,True,False,all-64,primary,union_partial,64,1,input_blocked,,,,,
cell-0403,1470484733581543/2000000000000000,7354434728622437/10000000000000000,True,False,all-64,primary,exact_projection,64,0,excluded,universal_bound,-1/8,-1/8,-1/8,-1/8
cell-0403,1470484733581543/2000000000000000,7354434728622437/10000000000000000,True,False,all-64,primary,one_edit_per_image,64,0,unresolved,opposite_worlds,-37/32,31/32,-1/2,7/16
cell-0403,1470484733581543/2000000000000000,7354434728622437/10000000000000000,True,False,all-64,primary,one_edit_global,64,0,excluded,universal_bound,-5/32,-1/16,-5/32,-3/32
cell-0403,1470484733581543/2000000000000000,7354434728622437/10000000000000000,True,False,all-64,primary,current_strict,64,25,input_blocked,,,,,
cell-0403,1470484733581543/2000000000000000,7354434728622437/10000000000000000,True,False,all-64,primary,current_partial,64,0,unresolved,bound_gap,-5/16,1/32,-5/32,-5/32
cell-0403,1470484733581543/2000000000000000,7354434728622437/10000000000000000,True,False,all-64,primary,union_strict,64,36,input_blocked,,,,,
cell-0403,1470484733581543/2000000000000000,7354434728622437/10000000000000000,True,False,all-64,primary,union_partial,64,1,input_blocked,,,,,
cell-0404,7354434728622437/10000000000000000,7376653552055359/10000000000000000,True,False,all-64,primary,exact_projection,64,0,excluded,universal_bound,-7/64,-7/64,-7/64,-7/64
cell-0404,7354434728622437/10000000000000000,7376653552055359/10000000000000000,True,False,all-64,primary,one_edit_per_image,64,0,unresolved,opposite_worlds,-73/64,61/64,-31/64,27/64
cell-0404,7354434728622437/10000000000000000,7376653552055359/10000000000000000,True,False,all-64,primary,one_edit_global,64,0,excluded,universal_bound,-9/64,-3/64,-9/64,-5/64
cell-0404,7354434728622437/10000000000000000,7376653552055359/10000000000000000,True,False,all-64,primary,current_strict,64,25,input_blocked,,,,,
cell-0404,7354434728622437/10000000000000000,7376653552055359/10000000000000000,True,False,all-64,primary,current_partial,64,0,unresolved,bound_gap,-19/64,3/64,-9/64,-9/64
cell-0404,7354434728622437/10000000000000000,7376653552055359/10000000000000000,True,False,all-64,primary,union_strict,64,36,input_blocked,,,,,
cell-0404,7354434728622437/10000000000000000,7376653552055359/10000000000000000,True,False,all-64,primary,union_partial,64,1,input_blocked,,,,,
cell-0405,7376653552055359/10000000000000000,1475450873374939/2000000000000000,True,False,all-64,primary,exact_projection,64,0,excluded,universal_bound,-1/8,-1/8,-1/8,-1/8
cell-0405,7376653552055359/10000000000000000,1475450873374939/2000000000000000,True,False,all-64,primary,one_edit_per_image,64,0,unresolved,opposite_worlds,-37/32,15/16,-1/2,7/16
cell-0405,7376653552055359/10000000000000000,1475450873374939/2000000000000000,True,False,all-64,primary,one_edit_global,64,0,excluded,universal_bound,-5/32,-1/16,-5/32,-3/32
cell-0405,7376653552055359/10000000000000000,1475450873374939/2000000000000000,True,False,all-64,primary,current_strict,64,25,input_blocked,,,,,
cell-0405,7376653552055359/10000000000000000,1475450873374939/2000000000000000,True,False,all-64,primary,current_partial,64,0,unresolved,bound_gap,-9/32,1/32,-1/8,-1/8
cell-0405,7376653552055359/10000000000000000,1475450873374939/2000000000000000,True,False,all-64,primary,union_strict,64,36,input_blocked,,,,,
cell-0405,7376653552055359/10000000000000000,1475450873374939/2000000000000000,True,False,all-64,primary,union_partial,64,1,input_blocked,,,,,
cell-0406,1475450873374939/2000000000000000,3699750304222107/5000000000000000,True,False,all-64,primary,exact_projection,64,0,excluded,universal_bound,-7/64,-7/64,-7/64,-7/64
cell-0406,1475450873374939/2000000000000000,3699750304222107/5000000000000000,True,False,all-64,primary,one_edit_per_image,64,0,unresolved,opposite_worlds,-73/64,59/64,-31/64,27/64
cell-0406,1475450873374939/2000000000000000,3699750304222107/5000000000000000,True,False,all-64,primary,one_edit_global,64,0,excluded,universal_bound,-9/64,-3/64,-9/64,-5/64
cell-0406,1475450873374939/2000000000000000,3699750304222107/5000000000000000,True,False,all-64,primary,current_strict,64,25,input_blocked,,,,,
cell-0406,1475450873374939/2000000000000000,3699750304222107/5000000000000000,True,False,all-64,primary,current_partial,64,0,unresolved,bound_gap,-17/64,3/64,-7/64,-7/64
cell-0406,1475450873374939/2000000000000000,3699750304222107/5000000000000000,True,False,all-64,primary,union_strict,64,36,input_blocked,,,,,
cell-0406,1475450873374939/2000000000000000,3699750304222107/5000000000000000,True,False,all-64,primary,union_partial,64,1,input_blocked,,,,,
cell-0407,3699750304222107/5000000000000000,1852996051311493/2500000000000000,True,False,all-64,primary,exact_projection,64,0,excluded,universal_bound,-1/8,-1/8,-1/8,-1/8
cell-0407,3699750304222107/5000000000000000,1852996051311493/2500000000000000,True,False,all-64,primary,one_edit_per_image,64,0,unresolved,opposite_worlds,-37/32,29/32,-15/32,13/32
cell-0407,3699750304222107/5000000000000000,1852996051311493/2500000000000000,True,False,all-64,primary,one_edit_global,64,0,excluded,universal_bound,-5/32,-1/16,-5/32,-3/32
cell-0407,3699750304222107/5000000000000000,1852996051311493/2500000000000000,True,False,all-64,primary,current_strict,64,25,input_blocked,,,,,
cell-0407,3699750304222107/5000000000000000,1852996051311493/2500000000000000,True,False,all-64,primary,current_partial,64,0,unresolved,bound_gap,-9/32,1/32,-1/8,-1/8
cell-0407,3699750304222107/5000000000000000,1852996051311493/2500000000000000,True,False,all-64,primary,union_strict,64,36,input_blocked,,,,,
cell-0407,3699750304222107/5000000000000000,1852996051311493/2500000000000000,True,False,all-64,primary,union_partial,64,1,input_blocked,,,,,
cell-0408,1852996051311493/2500000000000000,1854429990053177/2500000000000000,True,False,all-64,primary,exact_projection,64,0,excluded,universal_bound,-7/64,-7/64,-7/64,-7/64
cell-0408,1852996051311493/2500000000000000,1854429990053177/2500000000000000,True,False,all-64,primary,one_edit_per_image,64,0,unresolved,opposite_worlds,-73/64,57/64,-31/64,27/64
cell-0408,1852996051311493/2500000000000000,1854429990053177/2500000000000000,True,False,all-64,primary,one_edit_global,64,0,excluded,universal_bound,-9/64,-3/64,-9/64,-5/64
cell-0408,1852996051311493/2500000000000000,1854429990053177/2500000000000000,True,False,all-64,primary,current_strict,64,25,input_blocked,,,,,
cell-0408,1852996051311493/2500000000000000,1854429990053177/2500000000000000,True,False,all-64,primary,current_partial,64,0,unresolved,bound_gap,-17/64,1/64,-9/64,-9/64
cell-0408,1852996051311493/2500000000000000,1854429990053177/2500000000000000,True,False,all-64,primary,union_strict,64,36,input_blocked,,,,,
cell-0408,1852996051311493/2500000000000000,1854429990053177/2500000000000000,True,False,all-64,primary,union_partial,64,1,input_blocked,,,,,
cell-0409,1854429990053177/2500000000000000,1854967325925827/2500000000000000,True,False,all-64,primary,exact_projection,64,0,excluded,universal_bound,-1/8,-1/8,-1/8,-1/8
cell-0409,1854429990053177/2500000000000000,1854967325925827/2500000000000000,True,False,all-64,primary,one_edit_per_image,64,0,unresolved,opposite_worlds,-9/8,7/8,-1/2,13/32
cell-0409,1854429990053177/2500000000000000,1854967325925827/2500000000000000,True,False,all-64,primary,one_edit_global,64,0,excluded,universal_bound,-5/32,-1/16,-5/32,-3/32
cell-0409,1854429990053177/2500000000000000,1854967325925827/2500000000000000,True,False,all-64,primary,current_strict,64,25,input_blocked,,,,,
cell-0409,1854429990053177/2500000000000000,1854967325925827/2500000000000000,True,False,all-64,primary,current_partial,64,0,excluded,universal_bound,-9/32,0,-5/32,-5/32
cell-0409,1854429990053177/2500000000000000,1854967325925827/2500000000000000,True,False,all-64,primary,union_strict,64,36,input_blocked,,,,,
cell-0409,1854429990053177/2500000000000000,1854967325925827/2500000000000000,True,False,all-64,primary,union_partial,64,1,input_blocked,,,,,
cell-0410,1854967325925827/2500000000000000,297013258934021/400000000000000,True,False,all-64,primary,exact_projection,64,0,excluded,universal_bound,-9/64,-9/64,-9/64,-9/64
cell-0410,1854967325925827/2500000000000000,297013258934021/400000000000000,True,False,all-64,primary,one_edit_per_image,64,0,unresolved,opposite_worlds,-73/64,55/64,-33/64,25/64
cell-0410,1854967325925827/2500000000000000,297013258934021/400000000000000,True,False,all-64,primary,one_edit_global,64,0,excluded,universal_bound,-11/64,-5/64,-11/64,-7/64
cell-0410,1854967325925827/2500000000000000,297013258934021/400000000000000,True,False,all-64,primary,current_strict,64,25,input_blocked,,,,,
cell-0410,1854967325925827/2500000000000000,297013258934021/400000000000000,True,False,all-64,primary,current_partial,64,0,excluded,universal_bound,-19/64,-1/64,-11/64,-11/64
cell-0410,1854967325925827/2500000000000000,297013258934021/400000000000000,True,False,all-64,primary,union_strict,64,36,input_blocked,,,,,
cell-0410,1854967325925827/2500000000000000,297013258934021/400000000000000,True,False,all-64,primary,union_partial,64,1,input_blocked,,,,,
cell-0411,297013258934021/400000000000000,7426589727401733/10000000000000000,True,False,all-64,primary,exact_projection,64,0,excluded,universal_bound,-1/8,-1/8,-1/8,-1/8
cell-0411,297013258934021/400000000000000,7426589727401733/10000000000000000,True,False,all-64,primary,one_edit_per_image,64,0,unresolved,opposite_worlds,-9/8,7/8,-17/32,13/32
cell-0411,297013258934021/400000000000000,7426589727401733/10000000000000000,True,False,all-64,primary,one_edit_global,64,0,excluded,universal_bound,-5/32,-1/16,-5/32,-3/32
cell-0411,297013258934021/400000000000000,7426589727401733/10000000000000000,True,False,all-64,primary,current_strict,64,25,input_blocked,,,,,
cell-0411,297013258934021/400000000000000,7426589727401733/10000000000000000,True,False,all-64,primary,current_partial,64,0,excluded,universal_bound,-9/32,0,-5/32,-5/32
cell-0411,297013258934021/400000000000000,7426589727401733/10000000000000000,True,False,all-64,primary,union_strict,64,36,input_blocked,,,,,
cell-0411,297013258934021/400000000000000,7426589727401733/10000000000000000,True,False,all-64,primary,union_partial,64,1,input_blocked,,,,,
cell-0412,7426589727401733/10000000000000000,7437253594398499/10000000000000000,True,False,all-64,primary,exact_projection,64,0,excluded,universal_bound,-7/64,-7/64,-7/64,-7/64
cell-0412,7426589727401733/10000000000000000,7437253594398499/10000000000000000,True,False,all-64,primary,one_edit_per_image,64,0,unresolved,opposite_worlds,-71/64,55/64,-33/64,25/64
cell-0412,7426589727401733/10000000000000000,7437253594398499/10000000000000000,True,False,all-64,primary,one_edit_global,64,0,excluded,universal_bound,-9/64,-3/64,-9/64,-5/64
cell-0412,7426589727401733/10000000000000000,7437253594398499/10000000000000000,True,False,all-64,primary,current_strict,64,25,input_blocked,,,,,
cell-0412,7426589727401733/10000000000000000,7437253594398499/10000000000000000,True,False,all-64,primary,current_partial,64,0,unresolved,bound_gap,-17/64,1/64,-9/64,-9/64
cell-0412,7426589727401733/10000000000000000,7437253594398499/10000000000000000,True,False,all-64,primary,union_strict,64,36,input_blocked,,,,,
cell-0412,7426589727401733/10000000000000000,7437253594398499/10000000000000000,True,False,all-64,primary,union_partial,64,1,input_blocked,,,,,
cell-0413,7437253594398499/10000000000000000,1489337682723999/2000000000000000,True,False,all-64,primary,exact_projection,64,0,excluded,universal_bound,-3/32,-3/32,-3/32,-3/32
cell-0413,7437253594398499/10000000000000000,1489337682723999/2000000000000000,True,False,all-64,primary,one_edit_per_image,64,0,unresolved,opposite_worlds,-35/32,7/8,-1/2,13/32
cell-0413,7437253594398499/10000000000000000,1489337682723999/2000000000000000,True,False,all-64,primary,one_edit_global,64,0,excluded,universal_bound,-1/8,-1/32,-1/8,-1/16
cell-0413,7437253594398499/10000000000000000,1489337682723999/2000000000000000,True,False,all-64,primary,current_strict,64,25,input_blocked,,,,,
cell-0413,7437253594398499/10000000000000000,1489337682723999/2000000000000000,True,False,all-64,primary,current_partial,64,0,unresolved,bound_gap,-1/4,1/32,-1/8,-1/8
cell-0413,7437253594398499/10000000000000000,1489337682723999/2000000000000000,True,False,all-64,primary,union_strict,64,36,input_blocked,,,,,
cell-0413,7437253594398499/10000000000000000,1489337682723999/2000000000000000,True,False,all-64,primary,union_partial,64,1,input_blocked,,,,,
cell-0414,1489337682723999/2000000000000000,3728519082069397/5000000000000000,True,False,all-64,primary,exact_projection,64,0,excluded,universal_bound,-5/64,-5/64,-5/64,-5/64
cell-0414,1489337682723999/2000000000000000,3728519082069397/5000000000000000,True,False,all-64,primary,one_edit_per_image,64,0,unresolved,opposite_worlds,-69/64,57/64,-33/64,27/64
cell-0414,1489337682723999/2000000000000000,3728519082069397/5000000000000000,True,False,all-64,primary,one_edit_global,64,0,excluded,universal_bound,-7/64,-1/64,-7/64,-3/64
cell-0414,1489337682723999/2000000000000000,3728519082069397/5000000000000000,True,False,all-64,primary,current_strict,64,25,input_blocked,,,,,
cell-0414,1489337682723999/2000000000000000,3728519082069397/5000000000000000,True,False,all-64,primary,current_partial,64,0,unresolved,bound_gap,-15/64,3/64,-7/64,-7/64
cell-0414,1489337682723999/2000000000000000,3728519082069397/5000000000000000,True,False,all-64,primary,union_strict,64,36,input_blocked,,,,,
cell-0414,1489337682723999/2000000000000000,3728519082069397/5000000000000000,True,False,all-64,primary,union_partial,64,1,input_blocked,,,,,
cell-0415,3728519082069397/5000000000000000,7498864531517029/10000000000000000,True,False,all-64,primary,exact_projection,64,0,excluded,universal_bound,-3/32,-3/32,-3/32,-3/32
cell-0415,3728519082069397/5000000000000000,7498864531517029/10000000000000000,True,False,all-64,primary,one_edit_per_image,64,0,unresolved,opposite_worlds,-17/16,7/8,-1/2,13/32
cell-0415,3728519082069397/5000000000000000,7498864531517029/10000000000000000,True,False,all-64,primary,one_edit_global,64,0,excluded,universal_bound,-1/8,-1/32,-1/8,-1/16
cell-0415,3728519082069397/5000000000000000,7498864531517029/10000000000000000,True,False,all-64,primary,current_strict,64,25,input_blocked,,,,,
cell-0415,3728519082069397/5000000000000000,7498864531517029/10000000000000000,True,False,all-64,primary,current_partial,64,0,unresolved,bound_gap,-1/4,1/32,-1/8,-1/8
cell-0415,3728519082069397/5000000000000000,7498864531517029/10000000000000000,True,False,all-64,primary,union_strict,64,36,input_blocked,,,,,
cell-0415,3728519082069397/5000000000000000,7498864531517029/10000000000000000,True,False,all-64,primary,union_partial,64,1,input_blocked,,,,,
cell-0416,7498864531517029/10000000000000000,3750089406967163/5000000000000000,True,False,all-64,primary,exact_projection,64,0,excluded,universal_bound,-7/64,-7/64,-7/64,-7/64
cell-0416,7498864531517029/10000000000000000,3750089406967163/5000000000000000,True,False,all-64,primary,one_edit_per_image,64,0,unresolved,opposite_worlds,-67/64,55/64,-31/64,25/64
cell-0416,7498864531517029/10000000000000000,3750089406967163/5000000000000000,True,False,all-64,primary,one_edit_global,64,0,excluded,universal_bound,-9/64,-3/64,-9/64,-5/64
cell-0416,7498864531517029/10000000000000000,3750089406967163/5000000000000000,True,False,all-64,primary,current_strict,64,25,input_blocked,,,,,
cell-0416,7498864531517029/10000000000000000,3750089406967163/5000000000000000,True,False,all-64,primary,current_partial,64,0,unresolved,bound_gap,-17/64,1/64,-9/64,-9/64
cell-0416,7498864531517029/10000000000000000,3750089406967163/5000000000000000,True,False,all-64,primary,union_strict,64,36,input_blocked,,,,,
cell-0416,7498864531517029/10000000000000000,3750089406967163/5000000000000000,True,False,all-64,primary,union_partial,64,1,input_blocked,,,,,
cell-0417,3750089406967163/5000000000000000,3756106495857239/5000000000000000,True,False,all-64,primary,exact_projection,64,0,excluded,universal_bound,-3/32,-3/32,-3/32,-3/32
cell-0417,3750089406967163/5000000000000000,3756106495857239/5000000000000000,True,False,all-64,primary,one_edit_per_image,64,0,unresolved,opposite_worlds,-33/32,7/8,-15/32,3/8
cell-0417,3750089406967163/5000000000000000,3756106495857239/5000000000000000,True,False,all-64,primary,one_edit_global,64,0,excluded,universal_bound,-1/8,-1/32,-1/8,-1/16
cell-0417,3750089406967163/5000000000000000,3756106495857239/5000000000000000,True,False,all-64,primary,current_strict,64,25,input_blocked,,,,,
cell-0417,3750089406967163/5000000000000000,3756106495857239/5000000000000000,True,False,all-64,primary,current_partial,64,0,unresolved,bound_gap,-1/4,1/32,-1/8,-1/8
cell-0417,3750089406967163/5000000000000000,3756106495857239/5000000000000000,True,False,all-64,primary,union_strict,64,36,input_blocked,,,,,
cell-0417,3750089406967163/5000000000000000,3756106495857239/5000000000000000,True,False,all-64,primary,union_partial,64,1,input_blocked,,,,,
cell-0418,3756106495857239/5000000000000000,3766288161277771/5000000000000000,True,False,all-64,primary,exact_projection,64,0,excluded,universal_bound,-7/64,-7/64,-7/64,-7/64
cell-0418,3756106495857239/5000000000000000,3766288161277771/5000000000000000,True,False,all-64,primary,one_edit_per_image,64,0,unresolved,opposite_worlds,-65/64,55/64,-31/64,23/64
cell-0418,3756106495857239/5000000000000000,3766288161277771/5000000000000000,True,False,all-64,primary,one_edit_global,64,0,excluded,universal_bound,-9/64,-3/64,-9/64,-5/64
cell-0418,3756106495857239/5000000000000000,3766288161277771/5000000000000000,True,False,all-64,primary,current_strict,64,25,input_blocked,,,,,
cell-0418,3756106495857239/5000000000000000,3766288161277771/5000000000000000,True,False,all-64,primary,current_partial,64,0,unresolved,bound_gap,-17/64,1/64,-9/64,-9/64
cell-0418,3756106495857239/5000000000000000,3766288161277771/5000000000000000,True,False,all-64,primary,union_strict,64,36,input_blocked,,,,,
cell-0418,3756106495857239/5000000000000000,3766288161277771/5000000000000000,True,False,all-64,primary,union_partial,64,1,input_blocked,,,,,
cell-0419,3766288161277771/5000000000000000,3769353926181793/5000000000000000,True,False,all-64,primary,exact_projection,64,0,excluded,universal_bound,-3/32,-3/32,-3/32,-3/32
cell-0419,3766288161277771/5000000000000000,3769353926181793/5000000000000000,True,False,all-64,primary,one_edit_per_image,64,0,unresolved,opposite_worlds,-1,7/8,-15/32,3/8
cell-0419,3766288161277771/5000000000000000,3769353926181793/5000000000000000,True,False,all-64,primary,one_edit_global,64,0,excluded,universal_bound,-1/8,-1/32,-1/8,-1/16
cell-0419,3766288161277771/5000000000000000,3769353926181793/5000000000000000,True,False,all-64,primary,current_strict,64,25,input_blocked,,,,,
cell-0419,3766288161277771/5000000000000000,3769353926181793/5000000000000000,True,False,all-64,primary,current_partial,64,0,unresolved,bound_gap,-1/4,1/32,-1/8,-1/8
cell-0419,3766288161277771/5000000000000000,3769353926181793/5000000000000000,True,False,all-64,primary,union_strict,64,36,input_blocked,,,,,
cell-0419,3766288161277771/5000000000000000,3769353926181793/5000000000000000,True,False,all-64,primary,union_partial,64,1,input_blocked,,,,,
cell-0420,3769353926181793/5000000000000000,471310093998909/625000000000000,True,False,all-64,primary,exact_projection,64,0,excluded,universal_bound,-5/64,-5/64,-5/64,-5/64
cell-0420,3769353926181793/5000000000000000,471310093998909/625000000000000,True,False,all-64,primary,one_edit_per_image,64,0,unresolved,opposite_worlds,-63/64,57/64,-29/64,25/64
cell-0420,3769353926181793/5000000000000000,471310093998909/625000000000000,True,False,all-64,primary,one_edit_global,64,0,excluded,universal_bound,-7/64,-1/64,-7/64,-3/64
cell-0420,3769353926181793/5000000000000000,471310093998909/625000000000000,True,False,all-64,primary,current_strict,64,25,input_blocked,,,,,
cell-0420,3769353926181793/5000000000000000,471310093998909/625000000000000,True,False,all-64,primary,current_partial,64,0,unresolved,bound_gap,-15/64,3/64,-7/64,-7/64
cell-0420,3769353926181793/5000000000000000,471310093998909/625000000000000,True,False,all-64,primary,union_strict,64,36,input_blocked,,,,,
cell-0420,3769353926181793/5000000000000000,471310093998909/625000000000000,True,False,all-64,primary,union_partial,64,1,input_blocked,,,,,
cell-0421,471310093998909/625000000000000,7567944526672363/10000000000000000,True,False,all-64,primary,exact_projection,64,0,excluded,universal_bound,-1/16,-1/16,-1/16,-1/16
cell-0421,471310093998909/625000000000000,7567944526672363/10000000000000000,True,False,all-64,primary,one_edit_per_image,64,0,unresolved,opposite_worlds,-31/32,29/32,-7/16,13/32
cell-0421,471310093998909/625000000000000,7567944526672363/10000000000000000,True,False,all-64,primary,one_edit_global,64,0,excluded,universal_bound,-3/32,0,-3/32,-1/32
cell-0421,471310093998909/625000000000000,7567944526672363/10000000000000000,True,False,all-64,primary,current_strict,64,25,input_blocked,,,,,
cell-0421,471310093998909/625000000000000,7567944526672363/10000000000000000,True,False,all-64,primary,current_partial,64,0,unresolved,bound_gap,-7/32,1/16,-3/32,-3/32
cell-0421,471310093998909/625000000000000,7567944526672363/10000000000000000,True,False,all-64,primary,union_strict,64,36,input_blocked,,,,,
cell-0421,471310093998909/625000000000000,7567944526672363/10000000000000000,True,False,all-64,primary,union_partial,64,1,input_blocked,,,,,
cell-0422,7567944526672363/10000000000000000,1515285611152649/2000000000000000,True,False,all-64,primary,exact_projection,64,0,excluded,universal_bound,-3/64,-3/64,-3/64,-3/64
cell-0422,7567944526672363/10000000000000000,1515285611152649/2000000000000000,True,False,all-64,primary,one_edit_per_image,64,0,unresolved,opposite_worlds,-61/64,59/64,-27/64,25/64
cell-0422,7567944526672363/10000000000000000,1515285611152649/2000000000000000,True,False,all-64,primary,one_edit_global,64,0,unresolved,bound_gap,-5/64,1/64,-5/64,-1/64
cell-0422,7567944526672363/10000000000000000,1515285611152649/2000000000000000,True,False,all-64,primary,current_strict,64,25,input_blocked,,,,,
cell-0422,7567944526672363/10000000000000000,1515285611152649/2000000000000000,True,False,all-64,primary,current_partial,64,0,unresolved,bound_gap,-13/64,5/64,-5/64,-5/64
cell-0422,7567944526672363/10000000000000000,1515285611152649/2000000000000000,True,False,all-64,primary,union_strict,64,36,input_blocked,,,,,
cell-0422,7567944526672363/10000000000000000,1515285611152649/2000000000000000,True,False,all-64,primary,union_partial,64,1,input_blocked,,,,,
cell-0423,1515285611152649/2000000000000000,3801412582397461/5000000000000000,True,False,all-64,primary,exact_projection,64,0,excluded,universal_bound,-1/16,-1/16,-1/16,-1/16
cell-0423,1515285611152649/2000000000000000,3801412582397461/5000000000000000,True,False,all-64,primary,one_edit_per_image,64,0,unresolved,opposite_worlds,-15/16,29/32,-13/32,3/8
cell-0423,1515285611152649/2000000000000000,3801412582397461/5000000000000000,True,False,all-64,primary,one_edit_global,64,0,excluded,universal_bound,-3/32,0,-3/32,-1/32
cell-0423,1515285611152649/2000000000000000,3801412582397461/5000000000000000,True,False,all-64,primary,current_strict,64,25,input_blocked,,,,,
cell-0423,1515285611152649/2000000000000000,3801412582397461/5000000000000000,True,False,all-64,primary,current_partial,64,0,unresolved,bound_gap,-7/32,1/16,-3/32,-3/32
cell-0423,1515285611152649/2000000000000000,3801412582397461/5000000000000000,True,False,all-64,primary,union_strict,64,36,input_blocked,,,,,
cell-0423,1515285611152649/2000000000000000,3801412582397461/5000000000000000,True,False,all-64,primary,union_partial,64,1,input_blocked,,,,,
cell-0424,3801412582397461/5000000000000000,7677361965179443/10000000000000000,True,False,all-64,primary,exact_projection,64,0,excluded,universal_bound,-5/64,-5/64,-5/64,-5/64
cell-0424,3801412582397461/5000000000000000,7677361965179443/10000000000000000,True,False,all-64,primary,one_edit_per_image,64,0,unresolved,opposite_worlds,-59/64,57/64,-27/64,25/64
cell-0424,3801412582397461/5000000000000000,7677361965179443/10000000000000000,True,False,all-64,primary,one_edit_global,64,0,excluded,universal_bound,-7/64,-1/64,-7/64,-3/64
cell-0424,3801412582397461/5000000000000000,7677361965179443/10000000000000000,True,False,all-64,primary,current_strict,64,25,input_blocked,,,,,
cell-0424,3801412582397461/5000000000000000,7677361965179443/10000000000000000,True,False,all-64,primary,current_partial,64,0,unresolved,bound_gap,-15/64,3/64,-7/64,-7/64
cell-0424,3801412582397461/5000000000000000,7677361965179443/10000000000000000,True,False,all-64,primary,union_strict,64,36,input_blocked,,,,,
cell-0424,3801412582397461/5000000000000000,7677361965179443/10000000000000000,True,False,all-64,primary,union_partial,64,1,input_blocked,,,,,
cell-0425,7677361965179443/10000000000000000,7697387337684631/10000000000000000,True,False,all-64,primary,exact_projection,64,0,excluded,universal_bound,-3/32,-3/32,-3/32,-3/32
cell-0425,7677361965179443/10000000000000000,7697387337684631/10000000000000000,True,False,all-64,primary,one_edit_per_image,64,0,unresolved,opposite_worlds,-29/32,7/8,-7/16,3/8
cell-0425,7677361965179443/10000000000000000,7697387337684631/10000000000000000,True,False,all-64,primary,one_edit_global,64,0,excluded,universal_bound,-1/8,-1/32,-1/8,-1/16
cell-0425,7677361965179443/10000000000000000,7697387337684631/10000000000000000,True,False,all-64,primary,current_strict,64,25,input_blocked,,,,,
cell-0425,7677361965179443/10000000000000000,7697387337684631/10000000000000000,True,False,all-64,primary,current_partial,64,0,unresolved,bound_gap,-1/4,1/32,-1/8,-1/8
cell-0425,7677361965179443/10000000000000000,7697387337684631/10000000000000000,True,False,all-64,primary,union_strict,64,36,input_blocked,,,,,
cell-0425,7677361965179443/10000000000000000,7697387337684631/10000000000000000,True,False,all-64,primary,union_partial,64,1,input_blocked,,,,,
cell-0426,7697387337684631/10000000000000000,3850458860397339/5000000000000000,True,False,all-64,primary,exact_projection,64,0,excluded,universal_bound,-5/64,-5/64,-5/64,-5/64
cell-0426,7697387337684631/10000000000000000,3850458860397339/5000000000000000,True,False,all-64,primary,one_edit_per_image,64,0,unresolved,opposite_worlds,-57/64,55/64,-27/64,23/64
cell-0426,7697387337684631/10000000000000000,3850458860397339/5000000000000000,True,False,all-64,primary,one_edit_global,64,0,excluded,universal_bound,-7/64,-1/64,-7/64,-3/64
cell-0426,7697387337684631/10000000000000000,3850458860397339/5000000000000000,True,False,all-64,primary,current_strict,64,25,input_blocked,,,,,
cell-0426,7697387337684631/10000000000000000,3850458860397339/5000000000000000,True,False,all-64,primary,current_partial,64,0,unresolved,bound_gap,-15/64,3/64,-7/64,-7/64
cell-0426,7697387337684631/10000000000000000,3850458860397339/5000000000000000,True,False,all-64,primary,union_strict,64,36,input_blocked,,,,,
cell-0426,7697387337684631/10000000000000000,3850458860397339/5000000000000000,True,False,all-64,primary,union_partial,64,1,input_blocked,,,,,
cell-0427,3850458860397339/5000000000000000,7712283730506897/10000000000000000,True,False,all-64,primary,exact_projection,64,0,excluded,universal_bound,-1/16,-1/16,-1/16,-1/16
cell-0427,3850458860397339/5000000000000000,7712283730506897/10000000000000000,True,False,all-64,primary,one_edit_per_image,64,0,unresolved,opposite_worlds,-7/8,7/8,-13/32,3/8
cell-0427,3850458860397339/5000000000000000,7712283730506897/10000000000000000,True,False,all-64,primary,one_edit_global,64,0,excluded,universal_bound,-3/32,0,-3/32,-1/32
cell-0427,3850458860397339/5000000000000000,7712283730506897/10000000000000000,True,False,all-64,primary,current_strict,64,25,input_blocked,,,,,
cell-0427,3850458860397339/5000000000000000,7712283730506897/10000000000000000,True,False,all-64,primary,current_partial,64,0,unresolved,bound_gap,-7/32,1/16,-3/32,-3/32
cell-0427,3850458860397339/5000000000000000,7712283730506897/10000000000000000,True,False,all-64,primary,union_strict,64,36,input_blocked,,,,,
cell-0427,3850458860397339/5000000000000000,7712283730506897/10000000000000000,True,False,all-64,primary,union_partial,64,1,input_blocked,,,,,
cell-0428,7712283730506897/10000000000000000,1930873990058899/2500000000000000,True,False,all-64,primary,exact_projection,64,0,excluded,universal_bound,-5/64,-5/64,-5/64,-5/64
cell-0428,7712283730506897/10000000000000000,1930873990058899/2500000000000000,True,False,all-64,primary,one_edit_per_image,64,0,unresolved,opposite_worlds,-57/64,55/64,-27/64,25/64
cell-0428,7712283730506897/10000000000000000,1930873990058899/2500000000000000,True,False,all-64,primary,one_edit_global,64,0,excluded,universal_bound,-7/64,-1/64,-7/64,-3/64
cell-0428,7712283730506897/10000000000000000,1930873990058899/2500000000000000,True,False,all-64,primary,current_strict,64,25,input_blocked,,,,,
cell-0428,7712283730506897/10000000000000000,1930873990058899/2500000000000000,True,False,all-64,primary,current_partial,64,0,unresolved,bound_gap,-15/64,3/64,-7/64,-7/64
cell-0428,7712283730506897/10000000000000000,1930873990058899/2500000000000000,True,False,all-64,primary,union_strict,64,36,input_blocked,,,,,
cell-0428,7712283730506897/10000000000000000,1930873990058899/2500000000000000,True,False,all-64,primary,union_partial,64,1,input_blocked,,,,,
cell-0429,1930873990058899/2500000000000000,7745602130889893/10000000000000000,True,False,all-64,primary,exact_projection,64,0,excluded,universal_bound,-3/32,-3/32,-3/32,-3/32
cell-0429,1930873990058899/2500000000000000,7745602130889893/10000000000000000,True,False,all-64,primary,one_edit_per_image,64,0,unresolved,opposite_worlds,-29/32,27/32,-7/16,13/32
cell-0429,1930873990058899/2500000000000000,7745602130889893/10000000000000000,True,False,all-64,primary,one_edit_global,64,0,excluded,universal_bound,-1/8,-1/32,-1/8,-1/16
cell-0429,1930873990058899/2500000000000000,7745602130889893/10000000000000000,True,False,all-64,primary,current_strict,64,25,input_blocked,,,,,
cell-0429,1930873990058899/2500000000000000,7745602130889893/10000000000000000,True,False,all-64,primary,current_partial,64,0,unresolved,bound_gap,-1/4,1/32,-1/8,-1/8
cell-0429,1930873990058899/2500000000000000,7745602130889893/10000000000000000,True,False,all-64,primary,union_strict,64,36,input_blocked,,,,,
cell-0429,1930873990058899/2500000000000000,7745602130889893/10000000000000000,True,False,all-64,primary,union_partial,64,1,input_blocked,,,,,
cell-0430,7745602130889893/10000000000000000,1549343228340149/2000000000000000,True,False,all-64,primary,exact_projection,64,0,excluded,universal_bound,-5/64,-5/64,-5/64,-5/64
cell-0430,7745602130889893/10000000000000000,1549343228340149/2000000000000000,True,False,all-64,primary,one_edit_per_image,64,0,unresolved,opposite_worlds,-57/64,55/64,-27/64,27/64
cell-0430,7745602130889893/10000000000000000,1549343228340149/2000000000000000,True,False,all-64,primary,one_edit_global,64,0,excluded,universal_bound,-7/64,-1/64,-7/64,-3/64
cell-0430,7745602130889893/10000000000000000,1549343228340149/2000000000000000,True,False,all-64,primary,current_strict,64,25,input_blocked,,,,,
cell-0430,7745602130889893/10000000000000000,1549343228340149/2000000000000000,True,False,all-64,primary,current_partial,64,0,unresolved,bound_gap,-15/64,3/64,-7/64,-7/64
cell-0430,7745602130889893/10000000000000000,1549343228340149/2000000000000000,True,False,all-64,primary,union_strict,64,36,input_blocked,,,,,
cell-0430,7745602130889893/10000000000000000,1549343228340149/2000000000000000,True,False,all-64,primary,union_partial,64,1,input_blocked,,,,,
cell-0431,1549343228340149/2000000000000000,7763345241546631/10000000000000000,True,False,all-64,primary,exact_projection,64,0,excluded,universal_bound,-1/16,-1/16,-1/16,-1/16
cell-0431,1549343228340149/2000000000000000,7763345241546631/10000000000000000,True,False,all-64,primary,one_edit_per_image,64,0,unresolved,opposite_worlds,-7/8,27/32,-13/32,13/32
cell-0431,1549343228340149/2000000000000000,7763345241546631/10000000000000000,True,False,all-64,primary,one_edit_global,64,0,excluded,universal_bound,-3/32,0,-3/32,-1/32
cell-0431,1549343228340149/2000000000000000,7763345241546631/10000000000000000,True,False,all-64,primary,current_strict,64,25,input_blocked,,,,,
cell-0431,1549343228340149/2000000000000000,7763345241546631/10000000000000000,True,False,all-64,primary,current_partial,64,0,unresolved,bound_gap,-7/32,1/16,-3/32,-3/32
cell-0431,1549343228340149/2000000000000000,7763345241546631/10000000000000000,True,False,all-64,primary,union_strict,64,36,input_blocked,,,,,
cell-0431,1549343228340149/2000000000000000,7763345241546631/10000000000000000,True,False,all-64,primary,union_partial,64,1,input_blocked,,,,,
cell-0432,7763345241546631/10000000000000000,3883543014526367/5000000000000000,True,False,all-64,primary,exact_projection,64,0,excluded,universal_bound,-3/64,-3/64,-3/64,-3/64
cell-0432,7763345241546631/10000000000000000,3883543014526367/5000000000000000,True,False,all-64,primary,one_edit_per_image,64,0,unresolved,opposite_worlds,-55/64,53/64,-25/64,27/64
cell-0432,7763345241546631/10000000000000000,3883543014526367/5000000000000000,True,False,all-64,primary,one_edit_global,64,0,unresolved,bound_gap,-5/64,1/64,-5/64,-1/64
cell-0432,7763345241546631/10000000000000000,3883543014526367/5000000000000000,True,False,all-64,primary,current_strict,64,25,input_blocked,,,,,
cell-0432,7763345241546631/10000000000000000,3883543014526367/5000000000000000,True,False,all-64,primary,current_partial,64,0,unresolved,bound_gap,-13/64,5/64,-5/64,-5/64
cell-0432,7763345241546631/10000000000000000,3883543014526367/5000000000000000,True,False,all-64,primary,union_strict,64,36,input_blocked,,,,,
cell-0432,7763345241546631/10000000000000000,3883543014526367/5000000000000000,True,False,all-64,primary,union_partial,64,1,input_blocked,,,,,
cell-0433,3883543014526367/5000000000000000,3893637955188751/5000000000000000,True,False,all-64,primary,exact_projection,64,0,excluded,universal_bound,-1/16,-1/16,-1/16,-1/16
cell-0433,3883543014526367/5000000000000000,3893637955188751/5000000000000000,True,False,all-64,primary,one_edit_per_image,64,0,unresolved,opposite_worlds,-7/8,13/16,-3/8,13/32
cell-0433,3883543014526367/5000000000000000,3893637955188751/5000000000000000,True,False,all-64,primary,one_edit_global,64,0,excluded,universal_bound,-3/32,0,-3/32,-1/32
cell-0433,3883543014526367/5000000000000000,3893637955188751/5000000000000000,True,False,all-64,primary,current_strict,64,25,input_blocked,,,,,
cell-0433,3883543014526367/5000000000000000,3893637955188751/5000000000000000,True,False,all-64,primary,current_partial,64,0,unresolved,bound_gap,-7/32,1/16,-3/32,-3/32
cell-0433,3883543014526367/5000000000000000,3893637955188751/5000000000000000,True,False,all-64,primary,union_strict,64,36,input_blocked,,,,,
cell-0433,3883543014526367/5000000000000000,3893637955188751/5000000000000000,True,False,all-64,primary,union_partial,64,1,input_blocked,,,,,
cell-0434,3893637955188751/5000000000000000,312703537940979/400000000000000,True,False,all-64,primary,exact_projection,64,0,excluded,universal_bound,-5/64,-5/64,-5/64,-5/64
cell-0434,3893637955188751/5000000000000000,312703537940979/400000000000000,True,False,all-64,primary,one_edit_per_image,64,0,unresolved,opposite_worlds,-55/64,51/64,-23/64,25/64
cell-0434,3893637955188751/5000000000000000,312703537940979/400000000000000,True,False,all-64,primary,one_edit_global,64,0,excluded,universal_bound,-7/64,-1/64,-7/64,-3/64
cell-0434,3893637955188751/5000000000000000,312703537940979/400000000000000,True,False,all-64,primary,current_strict,64,25,input_blocked,,,,,
cell-0434,3893637955188751/5000000000000000,312703537940979/400000000000000,True,False,all-64,primary,current_partial,64,0,unresolved,bound_gap,-15/64,3/64,-7/64,-7/64
cell-0434,3893637955188751/5000000000000000,312703537940979/400000000000000,True,False,all-64,primary,union_strict,64,36,input_blocked,,,,,
cell-0434,3893637955188751/5000000000000000,312703537940979/400000000000000,True,False,all-64,primary,union_partial,64,1,input_blocked,,,,,
cell-0435,312703537940979/400000000000000,1564732551574707/2000000000000000,True,False,all-64,primary,exact_projection,64,0,excluded,universal_bound,-1/16,-1/16,-1/16,-1/16
cell-0435,312703537940979/400000000000000,1564732551574707/2000000000000000,True,False,all-64,primary,one_edit_per_image,64,0,unresolved,opposite_worlds,-27/32,13/16,-11/32,3/8
cell-0435,312703537940979/400000000000000,1564732551574707/2000000000000000,True,False,all-64,primary,one_edit_global,64,0,excluded,universal_bound,-3/32,0,-3/32,-1/32
cell-0435,312703537940979/400000000000000,1564732551574707/2000000000000000,True,False,all-64,primary,current_strict,64,25,input_blocked,,,,,
cell-0435,312703537940979/400000000000000,1564732551574707/2000000000000000,True,False,all-64,primary,current_partial,64,0,unresolved,bound_gap,-7/32,1/32,-1/8,-1/8
cell-0435,312703537940979/400000000000000,1564732551574707/2000000000000000,True,False,all-64,primary,union_strict,64,36,input_blocked,,,,,
cell-0435,312703537940979/400000000000000,1564732551574707/2000000000000000,True,False,all-64,primary,union_partial,64,1,input_blocked,,,,,
cell-0436,1564732551574707/2000000000000000,3933771252632141/5000000000000000,True,False,all-64,primary,exact_projection,64,0,excluded,universal_bound,-5/64,-5/64,-5/64,-5/64
cell-0436,1564732551574707/2000000000000000,3933771252632141/5000000000000000,True,False,all-64,primary,one_edit_per_image,64,0,unresolved,opposite_worlds,-55/64,51/64,-21/64,23/64
cell-0436,1564732551574707/2000000000000000,3933771252632141/5000000000000000,True,False,all-64,primary,one_edit_global,64,0,excluded,universal_bound,-7/64,-1/64,-7/64,-3/64
cell-0436,1564732551574707/2000000000000000,3933771252632141/5000000000000000,True,False,all-64,primary,current_strict,64,25,input_blocked,,,,,
cell-0436,1564732551574707/2000000000000000,3933771252632141/5000000000000000,True,False,all-64,primary,current_partial,64,0,unresolved,bound_gap,-15/64,1/64,-9/64,-9/64
cell-0436,1564732551574707/2000000000000000,3933771252632141/5000000000000000,True,False,all-64,primary,union_strict,64,36,input_blocked,,,,,
cell-0436,1564732551574707/2000000000000000,3933771252632141/5000000000000000,True,False,all-64,primary,union_partial,64,1,input_blocked,,,,,
cell-0437,3933771252632141/5000000000000000,7875847220420837/10000000000000000,True,False,all-64,primary,exact_projection,64,0,excluded,universal_bound,-3/32,-3/32,-3/32,-3/32
cell-0437,3933771252632141/5000000000000000,7875847220420837/10000000000000000,True,False,all-64,primary,one_edit_per_image,64,0,unresolved,opposite_worlds,-27/32,25/32,-11/32,3/8
cell-0437,3933771252632141/5000000000000000,7875847220420837/10000000000000000,True,False,all-64,primary,one_edit_global,64,0,excluded,universal_bound,-1/8,-1/32,-1/8,-1/16
cell-0437,3933771252632141/5000000000000000,7875847220420837/10000000000000000,True,False,all-64,primary,current_strict,64,25,input_blocked,,,,,
cell-0437,3933771252632141/5000000000000000,7875847220420837/10000000000000000,True,False,all-64,primary,current_partial,64,0,excluded,universal_bound,-7/32,0,-1/8,-1/8
cell-0437,3933771252632141/5000000000000000,7875847220420837/10000000000000000,True,False,all-64,primary,union_strict,64,36,input_blocked,,,,,
cell-0437,3933771252632141/5000000000000000,7875847220420837/10000000000000000,True,False,all-64,primary,union_partial,64,1,input_blocked,,,,,
cell-0438,7875847220420837/10000000000000000,7881516814231873/10000000000000000,True,False,all-64,primary,exact_projection,64,0,excluded,universal_bound,-5/64,-5/64,-5/64,-5/64
cell-0438,7875847220420837/10000000000000000,7881516814231873/10000000000000000,True,False,all-64,primary,one_edit_per_image,64,0,unresolved,opposite_worlds,-53/64,49/64,-21/64,23/64
cell-0438,7875847220420837/10000000000000000,7881516814231873/10000000000000000,True,False,all-64,primary,one_edit_global,64,0,excluded,universal_bound,-7/64,-1/64,-7/64,-3/64
cell-0438,7875847220420837/10000000000000000,7881516814231873/10000000000000000,True,False,all-64,primary,current_strict,64,25,input_blocked,,,,,
cell-0438,7875847220420837/10000000000000000,7881516814231873/10000000000000000,True,False,all-64,primary,current_partial,64,0,unresolved,bound_gap,-13/64,1/64,-7/64,-7/64
cell-0438,7875847220420837/10000000000000000,7881516814231873/10000000000000000,True,False,all-64,primary,union_strict,64,36,input_blocked,,,,,
cell-0438,7875847220420837/10000000000000000,7881516814231873/10000000000000000,True,False,all-64,primary,union_partial,64,1,input_blocked,,,,,
cell-0439,7881516814231873/10000000000000000,793603777885437/1000000000000000,True,False,all-64,primary,exact_projection,64,0,excluded,universal_bound,-3/32,-3/32,-3/32,-3/32
cell-0439,7881516814231873/10000000000000000,793603777885437/1000000000000000,True,False,all-64,primary,one_edit_per_image,64,0,unresolved,opposite_worlds,-27/32,3/4,-11/32,11/32
cell-0439,7881516814231873/10000000000000000,793603777885437/1000000000000000,True,False,all-64,primary,one_edit_global,64,0,excluded,universal_bound,-1/8,-1/32,-1/8,-1/16
cell-0439,7881516814231873/10000000000000000,793603777885437/1000000000000000,True,False,all-64,primary,current_strict,64,25,input_blocked,,,,,
cell-0439,7881516814231873/10000000000000000,793603777885437/1000000000000000,True,False,all-64,primary,current_partial,64,0,excluded,universal_bound,-7/32,0,-1/8,-1/8
cell-0439,7881516814231873/10000000000000000,793603777885437/1000000000000000,True,False,all-64,primary,union_strict,64,36,input_blocked,,,,,
cell-0439,7881516814231873/10000000000000000,793603777885437/1000000000000000,True,False,all-64,primary,union_partial,64,1,input_blocked,,,,,
cell-0440,793603777885437/1000000000000000,3977494239807129/5000000000000000,True,False,all-64,primary,exact_projection,64,0,excluded,universal_bound,-5/64,-5/64,-5/64,-5/64
cell-0440,793603777885437/1000000000000000,3977494239807129/5000000000000000,True,False,all-64,primary,one_edit_per_image,64,0,unresolved,opposite_worlds,-53/64,47/64,-21/64,21/64
cell-0440,793603777885437/1000000000000000,3977494239807129/5000000000000000,True,False,all-64,primary,one_edit_global,64,0,excluded,universal_bound,-7/64,-1/64,-7/64,-3/64
cell-0440,793603777885437/1000000000000000,3977494239807129/5000000000000000,True,False,all-64,primary,current_strict,64,25,input_blocked,,,,,
cell-0440,793603777885437/1000000000000000,3977494239807129/5000000000000000,True,False,all-64,primary,current_partial,64,0,excluded,universal_bound,-13/64,-1/64,-9/64,-9/64
cell-0440,793603777885437/1000000000000000,3977494239807129/5000000000000000,True,False,all-64,primary,union_strict,64,36,input_blocked,,,,,
cell-0440,793603777885437/1000000000000000,3977494239807129/5000000000000000,True,False,all-64,primary,union_partial,64,1,input_blocked,,,,,
cell-0441,3977494239807129/5000000000000000,998038649559021/1250000000000000,True,False,all-64,primary,exact_projection,64,0,excluded,universal_bound,-3/32,-3/32,-3/32,-3/32
cell-0441,3977494239807129/5000000000000000,998038649559021/1250000000000000,True,False,all-64,primary,one_edit_per_image,64,0,unresolved,opposite_worlds,-13/16,23/32,-5/16,5/16
cell-0441,3977494239807129/5000000000000000,998038649559021/1250000000000000,True,False,all-64,primary,one_edit_global,64,0,excluded,universal_bound,-1/8,-1/32,-1/8,-1/16
cell-0441,3977494239807129/5000000000000000,998038649559021/1250000000000000,True,False,all-64,primary,current_strict,64,25,input_blocked,,,,,
cell-0441,3977494239807129/5000000000000000,998038649559021/1250000000000000,True,False,all-64,primary,current_partial,64,0,excluded,universal_bound,-3/16,-1/32,-1/8,-1/8
cell-0441,3977494239807129/5000000000000000,998038649559021/1250000000000000,True,False,all-64,primary,union_strict,64,36,input_blocked,,,,,
cell-0441,3977494239807129/5000000000000000,998038649559021/1250000000000000,True,False,all-64,primary,union_partial,64,1,input_blocked,,,,,
cell-0442,998038649559021/1250000000000000,200270414352417/250000000000000,True,False,all-64,primary,exact_projection,64,0,excluded,universal_bound,-5/64,-5/64,-5/64,-5/64
cell-0442,998038649559021/1250000000000000,200270414352417/250000000000000,True,False,all-64,primary,one_edit_per_image,64,0,unresolved,opposite_worlds,-51/64,45/64,-19/64,19/64
cell-0442,998038649559021/1250000000000000,200270414352417/250000000000000,True,False,all-64,primary,one_edit_global,64,0,excluded,universal_bound,-7/64,-1/64,-7/64,-3/64
cell-0442,998038649559021/1250000000000000,200270414352417/250000000000000,True,False,all-64,primary,current_strict,64,25,input_blocked,,,,,
cell-0442,998038649559021/1250000000000000,200270414352417/250000000000000,True,False,all-64,primary,current_partial,64,0,excluded,universal_bound,-11/64,-1/64,-7/64,-7/64
cell-0442,998038649559021/1250000000000000,200270414352417/250000000000000,True,False,all-64,primary,union_strict,64,36,input_blocked,,,,,
cell-0442,998038649559021/1250000000000000,200270414352417/250000000000000,True,False,all-64,primary,union_partial,64,1,input_blocked,,,,,
cell-0443,200270414352417/250000000000000,4046192765235901/5000000000000000,True,False,all-64,primary,exact_projection,64,0,excluded,universal_bound,-3/32,-3/32,-3/32,-3/32
cell-0443,200270414352417/250000000000000,4046192765235901/5000000000000000,True,False,all-64,primary,one_edit_per_image,64,0,unresolved,opposite_worlds,-25/32,11/16,-9/32,9/32
cell-0443,200270414352417/250000000000000,4046192765235901/5000000000000000,True,False,all-64,primary,one_edit_global,64,0,excluded,universal_bound,-1/8,-1/32,-1/8,-1/16
cell-0443,200270414352417/250000000000000,4046192765235901/5000000000000000,True,False,all-64,primary,current_strict,64,25,input_blocked,,,,,
cell-0443,200270414352417/250000000000000,4046192765235901/5000000000000000,True,False,all-64,primary,current_partial,64,0,excluded,universal_bound,-3/16,-1/32,-1/8,-1/8
cell-0443,200270414352417/250000000000000,4046192765235901/5000000000000000,True,False,all-64,primary,union_strict,64,36,input_blocked,,,,,
cell-0443,200270414352417/250000000000000,4046192765235901/5000000000000000,True,False,all-64,primary,union_partial,64,1,input_blocked,,,,,
cell-0444,4046192765235901/5000000000000000,4056611657142639/5000000000000000,True,False,all-64,primary,exact_projection,64,0,excluded,universal_bound,-7/64,-7/64,-7/64,-7/64
cell-0444,4046192765235901/5000000000000000,4056611657142639/5000000000000000,True,False,all-64,primary,one_edit_per_image,64,0,unresolved,opposite_worlds,-49/64,43/64,-19/64,17/64
cell-0444,4046192765235901/5000000000000000,4056611657142639/5000000000000000,True,False,all-64,primary,one_edit_global,64,0,excluded,universal_bound,-9/64,-3/64,-9/64,-5/64
cell-0444,4046192765235901/5000000000000000,4056611657142639/5000000000000000,True,False,all-64,primary,current_strict,64,25,input_blocked,,,,,
cell-0444,4046192765235901/5000000000000000,4056611657142639/5000000000000000,True,False,all-64,primary,current_partial,64,0,excluded,universal_bound,-11/64,-3/64,-9/64,-9/64
cell-0444,4046192765235901/5000000000000000,4056611657142639/5000000000000000,True,False,all-64,primary,union_strict,64,36,input_blocked,,,,,
cell-0444,4046192765235901/5000000000000000,4056611657142639/5000000000000000,True,False,all-64,primary,union_partial,64,1,input_blocked,,,,,
cell-0445,4056611657142639/5000000000000000,4072002172470093/5000000000000000,True,False,all-64,primary,exact_projection,64,0,excluded,universal_bound,-1/8,-1/8,-1/8,-1/8
cell-0445,4056611657142639/5000000000000000,4072002172470093/5000000000000000,True,False,all-64,primary,one_edit_per_image,64,0,unresolved,opposite_worlds,-3/4,21/32,-9/32,1/4
cell-0445,4056611657142639/5000000000000000,4072002172470093/5000000000000000,True,False,all-64,primary,one_edit_global,64,0,excluded,universal_bound,-5/32,-1/16,-5/32,-3/32
cell-0445,4056611657142639/5000000000000000,4072002172470093/5000000000000000,True,False,all-64,primary,current_strict,64,25,input_blocked,,,,,
cell-0445,4056611657142639/5000000000000000,4072002172470093/5000000000000000,True,False,all-64,primary,current_partial,64,0,excluded,universal_bound,-5/32,-1/16,-1/8,-1/8
cell-0445,4056611657142639/5000000000000000,4072002172470093/5000000000000000,True,False,all-64,primary,union_strict,64,36,input_blocked,,,,,
cell-0445,4056611657142639/5000000000000000,4072002172470093/5000000000000000,True,False,all-64,primary,union_partial,64,1,input_blocked,,,,,
cell-0446,4072002172470093/5000000000000000,1629195213317871/2000000000000000,True,False,all-64,primary,exact_projection,64,0,excluded,universal_bound,-7/64,-7/64,-7/64,-7/64
cell-0446,4072002172470093/5000000000000000,1629195213317871/2000000000000000,True,False,all-64,primary,one_edit_per_image,64,0,unresolved,opposite_worlds,-47/64,43/64,-17/64,15/64
cell-0446,4072002172470093/5000000000000000,1629195213317871/2000000000000000,True,False,all-64,primary,one_edit_global,64,0,excluded,universal_bound,-9/64,-3/64,-9/64,-5/64
cell-0446,4072002172470093/5000000000000000,1629195213317871/2000000000000000,True,False,all-64,primary,current_strict,64,25,input_blocked,,,,,
cell-0446,4072002172470093/5000000000000000,1629195213317871/2000000000000000,True,False,all-64,primary,current_partial,64,0,excluded,universal_bound,-9/64,-3/64,-7/64,-7/64
cell-0446,4072002172470093/5000000000000000,1629195213317871/2000000000000000,True,False,all-64,primary,union_strict,64,36,input_blocked,,,,,
cell-0446,4072002172470093/5000000000000000,1629195213317871/2000000000000000,True,False,all-64,primary,union_partial,64,1,input_blocked,,,,,
cell-0447,1629195213317871/2000000000000000,8149798512458801/10000000000000000,True,False,all-64,primary,exact_projection,64,0,excluded,universal_bound,-3/32,-3/32,-3/32,-3/32
cell-0447,1629195213317871/2000000000000000,8149798512458801/10000000000000000,True,False,all-64,primary,one_edit_per_image,64,0,unresolved,opposite_worlds,-23/32,11/16,-1/4,7/32
cell-0447,1629195213317871/2000000000000000,8149798512458801/10000000000000000,True,False,all-64,primary,one_edit_global,64,0,excluded,universal_bound,-1/8,-1/32,-1/8,-1/16
cell-0447,1629195213317871/2000000000000000,8149798512458801/10000000000000000,True,False,all-64,primary,current_strict,64,25,input_blocked,,,,,
cell-0447,1629195213317871/2000000000000000,8149798512458801/10000000000000000,True,False,all-64,primary,current_partial,64,0,excluded,universal_bound,-1/8,-1/32,-3/32,-3/32
cell-0447,1629195213317871/2000000000000000,8149798512458801/10000000000000000,True,False,all-64,primary,union_strict,64,36,input_blocked,,,,,
cell-0447,1629195213317871/2000000000000000,8149798512458801/10000000000000000,True,False,all-64,primary,union_partial,64,1,input_blocked,,,,,
cell-0448,8149798512458801/10000000000000000,4083389639854431/5000000000000000,True,False,all-64,primary,exact_projection,64,0,excluded,universal_bound,-5/64,-5/64,-5/64,-5/64
cell-0448,8149798512458801/10000000000000000,4083389639854431/5000000000000000,True,False,all-64,primary,one_edit_per_image,64,0,unresolved,opposite_worlds,-45/64,43/64,-15/64,13/64
cell-0448,8149798512458801/10000000000000000,4083389639854431/5000000000000000,True,False,all-64,primary,one_edit_global,64,0,excluded,universal_bound,-7/64,-1/64,-7/64,-3/64
cell-0448,8149798512458801/10000000000000000,4083389639854431/5000000000000000,True,False,all-64,primary,current_strict,64,25,input_blocked,,,,,
cell-0448,8149798512458801/10000000000000000,4083389639854431/5000000000000000,True,False,all-64,primary,current_partial,64,0,excluded,universal_bound,-7/64,-1/64,-5/64,-5/64
cell-0448,8149798512458801/10000000000000000,4083389639854431/5000000000000000,True,False,all-64,primary,union_strict,64,36,input_blocked,,,,,
cell-0448,8149798512458801/10000000000000000,4083389639854431/5000000000000000,True,False,all-64,primary,union_partial,64,1,input_blocked,,,,,
cell-0449,4083389639854431/5000000000000000,8208925127983093/10000000000000000,True,False,all-64,primary,exact_projection,64,0,excluded,universal_bound,-1/16,-1/16,-1/16,-1/16
cell-0449,4083389639854431/5000000000000000,8208925127983093/10000000000000000,True,False,all-64,primary,one_edit_per_image,64,0,unresolved,opposite_worlds,-11/16,21/32,-7/32,3/16
cell-0449,4083389639854431/5000000000000000,8208925127983093/10000000000000000,True,False,all-64,primary,one_edit_global,64,0,excluded,universal_bound,-3/32,0,-3/32,-1/32
cell-0449,4083389639854431/5000000000000000,8208925127983093/10000000000000000,True,False,all-64,primary,current_strict,64,25,input_blocked,,,,,
cell-0449,4083389639854431/5000000000000000,8208925127983093/10000000000000000,True,False,all-64,primary,current_partial,64,0,excluded,universal_bound,-3/32,0,-1/16,-1/16
cell-0449,4083389639854431/5000000000000000,8208925127983093/10000000000000000,True,False,all-64,primary,union_strict,64,36,input_blocked,,,,,
cell-0449,4083389639854431/5000000000000000,8208925127983093/10000000000000000,True,False,all-64,primary,union_partial,64,1,input_blocked,,,,,
cell-0450,8208925127983093/10000000000000000,8242951035499573/10000000000000000,True,False,all-64,primary,exact_projection,64,0,excluded,universal_bound,-5/64,-5/64,-5/64,-5/64
cell-0450,8208925127983093/10000000000000000,8242951035499573/10000000000000000,True,False,all-64,primary,one_edit_per_image,64,0,unresolved,opposite_worlds,-43/64,41/64,-15/64,13/64
cell-0450,8208925127983093/10000000000000000,8242951035499573/10000000000000000,True,False,all-64,primary,one_edit_global,64,0,excluded,universal_bound,-7/64,-1/64,-7/64,-3/64
cell-0450,8208925127983093/10000000000000000,8242951035499573/10000000000000000,True,False,all-64,primary,current_strict,64,25,input_blocked,,,,,
cell-0450,8208925127983093/10000000000000000,8242951035499573/10000000000000000,True,False,all-64,primary,current_partial,64,0,excluded,universal_bound,-7/64,-1/64,-5/64,-5/64
cell-0450,8208925127983093/10000000000000000,8242951035499573/10000000000000000,True,False,all-64,primary,union_strict,64,36,input_blocked,,,,,
cell-0450,8208925127983093/10000000000000000,8242951035499573/10000000000000000,True,False,all-64,primary,union_partial,64,1,input_blocked,,,,,
cell-0451,8242951035499573/10000000000000000,103186696767807/125000000000000,True,False,all-64,primary,exact_projection,64,0,excluded,universal_bound,-3/32,-3/32,-3/32,-3/32
cell-0451,8242951035499573/10000000000000000,103186696767807/125000000000000,True,False,all-64,primary,one_edit_per_image,64,0,unresolved,opposite_worlds,-11/16,5/8,-1/4,7/32
cell-0451,8242951035499573/10000000000000000,103186696767807/125000000000000,True,False,all-64,primary,one_edit_global,64,0,excluded,universal_bound,-1/8,-1/32,-1/8,-1/16
cell-0451,8242951035499573/10000000000000000,103186696767807/125000000000000,True,False,all-64,primary,current_strict,64,25,input_blocked,,,,,
cell-0451,8242951035499573/10000000000000000,103186696767807/125000000000000,True,False,all-64,primary,current_partial,64,0,excluded,universal_bound,-1/8,-1/32,-3/32,-3/32
cell-0451,8242951035499573/10000000000000000,103186696767807/125000000000000,True,False,all-64,primary,union_strict,64,36,input_blocked,,,,,
cell-0451,8242951035499573/10000000000000000,103186696767807/125000000000000,True,False,all-64,primary,union_partial,64,1,input_blocked,,,,,
cell-0452,103186696767807/125000000000000,8264221549034119/10000000000000000,True,False,all-64,primary,exact_projection,64,0,excluded,universal_bound,-5/64,-5/64,-5/64,-5/64
cell-0452,103186696767807/125000000000000,8264221549034119/10000000000000000,True,False,all-64,primary,one_edit_per_image,64,0,unresolved,opposite_worlds,-43/64,41/64,-15/64,13/64
cell-0452,103186696767807/125000000000000,8264221549034119/10000000000000000,True,False,all-64,primary,one_edit_global,64,0,excluded,universal_bound,-7/64,-1/64,-7/64,-3/64
cell-0452,103186696767807/125000000000000,8264221549034119/10000000000000000,True,False,all-64,primary,current_strict,64,25,input_blocked,,,,,
cell-0452,103186696767807/125000000000000,8264221549034119/10000000000000000,True,False,all-64,primary,current_partial,64,0,excluded,universal_bound,-7/64,-1/64,-5/64,-5/64
cell-0452,103186696767807/125000000000000,8264221549034119/10000000000000000,True,False,all-64,primary,union_strict,64,36,input_blocked,,,,,
cell-0452,103186696767807/125000000000000,8264221549034119/10000000000000000,True,False,all-64,primary,union_partial,64,1,input_blocked,,,,,
cell-0453,8264221549034119/10000000000000000,8265088200569153/10000000000000000,True,False,all-64,primary,exact_projection,64,0,excluded,universal_bound,-1/16,-1/16,-1/16,-1/16
cell-0453,8264221549034119/10000000000000000,8265088200569153/10000000000000000,True,False,all-64,primary,one_edit_per_image,64,0,unresolved,opposite_worlds,-21/32,5/8,-7/32,3/16
cell-0453,8264221549034119/10000000000000000,8265088200569153/10000000000000000,True,False,all-64,primary,one_edit_global,64,0,excluded,universal_bound,-3/32,0,-3/32,-1/32
cell-0453,8264221549034119/10000000000000000,8265088200569153/10000000000000000,True,False,all-64,primary,current_strict,64,25,input_blocked,,,,,
cell-0453,8264221549034119/10000000000000000,8265088200569153/10000000000000000,True,False,all-64,primary,current_partial,64,0,excluded,universal_bound,-3/32,0,-1/16,-1/16
cell-0453,8264221549034119/10000000000000000,8265088200569153/10000000000000000,True,False,all-64,primary,union_strict,64,36,input_blocked,,,,,
cell-0453,8264221549034119/10000000000000000,8265088200569153/10000000000000000,True,False,all-64,primary,union_partial,64,1,input_blocked,,,,,
cell-0454,8265088200569153/10000000000000000,1660349726676941/2000000000000000,True,False,all-64,primary,exact_projection,64,0,excluded,universal_bound,-3/64,-3/64,-3/64,-3/64
cell-0454,8265088200569153/10000000000000000,1660349726676941/2000000000000000,True,False,all-64,primary,one_edit_per_image,64,0,unresolved,opposite_worlds,-41/64,39/64,-13/64,11/64
cell-0454,8265088200569153/10000000000000000,1660349726676941/2000000000000000,True,False,all-64,primary,one_edit_global,64,0,unresolved,bound_gap,-5/64,1/64,-5/64,-1/64
cell-0454,8265088200569153/10000000000000000,1660349726676941/2000000000000000,True,False,all-64,primary,current_strict,64,25,input_blocked,,,,,
cell-0454,8265088200569153/10000000000000000,1660349726676941/2000000000000000,True,False,all-64,primary,current_partial,64,0,unresolved,bound_gap,-5/64,1/64,-3/64,-3/64
cell-0454,8265088200569153/10000000000000000,1660349726676941/2000000000000000,True,False,all-64,primary,union_strict,64,36,input_blocked,,,,,
cell-0454,8265088200569153/10000000000000000,1660349726676941/2000000000000000,True,False,all-64,primary,union_partial,64,1,input_blocked,,,,,
cell-0455,1660349726676941/2000000000000000,4162721335887909/5000000000000000,True,False,all-64,primary,exact_projection,64,0,excluded,universal_bound,-1/16,-1/16,-1/16,-1/16
cell-0455,1660349726676941/2000000000000000,4162721335887909/5000000000000000,True,False,all-64,primary,one_edit_per_image,64,0,unresolved,opposite_worlds,-21/32,19/32,-7/32,3/16
cell-0455,1660349726676941/2000000000000000,4162721335887909/5000000000000000,True,False,all-64,primary,one_edit_global,64,0,excluded,universal_bound,-3/32,0,-3/32,-1/32
cell-0455,1660349726676941/2000000000000000,4162721335887909/5000000000000000,True,False,all-64,primary,current_strict,64,25,input_blocked,,,,,
cell-0455,1660349726676941/2000000000000000,4162721335887909/5000000000000000,True,False,all-64,primary,current_partial,64,0,excluded,universal_bound,-3/32,0,-1/16,-1/16
cell-0455,1660349726676941/2000000000000000,4162721335887909/5000000000000000,True,False,all-64,primary,union_strict,64,36,input_blocked,,,,,
cell-0455,1660349726676941/2000000000000000,4162721335887909/5000000000000000,True,False,all-64,primary,union_partial,64,1,input_blocked,,,,,
cell-0456,4162721335887909/5000000000000000,4197578430175781/5000000000000000,True,False,all-64,primary,exact_projection,64,0,excluded,universal_bound,-3/64,-3/64,-3/64,-3/64
cell-0456,4162721335887909/5000000000000000,4197578430175781/5000000000000000,True,False,all-64,primary,one_edit_per_image,64,0,unresolved,opposite_worlds,-41/64,39/64,-13/64,11/64
cell-0456,4162721335887909/5000000000000000,4197578430175781/5000000000000000,True,False,all-64,primary,one_edit_global,64,0,unresolved,bound_gap,-5/64,1/64,-5/64,-1/64
cell-0456,4162721335887909/5000000000000000,4197578430175781/5000000000000000,True,False,all-64,primary,current_strict,64,25,input_blocked,,,,,
cell-0456,4162721335887909/5000000000000000,4197578430175781/5000000000000000,True,False,all-64,primary,current_partial,64,0,unresolved,bound_gap,-5/64,1/64,-3/64,-3/64
cell-0456,4162721335887909/5000000000000000,4197578430175781/5000000000000000,True,False,all-64,primary,union_strict,64,36,input_blocked,,,,,
cell-0456,4162721335887909/5000000000000000,4197578430175781/5000000000000000,True,False,all-64,primary,union_partial,64,1,input_blocked,,,,,
cell-0457,4197578430175781/5000000000000000,8408477306365967/10000000000000000,True,False,all-64,primary,exact_projection,64,0,excluded,universal_bound,-1/32,-1/32,-1/32,-1/32
cell-0457,4197578430175781/5000000000000000,8408477306365967/10000000000000000,True,False,all-64,primary,one_edit_per_image,64,0,unresolved,opposite_worlds,-5/8,19/32,-3/16,5/32
cell-0457,4197578430175781/5000000000000000,8408477306365967/10000000000000000,True,False,all-64,primary,one_edit_global,64,0,unresolved,bound_gap,-1/16,1/32,-1/16,0
cell-0457,4197578430175781/5000000000000000,8408477306365967/10000000000000000,True,False,all-64,primary,current_strict,64,25,input_blocked,,,,,
cell-0457,4197578430175781/5000000000000000,8408477306365967/10000000000000000,True,False,all-64,primary,current_partial,64,0,unresolved,bound_gap,-1/16,1/32,-1/32,-1/32
cell-0457,4197578430175781/5000000000000000,8408477306365967/10000000000000000,True,False,all-64,primary,union_strict,64,36,input_blocked,,,,,
cell-0457,4197578430175781/5000000000000000,8408477306365967/10000000000000000,True,False,all-64,primary,union_partial,64,1,input_blocked,,,,,
cell-0458,8408477306365967/10000000000000000,525859072804451/625000000000000,True,False,all-64,primary,exact_projection,64,0,excluded,universal_bound,-1/64,-1/64,-1/64,-1/64
cell-0458,8408477306365967/10000000000000000,525859072804451/625000000000000,True,False,all-64,primary,one_edit_per_image,64,0,unresolved,opposite_worlds,-39/64,37/64,-13/64,11/64
cell-0458,8408477306365967/10000000000000000,525859072804451/625000000000000,True,False,all-64,primary,one_edit_global,64,0,unresolved,opposite_worlds,-3/64,3/64,-3/64,1/64
cell-0458,8408477306365967/10000000000000000,525859072804451/625000000000000,True,False,all-64,primary,current_strict,64,25,input_blocked,,,,,
cell-0458,8408477306365967/10000000000000000,525859072804451/625000000000000,True,False,all-64,primary,current_partial,64,0,unresolved,bound_gap,-3/64,3/64,-1/64,-1/64
cell-0458,8408477306365967/10000000000000000,525859072804451/625000000000000,True,False,all-64,primary,union_strict,64,36,input_blocked,,,,,
cell-0458,8408477306365967/10000000000000000,525859072804451/625000000000000,True,False,all-64,primary,union_partial,64,1,input_blocked,,,,,
cell-0459,525859072804451/625000000000000,2117849737405777/2500000000000000,True,False,all-64,primary,exact_projection,64,0,excluded,universal_bound,-1/32,-1/32,-1/32,-1/32
cell-0459,525859072804451/625000000000000,2117849737405777/2500000000000000,True,False,all-64,primary,one_edit_per_image,64,0,unresolved,opposite_worlds,-5/8,9/16,-7/32,3/16
cell-0459,525859072804451/625000000000000,2117849737405777/2500000000000000,True,False,all-64,primary,one_edit_global,64,0,unresolved,bound_gap,-1/16,1/32,-1/16,0
cell-0459,525859072804451/625000000000000,2117849737405777/2500000000000000,True,False,all-64,primary,current_strict,64,25,input_blocked,,,,,
cell-0459,525859072804451/625000000000000,2117849737405777/2500000000000000,True,False,all-64,primary,current_partial,64,0,unresolved,bound_gap,-1/16,1/32,-1/32,-1/32
cell-0459,525859072804451/625000000000000,2117849737405777/2500000000000000,True,False,all-64,primary,union_strict,64,36,input_blocked,,,,,
cell-0459,525859072804451/625000000000000,2117849737405777/2500000000000000,True,False,all-64,primary,union_partial,64,1,input_blocked,,,,,
cell-0460,2117849737405777/2500000000000000,4249265193939209/5000000000000000,True,False,all-64,primary,exact_projection,64,0,excluded,universal_bound,-1/64,-1/64,-1/64,-1/64
cell-0460,2117849737405777/2500000000000000,4249265193939209/5000000000000000,True,False,all-64,primary,one_edit_per_image,64,0,unresolved,opposite_worlds,-39/64,35/64,-13/64,13/64
cell-0460,2117849737405777/2500000000000000,4249265193939209/5000000000000000,True,False,all-64,primary,one_edit_global,64,0,unresolved,opposite_worlds,-3/64,3/64,-3/64,1/64
cell-0460,2117849737405777/2500000000000000,4249265193939209/5000000000000000,True,False,all-64,primary,current_strict,64,25,input_blocked,,,,,
cell-0460,2117849737405777/2500000000000000,4249265193939209/5000000000000000,True,False,all-64,primary,current_partial,64,0,unresolved,bound_gap,-3/64,3/64,-1/64,-1/64
cell-0460,2117849737405777/2500000000000000,4249265193939209/5000000000000000,True,False,all-64,primary,union_strict,64,36,input_blocked,,,,,
cell-0460,2117849737405777/2500000000000000,4249265193939209/5000000000000000,True,False,all-64,primary,union_partial,64,1,input_blocked,,,,,
cell-0461,4249265193939209/5000000000000000,68001389503479/80000000000000,True,False,all-64,primary,exact_projection,64,0,excluded,universal_bound,0,0,0,0
cell-0461,4249265193939209/5000000000000000,68001389503479/80000000000000,True,False,all-64,primary,one_edit_per_image,64,0,unresolved,opposite_worlds,-19/32,17/32,-3/16,7/32
cell-0461,4249265193939209/5000000000000000,68001389503479/80000000000000,True,False,all-64,primary,one_edit_global,64,0,unresolved,opposite_worlds,-1/32,1/32,-1/32,1/32
cell-0461,4249265193939209/5000000000000000,68001389503479/80000000000000,True,False,all-64,primary,current_strict,64,25,input_blocked,,,,,
cell-0461,4249265193939209/5000000000000000,68001389503479/80000000000000,True,False,all-64,primary,current_partial,64,0,unresolved,bound_gap,-1/32,1/32,0,0
cell-0461,4249265193939209/5000000000000000,68001389503479/80000000000000,True,False,all-64,primary,union_strict,64,36,input_blocked,,,,,
cell-0461,4249265193939209/5000000000000000,68001389503479/80000000000000,True,False,all-64,primary,union_partial,64,1,input_blocked,,,,,
cell-0462,68001389503479/80000000000000,1700250267982483/2000000000000000,True,False,all-64,primary,exact_projection,64,0,supported,universal_bound,1/64,1/64,1/64,1/64
cell-0462,68001389503479/80000000000000,1700250267982483/2000000000000000,True,False,all-64,primary,one_edit_per_image,64,0,unresolved,opposite_worlds,-37/64,33/64,-13/64,15/64
cell-0462,68001389503479/80000000000000,1700250267982483/2000000000000000,True,False,all-64,primary,one_edit_global,64,0,unresolved,opposite_worlds,-1/64,3/64,-1/64,3/64
cell-0462,68001389503479/80000000000000,1700250267982483/2000000000000000,True,False,all-64,primary,current_strict,64,25,input_blocked,,,,,
cell-0462,68001389503479/80000000000000,1700250267982483/2000000000000000,True,False,all-64,primary,current_partial,64,0,unresolved,bound_gap,-1/64,3/64,1/64,1/64
cell-0462,68001389503479/80000000000000,1700250267982483/2000000000000000,True,False,all-64,primary,union_strict,64,36,input_blocked,,,,,
cell-0462,68001389503479/80000000000000,1700250267982483/2000000000000000,True,False,all-64,primary,union_partial,64,1,input_blocked,,,,,
cell-0463,1700250267982483/2000000000000000,4256511628627777/5000000000000000,True,False,all-64,primary,exact_projection,64,0,supported,universal_bound,1/32,1/32,1/32,1/32
cell-0463,1700250267982483/2000000000000000,4256511628627777/5000000000000000,True,False,all-64,primary,one_edit_per_image,64,0,unresolved,opposite_worlds,-9/16,17/32,-3/16,7/32
cell-0463,1700250267982483/2000000000000000,4256511628627777/5000000000000000,True,False,all-64,primary,one_edit_global,64,0,unresolved,opposite_worlds,0,1/16,0,1/16
cell-0463,1700250267982483/2000000000000000,4256511628627777/5000000000000000,True,False,all-64,primary,current_strict,64,25,input_blocked,,,,,
cell-0463,1700250267982483/2000000000000000,4256511628627777/5000000000000000,True,False,all-64,primary,current_partial,64,0,unresolved,bound_gap,0,1/16,1/32,1/32
cell-0463,1700250267982483/2000000000000000,4256511628627777/5000000000000000,True,False,all-64,primary,union_strict,64,36,input_blocked,,,,,
cell-0463,1700250267982483/2000000000000000,4256511628627777/5000000000000000,True,False,all-64,primary,union_partial,64,1,input_blocked,,,,,
cell-0464,4256511628627777/5000000000000000,1706880807876587/2000000000000000,True,False,all-64,primary,exact_projection,64,0,supported,universal_bound,1/64,1/64,1/64,1/64
cell-0464,4256511628627777/5000000000000000,1706880807876587/2000000000000000,True,False,all-64,primary,one_edit_per_image,64,0,unresolved,opposite_worlds,-35/64,33/64,-13/64,15/64
cell-0464,4256511628627777/5000000000000000,1706880807876587/2000000000000000,True,False,all-64,primary,one_edit_global,64,0,unresolved,opposite_worlds,-1/64,3/64,-1/64,3/64
cell-0464,4256511628627777/5000000000000000,1706880807876587/2000000000000000,True,False,all-64,primary,current_strict,64,25,input_blocked,,,,,
cell-0464,4256511628627777/5000000000000000,1706880807876587/2000000000000000,True,False,all-64,primary,current_partial,64,0,unresolved,bound_gap,-1/64,3/64,1/64,1/64
cell-0464,4256511628627777/5000000000000000,1706880807876587/2000000000000000,True,False,all-64,primary,union_strict,64,36,input_blocked,,,,,
cell-0464,4256511628627777/5000000000000000,1706880807876587/2000000000000000,True,False,all-64,primary,union_partial,64,1,input_blocked,,,,,
cell-0465,1706880807876587/2000000000000000,854763925075531/1000000000000000,True,False,all-64,primary,exact_projection,64,0,excluded,universal_bound,0,0,0,0
cell-0465,1706880807876587/2000000000000000,854763925075531/1000000000000000,True,False,all-64,primary,one_edit_per_image,64,0,unresolved,opposite_worlds,-9/16,1/2,-7/32,1/4
cell-0465,1706880807876587/2000000000000000,854763925075531/1000000000000000,True,False,all-64,primary,one_edit_global,64,0,unresolved,opposite_worlds,-1/32,1/32,-1/32,1/32
cell-0465,1706880807876587/2000000000000000,854763925075531/1000000000000000,True,False,all-64,primary,current_strict,64,25,input_blocked,,,,,
cell-0465,1706880807876587/2000000000000000,854763925075531/1000000000000000,True,False,all-64,primary,current_partial,64,0,unresolved,bound_gap,0,1/32,1/32,1/32
cell-0465,1706880807876587/2000000000000000,854763925075531/1000000000000000,True,False,all-64,primary,union_strict,64,36,input_blocked,,,,,
cell-0465,1706880807876587/2000000000000000,854763925075531/1000000000000000,True,False,all-64,primary,union_partial,64,1,input_blocked,,,,,
cell-0466,854763925075531/1000000000000000,8578271865844727/10000000000000000,True,False,all-64,primary,exact_projection,64,0,supported,universal_bound,1/64,1/64,1/64,1/64
cell-0466,854763925075531/1000000000000000,8578271865844727/10000000000000000,True,False,all-64,primary,one_edit_per_image,64,0,unresolved,opposite_worlds,-35/64,31/64,-15/64,17/64
cell-0466,854763925075531/1000000000000000,8578271865844727/10000000000000000,True,False,all-64,primary,one_edit_global,64,0,unresolved,opposite_worlds,-1/64,3/64,-1/64,3/64
cell-0466,854763925075531/1000000000000000,8578271865844727/10000000000000000,True,False,all-64,primary,current_strict,64,25,input_blocked,,,,,
cell-0466,854763925075531/1000000000000000,8578271865844727/10000000000000000,True,False,all-64,primary,current_partial,64,0,supported,universal_bound,1/64,3/64,3/64,3/64
cell-0466,854763925075531/1000000000000000,8578271865844727/10000000000000000,True,False,all-64,primary,union_strict,64,36,input_blocked,,,,,
cell-0466,854763925075531/1000000000000000,8578271865844727/10000000000000000,True,False,all-64,primary,union_partial,64,1,input_blocked,,,,,
cell-0467,8578271865844727/10000000000000000,8587625622749329/10000000000000000,True,False,all-64,primary,exact_projection,64,0,supported,universal_bound,1/32,1/32,1/32,1/32
cell-0467,8578271865844727/10000000000000000,8587625622749329/10000000000000000,True,False,all-64,primary,one_edit_per_image,64,0,unresolved,opposite_worlds,-17/32,15/32,-7/32,1/4
cell-0467,8578271865844727/10000000000000000,8587625622749329/10000000000000000,True,False,all-64,primary,one_edit_global,64,0,unresolved,opposite_worlds,0,1/16,0,1/16
cell-0467,8578271865844727/10000000000000000,8587625622749329/10000000000000000,True,False,all-64,primary,current_strict,64,25,input_blocked,,,,,
cell-0467,8578271865844727/10000000000000000,8587625622749329/10000000000000000,True,False,all-64,primary,current_partial,64,0,supported,universal_bound,1/32,1/16,1/16,1/16
cell-0467,8578271865844727/10000000000000000,8587625622749329/10000000000000000,True,False,all-64,primary,union_strict,64,36,input_blocked,,,,,
cell-0467,8578271865844727/10000000000000000,8587625622749329/10000000000000000,True,False,all-64,primary,union_partial,64,1,input_blocked,,,,,
cell-0468,8587625622749329/10000000000000000,8591481447219849/10000000000000000,True,False,all-64,primary,exact_projection,64,0,supported,universal_bound,1/64,1/64,1/64,1/64
cell-0468,8587625622749329/10000000000000000,8591481447219849/10000000000000000,True,False,all-64,primary,one_edit_per_image,64,0,unresolved,opposite_worlds,-33/64,29/64,-13/64,15/64
cell-0468,8587625622749329/10000000000000000,8591481447219849/10000000000000000,True,False,all-64,primary,one_edit_global,64,0,unresolved,opposite_worlds,-1/64,3/64,-1/64,3/64
cell-0468,8587625622749329/10000000000000000,8591481447219849/10000000000000000,True,False,all-64,primary,current_strict,64,25,input_blocked,,,,,
cell-0468,8587625622749329/10000000000000000,8591481447219849/10000000000000000,True,False,all-64,primary,current_partial,64,0,supported,universal_bound,1/64,3/64,3/64,3/64
cell-0468,8587625622749329/10000000000000000,8591481447219849/10000000000000000,True,False,all-64,primary,union_strict,64,36,input_blocked,,,,,
cell-0468,8587625622749329/10000000000000000,8591481447219849/10000000000000000,True,False,all-64,primary,union_partial,64,1,input_blocked,,,,,
cell-0469,8591481447219849/10000000000000000,4299508333206177/5000000000000000,True,False,all-64,primary,exact_projection,64,0,supported,universal_bound,1/32,1/32,1/32,1/32
cell-0469,8591481447219849/10000000000000000,4299508333206177/5000000000000000,True,False,all-64,primary,one_edit_per_image,64,0,unresolved,opposite_worlds,-1/2,7/16,-7/32,1/4
cell-0469,8591481447219849/10000000000000000,4299508333206177/5000000000000000,True,False,all-64,primary,one_edit_global,64,0,unresolved,opposite_worlds,0,1/16,0,1/16
cell-0469,8591481447219849/10000000000000000,4299508333206177/5000000000000000,True,False,all-64,primary,current_strict,64,25,input_blocked,,,,,
cell-0469,8591481447219849/10000000000000000,4299508333206177/5000000000000000,True,False,all-64,primary,current_partial,64,0,supported,universal_bound,1/32,1/16,1/16,1/16
cell-0469,8591481447219849/10000000000000000,4299508333206177/5000000000000000,True,False,all-64,primary,union_strict,64,36,input_blocked,,,,,
cell-0469,8591481447219849/10000000000000000,4299508333206177/5000000000000000,True,False,all-64,primary,union_partial,64,1,input_blocked,,,,,
cell-0470,4299508333206177/5000000000000000,2156384140253067/2500000000000000,True,False,all-64,primary,exact_projection,64,0,supported,universal_bound,1/64,1/64,1/64,1/64
cell-0470,4299508333206177/5000000000000000,2156384140253067/2500000000000000,True,False,all-64,primary,one_edit_per_image,64,0,unresolved,opposite_worlds,-31/64,27/64,-13/64,15/64
cell-0470,4299508333206177/5000000000000000,2156384140253067/2500000000000000,True,False,all-64,primary,one_edit_global,64,0,unresolved,opposite_worlds,-1/64,3/64,-1/64,3/64
cell-0470,4299508333206177/5000000000000000,2156384140253067/2500000000000000,True,False,all-64,primary,current_strict,64,25,input_blocked,,,,,
cell-0470,4299508333206177/5000000000000000,2156384140253067/2500000000000000,True,False,all-64,primary,current_partial,64,0,supported,universal_bound,1/64,3/64,3/64,3/64
cell-0470,4299508333206177/5000000000000000,2156384140253067/2500000000000000,True,False,all-64,primary,union_strict,64,36,input_blocked,,,,,
cell-0470,4299508333206177/5000000000000000,2156384140253067/2500000000000000,True,False,all-64,primary,union_partial,64,1,input_blocked,,,,,
cell-0471,2156384140253067/2500000000000000,8749837875366211/10000000000000000,True,False,all-64,primary,exact_projection,64,0,supported,universal_bound,1/32,1/32,1/32,1/32
cell-0471,2156384140253067/2500000000000000,8749837875366211/10000000000000000,True,False,all-64,primary,one_edit_per_image,64,0,unresolved,opposite_worlds,-15/32,7/16,-7/32,1/4
cell-0471,2156384140253067/2500000000000000,8749837875366211/10000000000000000,True,False,all-64,primary,one_edit_global,64,0,unresolved,opposite_worlds,0,1/16,0,1/16
cell-0471,2156384140253067/2500000000000000,8749837875366211/10000000000000000,True,False,all-64,primary,current_strict,64,25,input_blocked,,,,,
cell-0471,2156384140253067/2500000000000000,8749837875366211/10000000000000000,True,False,all-64,primary,current_partial,64,0,supported,universal_bound,1/32,1/16,1/16,1/16
cell-0471,2156384140253067/2500000000000000,8749837875366211/10000000000000000,True,False,all-64,primary,union_strict,64,36,input_blocked,,,,,
cell-0471,2156384140253067/2500000000000000,8749837875366211/10000000000000000,True,False,all-64,primary,union_partial,64,1,input_blocked,,,,,
cell-0472,8749837875366211/10000000000000000,875054657459259/1000000000000000,True,False,all-64,primary,exact_projection,64,0,supported,universal_bound,1/64,1/64,1/64,1/64
cell-0472,8749837875366211/10000000000000000,875054657459259/1000000000000000,True,False,all-64,primary,one_edit_per_image,64,0,unresolved,opposite_worlds,-29/64,27/64,-13/64,15/64
cell-0472,8749837875366211/10000000000000000,875054657459259/1000000000000000,True,False,all-64,primary,one_edit_global,64,0,unresolved,opposite_worlds,-1/64,3/64,-1/64,3/64
cell-0472,8749837875366211/10000000000000000,875054657459259/1000000000000000,True,False,all-64,primary,current_strict,64,25,input_blocked,,,,,
cell-0472,8749837875366211/10000000000000000,875054657459259/1000000000000000,True,False,all-64,primary,current_partial,64,0,supported,universal_bound,1/64,3/64,3/64,3/64
cell-0472,8749837875366211/10000000000000000,875054657459259/1000000000000000,True,False,all-64,primary,union_strict,64,36,input_blocked,,,,,
cell-0472,8749837875366211/10000000000000000,875054657459259/1000000000000000,True,False,all-64,primary,union_partial,64,1,input_blocked,,,,,
cell-0473,875054657459259/1000000000000000,136996079236269/156250000000000,True,False,all-64,primary,exact_projection,64,0,supported,universal_bound,1/32,1/32,1/32,1/32
cell-0473,875054657459259/1000000000000000,136996079236269/156250000000000,True,False,all-64,primary,one_edit_per_image,64,0,unresolved,opposite_worlds,-7/16,13/32,-3/16,7/32
cell-0473,875054657459259/1000000000000000,136996079236269/156250000000000,True,False,all-64,primary,one_edit_global,64,0,unresolved,opposite_worlds,0,1/16,0,1/16
cell-0473,875054657459259/1000000000000000,136996079236269/156250000000000,True,False,all-64,primary,current_strict,64,25,input_blocked,,,,,
cell-0473,875054657459259/1000000000000000,136996079236269/156250000000000,True,False,all-64,primary,current_partial,64,0,supported,universal_bound,1/32,1/16,1/16,1/16
cell-0473,875054657459259/1000000000000000,136996079236269/156250000000000,True,False,all-64,primary,union_strict,64,36,input_blocked,,,,,
cell-0473,875054657459259/1000000000000000,136996079236269/156250000000000,True,False,all-64,primary,union_partial,64,1,input_blocked,,,,,
cell-0474,136996079236269/156250000000000,4389752149581909/5000000000000000,True,False,all-64,primary,exact_projection,64,0,supported,universal_bound,1/64,1/64,1/64,1/64
cell-0474,136996079236269/156250000000000,4389752149581909/5000000000000000,True,False,all-64,primary,one_edit_per_image,64,0,unresolved,opposite_worlds,-29/64,25/64,-13/64,13/64
cell-0474,136996079236269/156250000000000,4389752149581909/5000000000000000,True,False,all-64,primary,one_edit_global,64,0,unresolved,opposite_worlds,-1/64,3/64,-1/64,3/64
cell-0474,136996079236269/156250000000000,4389752149581909/5000000000000000,True,False,all-64,primary,current_strict,64,25,input_blocked,,,,,
cell-0474,136996079236269/156250000000000,4389752149581909/5000000000000000,True,False,all-64,primary,current_partial,64,0,supported,universal_bound,1/64,3/64,3/64,3/64
cell-0474,136996079236269/156250000000000,4389752149581909/5000000000000000,True,False,all-64,primary,union_strict,64,36,input_blocked,,,,,
cell-0474,136996079236269/156250000000000,4389752149581909/5000000000000000,True,False,all-64,primary,union_partial,64,1,input_blocked,,,,,
cell-0475,4389752149581909/5000000000000000,4391801655292511/5000000000000000,True,False,all-64,primary,exact_projection,64,0,excluded,universal_bound,0,0,0,0
cell-0475,4389752149581909/5000000000000000,4391801655292511/5000000000000000,True,False,all-64,primary,one_edit_per_image,64,0,unresolved,opposite_worlds,-7/16,3/8,-3/16,3/16
cell-0475,4389752149581909/5000000000000000,4391801655292511/5000000000000000,True,False,all-64,primary,one_edit_global,64,0,unresolved,opposite_worlds,-1/32,1/32,-1/32,1/32
cell-0475,4389752149581909/5000000000000000,4391801655292511/5000000000000000,True,False,all-64,primary,current_strict,64,25,input_blocked,,,,,
cell-0475,4389752149581909/5000000000000000,4391801655292511/5000000000000000,True,False,all-64,primary,current_partial,64,0,unresolved,bound_gap,0,1/32,1/32,1/32
cell-0475,4389752149581909/5000000000000000,4391801655292511/5000000000000000,True,False,all-64,primary,union_strict,64,36,input_blocked,,,,,
cell-0475,4389752149581909/5000000000000000,4391801655292511/5000000000000000,True,False,all-64,primary,union_partial,64,1,input_blocked,,,,,
cell-0476,4391801655292511/5000000000000000,2199665606021881/2500000000000000,True,False,all-64,primary,exact_projection,64,0,excluded,universal_bound,-1/64,-1/64,-1/64,-1/64
cell-0476,4391801655292511/5000000000000000,2199665606021881/2500000000000000,True,False,all-64,primary,one_edit_per_image,64,0,unresolved,opposite_worlds,-29/64,23/64,-13/64,11/64
cell-0476,4391801655292511/5000000000000000,2199665606021881/2500000000000000,True,False,all-64,primary,one_edit_global,64,0,unresolved,opposite_worlds,-3/64,1/64,-3/64,1/64
cell-0476,4391801655292511/5000000000000000,2199665606021881/2500000000000000,True,False,all-64,primary,current_strict,64,25,input_blocked,,,,,
cell-0476,4391801655292511/5000000000000000,2199665606021881/2500000000000000,True,False,all-64,primary,current_partial,64,0,unresolved,bound_gap,-1/64,1/64,1/64,1/64
cell-0476,4391801655292511/5000000000000000,2199665606021881/2500000000000000,True,False,all-64,primary,union_strict,64,36,input_blocked,,,,,
cell-0476,4391801655292511/5000000000000000,2199665606021881/2500000000000000,True,False,all-64,primary,union_partial,64,1,input_blocked,,,,,
cell-0477,2199665606021881/2500000000000000,8803766965866089/10000000000000000,True,False,all-64,primary,exact_projection,64,0,excluded,universal_bound,-1/32,-1/32,-1/32,-1/32
cell-0477,2199665606021881/2500000000000000,8803766965866089/10000000000000000,True,False,all-64,primary,one_edit_per_image,64,0,unresolved,opposite_worlds,-15/32,11/32,-3/16,5/32
cell-0477,2199665606021881/2500000000000000,8803766965866089/10000000000000000,True,False,all-64,primary,one_edit_global,64,0,excluded,universal_bound,-1/16,0,-1/16,0
cell-0477,2199665606021881/2500000000000000,8803766965866089/10000000000000000,True,False,all-64,primary,current_strict,64,25,input_blocked,,,,,
cell-0477,2199665606021881/2500000000000000,8803766965866089/10000000000000000,True,False,all-64,primary,current_partial,64,0,excluded,universal_bound,-1/32,0,0,0
cell-0477,2199665606021881/2500000000000000,8803766965866089/10000000000000000,True,False,all-64,primary,union_strict,64,36,input_blocked,,,,,
cell-0477,2199665606021881/2500000000000000,8803766965866089/10000000000000000,True,False,all-64,primary,union_partial,64,1,input_blocked,,,,,
cell-0478,8803766965866089/10000000000000000,4409666359424591/5000000000000000,True,False,all-64,primary,exact_projection,64,0,excluded,universal_bound,-1/64,-1/64,-1/64,-1/64
cell-0478,8803766965866089/10000000000000000,4409666359424591/5000000000000000,True,False,all-64,primary,one_edit_per_image,64,0,unresolved,opposite_worlds,-29/64,23/64,-11/64,11/64
cell-0478,8803766965866089/10000000000000000,4409666359424591/5000000000000000,True,False,all-64,primary,one_edit_global,64,0,unresolved,opposite_worlds,-3/64,1/64,-3/64,1/64
cell-0478,8803766965866089/10000000000000000,4409666359424591/5000000000000000,True,False,all-64,primary,current_strict,64,25,input_blocked,,,,,
cell-0478,8803766965866089/10000000000000000,4409666359424591/5000000000000000,True,False,all-64,primary,current_partial,64,0,unresolved,bound_gap,-1/64,1/64,1/64,1/64
cell-0478,8803766965866089/10000000000000000,4409666359424591/5000000000000000,True,False,all-64,primary,union_strict,64,36,input_blocked,,,,,
cell-0478,8803766965866089/10000000000000000,4409666359424591/5000000000000000,True,False,all-64,primary,union_partial,64,1,input_blocked,,,,,
cell-0479,4409666359424591/5000000000000000,4414835274219513/5000000000000000,True,False,all-64,primary,exact_projection,64,0,excluded,universal_bound,-1/32,-1/32,-1/32,-1/32
cell-0479,4409666359424591/5000000000000000,4414835274219513/5000000000000000,True,False,all-64,primary,one_edit_per_image,64,0,unresolved,opposite_worlds,-7/16,11/32,-5/32,5/32
cell-0479,4409666359424591/5000000000000000,4414835274219513/5000000000000000,True,False,all-64,primary,one_edit_global,64,0,excluded,universal_bound,-1/16,0,-1/16,0
cell-0479,4409666359424591/5000000000000000,4414835274219513/5000000000000000,True,False,all-64,primary,current_strict,64,25,input_blocked,,,,,
cell-0479,4409666359424591/5000000000000000,4414835274219513/5000000000000000,True,False,all-64,primary,current_partial,64,0,excluded,universal_bound,-1/32,0,0,0
cell-0479,4409666359424591/5000000000000000,4414835274219513/5000000000000000,True,False,all-64,primary,union_strict,64,36,input_blocked,,,,,
cell-0479,4409666359424591/5000000000000000,4414835274219513/5000000000000000,True,False,all-64,primary,union_partial,64,1,input_blocked,,,,,
cell-0480,4414835274219513/5000000000000000,4416399300098419/5000000000000000,True,False,all-64,primary,exact_projection,64,0,excluded,universal_bound,-1/64,-1/64,-1/64,-1/64
cell-0480,4414835274219513/5000000000000000,4416399300098419/5000000000000000,True,False,all-64,primary,one_edit_per_image,64,0,unresolved,opposite_worlds,-27/64,23/64,-11/64,11/64
cell-0480,4414835274219513/5000000000000000,4416399300098419/5000000000000000,True,False,all-64,primary,one_edit_global,64,0,unresolved,opposite_worlds,-3/64,1/64,-3/64,1/64
cell-0480,4414835274219513/5000000000000000,4416399300098419/5000000000000000,True,False,all-64,primary,current_strict,64,25,input_blocked,,,,,
cell-0480,4414835274219513/5000000000000000,4416399300098419/5000000000000000,True,False,all-64,primary,current_partial,64,0,unresolved,bound_gap,-1/64,1/64,1/64,1/64
cell-0480,4414835274219513/5000000000000000,4416399300098419/5000000000000000,True,False,all-64,primary,union_strict,64,36,input_blocked,,,,,
cell-0480,4414835274219513/5000000000000000,4416399300098419/5000000000000000,True,False,all-64,primary,union_partial,64,1,input_blocked,,,,,
cell-0481,4416399300098419/5000000000000000,1766803503036499/2000000000000000,True,False,all-64,primary,exact_projection,64,0,excluded,universal_bound,0,0,0,0
cell-0481,4416399300098419/5000000000000000,1766803503036499/2000000000000000,True,False,all-64,primary,one_edit_per_image,64,0,unresolved,opposite_worlds,-13/32,11/32,-5/32,5/32
cell-0481,4416399300098419/5000000000000000,1766803503036499/2000000000000000,True,False,all-64,primary,one_edit_global,64,0,unresolved,opposite_worlds,-1/32,1/32,-1/32,1/32
cell-0481,4416399300098419/5000000000000000,1766803503036499/2000000000000000,True,False,all-64,primary,current_strict,64,25,input_blocked,,,,,
cell-0481,4416399300098419/5000000000000000,1766803503036499/2000000000000000,True,False,all-64,primary,current_partial,64,0,unresolved,bound_gap,0,1/32,1/32,1/32
cell-0481,4416399300098419/5000000000000000,1766803503036499/2000000000000000,True,False,all-64,primary,union_strict,64,36,input_blocked,,,,,
cell-0481,4416399300098419/5000000000000000,1766803503036499/2000000000000000,True,False,all-64,primary,union_partial,64,1,input_blocked,,,,,
cell-0482,1766803503036499/2000000000000000,221114382147789/250000000000000,True,False,all-64,primary,exact_projection,64,0,supported,universal_bound,1/64,1/64,1/64,1/64
cell-0482,1766803503036499/2000000000000000,221114382147789/250000000000000,True,False,all-64,primary,one_edit_per_image,64,0,unresolved,opposite_worlds,-25/64,21/64,-11/64,11/64
cell-0482,1766803503036499/2000000000000000,221114382147789/250000000000000,True,False,all-64,primary,one_edit_global,64,0,unresolved,opposite_worlds,-1/64,3/64,-1/64,3/64
cell-0482,1766803503036499/2000000000000000,221114382147789/250000000000000,True,False,all-64,primary,current_strict,64,25,input_blocked,,,,,
cell-0482,1766803503036499/2000000000000000,221114382147789/250000000000000,True,False,all-64,primary,current_partial,64,0,supported,universal_bound,1/64,3/64,3/64,3/64
cell-0482,1766803503036499/2000000000000000,221114382147789/250000000000000,True,False,all-64,primary,union_strict,64,36,input_blocked,,,,,
cell-0482,1766803503036499/2000000000000000,221114382147789/250000000000000,True,False,all-64,primary,union_partial,64,1,input_blocked,,,,,
cell-0483,221114382147789/250000000000000,8925836086273193/10000000000000000,True,False,all-64,primary,exact_projection,64,0,excluded,universal_bound,0,0,0,0
cell-0483,221114382147789/250000000000000,8925836086273193/10000000000000000,True,False,all-64,primary,one_edit_per_image,64,0,unresolved,opposite_worlds,-13/32,5/16,-3/16,3/16
cell-0483,221114382147789/250000000000000,8925836086273193/10000000000000000,True,False,all-64,primary,one_edit_global,64,0,unresolved,opposite_worlds,-1/32,1/32,-1/32,1/32
cell-0483,221114382147789/250000000000000,8925836086273193/10000000000000000,True,False,all-64,primary,current_strict,64,25,input_blocked,,,,,
cell-0483,221114382147789/250000000000000,8925836086273193/10000000000000000,True,False,all-64,primary,current_partial,64,0,unresolved,bound_gap,0,1/32,1/32,1/32
cell-0483,221114382147789/250000000000000,8925836086273193/10000000000000000,True,False,all-64,primary,union_strict,64,36,input_blocked,,,,,
cell-0483,221114382147789/250000000000000,8925836086273193/10000000000000000,True,False,all-64,primary,union_partial,64,1,input_blocked,,,,,
cell-0484,8925836086273193/10000000000000000,8930976390838623/10000000000000000,True,False,all-64,primary,exact_projection,64,0,excluded,universal_bound,-1/64,-1/64,-1/64,-1/64
cell-0484,8925836086273193/10000000000000000,8930976390838623/10000000000000000,True,False,all-64,primary,one_edit_per_image,64,0,unresolved,opposite_worlds,-27/64,19/64,-13/64,13/64
cell-0484,8925836086273193/10000000000000000,8930976390838623/10000000000000000,True,False,all-64,primary,one_edit_global,64,0,unresolved,opposite_worlds,-3/64,1/64,-3/64,1/64
cell-0484,8925836086273193/10000000000000000,8930976390838623/10000000000000000,True,False,all-64,primary,current_strict,64,25,input_blocked,,,,,
cell-0484,8925836086273193/10000000000000000,8930976390838623/10000000000000000,True,False,all-64,primary,current_partial,64,0,unresolved,bound_gap,-1/64,1/64,1/64,1/64
cell-0484,8925836086273193/10000000000000000,8930976390838623/10000000000000000,True,False,all-64,primary,union_strict,64,36,input_blocked,,,,,
cell-0484,8925836086273193/10000000000000000,8930976390838623/10000000000000000,True,False,all-64,primary,union_partial,64,1,input_blocked,,,,,
cell-0485,8930976390838623/10000000000000000,558413527905941/625000000000000,True,False,all-64,primary,exact_projection,64,0,excluded,universal_bound,-1/32,-1/32,-1/32,-1/32
cell-0485,8930976390838623/10000000000000000,558413527905941/625000000000000,True,False,all-64,primary,one_edit_per_image,64,0,unresolved,opposite_worlds,-13/32,9/32,-3/16,3/16
cell-0485,8930976390838623/10000000000000000,558413527905941/625000000000000,True,False,all-64,primary,one_edit_global,64,0,excluded,universal_bound,-1/16,0,-1/16,0
cell-0485,8930976390838623/10000000000000000,558413527905941/625000000000000,True,False,all-64,primary,current_strict,64,25,input_blocked,,,,,
cell-0485,8930976390838623/10000000000000000,558413527905941/625000000000000,True,False,all-64,primary,current_partial,64,0,excluded,universal_bound,-1/32,0,0,0
cell-0485,8930976390838623/10000000000000000,558413527905941/625000000000000,True,False,all-64,primary,union_strict,64,36,input_blocked,,,,,
cell-0485,8930976390838623/10000000000000000,558413527905941/625000000000000,True,False,all-64,primary,union_partial,64,1,input_blocked,,,,,
cell-0486,558413527905941/625000000000000,4472862184047699/5000000000000000,True,False,all-64,primary,exact_projection,64,0,excluded,universal_bound,-1/64,-1/64,-1/64,-1/64
cell-0486,558413527905941/625000000000000,4472862184047699/5000000000000000,True,False,all-64,primary,one_edit_per_image,64,0,unresolved,opposite_worlds,-25/64,19/64,-11/64,11/64
cell-0486,558413527905941/625000000000000,4472862184047699/5000000000000000,True,False,all-64,primary,one_edit_global,64,0,unresolved,opposite_worlds,-3/64,1/64,-3/64,1/64
cell-0486,558413527905941/625000000000000,4472862184047699/5000000000000000,True,False,all-64,primary,current_strict,64,25,input_blocked,,,,,
cell-0486,558413527905941/625000000000000,4472862184047699/5000000000000000,True,False,all-64,primary,current_partial,64,0,unresolved,bound_gap,-1/64,1/64,1/64,1/64
cell-0486,558413527905941/625000000000000,4472862184047699/5000000000000000,True,False,all-64,primary,union_strict,64,36,input_blocked,,,,,
cell-0486,558413527905941/625000000000000,4472862184047699/5000000000000000,True,False,all-64,primary,union_partial,64,1,input_blocked,,,,,
cell-0487,4472862184047699/5000000000000000,111952044069767/125000000000000,True,False,all-64,primary,exact_projection,64,0,excluded,universal_bound,0,0,0,0
cell-0487,4472862184047699/5000000000000000,111952044069767/125000000000000,True,False,all-64,primary,one_edit_per_image,64,0,unresolved,opposite_worlds,-3/8,5/16,-5/32,5/32
cell-0487,4472862184047699/5000000000000000,111952044069767/125000000000000,True,False,all-64,primary,one_edit_global,64,0,unresolved,opposite_worlds,-1/32,1/32,-1/32,1/32
cell-0487,4472862184047699/5000000000000000,111952044069767/125000000000000,True,False,all-64,primary,current_strict,64,25,input_blocked,,,,,
cell-0487,4472862184047699/5000000000000000,111952044069767/125000000000000,True,False,all-64,primary,current_partial,64,0,excluded,universal_bound,0,0,0,0
cell-0487,4472862184047699/5000000000000000,111952044069767/125000000000000,True,False,all-64,primary,union_strict,64,36,input_blocked,,,,,
cell-0487,4472862184047699/5000000000000000,111952044069767/125000000000000,True,False,all-64,primary,union_partial,64,1,input_blocked,,,,,
cell-0488,111952044069767/125000000000000,8968644142150879/10000000000000000,True,False,all-64,primary,exact_projection,64,0,supported,universal_bound,1/64,1/64,1/64,1/64
cell-0488,111952044069767/125000000000000,8968644142150879/10000000000000000,True,False,all-64,primary,one_edit_per_image,64,0,unresolved,opposite_worlds,-23/64,21/64,-9/64,11/64
cell-0488,111952044069767/125000000000000,8968644142150879/10000000000000000,True,False,all-64,primary,one_edit_global,64,0,unresolved,opposite_worlds,-1/64,3/64,-1/64,3/64
cell-0488,111952044069767/125000000000000,8968644142150879/10000000000000000,True,False,all-64,primary,current_strict,64,25,input_blocked,,,,,
cell-0488,111952044069767/125000000000000,8968644142150879/10000000000000000,True,False,all-64,primary,current_partial,64,0,supported,universal_bound,1/64,1/64,1/64,1/64
cell-0488,111952044069767/125000000000000,8968644142150879/10000000000000000,True,False,all-64,primary,union_strict,64,36,input_blocked,,,,,
cell-0488,111952044069767/125000000000000,8968644142150879/10000000000000000,True,False,all-64,primary,union_partial,64,1,input_blocked,,,,,
cell-0489,8968644142150879/10000000000000000,1121668890118599/1250000000000000,True,False,all-64,primary,exact_projection,64,0,excluded,universal_bound,0,0,0,0
cell-0489,8968644142150879/10000000000000000,1121668890118599/1250000000000000,True,False,all-64,primary,one_edit_per_image,64,0,unresolved,opposite_worlds,-11/32,5/16,-1/8,5/32
cell-0489,8968644142150879/10000000000000000,1121668890118599/1250000000000000,True,False,all-64,primary,one_edit_global,64,0,unresolved,opposite_worlds,-1/32,1/32,-1/32,1/32
cell-0489,8968644142150879/10000000000000000,1121668890118599/1250000000000000,True,False,all-64,primary,current_strict,64,25,input_blocked,,,,,
cell-0489,8968644142150879/10000000000000000,1121668890118599/1250000000000000,True,False,all-64,primary,current_partial,64,0,excluded,universal_bound,0,0,0,0
cell-0489,8968644142150879/10000000000000000,1121668890118599/1250000000000000,True,False,all-64,primary,union_strict,64,36,input_blocked,,,,,
cell-0489,8968644142150879/10000000000000000,1121668890118599/1250000000000000,True,False,all-64,primary,union_partial,64,1,input_blocked,,,,,
cell-0490,1121668890118599/1250000000000000,9006772637367249/10000000000000000,True,False,all-64,primary,exact_projection,64,0,supported,universal_bound,1/64,1/64,1/64,1/64
cell-0490,1121668890118599/1250000000000000,9006772637367249/10000000000000000,True,False,all-64,primary,one_edit_per_image,64,0,unresolved,opposite_worlds,-21/64,19/64,-9/64,11/64
cell-0490,1121668890118599/1250000000000000,9006772637367249/10000000000000000,True,False,all-64,primary,one_edit_global,64,0,unresolved,opposite_worlds,-1/64,3/64,-1/64,3/64
cell-0490,1121668890118599/1250000000000000,9006772637367249/10000000000000000,True,False,all-64,primary,current_strict,64,25,input_blocked,,,,,
cell-0490,1121668890118599/1250000000000000,9006772637367249/10000000000000000,True,False,all-64,primary,current_partial,64,0,supported,universal_bound,1/64,1/64,1/64,1/64
cell-0490,1121668890118599/1250000000000000,9006772637367249/10000000000000000,True,False,all-64,primary,union_strict,64,36,input_blocked,,,,,
cell-0490,1121668890118599/1250000000000000,9006772637367249/10000000000000000,True,False,all-64,primary,union_partial,64,1,input_blocked,,,,,
cell-0491,9006772637367249/10000000000000000,9024879336357117/10000000000000000,True,False,all-64,primary,exact_projection,64,0,excluded,universal_bound,0,0,0,0
cell-0491,9006772637367249/10000000000000000,9024879336357117/10000000000000000,True,False,all-64,primary,one_edit_per_image,64,0,unresolved,opposite_worlds,-5/16,9/32,-1/8,5/32
cell-0491,9006772637367249/10000000000000000,9024879336357117/10000000000000000,True,False,all-64,primary,one_edit_global,64,0,unresolved,opposite_worlds,-1/32,1/32,-1/32,1/32
cell-0491,9006772637367249/10000000000000000,9024879336357117/10000000000000000,True,False,all-64,primary,current_strict,64,25,input_blocked,,,,,
cell-0491,9006772637367249/10000000000000000,9024879336357117/10000000000000000,True,False,all-64,primary,current_partial,64,0,excluded,universal_bound,0,0,0,0
cell-0491,9006772637367249/10000000000000000,9024879336357117/10000000000000000,True,False,all-64,primary,union_strict,64,36,input_blocked,,,,,
cell-0491,9006772637367249/10000000000000000,9024879336357117/10000000000000000,True,False,all-64,primary,union_partial,64,1,input_blocked,,,,,
cell-0492,9024879336357117/10000000000000000,1811918020248413/2000000000000000,True,False,all-64,primary,exact_projection,64,0,excluded,universal_bound,-1/64,-1/64,-1/64,-1/64
cell-0492,9024879336357117/10000000000000000,1811918020248413/2000000000000000,True,False,all-64,primary,one_edit_per_image,64,0,unresolved,opposite_worlds,-19/64,17/64,-9/64,11/64
cell-0492,9024879336357117/10000000000000000,1811918020248413/2000000000000000,True,False,all-64,primary,one_edit_global,64,0,unresolved,opposite_worlds,-3/64,1/64,-3/64,1/64
cell-0492,9024879336357117/10000000000000000,1811918020248413/2000000000000000,True,False,all-64,primary,current_strict,64,25,input_blocked,,,,,
cell-0492,9024879336357117/10000000000000000,1811918020248413/2000000000000000,True,False,all-64,primary,current_partial,64,0,excluded,universal_bound,-1/64,-1/64,-1/64,-1/64
cell-0492,9024879336357117/10000000000000000,1811918020248413/2000000000000000,True,False,all-64,primary,union_strict,64,36,input_blocked,,,,,
cell-0492,9024879336357117/10000000000000000,1811918020248413/2000000000000000,True,False,all-64,primary,union_partial,64,1,input_blocked,,,,,
cell-0493,1811918020248413/2000000000000000,2268059402704239/2500000000000000,True,False,all-64,primary,exact_projection,64,0,excluded,universal_bound,0,0,0,0
cell-0493,1811918020248413/2000000000000000,2268059402704239/2500000000000000,True,False,all-64,primary,one_edit_per_image,64,0,unresolved,opposite_worlds,-9/32,1/4,-1/8,5/32
cell-0493,1811918020248413/2000000000000000,2268059402704239/2500000000000000,True,False,all-64,primary,one_edit_global,64,0,unresolved,opposite_worlds,-1/32,1/32,-1/32,1/32
cell-0493,1811918020248413/2000000000000000,2268059402704239/2500000000000000,True,False,all-64,primary,current_strict,64,25,input_blocked,,,,,
cell-0493,1811918020248413/2000000000000000,2268059402704239/2500000000000000,True,False,all-64,primary,current_partial,64,0,excluded,universal_bound,0,0,0,0
cell-0493,1811918020248413/2000000000000000,2268059402704239/2500000000000000,True,False,all-64,primary,union_strict,64,36,input_blocked,,,,,
cell-0493,1811918020248413/2000000000000000,2268059402704239/2500000000000000,True,False,all-64,primary,union_partial,64,1,input_blocked,,,,,
cell-0494,2268059402704239/2500000000000000,4536527395248413/5000000000000000,True,False,all-64,primary,exact_projection,64,0,excluded,universal_bound,-1/64,-1/64,-1/64,-1/64
cell-0494,2268059402704239/2500000000000000,4536527395248413/5000000000000000,True,False,all-64,primary,one_edit_per_image,64,0,unresolved,opposite_worlds,-17/64,15/64,-7/64,9/64
cell-0494,2268059402704239/2500000000000000,4536527395248413/5000000000000000,True,False,all-64,primary,one_edit_global,64,0,unresolved,opposite_worlds,-3/64,1/64,-3/64,1/64
cell-0494,2268059402704239/2500000000000000,4536527395248413/5000000000000000,True,False,all-64,primary,current_strict,64,25,input_blocked,,,,,
cell-0494,2268059402704239/2500000000000000,4536527395248413/5000000000000000,True,False,all-64,primary,current_partial,64,0,excluded,universal_bound,-1/64,-1/64,-1/64,-1/64
cell-0494,2268059402704239/2500000000000000,4536527395248413/5000000000000000,True,False,all-64,primary,union_strict,64,36,input_blocked,,,,,
cell-0494,2268059402704239/2500000000000000,4536527395248413/5000000000000000,True,False,all-64,primary,union_partial,64,1,input_blocked,,,,,
cell-0495,4536527395248413/5000000000000000,9076585173606873/10000000000000000,True,False,all-64,primary,exact_projection,64,0,excluded,universal_bound,-1/32,-1/32,-1/32,-1/32
cell-0495,4536527395248413/5000000000000000,9076585173606873/10000000000000000,True,False,all-64,primary,one_edit_per_image,64,0,unresolved,opposite_worlds,-9/32,7/32,-1/8,1/8
cell-0495,4536527395248413/5000000000000000,9076585173606873/10000000000000000,True,False,all-64,primary,one_edit_global,64,0,excluded,universal_bound,-1/16,0,-1/16,0
cell-0495,4536527395248413/5000000000000000,9076585173606873/10000000000000000,True,False,all-64,primary,current_strict,64,25,input_blocked,,,,,
cell-0495,4536527395248413/5000000000000000,9076585173606873/10000000000000000,True,False,all-64,primary,current_partial,64,0,excluded,universal_bound,-1/32,-1/32,-1/32,-1/32
cell-0495,4536527395248413/5000000000000000,9076585173606873/10000000000000000,True,False,all-64,primary,union_strict,64,36,input_blocked,,,,,
cell-0495,4536527395248413/5000000000000000,9076585173606873/10000000000000000,True,False,all-64,primary,union_partial,64,1,input_blocked,,,,,
cell-0496,9076585173606873/10000000000000000,227702334523201/250000000000000,True,False,all-64,primary,exact_projection,64,0,excluded,universal_bound,-3/64,-3/64,-3/64,-3/64
cell-0496,9076585173606873/10000000000000000,227702334523201/250000000000000,True,False,all-64,primary,one_edit_per_image,64,0,unresolved,opposite_worlds,-19/64,13/64,-9/64,9/64
cell-0496,9076585173606873/10000000000000000,227702334523201/250000000000000,True,False,all-64,primary,one_edit_global,64,0,excluded,universal_bound,-5/64,-1/64,-5/64,-1/64
cell-0496,9076585173606873/10000000000000000,227702334523201/250000000000000,True,False,all-64,primary,current_strict,64,25,input_blocked,,,,,
cell-0496,9076585173606873/10000000000000000,227702334523201/250000000000000,True,False,all-64,primary,current_partial,64,0,excluded,universal_bound,-3/64,-3/64,-3/64,-3/64
cell-0496,9076585173606873/10000000000000000,227702334523201/250000000000000,True,False,all-64,primary,union_strict,64,36,input_blocked,,,,,
cell-0496,9076585173606873/10000000000000000,227702334523201/250000000000000,True,False,all-64,primary,union_partial,64,1,input_blocked,,,,,
cell-0497,227702334523201/250000000000000,9122122526168823/10000000000000000,True,False,all-64,primary,exact_projection,64,0,excluded,universal_bound,-1/32,-1/32,-1/32,-1/32
cell-0497,227702334523201/250000000000000,9122122526168823/10000000000000000,True,False,all-64,primary,one_edit_per_image,64,0,unresolved,opposite_worlds,-9/32,7/32,-1/8,1/8
cell-0497,227702334523201/250000000000000,9122122526168823/10000000000000000,True,False,all-64,primary,one_edit_global,64,0,excluded,universal_bound,-1/16,0,-1/16,0
cell-0497,227702334523201/250000000000000,9122122526168823/10000000000000000,True,False,all-64,primary,current_strict,64,25,input_blocked,,,,,
cell-0497,227702334523201/250000000000000,9122122526168823/10000000000000000,True,False,all-64,primary,current_partial,64,0,excluded,universal_bound,-1/32,-1/32,-1/32,-1/32
cell-0497,227702334523201/250000000000000,9122122526168823/10000000000000000,True,False,all-64,primary,union_strict,64,36,input_blocked,,,,,
cell-0497,227702334523201/250000000000000,9122122526168823/10000000000000000,True,False,all-64,primary,union_partial,64,1,input_blocked,,,,,
cell-0498,9122122526168823/10000000000000000,4564293324947357/5000000000000000,True,False,all-64,primary,exact_projection,64,0,excluded,universal_bound,-1/64,-1/64,-1/64,-1/64
cell-0498,9122122526168823/10000000000000000,4564293324947357/5000000000000000,True,False,all-64,primary,one_edit_per_image,64,0,unresolved,opposite_worlds,-17/64,13/64,-9/64,9/64
cell-0498,9122122526168823/10000000000000000,4564293324947357/5000000000000000,True,False,all-64,primary,one_edit_global,64,0,unresolved,opposite_worlds,-3/64,1/64,-3/64,1/64
cell-0498,9122122526168823/10000000000000000,4564293324947357/5000000000000000,True,False,all-64,primary,current_strict,64,25,input_blocked,,,,,
cell-0498,9122122526168823/10000000000000000,4564293324947357/5000000000000000,True,False,all-64,primary,current_partial,64,0,excluded,universal_bound,-1/64,-1/64,-1/64,-1/64
cell-0498,9122122526168823/10000000000000000,4564293324947357/5000000000000000,True,False,all-64,primary,union_strict,64,36,input_blocked,,,,,
cell-0498,9122122526168823/10000000000000000,4564293324947357/5000000000000000,True,False,all-64,primary,union_partial,64,1,input_blocked,,,,,
cell-0499,4564293324947357/5000000000000000,9147524237632751/10000000000000000,True,False,all-64,primary,exact_projection,64,0,excluded,universal_bound,-1/32,-1/32,-1/32,-1/32
cell-0499,4564293324947357/5000000000000000,9147524237632751/10000000000000000,True,False,all-64,primary,one_edit_per_image,64,0,unresolved,opposite_worlds,-1/4,3/16,-5/32,1/8
cell-0499,4564293324947357/5000000000000000,9147524237632751/10000000000000000,True,False,all-64,primary,one_edit_global,64,0,excluded,universal_bound,-1/16,0,-1/16,0
cell-0499,4564293324947357/5000000000000000,9147524237632751/10000000000000000,True,False,all-64,primary,current_strict,64,25,input_blocked,,,,,
cell-0499,4564293324947357/5000000000000000,9147524237632751/10000000000000000,True,False,all-64,primary,current_partial,64,0,excluded,universal_bound,-1/32,-1/32,-1/32,-1/32
cell-0499,4564293324947357/5000000000000000,9147524237632751/10000000000000000,True,False,all-64,primary,union_strict,64,36,input_blocked,,,,,
cell-0499,4564293324947357/5000000000000000,9147524237632751/10000000000000000,True,False,all-64,primary,union_partial,64,1,input_blocked,,,,,
cell-0500,9147524237632751/10000000000000000,1147327870130539/1250000000000000,True,False,all-64,primary,exact_projection,64,0,excluded,universal_bound,-1/64,-1/64,-1/64,-1/64
cell-0500,9147524237632751/10000000000000000,1147327870130539/1250000000000000,True,False,all-64,primary,one_edit_per_image,64,0,unresolved,opposite_worlds,-15/64,11/64,-9/64,7/64
cell-0500,9147524237632751/10000000000000000,1147327870130539/1250000000000000,True,False,all-64,primary,one_edit_global,64,0,unresolved,opposite_worlds,-3/64,1/64,-3/64,1/64
cell-0500,9147524237632751/10000000000000000,1147327870130539/1250000000000000,True,False,all-64,primary,current_strict,64,25,input_blocked,,,,,
cell-0500,9147524237632751/10000000000000000,1147327870130539/1250000000000000,True,False,all-64,primary,current_partial,64,0,excluded,universal_bound,-1/64,-1/64,-1/64,-1/64
cell-0500,9147524237632751/10000000000000000,1147327870130539/1250000000000000,True,False,all-64,primary,union_strict,64,36,input_blocked,,,,,
cell-0500,9147524237632751/10000000000000000,1147327870130539/1250000000000000,True,False,all-64,primary,union_partial,64,1,input_blocked,,,,,
cell-0501,1147327870130539/1250000000000000,287034772336483/312500000000000,True,False,all-64,primary,exact_projection,64,0,excluded,universal_bound,0,0,0,0
cell-0501,1147327870130539/1250000000000000,287034772336483/312500000000000,True,False,all-64,primary,one_edit_per_image,64,0,unresolved,opposite_worlds,-7/32,3/16,-5/32,1/8
cell-0501,1147327870130539/1250000000000000,287034772336483/312500000000000,True,False,all-64,primary,one_edit_global,64,0,unresolved,opposite_worlds,-1/32,1/32,-1/32,1/32
cell-0501,1147327870130539/1250000000000000,287034772336483/312500000000000,True,False,all-64,primary,current_strict,64,25,input_blocked,,,,,
cell-0501,1147327870130539/1250000000000000,287034772336483/312500000000000,True,False,all-64,primary,current_partial,64,0,excluded,universal_bound,0,0,0,0
cell-0501,1147327870130539/1250000000000000,287034772336483/312500000000000,True,False,all-64,primary,union_strict,64,36,input_blocked,,,,,
cell-0501,1147327870130539/1250000000000000,287034772336483/312500000000000,True,False,all-64,primary,union_partial,64,1,input_blocked,,,,,
cell-0502,287034772336483/312500000000000,9190700650215149/10000000000000000,True,False,all-64,primary,exact_projection,64,0,supported,universal_bound,1/64,1/64,1/64,1/64
cell-0502,287034772336483/312500000000000,9190700650215149/10000000000000000,True,False,all-64,primary,one_edit_per_image,64,0,unresolved,opposite_worlds,-13/64,11/64,-9/64,7/64
cell-0502,287034772336483/312500000000000,9190700650215149/10000000000000000,True,False,all-64,primary,one_edit_global,64,0,unresolved,opposite_worlds,-1/64,3/64,-1/64,3/64
cell-0502,287034772336483/312500000000000,9190700650215149/10000000000000000,True,False,all-64,primary,current_strict,64,25,input_blocked,,,,,
cell-0502,287034772336483/312500000000000,9190700650215149/10000000000000000,True,False,all-64,primary,current_partial,64,0,supported,universal_bound,1/64,1/64,1/64,1/64
cell-0502,287034772336483/312500000000000,9190700650215149/10000000000000000,True,False,all-64,primary,union_strict,64,36,input_blocked,,,,,
cell-0502,287034772336483/312500000000000,9190700650215149/10000000000000000,True,False,all-64,primary,union_partial,64,1,input_blocked,,,,,
cell-0503,9190700650215149/10000000000000000,9191503524780273/10000000000000000,True,False,all-64,primary,exact_projection,64,0,supported,universal_bound,1/32,1/32,1/32,1/32
cell-0503,9190700650215149/10000000000000000,9191503524780273/10000000000000000,True,False,all-64,primary,one_edit_per_image,64,0,unresolved,opposite_worlds,-3/16,3/16,-1/8,1/8
cell-0503,9190700650215149/10000000000000000,9191503524780273/10000000000000000,True,False,all-64,primary,one_edit_global,64,0,unresolved,opposite_worlds,0,1/16,0,1/16
cell-0503,9190700650215149/10000000000000000,9191503524780273/10000000000000000,True,False,all-64,primary,current_strict,64,25,input_blocked,,,,,
cell-0503,9190700650215149/10000000000000000,9191503524780273/10000000000000000,True,False,all-64,primary,current_partial,64,0,supported,universal_bound,1/32,1/32,1/32,1/32
cell-0503,9190700650215149/10000000000000000,9191503524780273/10000000000000000,True,False,all-64,primary,union_strict,64,36,input_blocked,,,,,
cell-0503,9190700650215149/10000000000000000,9191503524780273/10000000000000000,True,False,all-64,primary,union_partial,64,1,input_blocked,,,,,
cell-0504,9191503524780273/10000000000000000,9205064177513123/10000000000000000,True,False,all-64,primary,exact_projection,64,0,supported,universal_bound,1/64,1/64,1/64,1/64
cell-0504,9191503524780273/10000000000000000,9205064177513123/10000000000000000,True,False,all-64,primary,one_edit_per_image,64,0,unresolved,opposite_worlds,-11/64,11/64,-7/64,7/64
cell-0504,9191503524780273/10000000000000000,9205064177513123/10000000000000000,True,False,all-64,primary,one_edit_global,64,0,unresolved,opposite_worlds,-1/64,3/64,-1/64,3/64
cell-0504,9191503524780273/10000000000000000,9205064177513123/10000000000000000,True,False,all-64,primary,current_strict,64,25,input_blocked,,,,,
cell-0504,9191503524780273/10000000000000000,9205064177513123/10000000000000000,True,False,all-64,primary,current_partial,64,0,supported,universal_bound,1/64,1/64,1/64,1/64
cell-0504,9191503524780273/10000000000000000,9205064177513123/10000000000000000,True,False,all-64,primary,union_strict,64,36,input_blocked,,,,,
cell-0504,9191503524780273/10000000000000000,9205064177513123/10000000000000000,True,False,all-64,primary,union_partial,64,1,input_blocked,,,,,
cell-0505,9205064177513123/10000000000000000,1842503547668457/2000000000000000,True,False,all-64,primary,exact_projection,64,0,excluded,universal_bound,0,0,0,0
cell-0505,9205064177513123/10000000000000000,1842503547668457/2000000000000000,True,False,all-64,primary,one_edit_per_image,64,0,unresolved,opposite_worlds,-5/32,5/32,-3/32,3/32
cell-0505,9205064177513123/10000000000000000,1842503547668457/2000000000000000,True,False,all-64,primary,one_edit_global,64,0,unresolved,opposite_worlds,-1/32,1/32,-1/32,1/32
cell-0505,9205064177513123/10000000000000000,1842503547668457/2000000000000000,True,False,all-64,primary,current_strict,64,25,input_blocked,,,,,
cell-0505,9205064177513123/10000000000000000,1842503547668457/2000000000000000,True,False,all-64,primary,current_partial,64,0,excluded,universal_bound,0,0,0,0
cell-0505,9205064177513123/10000000000000000,1842503547668457/2000000000000000,True,False,all-64,primary,union_strict,64,36,input_blocked,,,,,
cell-0505,9205064177513123/10000000000000000,1842503547668457/2000000000000000,True,False,all-64,primary,union_partial,64,1,input_blocked,,,,,
cell-0506,1842503547668457/2000000000000000,921374499797821/1000000000000000,True,False,all-64,primary,exact_projection,64,0,supported,universal_bound,1/64,1/64,1/64,1/64
cell-0506,1842503547668457/2000000000000000,921374499797821/1000000000000000,True,False,all-64,primary,one_edit_per_image,64,0,unresolved,opposite_worlds,-9/64,9/64,-5/64,5/64
cell-0506,1842503547668457/2000000000000000,921374499797821/1000000000000000,True,False,all-64,primary,one_edit_global,64,0,unresolved,opposite_worlds,-1/64,3/64,-1/64,3/64
cell-0506,1842503547668457/2000000000000000,921374499797821/1000000000000000,True,False,all-64,primary,current_strict,64,25,input_blocked,,,,,
cell-0506,1842503547668457/2000000000000000,921374499797821/1000000000000000,True,False,all-64,primary,current_partial,64,0,supported,universal_bound,1/64,1/64,1/64,1/64
cell-0506,1842503547668457/2000000000000000,921374499797821/1000000000000000,True,False,all-64,primary,union_strict,64,36,input_blocked,,,,,
cell-0506,1842503547668457/2000000000000000,921374499797821/1000000000000000,True,False,all-64,primary,union_partial,64,1,input_blocked,,,,,
cell-0507,921374499797821/1000000000000000,9227398037910461/10000000000000000,True,False,all-64,primary,exact_projection,64,0,supported,universal_bound,1/32,1/32,1/32,1/32
cell-0507,921374499797821/1000000000000000,9227398037910461/10000000000000000,True,False,all-64,primary,one_edit_per_image,64,0,unresolved,opposite_worlds,-1/8,1/8,-1/16,1/16
cell-0507,921374499797821/1000000000000000,9227398037910461/10000000000000000,True,False,all-64,primary,one_edit_global,64,0,unresolved,opposite_worlds,0,1/16,0,1/16
cell-0507,921374499797821/1000000000000000,9227398037910461/10000000000000000,True,False,all-64,primary,current_strict,64,25,input_blocked,,,,,
cell-0507,921374499797821/1000000000000000,9227398037910461/10000000000000000,True,False,all-64,primary,current_partial,64,0,supported,universal_bound,1/32,1/32,1/32,1/32
cell-0507,921374499797821/1000000000000000,9227398037910461/10000000000000000,True,False,all-64,primary,union_strict,64,36,input_blocked,,,,,
cell-0507,921374499797821/1000000000000000,9227398037910461/10000000000000000,True,False,all-64,primary,union_partial,64,1,input_blocked,,,,,
cell-0508,9227398037910461/10000000000000000,9234630465507507/10000000000000000,True,False,all-64,primary,exact_projection,64,0,supported,universal_bound,3/64,3/64,3/64,3/64
cell-0508,9227398037910461/10000000000000000,9234630465507507/10000000000000000,True,False,all-64,primary,one_edit_per_image,64,0,unresolved,opposite_worlds,-7/64,7/64,-3/64,3/64
cell-0508,9227398037910461/10000000000000000,9234630465507507/10000000000000000,True,False,all-64,primary,one_edit_global,64,0,supported,universal_bound,1/64,5/64,1/64,3/64
cell-0508,9227398037910461/10000000000000000,9234630465507507/10000000000000000,True,False,all-64,primary,current_strict,64,25,input_blocked,,,,,
cell-0508,9227398037910461/10000000000000000,9234630465507507/10000000000000000,True,False,all-64,primary,current_partial,64,0,supported,universal_bound,3/64,3/64,3/64,3/64
cell-0508,9227398037910461/10000000000000000,9234630465507507/10000000000000000,True,False,all-64,primary,union_strict,64,36,input_blocked,,,,,
cell-0508,9227398037910461/10000000000000000,9234630465507507/10000000000000000,True,False,all-64,primary,union_partial,64,1,input_blocked,,,,,
cell-0509,9234630465507507/10000000000000000,4618110656738281/5000000000000000,True,False,all-64,primary,exact_projection,64,0,supported,universal_bound,1/32,1/32,1/32,1/32
cell-0509,9234630465507507/10000000000000000,4618110656738281/5000000000000000,True,False,all-64,primary,one_edit_per_image,64,0,unresolved,opposite_worlds,-3/32,3/32,-1/32,1/32
cell-0509,9234630465507507/10000000000000000,4618110656738281/5000000000000000,True,False,all-64,primary,one_edit_global,64,0,unresolved,opposite_worlds,0,1/16,0,1/32
cell-0509,9234630465507507/10000000000000000,4618110656738281/5000000000000000,True,False,all-64,primary,current_strict,64,25,input_blocked,,,,,
cell-0509,9234630465507507/10000000000000000,4618110656738281/5000000000000000,True,False,all-64,primary,current_partial,64,0,supported,universal_bound,1/32,1/32,1/32,1/32
cell-0509,9234630465507507/10000000000000000,4618110656738281/5000000000000000,True,False,all-64,primary,union_strict,64,36,input_blocked,,,,,
cell-0509,9234630465507507/10000000000000000,4618110656738281/5000000000000000,True,False,all-64,primary,union_partial,64,1,input_blocked,,,,,
cell-0510,4618110656738281/5000000000000000,9251929521560669/10000000000000000,True,False,all-64,primary,exact_projection,64,0,supported,universal_bound,3/64,3/64,3/64,3/64
cell-0510,4618110656738281/5000000000000000,9251929521560669/10000000000000000,True,False,all-64,primary,one_edit_per_image,64,0,unresolved,opposite_worlds,-5/64,5/64,-3/64,3/64
cell-0510,4618110656738281/5000000000000000,9251929521560669/10000000000000000,True,False,all-64,primary,one_edit_global,64,0,supported,universal_bound,1/64,5/64,1/64,3/64
cell-0510,4618110656738281/5000000000000000,9251929521560669/10000000000000000,True,False,all-64,primary,current_strict,64,25,input_blocked,,,,,
cell-0510,4618110656738281/5000000000000000,9251929521560669/10000000000000000,True,False,all-64,primary,current_partial,64,0,supported,universal_bound,3/64,3/64,3/64,3/64
cell-0510,4618110656738281/5000000000000000,9251929521560669/10000000000000000,True,False,all-64,primary,union_strict,64,36,input_blocked,,,,,
cell-0510,4618110656738281/5000000000000000,9251929521560669/10000000000000000,True,False,all-64,primary,union_partial,64,1,input_blocked,,,,,
cell-0511,9251929521560669/10000000000000000,231397345662117/250000000000000,True,False,all-64,primary,exact_projection,64,0,supported,universal_bound,1/32,1/32,1/32,1/32
cell-0511,9251929521560669/10000000000000000,231397345662117/250000000000000,True,False,all-64,primary,one_edit_per_image,64,0,unresolved,opposite_worlds,-1/16,1/16,-1/16,1/16
cell-0511,9251929521560669/10000000000000000,231397345662117/250000000000000,True,False,all-64,primary,one_edit_global,64,0,unresolved,opposite_worlds,0,1/16,0,1/16
cell-0511,9251929521560669/10000000000000000,231397345662117/250000000000000,True,False,all-64,primary,current_strict,64,25,input_blocked,,,,,
cell-0511,9251929521560669/10000000000000000,231397345662117/250000000000000,True,False,all-64,primary,current_partial,64,0,supported,universal_bound,1/32,1/32,1/32,1/32
cell-0511,9251929521560669/10000000000000000,231397345662117/250000000000000,True,False,all-64,primary,union_strict,64,36,input_blocked,,,,,
cell-0511,9251929521560669/10000000000000000,231397345662117/250000000000000,True,False,all-64,primary,union_partial,64,1,input_blocked,,,,,
cell-0512,231397345662117/250000000000000,1854994535446167/2000000000000000,True,False,all-64,primary,exact_projection,64,0,supported,universal_bound,1/64,1/64,1/64,1/64
cell-0512,231397345662117/250000000000000,1854994535446167/2000000000000000,True,False,all-64,primary,one_edit_per_image,64,0,unresolved,opposite_worlds,-3/64,3/64,-3/64,3/64
cell-0512,231397345662117/250000000000000,1854994535446167/2000000000000000,True,False,all-64,primary,one_edit_global,64,0,unresolved,opposite_worlds,-1/64,3/64,-1/64,3/64
cell-0512,231397345662117/250000000000000,1854994535446167/2000000000000000,True,False,all-64,primary,current_strict,64,25,input_blocked,,,,,
cell-0512,231397345662117/250000000000000,1854994535446167/2000000000000000,True,False,all-64,primary,current_partial,64,0,supported,universal_bound,1/64,1/64,1/64,1/64
cell-0512,231397345662117/250000000000000,1854994535446167/2000000000000000,True,False,all-64,primary,union_strict,64,36,input_blocked,,,,,
cell-0512,231397345662117/250000000000000,1854994535446167/2000000000000000,True,False,all-64,primary,union_partial,64,1,input_blocked,,,,,
cell-0513,1854994535446167/2000000000000000,1860067367553711/2000000000000000,True,False,all-64,primary,exact_projection,64,0,supported,universal_bound,1/32,1/32,1/32,1/32
cell-0513,1854994535446167/2000000000000000,1860067367553711/2000000000000000,True,False,all-64,primary,one_edit_per_image,64,0,unresolved,opposite_worlds,-1/32,1/32,-1/32,1/32
cell-0513,1854994535446167/2000000000000000,1860067367553711/2000000000000000,True,False,all-64,primary,one_edit_global,64,0,unresolved,opposite_worlds,0,1/32,0,1/32
cell-0513,1854994535446167/2000000000000000,1860067367553711/2000000000000000,True,False,all-64,primary,current_strict,64,25,input_blocked,,,,,
cell-0513,1854994535446167/2000000000000000,1860067367553711/2000000000000000,True,False,all-64,primary,current_partial,64,0,supported,universal_bound,1/32,1/32,1/32,1/32
cell-0513,1854994535446167/2000000000000000,1860067367553711/2000000000000000,True,False,all-64,primary,union_strict,64,36,input_blocked,,,,,
cell-0513,1854994535446167/2000000000000000,1860067367553711/2000000000000000,True,False,all-64,primary,union_partial,64,1,input_blocked,,,,,
cell-0514,1860067367553711/2000000000000000,4662482440471649/5000000000000000,True,False,all-64,primary,exact_projection,64,0,supported,universal_bound,1/64,1/64,1/64,1/64
cell-0514,1860067367553711/2000000000000000,4662482440471649/5000000000000000,True,False,all-64,primary,one_edit_per_image,64,0,unresolved,opposite_worlds,-1/64,1/64,-1/64,1/64
cell-0514,1860067367553711/2000000000000000,4662482440471649/5000000000000000,True,False,all-64,primary,one_edit_global,64,0,unresolved,opposite_worlds,-1/64,1/64,-1/64,1/64
cell-0514,1860067367553711/2000000000000000,4662482440471649/5000000000000000,True,False,all-64,primary,current_strict,64,25,input_blocked,,,,,
cell-0514,1860067367553711/2000000000000000,4662482440471649/5000000000000000,True,False,all-64,primary,current_partial,64,0,supported,universal_bound,1/64,1/64,1/64,1/64
cell-0514,1860067367553711/2000000000000000,4662482440471649/5000000000000000,True,False,all-64,primary,union_strict,64,36,input_blocked,,,,,
cell-0514,1860067367553711/2000000000000000,4662482440471649/5000000000000000,True,False,all-64,primary,union_partial,64,1,input_blocked,,,,,
cell-0515,4662482440471649/5000000000000000,1,True,False,all-64,primary,exact_projection,64,0,excluded,universal_bound,0,0,0,0
cell-0515,4662482440471649/5000000000000000,1,True,False,all-64,primary,one_edit_per_image,64,0,excluded,universal_bound,0,0,0,0
cell-0515,4662482440471649/5000000000000000,1,True,False,all-64,primary,one_edit_global,64,0,excluded,universal_bound,0,0,0,0
cell-0515,4662482440471649/5000000000000000,1,True,False,all-64,primary,current_strict,64,25,input_blocked,,,,,
cell-0515,4662482440471649/5000000000000000,1,True,False,all-64,primary,current_partial,64,0,excluded,universal_bound,0,0,0,0
cell-0515,4662482440471649/5000000000000000,1,True,False,all-64,primary,union_strict,64,36,input_blocked,,,,,
cell-0515,4662482440471649/5000000000000000,1,True,False,all-64,primary,union_partial,64,1,input_blocked,,,,,
cell-0516,1,1,True,True,all-64,primary,exact_projection,64,0,excluded,universal_bound,0,0,0,0
cell-0516,1,1,True,True,all-64,primary,one_edit_per_image,64,0,excluded,universal_bound,0,0,0,0
cell-0516,1,1,True,True,all-64,primary,one_edit_global,64,0,excluded,universal_bound,0,0,0,0
cell-0516,1,1,True,True,all-64,primary,current_strict,64,25,input_blocked,,,,,
cell-0516,1,1,True,True,all-64,primary,current_partial,64,0,excluded,universal_bound,0,0,0,0
cell-0516,1,1,True,True,all-64,primary,union_strict,64,36,input_blocked,,,,,
cell-0516,1,1,True,True,all-64,primary,union_partial,64,1,input_blocked,,,,,
