section,row_index,cell_id,threshold,case_id,group,family,allocated_images,blocked_image_count,decision,previous_evidence,evidence,mean_lower,mean_upper,previous_attained_lower,previous_attained_upper,attained_lower,attained_upper,selected_target
primary_rows,0,cell-0000,,all-64,primary,exact_projection,64,0,supported,universal_bound,universal_bound,37/64,37/64,37/64,37/64,37/64,37/64,False
primary_rows,1,cell-0000,,all-64,primary,one_edit_per_image,64,0,unresolved,opposite_worlds,opposite_worlds,-89/64,173/64,-89/64,173/64,-89/64,173/64,False
primary_rows,2,cell-0000,,all-64,primary,one_edit_global,64,0,supported,universal_bound,universal_bound,33/64,41/64,33/64,41/64,33/64,41/64,False
primary_rows,3,cell-0000,,all-64,primary,current_strict,64,25,input_blocked,,,,,,,,,False
primary_rows,4,cell-0000,,all-64,primary,current_partial,64,0,unresolved,opposite_worlds,opposite_worlds,-43/64,99/64,-27/64,73/64,-27/64,73/64,False
primary_rows,5,cell-0000,,all-64,primary,union_strict,64,36,input_blocked,,,,,,,,,False
primary_rows,6,cell-0000,,all-64,primary,union_partial,64,1,input_blocked,,,,,,,,,False
primary_rows,7,cell-0001,,all-64,primary,exact_projection,64,0,supported,universal_bound,universal_bound,9/16,9/16,9/16,9/16,9/16,9/16,False
primary_rows,8,cell-0001,,all-64,primary,one_edit_per_image,64,0,unresolved,opposite_worlds,opposite_worlds,-45/32,87/32,-45/32,43/16,-45/32,43/16,False
primary_rows,9,cell-0001,,all-64,primary,one_edit_global,64,0,supported,universal_bound,universal_bound,1/2,5/8,1/2,5/8,1/2,5/8,False
primary_rows,10,cell-0001,,all-64,primary,current_strict,64,25,input_blocked,,,,,,,,,False
primary_rows,11,cell-0001,,all-64,primary,current_partial,64,0,unresolved,opposite_worlds,opposite_worlds,-11/16,49/32,-7/16,9/8,-7/16,9/8,False
primary_rows,12,cell-0001,,all-64,primary,union_strict,64,36,input_blocked,,,,,,,,,False
primary_rows,13,cell-0001,,all-64,primary,union_partial,64,1,input_blocked,,,,,,,,,False
primary_rows,14,cell-0002,,all-64,primary,exact_projection,64,0,supported,universal_bound,universal_bound,35/64,35/64,35/64,35/64,35/64,35/64,False
primary_rows,15,cell-0002,,all-64,primary,one_edit_per_image,64,0,unresolved,opposite_worlds,opposite_worlds,-91/64,173/64,-91/64,171/64,-91/64,171/64,False
primary_rows,16,cell-0002,,all-64,primary,one_edit_global,64,0,supported,universal_bound,universal_bound,31/64,39/64,31/64,39/64,31/64,39/64,False
primary_rows,17,cell-0002,,all-64,primary,current_strict,64,25,input_blocked,,,,,,,,,False
primary_rows,18,cell-0002,,all-64,primary,current_partial,64,0,unresolved,opposite_worlds,opposite_worlds,-45/64,97/64,-29/64,71/64,-29/64,71/64,False
primary_rows,19,cell-0002,,all-64,primary,union_strict,64,36,input_blocked,,,,,,,,,False
primary_rows,20,cell-0002,,all-64,primary,union_partial,64,1,input_blocked,,,,,,,,,False
primary_rows,21,cell-0003,,all-64,primary,exact_projection,64,0,supported,universal_bound,universal_bound,9/16,9/16,9/16,9/16,9/16,9/16,False
primary_rows,22,cell-0003,,all-64,primary,one_edit_per_image,64,0,unresolved,opposite_worlds,opposite_worlds,-45/32,87/32,-45/32,43/16,-45/32,43/16,False
primary_rows,23,cell-0003,,all-64,primary,one_edit_global,64,0,supported,universal_bound,universal_bound,1/2,5/8,1/2,5/8,1/2,5/8,False
primary_rows,24,cell-0003,,all-64,primary,current_strict,64,25,input_blocked,,,,,,,,,False
primary_rows,25,cell-0003,,all-64,primary,current_partial,64,0,unresolved,opposite_worlds,opposite_worlds,-11/16,49/32,-7/16,9/8,-7/16,9/8,False
primary_rows,26,cell-0003,,all-64,primary,union_strict,64,36,input_blocked,,,,,,,,,False
primary_rows,27,cell-0003,,all-64,primary,union_partial,64,1,input_blocked,,,,,,,,,False
primary_rows,28,cell-0004,,all-64,primary,exact_projection,64,0,supported,universal_bound,universal_bound,35/64,35/64,35/64,35/64,35/64,35/64,False
primary_rows,29,cell-0004,,all-64,primary,one_edit_per_image,64,0,unresolved,opposite_worlds,opposite_worlds,-91/64,173/64,-91/64,171/64,-91/64,171/64,False
primary_rows,30,cell-0004,,all-64,primary,one_edit_global,64,0,supported,universal_bound,universal_bound,31/64,39/64,31/64,39/64,31/64,39/64,False
primary_rows,31,cell-0004,,all-64,primary,current_strict,64,25,input_blocked,,,,,,,,,False
primary_rows,32,cell-0004,,all-64,primary,current_partial,64,0,unresolved,opposite_worlds,opposite_worlds,-45/64,97/64,-29/64,71/64,-29/64,71/64,False
primary_rows,33,cell-0004,,all-64,primary,union_strict,64,36,input_blocked,,,,,,,,,False
primary_rows,34,cell-0004,,all-64,primary,union_partial,64,1,input_blocked,,,,,,,,,False
primary_rows,35,cell-0005,,all-64,primary,exact_projection,64,0,supported,universal_bound,universal_bound,17/32,17/32,17/32,17/32,17/32,17/32,False
primary_rows,36,cell-0005,,all-64,primary,one_edit_per_image,64,0,unresolved,opposite_worlds,opposite_worlds,-23/16,43/16,-23/16,85/32,-23/16,85/32,False
primary_rows,37,cell-0005,,all-64,primary,one_edit_global,64,0,supported,universal_bound,universal_bound,15/32,19/32,15/32,19/32,15/32,19/32,False
primary_rows,38,cell-0005,,all-64,primary,current_strict,64,25,input_blocked,,,,,,,,,False
primary_rows,39,cell-0005,,all-64,primary,current_partial,64,0,unresolved,opposite_worlds,opposite_worlds,-23/32,3/2,-15/32,35/32,-15/32,35/32,False
primary_rows,40,cell-0005,,all-64,primary,union_strict,64,36,input_blocked,,,,,,,,,False
primary_rows,41,cell-0005,,all-64,primary,union_partial,64,1,input_blocked,,,,,,,,,False
primary_rows,42,cell-0006,,all-64,primary,exact_projection,64,0,supported,universal_bound,universal_bound,33/64,33/64,33/64,33/64,33/64,33/64,False
primary_rows,43,cell-0006,,all-64,primary,one_edit_per_image,64,0,unresolved,opposite_worlds,opposite_worlds,-93/64,171/64,-93/64,169/64,-93/64,169/64,False
primary_rows,44,cell-0006,,all-64,primary,one_edit_global,64,0,supported,universal_bound,universal_bound,29/64,37/64,29/64,37/64,29/64,37/64,False
primary_rows,45,cell-0006,,all-64,primary,current_strict,64,25,input_blocked,,,,,,,,,False
primary_rows,46,cell-0006,,all-64,primary,current_partial,64,0,unresolved,opposite_worlds,opposite_worlds,-47/64,95/64,-31/64,69/64,-31/64,69/64,False
primary_rows,47,cell-0006,,all-64,primary,union_strict,64,36,input_blocked,,,,,,,,,False
primary_rows,48,cell-0006,,all-64,primary,union_partial,64,1,input_blocked,,,,,,,,,False
primary_rows,49,cell-0007,,all-64,primary,exact_projection,64,0,supported,universal_bound,universal_bound,1/2,1/2,1/2,1/2,1/2,1/2,False
primary_rows,50,cell-0007,,all-64,primary,one_edit_per_image,64,0,unresolved,opposite_worlds,opposite_worlds,-47/32,85/32,-23/16,21/8,-23/16,21/8,False
primary_rows,51,cell-0007,,all-64,primary,one_edit_global,64,0,supported,universal_bound,universal_bound,7/16,9/16,7/16,9/16,7/16,9/16,False
primary_rows,52,cell-0007,,all-64,primary,current_strict,64,25,input_blocked,,,,,,,,,False
primary_rows,53,cell-0007,,all-64,primary,current_partial,64,0,unresolved,opposite_worlds,opposite_worlds,-3/4,47/32,-1/2,17/16,-1/2,17/16,False
primary_rows,54,cell-0007,,all-64,primary,union_strict,64,36,input_blocked,,,,,,,,,False
primary_rows,55,cell-0007,,all-64,primary,union_partial,64,1,input_blocked,,,,,,,,,False
primary_rows,56,cell-0008,,all-64,primary,exact_projection,64,0,supported,universal_bound,universal_bound,33/64,33/64,33/64,33/64,33/64,33/64,False
primary_rows,57,cell-0008,,all-64,primary,one_edit_per_image,64,0,unresolved,opposite_worlds,opposite_worlds,-93/64,171/64,-91/64,167/64,-91/64,167/64,False
primary_rows,58,cell-0008,,all-64,primary,one_edit_global,64,0,supported,universal_bound,universal_bound,29/64,37/64,29/64,37/64,29/64,37/64,False
primary_rows,59,cell-0008,,all-64,primary,current_strict,64,25,input_blocked,,,,,,,,,False
primary_rows,60,cell-0008,,all-64,primary,current_partial,64,0,unresolved,opposite_worlds,opposite_worlds,-47/64,95/64,-31/64,69/64,-31/64,69/64,False
primary_rows,61,cell-0008,,all-64,primary,union_strict,64,36,input_blocked,,,,,,,,,False
primary_rows,62,cell-0008,,all-64,primary,union_partial,64,1,input_blocked,,,,,,,,,False
primary_rows,63,cell-0009,,all-64,primary,exact_projection,64,0,supported,universal_bound,universal_bound,17/32,17/32,17/32,17/32,17/32,17/32,False
primary_rows,64,cell-0009,,all-64,primary,one_edit_per_image,64,0,unresolved,opposite_worlds,opposite_worlds,-23/16,43/16,-45/32,21/8,-45/32,21/8,False
primary_rows,65,cell-0009,,all-64,primary,one_edit_global,64,0,supported,universal_bound,universal_bound,15/32,19/32,15/32,19/32,15/32,19/32,False
primary_rows,66,cell-0009,,all-64,primary,current_strict,64,25,input_blocked,,,,,,,,,False
primary_rows,67,cell-0009,,all-64,primary,current_partial,64,0,unresolved,opposite_worlds,opposite_worlds,-23/32,3/2,-15/32,35/32,-15/32,35/32,False
primary_rows,68,cell-0009,,all-64,primary,union_strict,64,36,input_blocked,,,,,,,,,False
primary_rows,69,cell-0009,,all-64,primary,union_partial,64,1,input_blocked,,,,,,,,,False
primary_rows,70,cell-0010,,all-64,primary,exact_projection,64,0,supported,universal_bound,universal_bound,33/64,33/64,33/64,33/64,33/64,33/64,False
primary_rows,71,cell-0010,,all-64,primary,one_edit_per_image,64,0,unresolved,opposite_worlds,opposite_worlds,-93/64,171/64,-91/64,167/64,-91/64,167/64,False
primary_rows,72,cell-0010,,all-64,primary,one_edit_global,64,0,supported,universal_bound,universal_bound,29/64,37/64,29/64,37/64,29/64,37/64,False
primary_rows,73,cell-0010,,all-64,primary,current_strict,64,25,input_blocked,,,,,,,,,False
primary_rows,74,cell-0010,,all-64,primary,current_partial,64,0,unresolved,opposite_worlds,opposite_worlds,-47/64,95/64,-31/64,69/64,-31/64,69/64,False
primary_rows,75,cell-0010,,all-64,primary,union_strict,64,36,input_blocked,,,,,,,,,False
primary_rows,76,cell-0010,,all-64,primary,union_partial,64,1,input_blocked,,,,,,,,,False
primary_rows,77,cell-0011,,all-64,primary,exact_projection,64,0,supported,universal_bound,universal_bound,1/2,1/2,1/2,1/2,1/2,1/2,False
primary_rows,78,cell-0011,,all-64,primary,one_edit_per_image,64,0,unresolved,opposite_worlds,opposite_worlds,-47/32,85/32,-45/32,83/32,-23/16,83/32,False
primary_rows,79,cell-0011,,all-64,primary,one_edit_global,64,0,supported,universal_bound,universal_bound,7/16,9/16,7/16,9/16,7/16,9/16,False
primary_rows,80,cell-0011,,all-64,primary,current_strict,64,25,input_blocked,,,,,,,,,False
primary_rows,81,cell-0011,,all-64,primary,current_partial,64,0,unresolved,opposite_worlds,opposite_worlds,-3/4,47/32,-15/32,17/16,-15/32,17/16,False
primary_rows,82,cell-0011,,all-64,primary,union_strict,64,36,input_blocked,,,,,,,,,False
primary_rows,83,cell-0011,,all-64,primary,union_partial,64,1,input_blocked,,,,,,,,,False
primary_rows,84,cell-0012,,all-64,primary,exact_projection,64,0,supported,universal_bound,universal_bound,31/64,31/64,31/64,31/64,31/64,31/64,False
primary_rows,85,cell-0012,,all-64,primary,one_edit_per_image,64,0,unresolved,opposite_worlds,opposite_worlds,-95/64,169/64,-89/64,165/64,-93/64,165/64,False
primary_rows,86,cell-0012,,all-64,primary,one_edit_global,64,0,supported,universal_bound,universal_bound,27/64,35/64,27/64,35/64,27/64,35/64,False
primary_rows,87,cell-0012,,all-64,primary,current_strict,64,25,input_blocked,,,,,,,,,False
primary_rows,88,cell-0012,,all-64,primary,current_partial,64,0,unresolved,opposite_worlds,opposite_worlds,-49/64,93/64,-31/64,67/64,-31/64,67/64,False
primary_rows,89,cell-0012,,all-64,primary,union_strict,64,36,input_blocked,,,,,,,,,False
primary_rows,90,cell-0012,,all-64,primary,union_partial,64,1,input_blocked,,,,,,,,,False
primary_rows,91,cell-0013,,all-64,primary,exact_projection,64,0,supported,universal_bound,universal_bound,1/2,1/2,1/2,1/2,1/2,1/2,False
primary_rows,92,cell-0013,,all-64,primary,one_edit_per_image,64,0,unresolved,opposite_worlds,opposite_worlds,-47/32,85/32,-11/8,41/16,-23/16,83/32,False
primary_rows,93,cell-0013,,all-64,primary,one_edit_global,64,0,supported,universal_bound,universal_bound,7/16,9/16,7/16,9/16,7/16,9/16,False
primary_rows,94,cell-0013,,all-64,primary,current_strict,64,25,input_blocked,,,,,,,,,False
primary_rows,95,cell-0013,,all-64,primary,current_partial,64,0,unresolved,opposite_worlds,opposite_worlds,-3/4,47/32,-15/32,17/16,-15/32,17/16,False
primary_rows,96,cell-0013,,all-64,primary,union_strict,64,36,input_blocked,,,,,,,,,False
primary_rows,97,cell-0013,,all-64,primary,union_partial,64,1,input_blocked,,,,,,,,,False
primary_rows,98,cell-0014,,all-64,primary,exact_projection,64,0,supported,universal_bound,universal_bound,31/64,31/64,31/64,31/64,31/64,31/64,False
primary_rows,99,cell-0014,,all-64,primary,one_edit_per_image,64,0,unresolved,opposite_worlds,opposite_worlds,-95/64,169/64,-89/64,163/64,-93/64,165/64,False
primary_rows,100,cell-0014,,all-64,primary,one_edit_global,64,0,supported,universal_bound,universal_bound,27/64,35/64,27/64,35/64,27/64,35/64,False
primary_rows,101,cell-0014,,all-64,primary,current_strict,64,25,input_blocked,,,,,,,,,False
primary_rows,102,cell-0014,,all-64,primary,current_partial,64,0,unresolved,opposite_worlds,opposite_worlds,-49/64,93/64,-31/64,67/64,-31/64,67/64,False
primary_rows,103,cell-0014,,all-64,primary,union_strict,64,36,input_blocked,,,,,,,,,False
primary_rows,104,cell-0014,,all-64,primary,union_partial,64,1,input_blocked,,,,,,,,,False
primary_rows,105,cell-0015,,all-64,primary,exact_projection,64,0,supported,universal_bound,universal_bound,15/32,15/32,15/32,15/32,15/32,15/32,False
primary_rows,106,cell-0015,,all-64,primary,one_edit_per_image,64,0,unresolved,opposite_worlds,opposite_worlds,-3/2,21/8,-45/32,81/32,-47/32,41/16,False
primary_rows,107,cell-0015,,all-64,primary,one_edit_global,64,0,supported,universal_bound,universal_bound,13/32,17/32,13/32,17/32,13/32,17/32,False
primary_rows,108,cell-0015,,all-64,primary,current_strict,64,25,input_blocked,,,,,,,,,False
primary_rows,109,cell-0015,,all-64,primary,current_partial,64,0,unresolved,opposite_worlds,opposite_worlds,-3/4,23/16,-15/32,33/32,-15/32,33/32,False
primary_rows,110,cell-0015,,all-64,primary,union_strict,64,36,input_blocked,,,,,,,,,False
primary_rows,111,cell-0015,,all-64,primary,union_partial,64,1,input_blocked,,,,,,,,,False
primary_rows,112,cell-0016,,all-64,primary,exact_projection,64,0,supported,universal_bound,universal_bound,29/64,29/64,29/64,29/64,29/64,29/64,False
primary_rows,113,cell-0016,,all-64,primary,one_edit_per_image,64,0,unresolved,opposite_worlds,opposite_worlds,-97/64,167/64,-89/64,161/64,-93/64,163/64,False
primary_rows,114,cell-0016,,all-64,primary,one_edit_global,64,0,supported,universal_bound,universal_bound,25/64,33/64,25/64,33/64,25/64,33/64,False
primary_rows,115,cell-0016,,all-64,primary,current_strict,64,25,input_blocked,,,,,,,,,False
primary_rows,116,cell-0016,,all-64,primary,current_partial,64,0,unresolved,opposite_worlds,opposite_worlds,-49/64,91/64,-31/64,65/64,-31/64,65/64,False
primary_rows,117,cell-0016,,all-64,primary,union_strict,64,36,input_blocked,,,,,,,,,False
primary_rows,118,cell-0016,,all-64,primary,union_partial,64,1,input_blocked,,,,,,,,,False
primary_rows,119,cell-0017,,all-64,primary,exact_projection,64,0,supported,universal_bound,universal_bound,7/16,7/16,7/16,7/16,7/16,7/16,False
primary_rows,120,cell-0017,,all-64,primary,one_edit_per_image,64,0,unresolved,opposite_worlds,opposite_worlds,-49/32,83/32,-45/32,5/2,-47/32,81/32,False
primary_rows,121,cell-0017,,all-64,primary,one_edit_global,64,0,supported,universal_bound,universal_bound,3/8,1/2,3/8,1/2,3/8,1/2,False
primary_rows,122,cell-0017,,all-64,primary,current_strict,64,25,input_blocked,,,,,,,,,False
primary_rows,123,cell-0017,,all-64,primary,current_partial,64,0,unresolved,opposite_worlds,opposite_worlds,-25/32,45/32,-1/2,1/1,-1/2,1/1,False
primary_rows,124,cell-0017,,all-64,primary,union_strict,64,36,input_blocked,,,,,,,,,False
primary_rows,125,cell-0017,,all-64,primary,union_partial,64,1,input_blocked,,,,,,,,,False
primary_rows,126,cell-0018,,all-64,primary,exact_projection,64,0,supported,universal_bound,universal_bound,27/64,27/64,27/64,27/64,27/64,27/64,False
primary_rows,127,cell-0018,,all-64,primary,one_edit_per_image,64,0,unresolved,opposite_worlds,opposite_worlds,-99/64,165/64,-91/64,159/64,-95/64,161/64,False
primary_rows,128,cell-0018,,all-64,primary,one_edit_global,64,0,supported,universal_bound,universal_bound,23/64,31/64,23/64,31/64,23/64,31/64,False
primary_rows,129,cell-0018,,all-64,primary,current_strict,64,25,input_blocked,,,,,,,,,False
primary_rows,130,cell-0018,,all-64,primary,current_partial,64,0,unresolved,opposite_worlds,opposite_worlds,-51/64,89/64,-31/64,63/64,-31/64,63/64,False
primary_rows,131,cell-0018,,all-64,primary,union_strict,64,36,input_blocked,,,,,,,,,False
primary_rows,132,cell-0018,,all-64,primary,union_partial,64,1,input_blocked,,,,,,,,,False
primary_rows,133,cell-0019,,all-64,primary,exact_projection,64,0,supported,universal_bound,universal_bound,7/16,7/16,7/16,7/16,7/16,7/16,False
primary_rows,134,cell-0019,,all-64,primary,one_edit_per_image,64,0,unresolved,opposite_worlds,opposite_worlds,-49/32,83/32,-45/32,79/32,-47/32,5/2,False
primary_rows,135,cell-0019,,all-64,primary,one_edit_global,64,0,supported,universal_bound,universal_bound,3/8,1/2,3/8,1/2,3/8,1/2,False
primary_rows,136,cell-0019,,all-64,primary,current_strict,64,25,input_blocked,,,,,,,,,False
primary_rows,137,cell-0019,,all-64,primary,current_partial,64,0,unresolved,opposite_worlds,opposite_worlds,-25/32,45/32,-15/32,31/32,-15/32,31/32,False
primary_rows,138,cell-0019,,all-64,primary,union_strict,64,36,input_blocked,,,,,,,,,False
primary_rows,139,cell-0019,,all-64,primary,union_partial,64,1,input_blocked,,,,,,,,,False
primary_rows,140,cell-0020,,all-64,primary,exact_projection,64,0,supported,universal_bound,universal_bound,27/64,27/64,27/64,27/64,27/64,27/64,False
primary_rows,141,cell-0020,,all-64,primary,one_edit_per_image,64,0,unresolved,opposite_worlds,opposite_worlds,-99/64,165/64,-91/64,157/64,-95/64,159/64,False
primary_rows,142,cell-0020,,all-64,primary,one_edit_global,64,0,supported,universal_bound,universal_bound,23/64,31/64,23/64,31/64,23/64,31/64,False
primary_rows,143,cell-0020,,all-64,primary,current_strict,64,25,input_blocked,,,,,,,,,False
primary_rows,144,cell-0020,,all-64,primary,current_partial,64,0,unresolved,opposite_worlds,opposite_worlds,-51/64,89/64,-31/64,61/64,-31/64,61/64,False
primary_rows,145,cell-0020,,all-64,primary,union_strict,64,36,input_blocked,,,,,,,,,False
primary_rows,146,cell-0020,,all-64,primary,union_partial,64,1,input_blocked,,,,,,,,,False
primary_rows,147,cell-0021,,all-64,primary,exact_projection,64,0,supported,universal_bound,universal_bound,13/32,13/32,13/32,13/32,13/32,13/32,False
primary_rows,148,cell-0021,,all-64,primary,one_edit_per_image,64,0,unresolved,opposite_worlds,opposite_worlds,-49/32,41/16,-45/32,39/16,-47/32,79/32,False
primary_rows,149,cell-0021,,all-64,primary,one_edit_global,64,0,supported,universal_bound,universal_bound,11/32,15/32,11/32,15/32,11/32,15/32,False
primary_rows,150,cell-0021,,all-64,primary,current_strict,64,25,input_blocked,,,,,,,,,False
primary_rows,151,cell-0021,,all-64,primary,current_partial,64,0,unresolved,opposite_worlds,opposite_worlds,-13/16,11/8,-1/2,15/16,-1/2,15/16,False
primary_rows,152,cell-0021,,all-64,primary,union_strict,64,36,input_blocked,,,,,,,,,False
primary_rows,153,cell-0021,,all-64,primary,union_partial,64,1,input_blocked,,,,,,,,,False
primary_rows,154,cell-0022,,all-64,primary,exact_projection,64,0,supported,universal_bound,universal_bound,25/64,25/64,25/64,25/64,25/64,25/64,False
primary_rows,155,cell-0022,,all-64,primary,one_edit_per_image,64,0,unresolved,opposite_worlds,opposite_worlds,-99/64,165/64,-91/64,155/64,-95/64,157/64,False
primary_rows,156,cell-0022,,all-64,primary,one_edit_global,64,0,supported,universal_bound,universal_bound,21/64,29/64,21/64,29/64,21/64,29/64,False
primary_rows,157,cell-0022,,all-64,primary,current_strict,64,25,input_blocked,,,,,,,,,False
primary_rows,158,cell-0022,,all-64,primary,current_partial,64,0,unresolved,opposite_worlds,opposite_worlds,-53/64,87/64,-33/64,59/64,-33/64,59/64,False
primary_rows,159,cell-0022,,all-64,primary,union_strict,64,36,input_blocked,,,,,,,,,False
primary_rows,160,cell-0022,,all-64,primary,union_partial,64,1,input_blocked,,,,,,,,,False
primary_rows,161,cell-0023,,all-64,primary,exact_projection,64,0,supported,universal_bound,universal_bound,3/8,3/8,3/8,3/8,3/8,3/8,False
primary_rows,162,cell-0023,,all-64,primary,one_edit_per_image,64,0,unresolved,opposite_worlds,opposite_worlds,-25/16,41/16,-45/32,77/32,-47/32,39/16,False
primary_rows,163,cell-0023,,all-64,primary,one_edit_global,64,0,supported,universal_bound,universal_bound,5/16,7/16,5/16,7/16,5/16,7/16,False
primary_rows,164,cell-0023,,all-64,primary,current_strict,64,25,input_blocked,,,,,,,,,False
primary_rows,165,cell-0023,,all-64,primary,current_partial,64,0,unresolved,opposite_worlds,opposite_worlds,-27/32,43/32,-1/2,29/32,-1/2,29/32,False
primary_rows,166,cell-0023,,all-64,primary,union_strict,64,36,input_blocked,,,,,,,,,False
primary_rows,167,cell-0023,,all-64,primary,union_partial,64,1,input_blocked,,,,,,,,,False
primary_rows,168,cell-0024,,all-64,primary,exact_projection,64,0,supported,universal_bound,universal_bound,23/64,23/64,23/64,23/64,23/64,23/64,False
primary_rows,169,cell-0024,,all-64,primary,one_edit_per_image,64,0,unresolved,opposite_worlds,opposite_worlds,-101/64,163/64,-91/64,153/64,-95/64,155/64,False
primary_rows,170,cell-0024,,all-64,primary,one_edit_global,64,0,supported,universal_bound,universal_bound,19/64,27/64,19/64,27/64,19/64,27/64,False
primary_rows,171,cell-0024,,all-64,primary,current_strict,64,25,input_blocked,,,,,,,,,False
primary_rows,172,cell-0024,,all-64,primary,current_partial,64,0,unresolved,opposite_worlds,opposite_worlds,-55/64,85/64,-33/64,57/64,-33/64,57/64,False
primary_rows,173,cell-0024,,all-64,primary,union_strict,64,36,input_blocked,,,,,,,,,False
primary_rows,174,cell-0024,,all-64,primary,union_partial,64,1,input_blocked,,,,,,,,,False
primary_rows,175,cell-0025,,all-64,primary,exact_projection,64,0,supported,universal_bound,universal_bound,3/8,3/8,3/8,3/8,3/8,3/8,False
primary_rows,176,cell-0025,,all-64,primary,one_edit_per_image,64,0,unresolved,opposite_worlds,opposite_worlds,-25/16,41/16,-45/32,19/8,-47/32,77/32,False
primary_rows,177,cell-0025,,all-64,primary,one_edit_global,64,0,supported,universal_bound,universal_bound,5/16,7/16,5/16,7/16,5/16,7/16,False
primary_rows,178,cell-0025,,all-64,primary,current_strict,64,25,input_blocked,,,,,,,,,False
primary_rows,179,cell-0025,,all-64,primary,current_partial,64,0,unresolved,opposite_worlds,opposite_worlds,-27/32,43/32,-1/2,29/32,-1/2,29/32,False
primary_rows,180,cell-0025,,all-64,primary,union_strict,64,36,input_blocked,,,,,,,,,False
primary_rows,181,cell-0025,,all-64,primary,union_partial,64,1,input_blocked,,,,,,,,,False
primary_rows,182,cell-0026,,all-64,primary,exact_projection,64,0,supported,universal_bound,universal_bound,25/64,25/64,25/64,25/64,25/64,25/64,False
primary_rows,183,cell-0026,,all-64,primary,one_edit_per_image,64,0,unresolved,opposite_worlds,opposite_worlds,-99/64,165/64,-89/64,151/64,-93/64,153/64,False
primary_rows,184,cell-0026,,all-64,primary,one_edit_global,64,0,supported,universal_bound,universal_bound,21/64,29/64,21/64,29/64,21/64,29/64,False
primary_rows,185,cell-0026,,all-64,primary,current_strict,64,25,input_blocked,,,,,,,,,False
primary_rows,186,cell-0026,,all-64,primary,current_partial,64,0,unresolved,opposite_worlds,opposite_worlds,-53/64,87/64,-31/64,59/64,-31/64,59/64,False
primary_rows,187,cell-0026,,all-64,primary,union_strict,64,36,input_blocked,,,,,,,,,False
primary_rows,188,cell-0026,,all-64,primary,union_partial,64,1,input_blocked,,,,,,,,,False
primary_rows,189,cell-0027,,all-64,primary,exact_projection,64,0,supported,universal_bound,universal_bound,3/8,3/8,3/8,3/8,3/8,3/8,False
primary_rows,190,cell-0027,,all-64,primary,one_edit_per_image,64,0,unresolved,opposite_worlds,opposite_worlds,-25/16,41/16,-45/32,75/32,-47/32,19/8,False
primary_rows,191,cell-0027,,all-64,primary,one_edit_global,64,0,supported,universal_bound,universal_bound,5/16,7/16,5/16,7/16,5/16,7/16,False
primary_rows,192,cell-0027,,all-64,primary,current_strict,64,25,input_blocked,,,,,,,,,False
primary_rows,193,cell-0027,,all-64,primary,current_partial,64,0,unresolved,opposite_worlds,opposite_worlds,-27/32,43/32,-1/2,29/32,-1/2,29/32,False
primary_rows,194,cell-0027,,all-64,primary,union_strict,64,36,input_blocked,,,,,,,,,False
primary_rows,195,cell-0027,,all-64,primary,union_partial,64,1,input_blocked,,,,,,,,,False
primary_rows,196,cell-0028,,all-64,primary,exact_projection,64,0,supported,universal_bound,universal_bound,23/64,23/64,23/64,23/64,23/64,23/64,False
primary_rows,197,cell-0028,,all-64,primary,one_edit_per_image,64,0,unresolved,opposite_worlds,opposite_worlds,-101/64,163/64,-91/64,149/64,-95/64,151/64,False
primary_rows,198,cell-0028,,all-64,primary,one_edit_global,64,0,supported,universal_bound,universal_bound,19/64,27/64,19/64,27/64,19/64,27/64,False
primary_rows,199,cell-0028,,all-64,primary,current_strict,64,25,input_blocked,,,,,,,,,False
primary_rows,200,cell-0028,,all-64,primary,current_partial,64,0,unresolved,opposite_worlds,opposite_worlds,-55/64,85/64,-33/64,57/64,-33/64,57/64,False
primary_rows,201,cell-0028,,all-64,primary,union_strict,64,36,input_blocked,,,,,,,,,False
primary_rows,202,cell-0028,,all-64,primary,union_partial,64,1,input_blocked,,,,,,,,,False
primary_rows,203,cell-0029,,all-64,primary,exact_projection,64,0,supported,universal_bound,universal_bound,11/32,11/32,11/32,11/32,11/32,11/32,False
primary_rows,204,cell-0029,,all-64,primary,one_edit_per_image,64,0,unresolved,opposite_worlds,opposite_worlds,-51/32,81/32,-23/16,37/16,-3/2,75/32,False
primary_rows,205,cell-0029,,all-64,primary,one_edit_global,64,0,supported,universal_bound,universal_bound,9/32,13/32,9/32,13/32,9/32,13/32,False
primary_rows,206,cell-0029,,all-64,primary,current_strict,64,25,input_blocked,,,,,,,,,False
primary_rows,207,cell-0029,,all-64,primary,current_partial,64,0,unresolved,opposite_worlds,opposite_worlds,-7/8,21/16,-17/32,7/8,-17/32,7/8,False
primary_rows,208,cell-0029,,all-64,primary,union_strict,64,36,input_blocked,,,,,,,,,False
primary_rows,209,cell-0029,,all-64,primary,union_partial,64,1,input_blocked,,,,,,,,,False
primary_rows,210,cell-0030,,all-64,primary,exact_projection,64,0,supported,universal_bound,universal_bound,23/64,23/64,23/64,23/64,23/64,23/64,False
primary_rows,211,cell-0030,,all-64,primary,one_edit_per_image,64,0,unresolved,opposite_worlds,opposite_worlds,-101/64,163/64,-91/64,149/64,-95/64,151/64,False
primary_rows,212,cell-0030,,all-64,primary,one_edit_global,64,0,supported,universal_bound,universal_bound,19/64,27/64,19/64,27/64,19/64,27/64,False
primary_rows,213,cell-0030,,all-64,primary,current_strict,64,25,input_blocked,,,,,,,,,False
primary_rows,214,cell-0030,,all-64,primary,current_partial,64,0,unresolved,opposite_worlds,opposite_worlds,-55/64,85/64,-33/64,57/64,-33/64,57/64,False
primary_rows,215,cell-0030,,all-64,primary,union_strict,64,36,input_blocked,,,,,,,,,False
primary_rows,216,cell-0030,,all-64,primary,union_partial,64,1,input_blocked,,,,,,,,,False
primary_rows,217,cell-0031,,all-64,primary,exact_projection,64,0,supported,universal_bound,universal_bound,11/32,11/32,11/32,11/32,11/32,11/32,False
primary_rows,218,cell-0031,,all-64,primary,one_edit_per_image,64,0,unresolved,opposite_worlds,opposite_worlds,-51/32,81/32,-23/16,37/16,-3/2,75/32,False
primary_rows,219,cell-0031,,all-64,primary,one_edit_global,64,0,supported,universal_bound,universal_bound,9/32,13/32,9/32,13/32,9/32,13/32,False
primary_rows,220,cell-0031,,all-64,primary,current_strict,64,25,input_blocked,,,,,,,,,False
primary_rows,221,cell-0031,,all-64,primary,current_partial,64,0,unresolved,opposite_worlds,opposite_worlds,-7/8,21/16,-17/32,7/8,-17/32,7/8,False
primary_rows,222,cell-0031,,all-64,primary,union_strict,64,36,input_blocked,,,,,,,,,False
primary_rows,223,cell-0031,,all-64,primary,union_partial,64,1,input_blocked,,,,,,,,,False
primary_rows,224,cell-0032,,all-64,primary,exact_projection,64,0,supported,universal_bound,universal_bound,21/64,21/64,21/64,21/64,21/64,21/64,False
primary_rows,225,cell-0032,,all-64,primary,one_edit_per_image,64,0,unresolved,opposite_worlds,opposite_worlds,-103/64,161/64,-93/64,147/64,-97/64,149/64,False
primary_rows,226,cell-0032,,all-64,primary,one_edit_global,64,0,supported,universal_bound,universal_bound,17/64,25/64,17/64,25/64,17/64,25/64,False
primary_rows,227,cell-0032,,all-64,primary,current_strict,64,25,input_blocked,,,,,,,,,False
primary_rows,228,cell-0032,,all-64,primary,current_partial,64,0,unresolved,opposite_worlds,opposite_worlds,-57/64,83/64,-33/64,55/64,-33/64,55/64,False
primary_rows,229,cell-0032,,all-64,primary,union_strict,64,36,input_blocked,,,,,,,,,False
primary_rows,230,cell-0032,,all-64,primary,union_partial,64,1,input_blocked,,,,,,,,,False
primary_rows,231,cell-0033,,all-64,primary,exact_projection,64,0,supported,universal_bound,universal_bound,5/16,5/16,5/16,5/16,5/16,5/16,False
primary_rows,232,cell-0033,,all-64,primary,one_edit_per_image,64,0,unresolved,opposite_worlds,opposite_worlds,-13/8,5/2,-23/16,73/32,-3/2,37/16,False
primary_rows,233,cell-0033,,all-64,primary,one_edit_global,64,0,supported,universal_bound,universal_bound,1/4,3/8,1/4,3/8,1/4,3/8,False
primary_rows,234,cell-0033,,all-64,primary,current_strict,64,25,input_blocked,,,,,,,,,False
primary_rows,235,cell-0033,,all-64,primary,current_partial,64,0,unresolved,opposite_worlds,opposite_worlds,-29/32,41/32,-17/32,27/32,-17/32,27/32,False
primary_rows,236,cell-0033,,all-64,primary,union_strict,64,36,input_blocked,,,,,,,,,False
primary_rows,237,cell-0033,,all-64,primary,union_partial,64,1,input_blocked,,,,,,,,,False
primary_rows,238,cell-0034,,all-64,primary,exact_projection,64,0,supported,universal_bound,universal_bound,19/64,19/64,19/64,19/64,19/64,19/64,False
primary_rows,239,cell-0034,,all-64,primary,one_edit_per_image,64,0,unresolved,opposite_worlds,opposite_worlds,-105/64,159/64,-93/64,145/64,-97/64,147/64,False
primary_rows,240,cell-0034,,all-64,primary,one_edit_global,64,0,supported,universal_bound,universal_bound,15/64,23/64,15/64,23/64,15/64,23/64,False
primary_rows,241,cell-0034,,all-64,primary,current_strict,64,25,input_blocked,,,,,,,,,False
primary_rows,242,cell-0034,,all-64,primary,current_partial,64,0,unresolved,opposite_worlds,opposite_worlds,-59/64,81/64,-35/64,53/64,-35/64,53/64,False
primary_rows,243,cell-0034,,all-64,primary,union_strict,64,36,input_blocked,,,,,,,,,False
primary_rows,244,cell-0034,,all-64,primary,union_partial,64,1,input_blocked,,,,,,,,,False
primary_rows,245,cell-0035,,all-64,primary,exact_projection,64,0,supported,universal_bound,universal_bound,5/16,5/16,5/16,5/16,5/16,5/16,False
primary_rows,246,cell-0035,,all-64,primary,one_edit_per_image,64,0,unresolved,opposite_worlds,opposite_worlds,-13/8,5/2,-23/16,73/32,-3/2,37/16,False
primary_rows,247,cell-0035,,all-64,primary,one_edit_global,64,0,supported,universal_bound,universal_bound,1/4,3/8,1/4,3/8,1/4,3/8,False
primary_rows,248,cell-0035,,all-64,primary,current_strict,64,25,input_blocked,,,,,,,,,False
primary_rows,249,cell-0035,,all-64,primary,current_partial,64,0,unresolved,opposite_worlds,opposite_worlds,-29/32,41/32,-17/32,27/32,-17/32,27/32,False
primary_rows,250,cell-0035,,all-64,primary,union_strict,64,36,input_blocked,,,,,,,,,False
primary_rows,251,cell-0035,,all-64,primary,union_partial,64,1,input_blocked,,,,,,,,,False
primary_rows,252,cell-0036,,all-64,primary,exact_projection,64,0,supported,universal_bound,universal_bound,21/64,21/64,21/64,21/64,21/64,21/64,False
primary_rows,253,cell-0036,,all-64,primary,one_edit_per_image,64,0,unresolved,opposite_worlds,opposite_worlds,-103/64,161/64,-91/64,147/64,-95/64,149/64,False
primary_rows,254,cell-0036,,all-64,primary,one_edit_global,64,0,supported,universal_bound,universal_bound,17/64,25/64,17/64,25/64,17/64,25/64,False
primary_rows,255,cell-0036,,all-64,primary,current_strict,64,25,input_blocked,,,,,,,,,False
primary_rows,256,cell-0036,,all-64,primary,current_partial,64,0,unresolved,opposite_worlds,opposite_worlds,-57/64,83/64,-33/64,55/64,-33/64,55/64,False
primary_rows,257,cell-0036,,all-64,primary,union_strict,64,36,input_blocked,,,,,,,,,False
primary_rows,258,cell-0036,,all-64,primary,union_partial,64,1,input_blocked,,,,,,,,,False
primary_rows,259,cell-0037,,all-64,primary,exact_projection,64,0,supported,universal_bound,universal_bound,5/16,5/16,5/16,5/16,5/16,5/16,False
primary_rows,260,cell-0037,,all-64,primary,one_edit_per_image,64,0,unresolved,opposite_worlds,opposite_worlds,-13/8,5/2,-45/32,73/32,-47/32,37/16,False
primary_rows,261,cell-0037,,all-64,primary,one_edit_global,64,0,supported,universal_bound,universal_bound,1/4,3/8,1/4,3/8,1/4,3/8,False
primary_rows,262,cell-0037,,all-64,primary,current_strict,64,25,input_blocked,,,,,,,,,False
primary_rows,263,cell-0037,,all-64,primary,current_partial,64,0,unresolved,opposite_worlds,opposite_worlds,-29/32,41/32,-17/32,27/32,-17/32,27/32,False
primary_rows,264,cell-0037,,all-64,primary,union_strict,64,36,input_blocked,,,,,,,,,False
primary_rows,265,cell-0037,,all-64,primary,union_partial,64,1,input_blocked,,,,,,,,,False
primary_rows,266,cell-0038,,all-64,primary,exact_projection,64,0,supported,universal_bound,universal_bound,21/64,21/64,21/64,21/64,21/64,21/64,False
primary_rows,267,cell-0038,,all-64,primary,one_edit_per_image,64,0,unresolved,opposite_worlds,opposite_worlds,-103/64,161/64,-89/64,147/64,-93/64,149/64,False
primary_rows,268,cell-0038,,all-64,primary,one_edit_global,64,0,supported,universal_bound,universal_bound,17/64,25/64,17/64,25/64,17/64,25/64,False
primary_rows,269,cell-0038,,all-64,primary,current_strict,64,25,input_blocked,,,,,,,,,False
primary_rows,270,cell-0038,,all-64,primary,current_partial,64,0,unresolved,opposite_worlds,opposite_worlds,-57/64,83/64,-33/64,55/64,-33/64,55/64,False
primary_rows,271,cell-0038,,all-64,primary,union_strict,64,36,input_blocked,,,,,,,,,False
primary_rows,272,cell-0038,,all-64,primary,union_partial,64,1,input_blocked,,,,,,,,,False
primary_rows,273,cell-0039,,all-64,primary,exact_projection,64,0,supported,universal_bound,universal_bound,5/16,5/16,5/16,5/16,5/16,5/16,False
primary_rows,274,cell-0039,,all-64,primary,one_edit_per_image,64,0,unresolved,opposite_worlds,opposite_worlds,-13/8,5/2,-45/32,73/32,-47/32,37/16,False
primary_rows,275,cell-0039,,all-64,primary,one_edit_global,64,0,supported,universal_bound,universal_bound,1/4,3/8,1/4,3/8,1/4,3/8,False
primary_rows,276,cell-0039,,all-64,primary,current_strict,64,25,input_blocked,,,,,,,,,False
primary_rows,277,cell-0039,,all-64,primary,current_partial,64,0,unresolved,opposite_worlds,opposite_worlds,-7/8,41/32,-1/2,27/32,-1/2,27/32,False
primary_rows,278,cell-0039,,all-64,primary,union_strict,64,36,input_blocked,,,,,,,,,False
primary_rows,279,cell-0039,,all-64,primary,union_partial,64,1,input_blocked,,,,,,,,,False
primary_rows,280,cell-0040,,all-64,primary,exact_projection,64,0,supported,universal_bound,universal_bound,19/64,19/64,19/64,19/64,19/64,19/64,False
primary_rows,281,cell-0040,,all-64,primary,one_edit_per_image,64,0,unresolved,opposite_worlds,opposite_worlds,-105/64,159/64,-89/64,145/64,-95/64,147/64,False
primary_rows,282,cell-0040,,all-64,primary,one_edit_global,64,0,supported,universal_bound,universal_bound,15/64,23/64,15/64,23/64,15/64,23/64,False
primary_rows,283,cell-0040,,all-64,primary,current_strict,64,25,input_blocked,,,,,,,,,False
primary_rows,284,cell-0040,,all-64,primary,current_partial,64,0,unresolved,opposite_worlds,opposite_worlds,-55/64,81/64,-31/64,53/64,-31/64,53/64,False
primary_rows,285,cell-0040,,all-64,primary,union_strict,64,36,input_blocked,,,,,,,,,False
primary_rows,286,cell-0040,,all-64,primary,union_partial,64,1,input_blocked,,,,,,,,,False
primary_rows,287,cell-0041,,all-64,primary,exact_projection,64,0,supported,universal_bound,universal_bound,5/16,5/16,5/16,5/16,5/16,5/16,False
primary_rows,288,cell-0041,,all-64,primary,one_edit_per_image,64,0,unresolved,opposite_worlds,opposite_worlds,-13/8,79/32,-11/8,9/4,-47/32,73/32,False
primary_rows,289,cell-0041,,all-64,primary,one_edit_global,64,0,supported,universal_bound,universal_bound,1/4,3/8,1/4,3/8,1/4,3/8,False
primary_rows,290,cell-0041,,all-64,primary,current_strict,64,25,input_blocked,,,,,,,,,False
primary_rows,291,cell-0041,,all-64,primary,current_partial,64,0,unresolved,opposite_worlds,opposite_worlds,-27/32,5/4,-15/32,13/16,-15/32,13/16,False
primary_rows,292,cell-0041,,all-64,primary,union_strict,64,36,input_blocked,,,,,,,,,False
primary_rows,293,cell-0041,,all-64,primary,union_partial,64,1,input_blocked,,,,,,,,,False
primary_rows,294,cell-0042,,all-64,primary,exact_projection,64,0,supported,universal_bound,universal_bound,19/64,19/64,19/64,19/64,19/64,19/64,False
primary_rows,295,cell-0042,,all-64,primary,one_edit_per_image,64,0,unresolved,opposite_worlds,opposite_worlds,-105/64,157/64,-89/64,143/64,-95/64,145/64,False
primary_rows,296,cell-0042,,all-64,primary,one_edit_global,64,0,supported,universal_bound,universal_bound,15/64,23/64,15/64,23/64,15/64,23/64,False
primary_rows,297,cell-0042,,all-64,primary,current_strict,64,25,input_blocked,,,,,,,,,False
primary_rows,298,cell-0042,,all-64,primary,current_partial,64,0,unresolved,opposite_worlds,opposite_worlds,-55/64,79/64,-31/64,51/64,-31/64,51/64,False
primary_rows,299,cell-0042,,all-64,primary,union_strict,64,36,input_blocked,,,,,,,,,False
primary_rows,300,cell-0042,,all-64,primary,union_partial,64,1,input_blocked,,,,,,,,,False
primary_rows,301,cell-0043,,all-64,primary,exact_projection,64,0,supported,universal_bound,universal_bound,9/32,9/32,9/32,9/32,9/32,9/32,False
primary_rows,302,cell-0043,,all-64,primary,one_edit_per_image,64,0,unresolved,opposite_worlds,opposite_worlds,-53/32,39/16,-45/32,71/32,-3/2,9/4,False
primary_rows,303,cell-0043,,all-64,primary,one_edit_global,64,0,supported,universal_bound,universal_bound,7/32,11/32,7/32,11/32,7/32,11/32,False
primary_rows,304,cell-0043,,all-64,primary,current_strict,64,25,input_blocked,,,,,,,,,False
primary_rows,305,cell-0043,,all-64,primary,current_partial,64,0,unresolved,opposite_worlds,opposite_worlds,-7/8,39/32,-1/2,25/32,-1/2,25/32,False
primary_rows,306,cell-0043,,all-64,primary,union_strict,64,36,input_blocked,,,,,,,,,False
primary_rows,307,cell-0043,,all-64,primary,union_partial,64,1,input_blocked,,,,,,,,,False
primary_rows,308,cell-0044,,all-64,primary,exact_projection,64,0,supported,universal_bound,universal_bound,19/64,19/64,19/64,19/64,19/64,19/64,False
primary_rows,309,cell-0044,,all-64,primary,one_edit_per_image,64,0,unresolved,opposite_worlds,opposite_worlds,-107/64,157/64,-89/64,143/64,-95/64,145/64,False
primary_rows,310,cell-0044,,all-64,primary,one_edit_global,64,0,supported,universal_bound,universal_bound,15/64,23/64,15/64,23/64,15/64,23/64,False
primary_rows,311,cell-0044,,all-64,primary,current_strict,64,25,input_blocked,,,,,,,,,False
primary_rows,312,cell-0044,,all-64,primary,current_partial,64,0,unresolved,opposite_worlds,opposite_worlds,-55/64,79/64,-31/64,51/64,-31/64,51/64,False
primary_rows,313,cell-0044,,all-64,primary,union_strict,64,36,input_blocked,,,,,,,,,False
primary_rows,314,cell-0044,,all-64,primary,union_partial,64,1,input_blocked,,,,,,,,,False
primary_rows,315,cell-0045,,all-64,primary,exact_projection,64,0,supported,universal_bound,universal_bound,5/16,5/16,5/16,5/16,5/16,5/16,False
primary_rows,316,cell-0045,,all-64,primary,one_edit_per_image,64,0,unresolved,opposite_worlds,opposite_worlds,-53/32,79/32,-11/8,9/4,-47/32,73/32,False
primary_rows,317,cell-0045,,all-64,primary,one_edit_global,64,0,supported,universal_bound,universal_bound,1/4,3/8,1/4,3/8,1/4,3/8,False
primary_rows,318,cell-0045,,all-64,primary,current_strict,64,25,input_blocked,,,,,,,,,False
primary_rows,319,cell-0045,,all-64,primary,current_partial,64,0,unresolved,opposite_worlds,opposite_worlds,-27/32,5/4,-15/32,13/16,-15/32,13/16,False
primary_rows,320,cell-0045,,all-64,primary,union_strict,64,36,input_blocked,,,,,,,,,False
primary_rows,321,cell-0045,,all-64,primary,union_partial,64,1,input_blocked,,,,,,,,,False
primary_rows,322,cell-0046,,all-64,primary,exact_projection,64,0,supported,universal_bound,universal_bound,21/64,21/64,21/64,21/64,21/64,21/64,False
primary_rows,323,cell-0046,,all-64,primary,one_edit_per_image,64,0,unresolved,opposite_worlds,opposite_worlds,-105/64,159/64,-87/64,143/64,-93/64,145/64,False
primary_rows,324,cell-0046,,all-64,primary,one_edit_global,64,0,supported,universal_bound,universal_bound,17/64,25/64,17/64,25/64,17/64,25/64,False
primary_rows,325,cell-0046,,all-64,primary,current_strict,64,25,input_blocked,,,,,,,,,False
primary_rows,326,cell-0046,,all-64,primary,current_partial,64,0,unresolved,opposite_worlds,opposite_worlds,-53/64,81/64,-29/64,53/64,-29/64,53/64,False
primary_rows,327,cell-0046,,all-64,primary,union_strict,64,36,input_blocked,,,,,,,,,False
primary_rows,328,cell-0046,,all-64,primary,union_partial,64,1,input_blocked,,,,,,,,,False
primary_rows,329,cell-0047,,all-64,primary,exact_projection,64,0,supported,universal_bound,universal_bound,5/16,5/16,5/16,5/16,5/16,5/16,False
primary_rows,330,cell-0047,,all-64,primary,one_edit_per_image,64,0,unresolved,opposite_worlds,opposite_worlds,-53/32,79/32,-11/8,71/32,-47/32,9/4,False
primary_rows,331,cell-0047,,all-64,primary,one_edit_global,64,0,supported,universal_bound,universal_bound,1/4,3/8,1/4,3/8,1/4,3/8,False
primary_rows,332,cell-0047,,all-64,primary,current_strict,64,25,input_blocked,,,,,,,,,False
primary_rows,333,cell-0047,,all-64,primary,current_partial,64,0,unresolved,opposite_worlds,opposite_worlds,-13/16,5/4,-7/16,13/16,-7/16,13/16,False
primary_rows,334,cell-0047,,all-64,primary,union_strict,64,36,input_blocked,,,,,,,,,False
primary_rows,335,cell-0047,,all-64,primary,union_partial,64,1,input_blocked,,,,,,,,,False
primary_rows,336,cell-0048,,all-64,primary,exact_projection,64,0,supported,universal_bound,universal_bound,21/64,21/64,21/64,21/64,21/64,21/64,False
primary_rows,337,cell-0048,,all-64,primary,one_edit_per_image,64,0,unresolved,opposite_worlds,opposite_worlds,-105/64,159/64,-87/64,143/64,-93/64,145/64,False
primary_rows,338,cell-0048,,all-64,primary,one_edit_global,64,0,supported,universal_bound,universal_bound,17/64,25/64,17/64,25/64,17/64,25/64,False
primary_rows,339,cell-0048,,all-64,primary,current_strict,64,25,input_blocked,,,,,,,,,False
primary_rows,340,cell-0048,,all-64,primary,current_partial,64,0,unresolved,opposite_worlds,opposite_worlds,-51/64,81/64,-27/64,53/64,-27/64,53/64,False
primary_rows,341,cell-0048,,all-64,primary,union_strict,64,36,input_blocked,,,,,,,,,False
primary_rows,342,cell-0048,,all-64,primary,union_partial,64,1,input_blocked,,,,,,,,,False
primary_rows,343,cell-0049,,all-64,primary,exact_projection,64,0,supported,universal_bound,universal_bound,11/32,11/32,11/32,11/32,11/32,11/32,False
primary_rows,344,cell-0049,,all-64,primary,one_edit_per_image,64,0,unresolved,opposite_worlds,opposite_worlds,-13/8,5/2,-43/32,71/32,-23/16,9/4,False
primary_rows,345,cell-0049,,all-64,primary,one_edit_global,64,0,supported,universal_bound,universal_bound,9/32,13/32,9/32,13/32,9/32,13/32,False
primary_rows,346,cell-0049,,all-64,primary,current_strict,64,25,input_blocked,,,,,,,,,False
primary_rows,347,cell-0049,,all-64,primary,current_partial,64,0,unresolved,opposite_worlds,opposite_worlds,-25/32,5/4,-13/32,13/16,-13/32,13/16,False
primary_rows,348,cell-0049,,all-64,primary,union_strict,64,36,input_blocked,,,,,,,,,False
primary_rows,349,cell-0049,,all-64,primary,union_partial,64,1,input_blocked,,,,,,,,,False
primary_rows,350,cell-0050,,all-64,primary,exact_projection,64,0,supported,universal_bound,universal_bound,23/64,23/64,23/64,23/64,23/64,23/64,False
primary_rows,351,cell-0050,,all-64,primary,one_edit_per_image,64,0,unresolved,opposite_worlds,opposite_worlds,-103/64,161/64,-85/64,141/64,-93/64,145/64,False
primary_rows,352,cell-0050,,all-64,primary,one_edit_global,64,0,supported,universal_bound,universal_bound,19/64,27/64,19/64,27/64,19/64,27/64,False
primary_rows,353,cell-0050,,all-64,primary,current_strict,64,25,input_blocked,,,,,,,,,False
primary_rows,354,cell-0050,,all-64,primary,current_partial,64,0,unresolved,opposite_worlds,opposite_worlds,-49/64,81/64,-25/64,53/64,-25/64,53/64,False
primary_rows,355,cell-0050,,all-64,primary,union_strict,64,36,input_blocked,,,,,,,,,False
primary_rows,356,cell-0050,,all-64,primary,union_partial,64,1,input_blocked,,,,,,,,,False
primary_rows,357,cell-0051,,all-64,primary,exact_projection,64,0,supported,universal_bound,universal_bound,3/8,3/8,3/8,3/8,3/8,3/8,False
primary_rows,358,cell-0051,,all-64,primary,one_edit_per_image,64,0,unresolved,opposite_worlds,opposite_worlds,-51/32,81/32,-21/16,35/16,-23/16,9/4,False
primary_rows,359,cell-0051,,all-64,primary,one_edit_global,64,0,supported,universal_bound,universal_bound,5/16,7/16,5/16,7/16,5/16,7/16,False
primary_rows,360,cell-0051,,all-64,primary,current_strict,64,25,input_blocked,,,,,,,,,False
primary_rows,361,cell-0051,,all-64,primary,current_partial,64,0,unresolved,opposite_worlds,opposite_worlds,-3/4,5/4,-3/8,27/32,-3/8,27/32,False
primary_rows,362,cell-0051,,all-64,primary,union_strict,64,36,input_blocked,,,,,,,,,False
primary_rows,363,cell-0051,,all-64,primary,union_partial,64,1,input_blocked,,,,,,,,,False
primary_rows,364,cell-0052,,all-64,primary,exact_projection,64,0,supported,universal_bound,universal_bound,23/64,23/64,23/64,23/64,23/64,23/64,False
primary_rows,365,cell-0052,,all-64,primary,one_edit_per_image,64,0,unresolved,opposite_worlds,opposite_worlds,-103/64,161/64,-85/64,141/64,-93/64,145/64,False
primary_rows,366,cell-0052,,all-64,primary,one_edit_global,64,0,supported,universal_bound,universal_bound,19/64,27/64,19/64,27/64,19/64,27/64,False
primary_rows,367,cell-0052,,all-64,primary,current_strict,64,25,input_blocked,,,,,,,,,False
primary_rows,368,cell-0052,,all-64,primary,current_partial,64,0,unresolved,opposite_worlds,opposite_worlds,-49/64,79/64,-25/64,53/64,-25/64,53/64,False
primary_rows,369,cell-0052,,all-64,primary,union_strict,64,36,input_blocked,,,,,,,,,False
primary_rows,370,cell-0052,,all-64,primary,union_partial,64,1,input_blocked,,,,,,,,,False
primary_rows,371,cell-0053,,all-64,primary,exact_projection,64,0,supported,universal_bound,universal_bound,3/8,3/8,3/8,3/8,3/8,3/8,False
primary_rows,372,cell-0053,,all-64,primary,one_edit_per_image,64,0,unresolved,opposite_worlds,opposite_worlds,-51/32,81/32,-21/16,71/32,-23/16,73/32,False
primary_rows,373,cell-0053,,all-64,primary,one_edit_global,64,0,supported,universal_bound,universal_bound,5/16,7/16,5/16,7/16,5/16,7/16,False
primary_rows,374,cell-0053,,all-64,primary,current_strict,64,25,input_blocked,,,,,,,,,False
primary_rows,375,cell-0053,,all-64,primary,current_partial,64,0,unresolved,opposite_worlds,opposite_worlds,-3/4,5/4,-3/8,27/32,-3/8,27/32,False
primary_rows,376,cell-0053,,all-64,primary,union_strict,64,36,input_blocked,,,,,,,,,False
primary_rows,377,cell-0053,,all-64,primary,union_partial,64,1,input_blocked,,,,,,,,,False
primary_rows,378,cell-0054,,all-64,primary,exact_projection,64,0,supported,universal_bound,universal_bound,25/64,25/64,25/64,25/64,25/64,25/64,False
primary_rows,379,cell-0054,,all-64,primary,one_edit_per_image,64,0,unresolved,opposite_worlds,opposite_worlds,-101/64,163/64,-83/64,143/64,-91/64,147/64,False
primary_rows,380,cell-0054,,all-64,primary,one_edit_global,64,0,supported,universal_bound,universal_bound,21/64,29/64,21/64,29/64,21/64,29/64,False
primary_rows,381,cell-0054,,all-64,primary,current_strict,64,25,input_blocked,,,,,,,,,False
primary_rows,382,cell-0054,,all-64,primary,current_partial,64,0,unresolved,opposite_worlds,opposite_worlds,-47/64,81/64,-23/64,55/64,-23/64,55/64,False
primary_rows,383,cell-0054,,all-64,primary,union_strict,64,36,input_blocked,,,,,,,,,False
primary_rows,384,cell-0054,,all-64,primary,union_partial,64,1,input_blocked,,,,,,,,,False
primary_rows,385,cell-0055,,all-64,primary,exact_projection,64,0,supported,universal_bound,universal_bound,3/8,3/8,3/8,3/8,3/8,3/8,False
primary_rows,386,cell-0055,,all-64,primary,one_edit_per_image,64,0,unresolved,opposite_worlds,opposite_worlds,-51/32,81/32,-41/32,71/32,-45/32,73/32,False
primary_rows,387,cell-0055,,all-64,primary,one_edit_global,64,0,supported,universal_bound,universal_bound,5/16,7/16,5/16,7/16,5/16,7/16,False
primary_rows,388,cell-0055,,all-64,primary,current_strict,64,25,input_blocked,,,,,,,,,False
primary_rows,389,cell-0055,,all-64,primary,current_partial,64,0,unresolved,opposite_worlds,opposite_worlds,-3/4,5/4,-3/8,27/32,-3/8,27/32,False
primary_rows,390,cell-0055,,all-64,primary,union_strict,64,36,input_blocked,,,,,,,,,False
primary_rows,391,cell-0055,,all-64,primary,union_partial,64,1,input_blocked,,,,,,,,,False
primary_rows,392,cell-0056,,all-64,primary,exact_projection,64,0,supported,universal_bound,universal_bound,23/64,23/64,23/64,23/64,23/64,23/64,False
primary_rows,393,cell-0056,,all-64,primary,one_edit_per_image,64,0,unresolved,opposite_worlds,opposite_worlds,-103/64,163/64,-83/64,141/64,-91/64,145/64,False
primary_rows,394,cell-0056,,all-64,primary,one_edit_global,64,0,supported,universal_bound,universal_bound,19/64,27/64,19/64,27/64,19/64,27/64,False
primary_rows,395,cell-0056,,all-64,primary,current_strict,64,25,input_blocked,,,,,,,,,False
primary_rows,396,cell-0056,,all-64,primary,current_partial,64,0,unresolved,opposite_worlds,opposite_worlds,-49/64,79/64,-25/64,53/64,-25/64,53/64,False
primary_rows,397,cell-0056,,all-64,primary,union_strict,64,36,input_blocked,,,,,,,,,False
primary_rows,398,cell-0056,,all-64,primary,union_partial,64,1,input_blocked,,,,,,,,,False
primary_rows,399,cell-0057,,all-64,primary,exact_projection,64,0,supported,universal_bound,universal_bound,3/8,3/8,3/8,3/8,3/8,3/8,False
primary_rows,400,cell-0057,,all-64,primary,one_edit_per_image,64,0,unresolved,opposite_worlds,opposite_worlds,-51/32,41/16,-41/32,71/32,-45/32,73/32,False
primary_rows,401,cell-0057,,all-64,primary,one_edit_global,64,0,supported,universal_bound,universal_bound,5/16,7/16,5/16,7/16,5/16,7/16,False
primary_rows,402,cell-0057,,all-64,primary,current_strict,64,25,input_blocked,,,,,,,,,False
primary_rows,403,cell-0057,,all-64,primary,current_partial,64,0,unresolved,opposite_worlds,opposite_worlds,-3/4,5/4,-3/8,27/32,-3/8,27/32,False
primary_rows,404,cell-0057,,all-64,primary,union_strict,64,36,input_blocked,,,,,,,,,False
primary_rows,405,cell-0057,,all-64,primary,union_partial,64,1,input_blocked,,,,,,,,,False
primary_rows,406,cell-0058,,all-64,primary,exact_projection,64,0,supported,universal_bound,universal_bound,25/64,25/64,25/64,25/64,25/64,25/64,False
primary_rows,407,cell-0058,,all-64,primary,one_edit_per_image,64,0,unresolved,opposite_worlds,opposite_worlds,-101/64,165/64,-81/64,141/64,-89/64,145/64,False
primary_rows,408,cell-0058,,all-64,primary,one_edit_global,64,0,supported,universal_bound,universal_bound,21/64,29/64,21/64,29/64,21/64,29/64,False
primary_rows,409,cell-0058,,all-64,primary,current_strict,64,25,input_blocked,,,,,,,,,False
primary_rows,410,cell-0058,,all-64,primary,current_partial,64,0,unresolved,opposite_worlds,opposite_worlds,-47/64,81/64,-23/64,55/64,-23/64,55/64,False
primary_rows,411,cell-0058,,all-64,primary,union_strict,64,36,input_blocked,,,,,,,,,False
primary_rows,412,cell-0058,,all-64,primary,union_partial,64,1,input_blocked,,,,,,,,,False
primary_rows,413,cell-0059,,all-64,primary,exact_projection,64,0,supported,universal_bound,universal_bound,13/32,13/32,13/32,13/32,13/32,13/32,False
primary_rows,414,cell-0059,,all-64,primary,one_edit_per_image,64,0,unresolved,opposite_worlds,opposite_worlds,-25/16,83/32,-5/4,71/32,-11/8,73/32,False
primary_rows,415,cell-0059,,all-64,primary,one_edit_global,64,0,supported,universal_bound,universal_bound,11/32,15/32,11/32,15/32,11/32,15/32,False
primary_rows,416,cell-0059,,all-64,primary,current_strict,64,25,input_blocked,,,,,,,,,False
primary_rows,417,cell-0059,,all-64,primary,current_partial,64,0,unresolved,opposite_worlds,opposite_worlds,-23/32,41/32,-11/32,7/8,-11/32,7/8,False
primary_rows,418,cell-0059,,all-64,primary,union_strict,64,36,input_blocked,,,,,,,,,False
primary_rows,419,cell-0059,,all-64,primary,union_partial,64,1,input_blocked,,,,,,,,,False
primary_rows,420,cell-0060,,all-64,primary,exact_projection,64,0,supported,universal_bound,universal_bound,25/64,25/64,25/64,25/64,25/64,25/64,False
primary_rows,421,cell-0060,,all-64,primary,one_edit_per_image,64,0,unresolved,opposite_worlds,opposite_worlds,-101/64,165/64,-79/64,141/64,-89/64,145/64,False
primary_rows,422,cell-0060,,all-64,primary,one_edit_global,64,0,supported,universal_bound,universal_bound,21/64,29/64,21/64,29/64,21/64,29/64,False
primary_rows,423,cell-0060,,all-64,primary,current_strict,64,25,input_blocked,,,,,,,,,False
primary_rows,424,cell-0060,,all-64,primary,current_partial,64,0,unresolved,opposite_worlds,opposite_worlds,-47/64,81/64,-23/64,55/64,-23/64,55/64,False
primary_rows,425,cell-0060,,all-64,primary,union_strict,64,36,input_blocked,,,,,,,,,False
primary_rows,426,cell-0060,,all-64,primary,union_partial,64,1,input_blocked,,,,,,,,,False
primary_rows,427,cell-0061,,all-64,primary,exact_projection,64,0,supported,universal_bound,universal_bound,3/8,3/8,3/8,3/8,3/8,3/8,False
primary_rows,428,cell-0061,,all-64,primary,one_edit_per_image,64,0,unresolved,opposite_worlds,opposite_worlds,-51/32,41/16,-39/32,35/16,-11/8,9/4,False
primary_rows,429,cell-0061,,all-64,primary,one_edit_global,64,0,supported,universal_bound,universal_bound,5/16,7/16,5/16,7/16,5/16,7/16,False
primary_rows,430,cell-0061,,all-64,primary,current_strict,64,25,input_blocked,,,,,,,,,False
primary_rows,431,cell-0061,,all-64,primary,current_partial,64,0,unresolved,opposite_worlds,opposite_worlds,-3/4,5/4,-11/32,27/32,-11/32,27/32,False
primary_rows,432,cell-0061,,all-64,primary,union_strict,64,36,input_blocked,,,,,,,,,False
primary_rows,433,cell-0061,,all-64,primary,union_partial,64,1,input_blocked,,,,,,,,,False
primary_rows,434,cell-0062,,all-64,primary,exact_projection,64,0,supported,universal_bound,universal_bound,25/64,25/64,25/64,25/64,25/64,25/64,False
primary_rows,435,cell-0062,,all-64,primary,one_edit_per_image,64,0,unresolved,opposite_worlds,opposite_worlds,-101/64,165/64,-77/64,141/64,-89/64,147/64,False
primary_rows,436,cell-0062,,all-64,primary,one_edit_global,64,0,supported,universal_bound,universal_bound,21/64,29/64,21/64,29/64,21/64,29/64,False
primary_rows,437,cell-0062,,all-64,primary,current_strict,64,25,input_blocked,,,,,,,,,False
primary_rows,438,cell-0062,,all-64,primary,current_partial,64,0,unresolved,opposite_worlds,opposite_worlds,-47/64,81/64,-21/64,55/64,-21/64,55/64,False
primary_rows,439,cell-0062,,all-64,primary,union_strict,64,36,input_blocked,,,,,,,,,False
primary_rows,440,cell-0062,,all-64,primary,union_partial,64,1,input_blocked,,,,,,,,,False
primary_rows,441,cell-0063,,all-64,primary,exact_projection,64,0,supported,universal_bound,universal_bound,3/8,3/8,3/8,3/8,3/8,3/8,False
primary_rows,442,cell-0063,,all-64,primary,one_edit_per_image,64,0,unresolved,opposite_worlds,opposite_worlds,-51/32,41/16,-39/32,35/16,-45/32,73/32,False
primary_rows,443,cell-0063,,all-64,primary,one_edit_global,64,0,supported,universal_bound,universal_bound,5/16,7/16,5/16,7/16,5/16,7/16,False
primary_rows,444,cell-0063,,all-64,primary,current_strict,64,25,input_blocked,,,,,,,,,False
primary_rows,445,cell-0063,,all-64,primary,current_partial,64,0,unresolved,opposite_worlds,opposite_worlds,-3/4,5/4,-11/32,27/32,-11/32,27/32,False
primary_rows,446,cell-0063,,all-64,primary,union_strict,64,36,input_blocked,,,,,,,,,False
primary_rows,447,cell-0063,,all-64,primary,union_partial,64,1,input_blocked,,,,,,,,,False
primary_rows,448,cell-0064,,all-64,primary,exact_projection,64,0,supported,universal_bound,universal_bound,23/64,23/64,23/64,23/64,23/64,23/64,False
primary_rows,449,cell-0064,,all-64,primary,one_edit_per_image,64,0,unresolved,opposite_worlds,opposite_worlds,-103/64,163/64,-79/64,139/64,-91/64,145/64,False
primary_rows,450,cell-0064,,all-64,primary,one_edit_global,64,0,supported,universal_bound,universal_bound,19/64,27/64,19/64,27/64,19/64,27/64,False
primary_rows,451,cell-0064,,all-64,primary,current_strict,64,25,input_blocked,,,,,,,,,False
primary_rows,452,cell-0064,,all-64,primary,current_partial,64,0,unresolved,opposite_worlds,opposite_worlds,-49/64,79/64,-23/64,53/64,-23/64,53/64,False
primary_rows,453,cell-0064,,all-64,primary,union_strict,64,36,input_blocked,,,,,,,,,False
primary_rows,454,cell-0064,,all-64,primary,union_partial,64,1,input_blocked,,,,,,,,,False
primary_rows,455,cell-0065,,all-64,primary,exact_projection,64,0,supported,universal_bound,universal_bound,3/8,3/8,3/8,3/8,3/8,3/8,False
primary_rows,456,cell-0065,,all-64,primary,one_edit_per_image,64,0,unresolved,opposite_worlds,opposite_worlds,-51/32,81/32,-39/32,69/32,-45/32,9/4,False
primary_rows,457,cell-0065,,all-64,primary,one_edit_global,64,0,supported,universal_bound,universal_bound,5/16,7/16,5/16,7/16,5/16,7/16,False
primary_rows,458,cell-0065,,all-64,primary,current_strict,64,25,input_blocked,,,,,,,,,False
primary_rows,459,cell-0065,,all-64,primary,current_partial,64,0,unresolved,opposite_worlds,opposite_worlds,-3/4,5/4,-11/32,27/32,-11/32,27/32,False
primary_rows,460,cell-0065,,all-64,primary,union_strict,64,36,input_blocked,,,,,,,,,False
primary_rows,461,cell-0065,,all-64,primary,union_partial,64,1,input_blocked,,,,,,,,,False
primary_rows,462,cell-0066,,all-64,primary,exact_projection,64,0,supported,universal_bound,universal_bound,23/64,23/64,23/64,23/64,23/64,23/64,False
primary_rows,463,cell-0066,,all-64,primary,one_edit_per_image,64,0,unresolved,opposite_worlds,opposite_worlds,-103/64,161/64,-79/64,137/64,-91/64,143/64,False
primary_rows,464,cell-0066,,all-64,primary,one_edit_global,64,0,supported,universal_bound,universal_bound,19/64,27/64,19/64,27/64,19/64,27/64,False
primary_rows,465,cell-0066,,all-64,primary,current_strict,64,25,input_blocked,,,,,,,,,False
primary_rows,466,cell-0066,,all-64,primary,current_partial,64,0,unresolved,opposite_worlds,opposite_worlds,-49/64,79/64,-23/64,53/64,-23/64,53/64,False
primary_rows,467,cell-0066,,all-64,primary,union_strict,64,36,input_blocked,,,,,,,,,False
primary_rows,468,cell-0066,,all-64,primary,union_partial,64,1,input_blocked,,,,,,,,,False
primary_rows,469,cell-0067,,all-64,primary,exact_projection,64,0,supported,universal_bound,universal_bound,3/8,3/8,3/8,3/8,3/8,3/8,False
primary_rows,470,cell-0067,,all-64,primary,one_edit_per_image,64,0,unresolved,opposite_worlds,opposite_worlds,-51/32,5/2,-39/32,69/32,-45/32,9/4,False
primary_rows,471,cell-0067,,all-64,primary,one_edit_global,64,0,supported,universal_bound,universal_bound,5/16,7/16,5/16,7/16,5/16,7/16,False
primary_rows,472,cell-0067,,all-64,primary,current_strict,64,25,input_blocked,,,,,,,,,False
primary_rows,473,cell-0067,,all-64,primary,current_partial,64,0,unresolved,opposite_worlds,opposite_worlds,-3/4,5/4,-11/32,27/32,-11/32,27/32,False
primary_rows,474,cell-0067,,all-64,primary,union_strict,64,36,input_blocked,,,,,,,,,False
primary_rows,475,cell-0067,,all-64,primary,union_partial,64,1,input_blocked,,,,,,,,,False
primary_rows,476,cell-0068,,all-64,primary,exact_projection,64,0,supported,universal_bound,universal_bound,23/64,23/64,23/64,23/64,23/64,23/64,False
primary_rows,477,cell-0068,,all-64,primary,one_edit_per_image,64,0,unresolved,opposite_worlds,opposite_worlds,-103/64,159/64,-79/64,137/64,-91/64,143/64,False
primary_rows,478,cell-0068,,all-64,primary,one_edit_global,64,0,supported,universal_bound,universal_bound,19/64,27/64,19/64,27/64,19/64,27/64,False
primary_rows,479,cell-0068,,all-64,primary,current_strict,64,25,input_blocked,,,,,,,,,False
primary_rows,480,cell-0068,,all-64,primary,current_partial,64,0,unresolved,opposite_worlds,opposite_worlds,-49/64,79/64,-23/64,53/64,-23/64,53/64,False
primary_rows,481,cell-0068,,all-64,primary,union_strict,64,36,input_blocked,,,,,,,,,False
primary_rows,482,cell-0068,,all-64,primary,union_partial,64,1,input_blocked,,,,,,,,,False
primary_rows,483,cell-0069,,all-64,primary,exact_projection,64,0,supported,universal_bound,universal_bound,3/8,3/8,3/8,3/8,3/8,3/8,False
primary_rows,484,cell-0069,,all-64,primary,one_edit_per_image,64,0,unresolved,opposite_worlds,opposite_worlds,-51/32,79/32,-39/32,17/8,-45/32,71/32,False
primary_rows,485,cell-0069,,all-64,primary,one_edit_global,64,0,supported,universal_bound,universal_bound,5/16,7/16,5/16,7/16,5/16,7/16,False
primary_rows,486,cell-0069,,all-64,primary,current_strict,64,25,input_blocked,,,,,,,,,False
primary_rows,487,cell-0069,,all-64,primary,current_partial,64,0,unresolved,opposite_worlds,opposite_worlds,-3/4,5/4,-11/32,27/32,-11/32,27/32,False
primary_rows,488,cell-0069,,all-64,primary,union_strict,64,36,input_blocked,,,,,,,,,False
primary_rows,489,cell-0069,,all-64,primary,union_partial,64,1,input_blocked,,,,,,,,,False
primary_rows,490,cell-0070,,all-64,primary,exact_projection,64,0,supported,universal_bound,universal_bound,25/64,25/64,25/64,25/64,25/64,25/64,False
primary_rows,491,cell-0070,,all-64,primary,one_edit_per_image,64,0,unresolved,opposite_worlds,opposite_worlds,-101/64,159/64,-77/64,137/64,-89/64,143/64,False
primary_rows,492,cell-0070,,all-64,primary,one_edit_global,64,0,supported,universal_bound,universal_bound,21/64,29/64,21/64,29/64,21/64,29/64,False
primary_rows,493,cell-0070,,all-64,primary,current_strict,64,25,input_blocked,,,,,,,,,False
primary_rows,494,cell-0070,,all-64,primary,current_partial,64,0,unresolved,opposite_worlds,opposite_worlds,-47/64,81/64,-21/64,55/64,-21/64,55/64,False
primary_rows,495,cell-0070,,all-64,primary,union_strict,64,36,input_blocked,,,,,,,,,False
primary_rows,496,cell-0070,,all-64,primary,union_partial,64,1,input_blocked,,,,,,,,,False
primary_rows,497,cell-0071,,all-64,primary,exact_projection,64,0,supported,universal_bound,universal_bound,3/8,3/8,3/8,3/8,3/8,3/8,False
primary_rows,498,cell-0071,,all-64,primary,one_edit_per_image,64,0,unresolved,opposite_worlds,opposite_worlds,-51/32,79/32,-19/16,17/8,-11/8,71/32,False
primary_rows,499,cell-0071,,all-64,primary,one_edit_global,64,0,supported,universal_bound,universal_bound,5/16,7/16,5/16,7/16,5/16,7/16,False
primary_rows,500,cell-0071,,all-64,primary,current_strict,64,25,input_blocked,,,,,,,,,False
primary_rows,501,cell-0071,,all-64,primary,current_partial,64,0,unresolved,opposite_worlds,opposite_worlds,-3/4,5/4,-5/16,27/32,-5/16,27/32,False
primary_rows,502,cell-0071,,all-64,primary,union_strict,64,36,input_blocked,,,,,,,,,False
primary_rows,503,cell-0071,,all-64,primary,union_partial,64,1,input_blocked,,,,,,,,,False
primary_rows,504,cell-0072,,all-64,primary,exact_projection,64,0,supported,universal_bound,universal_bound,23/64,23/64,23/64,23/64,23/64,23/64,False
primary_rows,505,cell-0072,,all-64,primary,one_edit_per_image,64,0,unresolved,opposite_worlds,opposite_worlds,-103/64,157/64,-77/64,135/64,-89/64,141/64,False
primary_rows,506,cell-0072,,all-64,primary,one_edit_global,64,0,supported,universal_bound,universal_bound,19/64,27/64,19/64,27/64,19/64,27/64,False
primary_rows,507,cell-0072,,all-64,primary,current_strict,64,25,input_blocked,,,,,,,,,False
primary_rows,508,cell-0072,,all-64,primary,current_partial,64,0,unresolved,opposite_worlds,opposite_worlds,-49/64,79/64,-19/64,53/64,-19/64,53/64,False
primary_rows,509,cell-0072,,all-64,primary,union_strict,64,36,input_blocked,,,,,,,,,False
primary_rows,510,cell-0072,,all-64,primary,union_partial,64,1,input_blocked,,,,,,,,,False
primary_rows,511,cell-0073,,all-64,primary,exact_projection,64,0,supported,universal_bound,universal_bound,11/32,11/32,11/32,11/32,11/32,11/32,False
primary_rows,512,cell-0073,,all-64,primary,one_edit_per_image,64,0,unresolved,opposite_worlds,opposite_worlds,-51/32,39/16,-19/16,67/32,-11/8,71/32,False
primary_rows,513,cell-0073,,all-64,primary,one_edit_global,64,0,supported,universal_bound,universal_bound,9/32,13/32,9/32,13/32,9/32,13/32,False
primary_rows,514,cell-0073,,all-64,primary,current_strict,64,25,input_blocked,,,,,,,,,False
primary_rows,515,cell-0073,,all-64,primary,current_partial,64,0,unresolved,opposite_worlds,opposite_worlds,-25/32,39/32,-5/16,13/16,-5/16,13/16,False
primary_rows,516,cell-0073,,all-64,primary,union_strict,64,36,input_blocked,,,,,,,,,False
primary_rows,517,cell-0073,,all-64,primary,union_partial,64,1,input_blocked,,,,,,,,,False
primary_rows,518,cell-0074,,all-64,primary,exact_projection,64,0,supported,universal_bound,universal_bound,21/64,21/64,21/64,21/64,21/64,21/64,False
primary_rows,519,cell-0074,,all-64,primary,one_edit_per_image,64,0,unresolved,opposite_worlds,opposite_worlds,-103/64,155/64,-77/64,133/64,-89/64,141/64,False
primary_rows,520,cell-0074,,all-64,primary,one_edit_global,64,0,supported,universal_bound,universal_bound,17/64,25/64,17/64,25/64,17/64,25/64,False
primary_rows,521,cell-0074,,all-64,primary,current_strict,64,25,input_blocked,,,,,,,,,False
primary_rows,522,cell-0074,,all-64,primary,current_partial,64,0,unresolved,opposite_worlds,opposite_worlds,-49/64,77/64,-19/64,51/64,-19/64,51/64,False
primary_rows,523,cell-0074,,all-64,primary,union_strict,64,36,input_blocked,,,,,,,,,False
primary_rows,524,cell-0074,,all-64,primary,union_partial,64,1,input_blocked,,,,,,,,,False
primary_rows,525,cell-0075,,all-64,primary,exact_projection,64,0,supported,universal_bound,universal_bound,11/32,11/32,11/32,11/32,11/32,11/32,False
primary_rows,526,cell-0075,,all-64,primary,one_edit_per_image,64,0,unresolved,opposite_worlds,opposite_worlds,-51/32,39/16,-19/16,33/16,-45/32,71/32,False
primary_rows,527,cell-0075,,all-64,primary,one_edit_global,64,0,supported,universal_bound,universal_bound,9/32,13/32,9/32,13/32,9/32,13/32,False
primary_rows,528,cell-0075,,all-64,primary,current_strict,64,25,input_blocked,,,,,,,,,False
primary_rows,529,cell-0075,,all-64,primary,current_partial,64,0,unresolved,opposite_worlds,opposite_worlds,-3/4,39/32,-9/32,13/16,-9/32,13/16,False
primary_rows,530,cell-0075,,all-64,primary,union_strict,64,36,input_blocked,,,,,,,,,False
primary_rows,531,cell-0075,,all-64,primary,union_partial,64,1,input_blocked,,,,,,,,,False
primary_rows,532,cell-0076,,all-64,primary,exact_projection,64,0,supported,universal_bound,universal_bound,21/64,21/64,21/64,21/64,21/64,21/64,False
primary_rows,533,cell-0076,,all-64,primary,one_edit_per_image,64,0,unresolved,opposite_worlds,opposite_worlds,-103/64,155/64,-77/64,131/64,-91/64,141/64,False
primary_rows,534,cell-0076,,all-64,primary,one_edit_global,64,0,supported,universal_bound,universal_bound,17/64,25/64,17/64,25/64,17/64,25/64,False
primary_rows,535,cell-0076,,all-64,primary,current_strict,64,25,input_blocked,,,,,,,,,False
primary_rows,536,cell-0076,,all-64,primary,current_partial,64,0,unresolved,opposite_worlds,opposite_worlds,-49/64,77/64,-19/64,51/64,-19/64,51/64,False
primary_rows,537,cell-0076,,all-64,primary,union_strict,64,36,input_blocked,,,,,,,,,False
primary_rows,538,cell-0076,,all-64,primary,union_partial,64,1,input_blocked,,,,,,,,,False
primary_rows,539,cell-0077,,all-64,primary,exact_projection,64,0,supported,universal_bound,universal_bound,5/16,5/16,5/16,5/16,5/16,5/16,False
primary_rows,540,cell-0077,,all-64,primary,one_edit_per_image,64,0,unresolved,opposite_worlds,opposite_worlds,-13/8,77/32,-39/32,65/32,-23/16,35/16,False
primary_rows,541,cell-0077,,all-64,primary,one_edit_global,64,0,supported,universal_bound,universal_bound,1/4,3/8,1/4,3/8,1/4,3/8,False
primary_rows,542,cell-0077,,all-64,primary,current_strict,64,25,input_blocked,,,,,,,,,False
primary_rows,543,cell-0077,,all-64,primary,current_partial,64,0,unresolved,opposite_worlds,opposite_worlds,-25/32,19/16,-5/16,25/32,-5/16,25/32,False
primary_rows,544,cell-0077,,all-64,primary,union_strict,64,36,input_blocked,,,,,,,,,False
primary_rows,545,cell-0077,,all-64,primary,union_partial,64,1,input_blocked,,,,,,,,,False
primary_rows,546,cell-0078,,all-64,primary,exact_projection,64,0,supported,universal_bound,universal_bound,21/64,21/64,21/64,21/64,21/64,21/64,False
primary_rows,547,cell-0078,,all-64,primary,one_edit_per_image,64,0,unresolved,opposite_worlds,opposite_worlds,-103/64,155/64,-77/64,131/64,-91/64,141/64,False
primary_rows,548,cell-0078,,all-64,primary,one_edit_global,64,0,supported,universal_bound,universal_bound,17/64,25/64,17/64,25/64,17/64,25/64,False
primary_rows,549,cell-0078,,all-64,primary,current_strict,64,25,input_blocked,,,,,,,,,False
primary_rows,550,cell-0078,,all-64,primary,current_partial,64,0,unresolved,opposite_worlds,opposite_worlds,-49/64,77/64,-19/64,51/64,-19/64,51/64,False
primary_rows,551,cell-0078,,all-64,primary,union_strict,64,36,input_blocked,,,,,,,,,False
primary_rows,552,cell-0078,,all-64,primary,union_partial,64,1,input_blocked,,,,,,,,,False
primary_rows,553,cell-0079,,all-64,primary,exact_projection,64,0,supported,universal_bound,universal_bound,5/16,5/16,5/16,5/16,5/16,5/16,False
primary_rows,554,cell-0079,,all-64,primary,one_edit_per_image,64,0,unresolved,opposite_worlds,opposite_worlds,-13/8,77/32,-39/32,65/32,-23/16,35/16,False
primary_rows,555,cell-0079,,all-64,primary,one_edit_global,64,0,supported,universal_bound,universal_bound,1/4,3/8,1/4,3/8,1/4,3/8,False
primary_rows,556,cell-0079,,all-64,primary,current_strict,64,25,input_blocked,,,,,,,,,False
primary_rows,557,cell-0079,,all-64,primary,current_partial,64,0,unresolved,opposite_worlds,opposite_worlds,-25/32,19/16,-5/16,25/32,-5/16,25/32,False
primary_rows,558,cell-0079,,all-64,primary,union_strict,64,36,input_blocked,,,,,,,,,False
primary_rows,559,cell-0079,,all-64,primary,union_partial,64,1,input_blocked,,,,,,,,,False
primary_rows,560,cell-0080,,all-64,primary,exact_projection,64,0,supported,universal_bound,universal_bound,19/64,19/64,19/64,19/64,19/64,19/64,False
primary_rows,561,cell-0080,,all-64,primary,one_edit_per_image,64,0,unresolved,opposite_worlds,opposite_worlds,-105/64,153/64,-79/64,129/64,-93/64,141/64,False
primary_rows,562,cell-0080,,all-64,primary,one_edit_global,64,0,supported,universal_bound,universal_bound,15/64,23/64,15/64,23/64,15/64,23/64,False
primary_rows,563,cell-0080,,all-64,primary,current_strict,64,25,input_blocked,,,,,,,,,False
primary_rows,564,cell-0080,,all-64,primary,current_partial,64,0,unresolved,opposite_worlds,opposite_worlds,-51/64,75/64,-21/64,49/64,-21/64,49/64,False
primary_rows,565,cell-0080,,all-64,primary,union_strict,64,36,input_blocked,,,,,,,,,False
primary_rows,566,cell-0080,,all-64,primary,union_partial,64,1,input_blocked,,,,,,,,,False
primary_rows,567,cell-0081,,all-64,primary,exact_projection,64,0,supported,universal_bound,universal_bound,5/16,5/16,5/16,5/16,5/16,5/16,False
primary_rows,568,cell-0081,,all-64,primary,one_edit_per_image,64,0,unresolved,opposite_worlds,opposite_worlds,-13/8,19/8,-39/32,2/1,-23/16,35/16,False
primary_rows,569,cell-0081,,all-64,primary,one_edit_global,64,0,supported,universal_bound,universal_bound,1/4,3/8,1/4,3/8,1/4,3/8,False
primary_rows,570,cell-0081,,all-64,primary,current_strict,64,25,input_blocked,,,,,,,,,False
primary_rows,571,cell-0081,,all-64,primary,current_partial,64,0,unresolved,opposite_worlds,opposite_worlds,-25/32,19/16,-5/16,25/32,-5/16,25/32,False
primary_rows,572,cell-0081,,all-64,primary,union_strict,64,36,input_blocked,,,,,,,,,False
primary_rows,573,cell-0081,,all-64,primary,union_partial,64,1,input_blocked,,,,,,,,,False
primary_rows,574,cell-0082,,all-64,primary,exact_projection,64,0,supported,universal_bound,universal_bound,19/64,19/64,19/64,19/64,19/64,19/64,False
primary_rows,575,cell-0082,,all-64,primary,one_edit_per_image,64,0,unresolved,opposite_worlds,opposite_worlds,-105/64,151/64,-79/64,127/64,-93/64,139/64,False
primary_rows,576,cell-0082,,all-64,primary,one_edit_global,64,0,supported,universal_bound,universal_bound,15/64,23/64,15/64,23/64,15/64,23/64,False
primary_rows,577,cell-0082,,all-64,primary,current_strict,64,25,input_blocked,,,,,,,,,False
primary_rows,578,cell-0082,,all-64,primary,current_partial,64,0,unresolved,opposite_worlds,opposite_worlds,-51/64,75/64,-21/64,49/64,-21/64,49/64,False
primary_rows,579,cell-0082,,all-64,primary,union_strict,64,36,input_blocked,,,,,,,,,False
primary_rows,580,cell-0082,,all-64,primary,union_partial,64,1,input_blocked,,,,,,,,,False
primary_rows,581,cell-0083,,all-64,primary,exact_projection,64,0,supported,universal_bound,universal_bound,9/32,9/32,9/32,9/32,9/32,9/32,False
primary_rows,582,cell-0083,,all-64,primary,one_edit_per_image,64,0,unresolved,opposite_worlds,opposite_worlds,-13/8,75/32,-39/32,63/32,-23/16,69/32,False
primary_rows,583,cell-0083,,all-64,primary,one_edit_global,64,0,supported,universal_bound,universal_bound,7/32,11/32,7/32,11/32,7/32,11/32,False
primary_rows,584,cell-0083,,all-64,primary,current_strict,64,25,input_blocked,,,,,,,,,False
primary_rows,585,cell-0083,,all-64,primary,current_partial,64,0,unresolved,opposite_worlds,opposite_worlds,-25/32,37/32,-5/16,3/4,-5/16,3/4,False
primary_rows,586,cell-0083,,all-64,primary,union_strict,64,36,input_blocked,,,,,,,,,False
primary_rows,587,cell-0083,,all-64,primary,union_partial,64,1,input_blocked,,,,,,,,,False
primary_rows,588,cell-0084,,all-64,primary,exact_projection,64,0,supported,universal_bound,universal_bound,17/64,17/64,17/64,17/64,17/64,17/64,False
primary_rows,589,cell-0084,,all-64,primary,one_edit_per_image,64,0,unresolved,opposite_worlds,opposite_worlds,-105/64,149/64,-79/64,125/64,-93/64,137/64,False
primary_rows,590,cell-0084,,all-64,primary,one_edit_global,64,0,supported,universal_bound,universal_bound,13/64,21/64,13/64,21/64,13/64,21/64,False
primary_rows,591,cell-0084,,all-64,primary,current_strict,64,25,input_blocked,,,,,,,,,False
primary_rows,592,cell-0084,,all-64,primary,current_partial,64,0,unresolved,opposite_worlds,opposite_worlds,-51/64,73/64,-21/64,47/64,-21/64,47/64,False
primary_rows,593,cell-0084,,all-64,primary,union_strict,64,36,input_blocked,,,,,,,,,False
primary_rows,594,cell-0084,,all-64,primary,union_partial,64,1,input_blocked,,,,,,,,,False
primary_rows,595,cell-0085,,all-64,primary,exact_projection,64,0,supported,universal_bound,universal_bound,1/4,1/4,1/4,1/4,1/4,1/4,False
primary_rows,596,cell-0085,,all-64,primary,one_edit_per_image,64,0,unresolved,opposite_worlds,opposite_worlds,-53/32,37/16,-5/4,31/16,-47/32,17/8,False
primary_rows,597,cell-0085,,all-64,primary,one_edit_global,64,0,supported,universal_bound,universal_bound,3/16,5/16,3/16,5/16,3/16,5/16,False
primary_rows,598,cell-0085,,all-64,primary,current_strict,64,25,input_blocked,,,,,,,,,False
primary_rows,599,cell-0085,,all-64,primary,current_partial,64,0,unresolved,opposite_worlds,opposite_worlds,-13/16,9/8,-11/32,23/32,-11/32,23/32,False
primary_rows,600,cell-0085,,all-64,primary,union_strict,64,36,input_blocked,,,,,,,,,False
primary_rows,601,cell-0085,,all-64,primary,union_partial,64,1,input_blocked,,,,,,,,,False
primary_rows,602,cell-0086,,all-64,primary,exact_projection,64,0,supported,universal_bound,universal_bound,17/64,17/64,17/64,17/64,17/64,17/64,False
primary_rows,603,cell-0086,,all-64,primary,one_edit_per_image,64,0,unresolved,opposite_worlds,opposite_worlds,-105/64,149/64,-79/64,125/64,-93/64,137/64,False
primary_rows,604,cell-0086,,all-64,primary,one_edit_global,64,0,supported,universal_bound,universal_bound,13/64,21/64,13/64,21/64,13/64,21/64,False
primary_rows,605,cell-0086,,all-64,primary,current_strict,64,25,input_blocked,,,,,,,,,False
primary_rows,606,cell-0086,,all-64,primary,current_partial,64,0,unresolved,opposite_worlds,opposite_worlds,-51/64,71/64,-21/64,45/64,-21/64,45/64,False
primary_rows,607,cell-0086,,all-64,primary,union_strict,64,36,input_blocked,,,,,,,,,False
primary_rows,608,cell-0086,,all-64,primary,union_partial,64,1,input_blocked,,,,,,,,,False
primary_rows,609,cell-0087,,all-64,primary,exact_projection,64,0,supported,universal_bound,universal_bound,9/32,9/32,9/32,9/32,9/32,9/32,False
primary_rows,610,cell-0087,,all-64,primary,one_edit_per_image,64,0,unresolved,opposite_worlds,opposite_worlds,-13/8,75/32,-39/32,63/32,-23/16,69/32,False
primary_rows,611,cell-0087,,all-64,primary,one_edit_global,64,0,supported,universal_bound,universal_bound,7/32,11/32,7/32,11/32,7/32,11/32,False
primary_rows,612,cell-0087,,all-64,primary,current_strict,64,25,input_blocked,,,,,,,,,False
primary_rows,613,cell-0087,,all-64,primary,current_partial,64,0,unresolved,opposite_worlds,opposite_worlds,-25/32,9/8,-5/16,23/32,-5/16,23/32,False
primary_rows,614,cell-0087,,all-64,primary,union_strict,64,36,input_blocked,,,,,,,,,False
primary_rows,615,cell-0087,,all-64,primary,union_partial,64,1,input_blocked,,,,,,,,,False
primary_rows,616,cell-0088,,all-64,primary,exact_projection,64,0,supported,universal_bound,universal_bound,17/64,17/64,17/64,17/64,17/64,17/64,False
primary_rows,617,cell-0088,,all-64,primary,one_edit_per_image,64,0,unresolved,opposite_worlds,opposite_worlds,-105/64,149/64,-79/64,125/64,-93/64,137/64,False
primary_rows,618,cell-0088,,all-64,primary,one_edit_global,64,0,supported,universal_bound,universal_bound,13/64,21/64,13/64,21/64,13/64,21/64,False
primary_rows,619,cell-0088,,all-64,primary,current_strict,64,25,input_blocked,,,,,,,,,False
primary_rows,620,cell-0088,,all-64,primary,current_partial,64,0,unresolved,opposite_worlds,opposite_worlds,-51/64,71/64,-21/64,45/64,-21/64,45/64,False
primary_rows,621,cell-0088,,all-64,primary,union_strict,64,36,input_blocked,,,,,,,,,False
primary_rows,622,cell-0088,,all-64,primary,union_partial,64,1,input_blocked,,,,,,,,,False
primary_rows,623,cell-0089,,all-64,primary,exact_projection,64,0,supported,universal_bound,universal_bound,9/32,9/32,9/32,9/32,9/32,9/32,False
primary_rows,624,cell-0089,,all-64,primary,one_edit_per_image,64,0,unresolved,opposite_worlds,opposite_worlds,-53/32,75/32,-39/32,63/32,-23/16,69/32,False
primary_rows,625,cell-0089,,all-64,primary,one_edit_global,64,0,supported,universal_bound,universal_bound,7/32,11/32,7/32,11/32,7/32,11/32,False
primary_rows,626,cell-0089,,all-64,primary,current_strict,64,25,input_blocked,,,,,,,,,False
primary_rows,627,cell-0089,,all-64,primary,current_partial,64,0,unresolved,opposite_worlds,opposite_worlds,-25/32,9/8,-5/16,23/32,-5/16,23/32,False
primary_rows,628,cell-0089,,all-64,primary,union_strict,64,36,input_blocked,,,,,,,,,False
primary_rows,629,cell-0089,,all-64,primary,union_partial,64,1,input_blocked,,,,,,,,,False
primary_rows,630,cell-0090,,all-64,primary,exact_projection,64,0,supported,universal_bound,universal_bound,17/64,17/64,17/64,17/64,17/64,17/64,False
primary_rows,631,cell-0090,,all-64,primary,one_edit_per_image,64,0,unresolved,opposite_worlds,opposite_worlds,-107/64,149/64,-79/64,125/64,-93/64,137/64,False
primary_rows,632,cell-0090,,all-64,primary,one_edit_global,64,0,supported,universal_bound,universal_bound,13/64,21/64,13/64,21/64,13/64,21/64,False
primary_rows,633,cell-0090,,all-64,primary,current_strict,64,25,input_blocked,,,,,,,,,False
primary_rows,634,cell-0090,,all-64,primary,current_partial,64,0,unresolved,opposite_worlds,opposite_worlds,-51/64,71/64,-19/64,45/64,-19/64,45/64,False
primary_rows,635,cell-0090,,all-64,primary,union_strict,64,36,input_blocked,,,,,,,,,False
primary_rows,636,cell-0090,,all-64,primary,union_partial,64,1,input_blocked,,,,,,,,,False
primary_rows,637,cell-0091,,all-64,primary,exact_projection,64,0,supported,universal_bound,universal_bound,9/32,9/32,9/32,9/32,9/32,9/32,False
primary_rows,638,cell-0091,,all-64,primary,one_edit_per_image,64,0,unresolved,opposite_worlds,opposite_worlds,-53/32,37/16,-39/32,31/16,-23/16,17/8,False
primary_rows,639,cell-0091,,all-64,primary,one_edit_global,64,0,supported,universal_bound,universal_bound,7/32,11/32,7/32,11/32,7/32,11/32,False
primary_rows,640,cell-0091,,all-64,primary,current_strict,64,25,input_blocked,,,,,,,,,False
primary_rows,641,cell-0091,,all-64,primary,current_partial,64,0,unresolved,opposite_worlds,opposite_worlds,-25/32,35/32,-9/32,11/16,-9/32,11/16,False
primary_rows,642,cell-0091,,all-64,primary,union_strict,64,36,input_blocked,,,,,,,,,False
primary_rows,643,cell-0091,,all-64,primary,union_partial,64,1,input_blocked,,,,,,,,,False
primary_rows,644,cell-0092,,all-64,primary,exact_projection,64,0,supported,universal_bound,universal_bound,17/64,17/64,17/64,17/64,17/64,17/64,False
primary_rows,645,cell-0092,,all-64,primary,one_edit_per_image,64,0,unresolved,opposite_worlds,opposite_worlds,-105/64,147/64,-79/64,123/64,-93/64,135/64,False
primary_rows,646,cell-0092,,all-64,primary,one_edit_global,64,0,supported,universal_bound,universal_bound,13/64,21/64,13/64,21/64,13/64,21/64,False
primary_rows,647,cell-0092,,all-64,primary,current_strict,64,25,input_blocked,,,,,,,,,False
primary_rows,648,cell-0092,,all-64,primary,current_partial,64,0,unresolved,opposite_worlds,opposite_worlds,-49/64,69/64,-17/64,43/64,-17/64,43/64,False
primary_rows,649,cell-0092,,all-64,primary,union_strict,64,36,input_blocked,,,,,,,,,False
primary_rows,650,cell-0092,,all-64,primary,union_partial,64,1,input_blocked,,,,,,,,,False
primary_rows,651,cell-0093,,all-64,primary,exact_projection,64,0,supported,universal_bound,universal_bound,1/4,1/4,1/4,1/4,1/4,1/4,False
primary_rows,652,cell-0093,,all-64,primary,one_edit_per_image,64,0,unresolved,opposite_worlds,opposite_worlds,-53/32,73/32,-5/4,61/32,-47/32,67/32,False
primary_rows,653,cell-0093,,all-64,primary,one_edit_global,64,0,supported,universal_bound,universal_bound,3/16,5/16,3/16,5/16,3/16,5/16,False
primary_rows,654,cell-0093,,all-64,primary,current_strict,64,25,input_blocked,,,,,,,,,False
primary_rows,655,cell-0093,,all-64,primary,current_partial,64,0,unresolved,opposite_worlds,opposite_worlds,-25/32,17/16,-9/32,21/32,-9/32,21/32,False
primary_rows,656,cell-0093,,all-64,primary,union_strict,64,36,input_blocked,,,,,,,,,False
primary_rows,657,cell-0093,,all-64,primary,union_partial,64,1,input_blocked,,,,,,,,,False
primary_rows,658,cell-0094,,all-64,primary,exact_projection,64,0,supported,universal_bound,universal_bound,15/64,15/64,15/64,15/64,15/64,15/64,False
primary_rows,659,cell-0094,,all-64,primary,one_edit_per_image,64,0,unresolved,opposite_worlds,opposite_worlds,-107/64,145/64,-79/64,121/64,-93/64,133/64,False
primary_rows,660,cell-0094,,all-64,primary,one_edit_global,64,0,supported,universal_bound,universal_bound,11/64,19/64,11/64,19/64,11/64,19/64,False
primary_rows,661,cell-0094,,all-64,primary,current_strict,64,25,input_blocked,,,,,,,,,False
primary_rows,662,cell-0094,,all-64,primary,current_partial,64,0,unresolved,opposite_worlds,opposite_worlds,-51/64,67/64,-19/64,41/64,-19/64,41/64,False
primary_rows,663,cell-0094,,all-64,primary,union_strict,64,36,input_blocked,,,,,,,,,False
primary_rows,664,cell-0094,,all-64,primary,union_partial,64,1,input_blocked,,,,,,,,,False
primary_rows,665,cell-0095,,all-64,primary,exact_projection,64,0,supported,universal_bound,universal_bound,7/32,7/32,7/32,7/32,7/32,7/32,False
primary_rows,666,cell-0095,,all-64,primary,one_edit_per_image,64,0,unresolved,opposite_worlds,opposite_worlds,-27/16,9/4,-5/4,15/8,-47/32,33/16,False
primary_rows,667,cell-0095,,all-64,primary,one_edit_global,64,0,supported,universal_bound,universal_bound,5/32,9/32,5/32,9/32,5/32,9/32,False
primary_rows,668,cell-0095,,all-64,primary,current_strict,64,25,input_blocked,,,,,,,,,False
primary_rows,669,cell-0095,,all-64,primary,current_partial,64,0,unresolved,opposite_worlds,opposite_worlds,-13/16,33/32,-5/16,5/8,-5/16,5/8,False
primary_rows,670,cell-0095,,all-64,primary,union_strict,64,36,input_blocked,,,,,,,,,False
primary_rows,671,cell-0095,,all-64,primary,union_partial,64,1,input_blocked,,,,,,,,,False
primary_rows,672,cell-0096,,all-64,primary,exact_projection,64,0,supported,universal_bound,universal_bound,13/64,13/64,13/64,13/64,13/64,13/64,False
primary_rows,673,cell-0096,,all-64,primary,one_edit_per_image,64,0,unresolved,opposite_worlds,opposite_worlds,-109/64,143/64,-81/64,119/64,-95/64,131/64,False
primary_rows,674,cell-0096,,all-64,primary,one_edit_global,64,0,supported,universal_bound,universal_bound,9/64,17/64,9/64,17/64,9/64,17/64,False
primary_rows,675,cell-0096,,all-64,primary,current_strict,64,25,input_blocked,,,,,,,,,False
primary_rows,676,cell-0096,,all-64,primary,current_partial,64,0,unresolved,opposite_worlds,opposite_worlds,-53/64,65/64,-21/64,39/64,-21/64,39/64,False
primary_rows,677,cell-0096,,all-64,primary,union_strict,64,36,input_blocked,,,,,,,,,False
primary_rows,678,cell-0096,,all-64,primary,union_partial,64,1,input_blocked,,,,,,,,,False
primary_rows,679,cell-0097,,all-64,primary,exact_projection,64,0,supported,universal_bound,universal_bound,3/16,3/16,3/16,3/16,3/16,3/16,False
primary_rows,680,cell-0097,,all-64,primary,one_edit_per_image,64,0,unresolved,opposite_worlds,opposite_worlds,-55/32,71/32,-5/4,59/32,-47/32,65/32,False
primary_rows,681,cell-0097,,all-64,primary,one_edit_global,64,0,supported,universal_bound,universal_bound,1/8,1/4,1/8,1/4,1/8,1/4,False
primary_rows,682,cell-0097,,all-64,primary,current_strict,64,25,input_blocked,,,,,,,,,False
primary_rows,683,cell-0097,,all-64,primary,current_partial,64,0,unresolved,opposite_worlds,opposite_worlds,-27/32,1/1,-5/16,19/32,-5/16,19/32,False
primary_rows,684,cell-0097,,all-64,primary,union_strict,64,36,input_blocked,,,,,,,,,False
primary_rows,685,cell-0097,,all-64,primary,union_partial,64,1,input_blocked,,,,,,,,,False
primary_rows,686,cell-0098,,all-64,primary,exact_projection,64,0,supported,universal_bound,universal_bound,13/64,13/64,13/64,13/64,13/64,13/64,False
primary_rows,687,cell-0098,,all-64,primary,one_edit_per_image,64,0,unresolved,opposite_worlds,opposite_worlds,-109/64,143/64,-79/64,119/64,-93/64,131/64,False
primary_rows,688,cell-0098,,all-64,primary,one_edit_global,64,0,supported,universal_bound,universal_bound,9/64,17/64,9/64,17/64,9/64,17/64,False
primary_rows,689,cell-0098,,all-64,primary,current_strict,64,25,input_blocked,,,,,,,,,False
primary_rows,690,cell-0098,,all-64,primary,current_partial,64,0,unresolved,opposite_worlds,opposite_worlds,-53/64,65/64,-19/64,39/64,-19/64,39/64,False
primary_rows,691,cell-0098,,all-64,primary,union_strict,64,36,input_blocked,,,,,,,,,False
primary_rows,692,cell-0098,,all-64,primary,union_partial,64,1,input_blocked,,,,,,,,,False
primary_rows,693,cell-0099,,all-64,primary,exact_projection,64,0,supported,universal_bound,universal_bound,3/16,3/16,3/16,3/16,3/16,3/16,False
primary_rows,694,cell-0099,,all-64,primary,one_edit_per_image,64,0,unresolved,opposite_worlds,opposite_worlds,-55/32,71/32,-5/4,59/32,-47/32,65/32,False
primary_rows,695,cell-0099,,all-64,primary,one_edit_global,64,0,supported,universal_bound,universal_bound,1/8,1/4,1/8,1/4,1/8,1/4,False
primary_rows,696,cell-0099,,all-64,primary,current_strict,64,25,input_blocked,,,,,,,,,False
primary_rows,697,cell-0099,,all-64,primary,current_partial,64,0,unresolved,opposite_worlds,opposite_worlds,-27/32,1/1,-5/16,19/32,-5/16,19/32,False
primary_rows,698,cell-0099,,all-64,primary,union_strict,64,36,input_blocked,,,,,,,,,False
primary_rows,699,cell-0099,,all-64,primary,union_partial,64,1,input_blocked,,,,,,,,,False
primary_rows,700,cell-0100,,all-64,primary,exact_projection,64,0,supported,universal_bound,universal_bound,13/64,13/64,13/64,13/64,13/64,13/64,False
primary_rows,701,cell-0100,,all-64,primary,one_edit_per_image,64,0,unresolved,opposite_worlds,opposite_worlds,-109/64,141/64,-79/64,117/64,-93/64,129/64,False
primary_rows,702,cell-0100,,all-64,primary,one_edit_global,64,0,supported,universal_bound,universal_bound,9/64,17/64,9/64,17/64,9/64,17/64,False
primary_rows,703,cell-0100,,all-64,primary,current_strict,64,25,input_blocked,,,,,,,,,False
primary_rows,704,cell-0100,,all-64,primary,current_partial,64,0,unresolved,opposite_worlds,opposite_worlds,-53/64,63/64,-19/64,37/64,-19/64,37/64,False
primary_rows,705,cell-0100,,all-64,primary,union_strict,64,36,input_blocked,,,,,,,,,False
primary_rows,706,cell-0100,,all-64,primary,union_partial,64,1,input_blocked,,,,,,,,,False
primary_rows,707,cell-0101,,all-64,primary,exact_projection,64,0,supported,universal_bound,universal_bound,3/16,3/16,3/16,3/16,3/16,3/16,False
primary_rows,708,cell-0101,,all-64,primary,one_edit_per_image,64,0,unresolved,opposite_worlds,opposite_worlds,-55/32,35/16,-39/32,29/16,-47/32,2/1,False
primary_rows,709,cell-0101,,all-64,primary,one_edit_global,64,0,supported,universal_bound,universal_bound,1/8,1/4,1/8,1/4,1/8,1/4,False
primary_rows,710,cell-0101,,all-64,primary,current_strict,64,25,input_blocked,,,,,,,,,False
primary_rows,711,cell-0101,,all-64,primary,current_partial,64,0,unresolved,opposite_worlds,opposite_worlds,-27/32,31/32,-5/16,9/16,-5/16,9/16,False
primary_rows,712,cell-0101,,all-64,primary,union_strict,64,36,input_blocked,,,,,,,,,False
primary_rows,713,cell-0101,,all-64,primary,union_partial,64,1,input_blocked,,,,,,,,,False
primary_rows,714,cell-0102,,all-64,primary,exact_projection,64,0,supported,universal_bound,universal_bound,13/64,13/64,13/64,13/64,13/64,13/64,False
primary_rows,715,cell-0102,,all-64,primary,one_edit_per_image,64,0,unresolved,opposite_worlds,opposite_worlds,-109/64,139/64,-77/64,115/64,-93/64,127/64,False
primary_rows,716,cell-0102,,all-64,primary,one_edit_global,64,0,supported,universal_bound,universal_bound,9/64,17/64,9/64,17/64,9/64,17/64,False
primary_rows,717,cell-0102,,all-64,primary,current_strict,64,25,input_blocked,,,,,,,,,False
primary_rows,718,cell-0102,,all-64,primary,current_partial,64,0,unresolved,opposite_worlds,opposite_worlds,-53/64,63/64,-19/64,37/64,-19/64,37/64,False
primary_rows,719,cell-0102,,all-64,primary,union_strict,64,36,input_blocked,,,,,,,,,False
primary_rows,720,cell-0102,,all-64,primary,union_partial,64,1,input_blocked,,,,,,,,,False
primary_rows,721,cell-0103,,all-64,primary,exact_projection,64,0,supported,universal_bound,universal_bound,7/32,7/32,7/32,7/32,7/32,7/32,False
primary_rows,722,cell-0103,,all-64,primary,one_edit_per_image,64,0,unresolved,opposite_worlds,opposite_worlds,-27/16,35/16,-19/16,57/32,-47/32,2/1,False
primary_rows,723,cell-0103,,all-64,primary,one_edit_global,64,0,supported,universal_bound,universal_bound,5/32,9/32,5/32,9/32,5/32,9/32,False
primary_rows,724,cell-0103,,all-64,primary,current_strict,64,25,input_blocked,,,,,,,,,False
primary_rows,725,cell-0103,,all-64,primary,current_partial,64,0,unresolved,opposite_worlds,opposite_worlds,-13/16,1/1,-9/32,19/32,-9/32,19/32,False
primary_rows,726,cell-0103,,all-64,primary,union_strict,64,36,input_blocked,,,,,,,,,False
primary_rows,727,cell-0103,,all-64,primary,union_partial,64,1,input_blocked,,,,,,,,,False
primary_rows,728,cell-0104,,all-64,primary,exact_projection,64,0,supported,universal_bound,universal_bound,15/64,15/64,15/64,15/64,15/64,15/64,False
primary_rows,729,cell-0104,,all-64,primary,one_edit_per_image,64,0,unresolved,opposite_worlds,opposite_worlds,-107/64,141/64,-75/64,113/64,-93/64,129/64,False
primary_rows,730,cell-0104,,all-64,primary,one_edit_global,64,0,supported,universal_bound,universal_bound,11/64,19/64,11/64,19/64,11/64,19/64,False
primary_rows,731,cell-0104,,all-64,primary,current_strict,64,25,input_blocked,,,,,,,,,False
primary_rows,732,cell-0104,,all-64,primary,current_partial,64,0,unresolved,opposite_worlds,opposite_worlds,-51/64,65/64,-17/64,37/64,-17/64,37/64,False
primary_rows,733,cell-0104,,all-64,primary,union_strict,64,36,input_blocked,,,,,,,,,False
primary_rows,734,cell-0104,,all-64,primary,union_partial,64,1,input_blocked,,,,,,,,,False
primary_rows,735,cell-0105,,all-64,primary,exact_projection,64,0,supported,universal_bound,universal_bound,7/32,7/32,7/32,7/32,7/32,7/32,False
primary_rows,736,cell-0105,,all-64,primary,one_edit_per_image,64,0,unresolved,opposite_worlds,opposite_worlds,-27/16,71/32,-19/16,57/32,-47/32,65/32,False
primary_rows,737,cell-0105,,all-64,primary,one_edit_global,64,0,supported,universal_bound,universal_bound,5/32,9/32,5/32,9/32,5/32,9/32,False
primary_rows,738,cell-0105,,all-64,primary,current_strict,64,25,input_blocked,,,,,,,,,False
primary_rows,739,cell-0105,,all-64,primary,current_partial,64,0,unresolved,opposite_worlds,opposite_worlds,-25/32,1/1,-1/4,19/32,-1/4,19/32,False
primary_rows,740,cell-0105,,all-64,primary,union_strict,64,36,input_blocked,,,,,,,,,False
primary_rows,741,cell-0105,,all-64,primary,union_partial,64,1,input_blocked,,,,,,,,,False
primary_rows,742,cell-0106,,all-64,primary,exact_projection,64,0,supported,universal_bound,universal_bound,13/64,13/64,13/64,13/64,13/64,13/64,False
primary_rows,743,cell-0106,,all-64,primary,one_edit_per_image,64,0,unresolved,opposite_worlds,opposite_worlds,-109/64,141/64,-77/64,113/64,-95/64,129/64,False
primary_rows,744,cell-0106,,all-64,primary,one_edit_global,64,0,supported,universal_bound,universal_bound,9/64,17/64,9/64,17/64,9/64,17/64,False
primary_rows,745,cell-0106,,all-64,primary,current_strict,64,25,input_blocked,,,,,,,,,False
primary_rows,746,cell-0106,,all-64,primary,current_partial,64,0,unresolved,opposite_worlds,opposite_worlds,-51/64,63/64,-17/64,37/64,-17/64,37/64,False
primary_rows,747,cell-0106,,all-64,primary,union_strict,64,36,input_blocked,,,,,,,,,False
primary_rows,748,cell-0106,,all-64,primary,union_partial,64,1,input_blocked,,,,,,,,,False
primary_rows,749,cell-0107,,all-64,primary,exact_projection,64,0,supported,universal_bound,universal_bound,3/16,3/16,3/16,3/16,3/16,3/16,False
primary_rows,750,cell-0107,,all-64,primary,one_edit_per_image,64,0,unresolved,opposite_worlds,opposite_worlds,-27/16,35/16,-19/16,7/4,-47/32,2/1,False
primary_rows,751,cell-0107,,all-64,primary,one_edit_global,64,0,supported,universal_bound,universal_bound,1/8,1/4,1/8,1/4,1/8,1/4,False
primary_rows,752,cell-0107,,all-64,primary,current_strict,64,25,input_blocked,,,,,,,,,False
primary_rows,753,cell-0107,,all-64,primary,current_partial,64,0,unresolved,opposite_worlds,opposite_worlds,-13/16,31/32,-9/32,9/16,-9/32,9/16,False
primary_rows,754,cell-0107,,all-64,primary,union_strict,64,36,input_blocked,,,,,,,,,False
primary_rows,755,cell-0107,,all-64,primary,union_partial,64,1,input_blocked,,,,,,,,,False
primary_rows,756,cell-0108,,all-64,primary,exact_projection,64,0,supported,universal_bound,universal_bound,11/64,11/64,11/64,11/64,11/64,11/64,False
primary_rows,757,cell-0108,,all-64,primary,one_edit_per_image,64,0,unresolved,opposite_worlds,opposite_worlds,-109/64,139/64,-77/64,111/64,-95/64,127/64,False
primary_rows,758,cell-0108,,all-64,primary,one_edit_global,64,0,supported,universal_bound,universal_bound,7/64,15/64,7/64,15/64,7/64,15/64,False
primary_rows,759,cell-0108,,all-64,primary,current_strict,64,25,input_blocked,,,,,,,,,False
primary_rows,760,cell-0108,,all-64,primary,current_partial,64,0,unresolved,opposite_worlds,opposite_worlds,-53/64,61/64,-19/64,35/64,-19/64,35/64,False
primary_rows,761,cell-0108,,all-64,primary,union_strict,64,36,input_blocked,,,,,,,,,False
primary_rows,762,cell-0108,,all-64,primary,union_partial,64,1,input_blocked,,,,,,,,,False
primary_rows,763,cell-0109,,all-64,primary,exact_projection,64,0,supported,universal_bound,universal_bound,5/32,5/32,5/32,5/32,5/32,5/32,False
primary_rows,764,cell-0109,,all-64,primary,one_edit_per_image,64,0,unresolved,opposite_worlds,opposite_worlds,-55/32,35/16,-39/32,7/4,-3/2,2/1,False
primary_rows,765,cell-0109,,all-64,primary,one_edit_global,64,0,supported,universal_bound,universal_bound,3/32,7/32,3/32,7/32,3/32,7/32,False
primary_rows,766,cell-0109,,all-64,primary,current_strict,64,25,input_blocked,,,,,,,,,False
primary_rows,767,cell-0109,,all-64,primary,current_partial,64,0,unresolved,opposite_worlds,opposite_worlds,-27/32,15/16,-5/16,17/32,-5/16,17/32,False
primary_rows,768,cell-0109,,all-64,primary,union_strict,64,36,input_blocked,,,,,,,,,False
primary_rows,769,cell-0109,,all-64,primary,union_partial,64,1,input_blocked,,,,,,,,,False
primary_rows,770,cell-0110,,all-64,primary,exact_projection,64,0,supported,universal_bound,universal_bound,11/64,11/64,11/64,11/64,11/64,11/64,False
primary_rows,771,cell-0110,,all-64,primary,one_edit_per_image,64,0,unresolved,opposite_worlds,opposite_worlds,-111/64,141/64,-77/64,113/64,-97/64,129/64,False
primary_rows,772,cell-0110,,all-64,primary,one_edit_global,64,0,supported,universal_bound,universal_bound,7/64,15/64,7/64,15/64,7/64,15/64,False
primary_rows,773,cell-0110,,all-64,primary,current_strict,64,25,input_blocked,,,,,,,,,False
primary_rows,774,cell-0110,,all-64,primary,current_partial,64,0,unresolved,opposite_worlds,opposite_worlds,-53/64,59/64,-21/64,33/64,-21/64,33/64,False
primary_rows,775,cell-0110,,all-64,primary,union_strict,64,36,input_blocked,,,,,,,,,False
primary_rows,776,cell-0110,,all-64,primary,union_partial,64,1,input_blocked,,,,,,,,,False
primary_rows,777,cell-0111,,all-64,primary,exact_projection,64,0,supported,universal_bound,universal_bound,5/32,5/32,5/32,5/32,5/32,5/32,False
primary_rows,778,cell-0111,,all-64,primary,one_edit_per_image,64,0,unresolved,opposite_worlds,opposite_worlds,-7/4,35/16,-39/32,7/4,-25/16,2/1,False
primary_rows,779,cell-0111,,all-64,primary,one_edit_global,64,0,supported,universal_bound,universal_bound,3/32,7/32,3/32,7/32,3/32,7/32,False
primary_rows,780,cell-0111,,all-64,primary,current_strict,64,25,input_blocked,,,,,,,,,False
primary_rows,781,cell-0111,,all-64,primary,current_partial,64,0,unresolved,opposite_worlds,opposite_worlds,-27/32,29/32,-11/32,1/2,-11/32,1/2,False
primary_rows,782,cell-0111,,all-64,primary,union_strict,64,36,input_blocked,,,,,,,,,False
primary_rows,783,cell-0111,,all-64,primary,union_partial,64,1,input_blocked,,,,,,,,,False
primary_rows,784,cell-0112,,all-64,primary,exact_projection,64,0,supported,universal_bound,universal_bound,9/64,9/64,9/64,9/64,9/64,9/64,False
primary_rows,785,cell-0112,,all-64,primary,one_edit_per_image,64,0,unresolved,opposite_worlds,opposite_worlds,-113/64,139/64,-77/64,111/64,-101/64,127/64,False
primary_rows,786,cell-0112,,all-64,primary,one_edit_global,64,0,supported,universal_bound,universal_bound,5/64,13/64,5/64,13/64,5/64,13/64,False
primary_rows,787,cell-0112,,all-64,primary,current_strict,64,25,input_blocked,,,,,,,,,False
primary_rows,788,cell-0112,,all-64,primary,current_partial,64,0,unresolved,opposite_worlds,opposite_worlds,-55/64,57/64,-21/64,31/64,-21/64,31/64,False
primary_rows,789,cell-0112,,all-64,primary,union_strict,64,36,input_blocked,,,,,,,,,False
primary_rows,790,cell-0112,,all-64,primary,union_partial,64,1,input_blocked,,,,,,,,,False
primary_rows,791,cell-0113,,all-64,primary,exact_projection,64,0,supported,universal_bound,universal_bound,5/32,5/32,5/32,5/32,5/32,5/32,False
primary_rows,792,cell-0113,,all-64,primary,one_edit_per_image,64,0,unresolved,opposite_worlds,opposite_worlds,-7/4,35/16,-19/16,7/4,-25/16,2/1,False
primary_rows,793,cell-0113,,all-64,primary,one_edit_global,64,0,supported,universal_bound,universal_bound,3/32,7/32,3/32,7/32,3/32,7/32,False
primary_rows,794,cell-0113,,all-64,primary,current_strict,64,25,input_blocked,,,,,,,,,False
primary_rows,795,cell-0113,,all-64,primary,current_partial,64,0,unresolved,opposite_worlds,opposite_worlds,-27/32,29/32,-5/16,1/2,-5/16,1/2,False
primary_rows,796,cell-0113,,all-64,primary,union_strict,64,36,input_blocked,,,,,,,,,False
primary_rows,797,cell-0113,,all-64,primary,union_partial,64,1,input_blocked,,,,,,,,,False
primary_rows,798,cell-0114,,all-64,primary,exact_projection,64,0,supported,universal_bound,universal_bound,11/64,11/64,11/64,11/64,11/64,11/64,False
primary_rows,799,cell-0114,,all-64,primary,one_edit_per_image,64,0,unresolved,opposite_worlds,opposite_worlds,-111/64,141/64,-75/64,111/64,-99/64,129/64,False
primary_rows,800,cell-0114,,all-64,primary,one_edit_global,64,0,supported,universal_bound,universal_bound,7/64,15/64,7/64,15/64,7/64,15/64,False
primary_rows,801,cell-0114,,all-64,primary,current_strict,64,25,input_blocked,,,,,,,,,False
primary_rows,802,cell-0114,,all-64,primary,current_partial,64,0,unresolved,opposite_worlds,opposite_worlds,-53/64,59/64,-19/64,33/64,-19/64,33/64,False
primary_rows,803,cell-0114,,all-64,primary,union_strict,64,36,input_blocked,,,,,,,,,False
primary_rows,804,cell-0114,,all-64,primary,union_partial,64,1,input_blocked,,,,,,,,,False
primary_rows,805,cell-0115,,all-64,primary,exact_projection,64,0,supported,universal_bound,universal_bound,5/32,5/32,5/32,5/32,5/32,5/32,False
primary_rows,806,cell-0115,,all-64,primary,one_edit_per_image,64,0,unresolved,opposite_worlds,opposite_worlds,-7/4,71/32,-19/16,55/32,-25/16,2/1,False
primary_rows,807,cell-0115,,all-64,primary,one_edit_global,64,0,supported,universal_bound,universal_bound,3/32,7/32,3/32,7/32,3/32,7/32,False
primary_rows,808,cell-0115,,all-64,primary,current_strict,64,25,input_blocked,,,,,,,,,False
primary_rows,809,cell-0115,,all-64,primary,current_partial,64,0,unresolved,opposite_worlds,opposite_worlds,-13/16,15/16,-9/32,1/2,-9/32,1/2,False
primary_rows,810,cell-0115,,all-64,primary,union_strict,64,36,input_blocked,,,,,,,,,False
primary_rows,811,cell-0115,,all-64,primary,union_partial,64,1,input_blocked,,,,,,,,,False
primary_rows,812,cell-0116,,all-64,primary,exact_projection,64,0,supported,universal_bound,universal_bound,11/64,11/64,11/64,11/64,11/64,11/64,False
primary_rows,813,cell-0116,,all-64,primary,one_edit_per_image,64,0,unresolved,opposite_worlds,opposite_worlds,-113/64,143/64,-75/64,111/64,-99/64,129/64,False
primary_rows,814,cell-0116,,all-64,primary,one_edit_global,64,0,supported,universal_bound,universal_bound,7/64,15/64,7/64,15/64,7/64,15/64,False
primary_rows,815,cell-0116,,all-64,primary,current_strict,64,25,input_blocked,,,,,,,,,False
primary_rows,816,cell-0116,,all-64,primary,current_partial,64,0,unresolved,opposite_worlds,opposite_worlds,-51/64,61/64,-17/64,33/64,-17/64,33/64,False
primary_rows,817,cell-0116,,all-64,primary,union_strict,64,36,input_blocked,,,,,,,,,False
primary_rows,818,cell-0116,,all-64,primary,union_partial,64,1,input_blocked,,,,,,,,,False
primary_rows,819,cell-0117,,all-64,primary,exact_projection,64,0,supported,universal_bound,universal_bound,5/32,5/32,5/32,5/32,5/32,5/32,False
primary_rows,820,cell-0117,,all-64,primary,one_edit_per_image,64,0,unresolved,opposite_worlds,opposite_worlds,-7/4,71/32,-37/32,55/32,-49/32,2/1,False
primary_rows,821,cell-0117,,all-64,primary,one_edit_global,64,0,supported,universal_bound,universal_bound,3/32,7/32,3/32,7/32,3/32,7/32,False
primary_rows,822,cell-0117,,all-64,primary,current_strict,64,25,input_blocked,,,,,,,,,False
primary_rows,823,cell-0117,,all-64,primary,current_partial,64,0,unresolved,opposite_worlds,opposite_worlds,-25/32,15/16,-1/4,1/2,-1/4,1/2,False
primary_rows,824,cell-0117,,all-64,primary,union_strict,64,36,input_blocked,,,,,,,,,False
primary_rows,825,cell-0117,,all-64,primary,union_partial,64,1,input_blocked,,,,,,,,,False
primary_rows,826,cell-0118,,all-64,primary,exact_projection,64,0,supported,universal_bound,universal_bound,9/64,9/64,9/64,9/64,9/64,9/64,False
primary_rows,827,cell-0118,,all-64,primary,one_edit_per_image,64,0,unresolved,opposite_worlds,opposite_worlds,-113/64,143/64,-75/64,109/64,-99/64,127/64,False
primary_rows,828,cell-0118,,all-64,primary,one_edit_global,64,0,supported,universal_bound,universal_bound,5/64,13/64,5/64,13/64,5/64,13/64,False
primary_rows,829,cell-0118,,all-64,primary,current_strict,64,25,input_blocked,,,,,,,,,False
primary_rows,830,cell-0118,,all-64,primary,current_partial,64,0,unresolved,opposite_worlds,opposite_worlds,-51/64,59/64,-17/64,31/64,-17/64,31/64,False
primary_rows,831,cell-0118,,all-64,primary,union_strict,64,36,input_blocked,,,,,,,,,False
primary_rows,832,cell-0118,,all-64,primary,union_partial,64,1,input_blocked,,,,,,,,,False
primary_rows,833,cell-0119,,all-64,primary,exact_projection,64,0,supported,universal_bound,universal_bound,1/8,1/8,1/8,1/8,1/8,1/8,False
primary_rows,834,cell-0119,,all-64,primary,one_edit_per_image,64,0,unresolved,opposite_worlds,opposite_worlds,-57/32,71/32,-19/16,27/16,-51/32,63/32,False
primary_rows,835,cell-0119,,all-64,primary,one_edit_global,64,0,supported,universal_bound,universal_bound,1/16,3/16,1/16,3/16,1/16,3/16,False
primary_rows,836,cell-0119,,all-64,primary,current_strict,64,25,input_blocked,,,,,,,,,False
primary_rows,837,cell-0119,,all-64,primary,current_partial,64,0,unresolved,opposite_worlds,opposite_worlds,-13/16,29/32,-9/32,15/32,-9/32,15/32,False
primary_rows,838,cell-0119,,all-64,primary,union_strict,64,36,input_blocked,,,,,,,,,False
primary_rows,839,cell-0119,,all-64,primary,union_partial,64,1,input_blocked,,,,,,,,,False
primary_rows,840,cell-0120,,all-64,primary,exact_projection,64,0,supported,universal_bound,universal_bound,7/64,7/64,7/64,7/64,7/64,7/64,False
primary_rows,841,cell-0120,,all-64,primary,one_edit_per_image,64,0,unresolved,opposite_worlds,opposite_worlds,-113/64,141/64,-75/64,107/64,-101/64,125/64,False
primary_rows,842,cell-0120,,all-64,primary,one_edit_global,64,0,supported,universal_bound,universal_bound,3/64,11/64,3/64,11/64,3/64,11/64,False
primary_rows,843,cell-0120,,all-64,primary,current_strict,64,25,input_blocked,,,,,,,,,False
primary_rows,844,cell-0120,,all-64,primary,current_partial,64,0,unresolved,opposite_worlds,opposite_worlds,-53/64,57/64,-19/64,29/64,-19/64,29/64,False
primary_rows,845,cell-0120,,all-64,primary,union_strict,64,36,input_blocked,,,,,,,,,False
primary_rows,846,cell-0120,,all-64,primary,union_partial,64,1,input_blocked,,,,,,,,,False
primary_rows,847,cell-0121,,all-64,primary,exact_projection,64,0,supported,universal_bound,universal_bound,3/32,3/32,3/32,3/32,3/32,3/32,False
primary_rows,848,cell-0121,,all-64,primary,one_edit_per_image,64,0,unresolved,opposite_worlds,opposite_worlds,-57/32,35/16,-19/16,53/32,-51/32,31/16,False
primary_rows,849,cell-0121,,all-64,primary,one_edit_global,64,0,supported,universal_bound,universal_bound,1/32,5/32,1/32,5/32,1/32,5/32,False
primary_rows,850,cell-0121,,all-64,primary,current_strict,64,25,input_blocked,,,,,,,,,False
primary_rows,851,cell-0121,,all-64,primary,current_partial,64,0,unresolved,opposite_worlds,opposite_worlds,-27/32,7/8,-5/16,7/16,-5/16,7/16,False
primary_rows,852,cell-0121,,all-64,primary,union_strict,64,36,input_blocked,,,,,,,,,False
primary_rows,853,cell-0121,,all-64,primary,union_partial,64,1,input_blocked,,,,,,,,,False
primary_rows,854,cell-0122,,all-64,primary,exact_projection,64,0,supported,universal_bound,universal_bound,7/64,7/64,7/64,7/64,7/64,7/64,False
primary_rows,855,cell-0122,,all-64,primary,one_edit_per_image,64,0,unresolved,opposite_worlds,opposite_worlds,-113/64,141/64,-75/64,107/64,-101/64,123/64,False
primary_rows,856,cell-0122,,all-64,primary,one_edit_global,64,0,supported,universal_bound,universal_bound,3/64,11/64,3/64,11/64,3/64,11/64,False
primary_rows,857,cell-0122,,all-64,primary,current_strict,64,25,input_blocked,,,,,,,,,False
primary_rows,858,cell-0122,,all-64,primary,current_partial,64,0,unresolved,opposite_worlds,opposite_worlds,-53/64,57/64,-19/64,29/64,-19/64,29/64,False
primary_rows,859,cell-0122,,all-64,primary,union_strict,64,36,input_blocked,,,,,,,,,False
primary_rows,860,cell-0122,,all-64,primary,union_partial,64,1,input_blocked,,,,,,,,,False
primary_rows,861,cell-0123,,all-64,primary,exact_projection,64,0,supported,universal_bound,universal_bound,1/8,1/8,1/8,1/8,1/8,1/8,False
primary_rows,862,cell-0123,,all-64,primary,one_edit_per_image,64,0,unresolved,opposite_worlds,opposite_worlds,-7/4,71/32,-37/32,27/16,-25/16,63/32,False
primary_rows,863,cell-0123,,all-64,primary,one_edit_global,64,0,supported,universal_bound,universal_bound,1/16,3/16,1/16,3/16,1/16,3/16,False
primary_rows,864,cell-0123,,all-64,primary,current_strict,64,25,input_blocked,,,,,,,,,False
primary_rows,865,cell-0123,,all-64,primary,current_partial,64,0,unresolved,opposite_worlds,opposite_worlds,-13/16,29/32,-9/32,15/32,-9/32,15/32,False
primary_rows,866,cell-0123,,all-64,primary,union_strict,64,36,input_blocked,,,,,,,,,False
primary_rows,867,cell-0123,,all-64,primary,union_partial,64,1,input_blocked,,,,,,,,,False
primary_rows,868,cell-0124,,all-64,primary,exact_projection,64,0,supported,universal_bound,universal_bound,7/64,7/64,7/64,7/64,7/64,7/64,False
primary_rows,869,cell-0124,,all-64,primary,one_edit_per_image,64,0,unresolved,opposite_worlds,opposite_worlds,-113/64,141/64,-73/64,107/64,-101/64,125/64,False
primary_rows,870,cell-0124,,all-64,primary,one_edit_global,64,0,supported,universal_bound,universal_bound,3/64,11/64,3/64,11/64,3/64,11/64,False
primary_rows,871,cell-0124,,all-64,primary,current_strict,64,25,input_blocked,,,,,,,,,False
primary_rows,872,cell-0124,,all-64,primary,current_partial,64,0,unresolved,opposite_worlds,opposite_worlds,-53/64,57/64,-19/64,29/64,-19/64,29/64,False
primary_rows,873,cell-0124,,all-64,primary,union_strict,64,36,input_blocked,,,,,,,,,False
primary_rows,874,cell-0124,,all-64,primary,union_partial,64,1,input_blocked,,,,,,,,,False
primary_rows,875,cell-0125,,all-64,primary,exact_projection,64,0,supported,universal_bound,universal_bound,1/8,1/8,1/8,1/8,1/8,1/8,False
primary_rows,876,cell-0125,,all-64,primary,one_edit_per_image,64,0,unresolved,opposite_worlds,opposite_worlds,-57/32,35/16,-9/8,53/32,-51/32,31/16,False
primary_rows,877,cell-0125,,all-64,primary,one_edit_global,64,0,supported,universal_bound,universal_bound,1/16,3/16,1/16,3/16,1/16,3/16,False
primary_rows,878,cell-0125,,all-64,primary,current_strict,64,25,input_blocked,,,,,,,,,False
primary_rows,879,cell-0125,,all-64,primary,current_partial,64,0,unresolved,opposite_worlds,opposite_worlds,-13/16,29/32,-9/32,15/32,-9/32,15/32,False
primary_rows,880,cell-0125,,all-64,primary,union_strict,64,36,input_blocked,,,,,,,,,False
primary_rows,881,cell-0125,,all-64,primary,union_partial,64,1,input_blocked,,,,,,,,,False
primary_rows,882,cell-0126,,all-64,primary,exact_projection,64,0,supported,universal_bound,universal_bound,9/64,9/64,9/64,9/64,9/64,9/64,False
primary_rows,883,cell-0126,,all-64,primary,one_edit_per_image,64,0,unresolved,opposite_worlds,opposite_worlds,-113/64,139/64,-71/64,105/64,-101/64,125/64,False
primary_rows,884,cell-0126,,all-64,primary,one_edit_global,64,0,supported,universal_bound,universal_bound,5/64,13/64,5/64,13/64,5/64,13/64,False
primary_rows,885,cell-0126,,all-64,primary,current_strict,64,25,input_blocked,,,,,,,,,False
primary_rows,886,cell-0126,,all-64,primary,current_partial,64,0,unresolved,opposite_worlds,opposite_worlds,-51/64,59/64,-17/64,31/64,-17/64,31/64,False
primary_rows,887,cell-0126,,all-64,primary,union_strict,64,36,input_blocked,,,,,,,,,False
primary_rows,888,cell-0126,,all-64,primary,union_partial,64,1,input_blocked,,,,,,,,,False
primary_rows,889,cell-0127,,all-64,primary,exact_projection,64,0,supported,universal_bound,universal_bound,5/32,5/32,5/32,5/32,5/32,5/32,False
primary_rows,890,cell-0127,,all-64,primary,one_edit_per_image,64,0,unresolved,opposite_worlds,opposite_worlds,-7/4,35/16,-35/32,53/32,-25/16,63/32,False
primary_rows,891,cell-0127,,all-64,primary,one_edit_global,64,0,supported,universal_bound,universal_bound,3/32,7/32,3/32,7/32,3/32,7/32,False
primary_rows,892,cell-0127,,all-64,primary,current_strict,64,25,input_blocked,,,,,,,,,False
primary_rows,893,cell-0127,,all-64,primary,current_partial,64,0,unresolved,opposite_worlds,opposite_worlds,-25/32,15/16,-1/4,15/32,-1/4,15/32,False
primary_rows,894,cell-0127,,all-64,primary,union_strict,64,36,input_blocked,,,,,,,,,False
primary_rows,895,cell-0127,,all-64,primary,union_partial,64,1,input_blocked,,,,,,,,,False
primary_rows,896,cell-0128,,all-64,primary,exact_projection,64,0,supported,universal_bound,universal_bound,11/64,11/64,11/64,11/64,11/64,11/64,False
primary_rows,897,cell-0128,,all-64,primary,one_edit_per_image,64,0,unresolved,opposite_worlds,opposite_worlds,-111/64,139/64,-69/64,105/64,-99/64,125/64,False
primary_rows,898,cell-0128,,all-64,primary,one_edit_global,64,0,supported,universal_bound,universal_bound,7/64,15/64,7/64,15/64,7/64,15/64,False
primary_rows,899,cell-0128,,all-64,primary,current_strict,64,25,input_blocked,,,,,,,,,False
primary_rows,900,cell-0128,,all-64,primary,current_partial,64,0,unresolved,opposite_worlds,opposite_worlds,-49/64,61/64,-15/64,31/64,-15/64,31/64,False
primary_rows,901,cell-0128,,all-64,primary,union_strict,64,36,input_blocked,,,,,,,,,False
primary_rows,902,cell-0128,,all-64,primary,union_partial,64,1,input_blocked,,,,,,,,,False
primary_rows,903,cell-0129,,all-64,primary,exact_projection,64,0,supported,universal_bound,universal_bound,5/32,5/32,5/32,5/32,5/32,5/32,False
primary_rows,904,cell-0129,,all-64,primary,one_edit_per_image,64,0,unresolved,opposite_worlds,opposite_worlds,-7/4,69/32,-17/16,13/8,-49/32,31/16,False
primary_rows,905,cell-0129,,all-64,primary,one_edit_global,64,0,supported,universal_bound,universal_bound,3/32,7/32,3/32,7/32,3/32,7/32,False
primary_rows,906,cell-0129,,all-64,primary,current_strict,64,25,input_blocked,,,,,,,,,False
primary_rows,907,cell-0129,,all-64,primary,current_partial,64,0,unresolved,opposite_worlds,opposite_worlds,-25/32,15/16,-1/4,15/32,-1/4,15/32,False
primary_rows,908,cell-0129,,all-64,primary,union_strict,64,36,input_blocked,,,,,,,,,False
primary_rows,909,cell-0129,,all-64,primary,union_partial,64,1,input_blocked,,,,,,,,,False
primary_rows,910,cell-0130,,all-64,primary,exact_projection,64,0,supported,universal_bound,universal_bound,9/64,9/64,9/64,9/64,9/64,9/64,False
primary_rows,911,cell-0130,,all-64,primary,one_edit_per_image,64,0,unresolved,opposite_worlds,opposite_worlds,-113/64,137/64,-69/64,103/64,-99/64,125/64,False
primary_rows,912,cell-0130,,all-64,primary,one_edit_global,64,0,supported,universal_bound,universal_bound,5/64,13/64,5/64,13/64,5/64,13/64,False
primary_rows,913,cell-0130,,all-64,primary,current_strict,64,25,input_blocked,,,,,,,,,False
primary_rows,914,cell-0130,,all-64,primary,current_partial,64,0,unresolved,opposite_worlds,opposite_worlds,-49/64,59/64,-15/64,29/64,-15/64,29/64,False
primary_rows,915,cell-0130,,all-64,primary,union_strict,64,36,input_blocked,,,,,,,,,False
primary_rows,916,cell-0130,,all-64,primary,union_partial,64,1,input_blocked,,,,,,,,,False
primary_rows,917,cell-0131,,all-64,primary,exact_projection,64,0,supported,universal_bound,universal_bound,1/8,1/8,1/8,1/8,1/8,1/8,False
primary_rows,918,cell-0131,,all-64,primary,one_edit_per_image,64,0,unresolved,opposite_worlds,opposite_worlds,-57/32,17/8,-35/32,51/32,-25/16,31/16,False
primary_rows,919,cell-0131,,all-64,primary,one_edit_global,64,0,supported,universal_bound,universal_bound,1/16,3/16,1/16,3/16,1/16,3/16,False
primary_rows,920,cell-0131,,all-64,primary,current_strict,64,25,input_blocked,,,,,,,,,False
primary_rows,921,cell-0131,,all-64,primary,current_partial,64,0,unresolved,opposite_worlds,opposite_worlds,-25/32,29/32,-1/4,7/16,-1/4,7/16,False
primary_rows,922,cell-0131,,all-64,primary,union_strict,64,36,input_blocked,,,,,,,,,False
primary_rows,923,cell-0131,,all-64,primary,union_partial,64,1,input_blocked,,,,,,,,,False
primary_rows,924,cell-0132,,all-64,primary,exact_projection,64,0,supported,universal_bound,universal_bound,7/64,7/64,7/64,7/64,7/64,7/64,False
primary_rows,925,cell-0132,,all-64,primary,one_edit_per_image,64,0,unresolved,opposite_worlds,opposite_worlds,-115/64,135/64,-71/64,101/64,-99/64,121/64,False
primary_rows,926,cell-0132,,all-64,primary,one_edit_global,64,0,supported,universal_bound,universal_bound,3/64,11/64,3/64,11/64,3/64,11/64,False
primary_rows,927,cell-0132,,all-64,primary,current_strict,64,25,input_blocked,,,,,,,,,False
primary_rows,928,cell-0132,,all-64,primary,current_partial,64,0,unresolved,opposite_worlds,opposite_worlds,-51/64,57/64,-17/64,27/64,-17/64,27/64,False
primary_rows,929,cell-0132,,all-64,primary,union_strict,64,36,input_blocked,,,,,,,,,False
primary_rows,930,cell-0132,,all-64,primary,union_partial,64,1,input_blocked,,,,,,,,,False
primary_rows,931,cell-0133,,all-64,primary,exact_projection,64,0,supported,universal_bound,universal_bound,1/8,1/8,1/8,1/8,1/8,1/8,False
primary_rows,932,cell-0133,,all-64,primary,one_edit_per_image,64,0,unresolved,opposite_worlds,opposite_worlds,-57/32,17/8,-35/32,51/32,-49/32,61/32,False
primary_rows,933,cell-0133,,all-64,primary,one_edit_global,64,0,supported,universal_bound,universal_bound,1/16,3/16,1/16,3/16,1/16,3/16,False
primary_rows,934,cell-0133,,all-64,primary,current_strict,64,25,input_blocked,,,,,,,,,False
primary_rows,935,cell-0133,,all-64,primary,current_partial,64,0,unresolved,opposite_worlds,opposite_worlds,-25/32,29/32,-1/4,7/16,-1/4,7/16,False
primary_rows,936,cell-0133,,all-64,primary,union_strict,64,36,input_blocked,,,,,,,,,False
primary_rows,937,cell-0133,,all-64,primary,union_partial,64,1,input_blocked,,,,,,,,,False
primary_rows,938,cell-0134,,all-64,primary,exact_projection,64,0,supported,universal_bound,universal_bound,7/64,7/64,7/64,7/64,7/64,7/64,False
primary_rows,939,cell-0134,,all-64,primary,one_edit_per_image,64,0,unresolved,opposite_worlds,opposite_worlds,-115/64,135/64,-71/64,101/64,-99/64,121/64,False
primary_rows,940,cell-0134,,all-64,primary,one_edit_global,64,0,supported,universal_bound,universal_bound,3/64,11/64,3/64,11/64,3/64,11/64,False
primary_rows,941,cell-0134,,all-64,primary,current_strict,64,25,input_blocked,,,,,,,,,False
primary_rows,942,cell-0134,,all-64,primary,current_partial,64,0,unresolved,opposite_worlds,opposite_worlds,-51/64,57/64,-17/64,27/64,-17/64,27/64,False
primary_rows,943,cell-0134,,all-64,primary,union_strict,64,36,input_blocked,,,,,,,,,False
primary_rows,944,cell-0134,,all-64,primary,union_partial,64,1,input_blocked,,,,,,,,,False
primary_rows,945,cell-0135,,all-64,primary,exact_projection,64,0,supported,universal_bound,universal_bound,3/32,3/32,3/32,3/32,3/32,3/32,False
primary_rows,946,cell-0135,,all-64,primary,one_edit_per_image,64,0,unresolved,opposite_worlds,opposite_worlds,-29/16,67/32,-9/8,25/16,-25/16,15/8,False
primary_rows,947,cell-0135,,all-64,primary,one_edit_global,64,0,supported,universal_bound,universal_bound,1/32,5/32,1/32,5/32,1/32,5/32,False
primary_rows,948,cell-0135,,all-64,primary,current_strict,64,25,input_blocked,,,,,,,,,False
primary_rows,949,cell-0135,,all-64,primary,current_partial,64,0,unresolved,opposite_worlds,opposite_worlds,-13/16,7/8,-9/32,13/32,-9/32,13/32,False
primary_rows,950,cell-0135,,all-64,primary,union_strict,64,36,input_blocked,,,,,,,,,False
primary_rows,951,cell-0135,,all-64,primary,union_partial,64,1,input_blocked,,,,,,,,,False
primary_rows,952,cell-0136,,all-64,primary,exact_projection,64,0,supported,universal_bound,universal_bound,5/64,5/64,5/64,5/64,5/64,5/64,False
primary_rows,953,cell-0136,,all-64,primary,one_edit_per_image,64,0,unresolved,opposite_worlds,opposite_worlds,-117/64,133/64,-73/64,99/64,-101/64,119/64,False
primary_rows,954,cell-0136,,all-64,primary,one_edit_global,64,0,supported,universal_bound,universal_bound,1/64,9/64,1/64,9/64,1/64,9/64,False
primary_rows,955,cell-0136,,all-64,primary,current_strict,64,25,input_blocked,,,,,,,,,False
primary_rows,956,cell-0136,,all-64,primary,current_partial,64,0,unresolved,opposite_worlds,opposite_worlds,-53/64,55/64,-19/64,25/64,-19/64,25/64,False
primary_rows,957,cell-0136,,all-64,primary,union_strict,64,36,input_blocked,,,,,,,,,False
primary_rows,958,cell-0136,,all-64,primary,union_partial,64,1,input_blocked,,,,,,,,,False
primary_rows,959,cell-0137,,all-64,primary,exact_projection,64,0,supported,universal_bound,universal_bound,3/32,3/32,3/32,3/32,3/32,3/32,False
primary_rows,960,cell-0137,,all-64,primary,one_edit_per_image,64,0,unresolved,opposite_worlds,opposite_worlds,-59/32,67/32,-9/8,25/16,-25/16,15/8,False
primary_rows,961,cell-0137,,all-64,primary,one_edit_global,64,0,supported,universal_bound,universal_bound,1/32,5/32,1/32,5/32,1/32,5/32,False
primary_rows,962,cell-0137,,all-64,primary,current_strict,64,25,input_blocked,,,,,,,,,False
primary_rows,963,cell-0137,,all-64,primary,current_partial,64,0,unresolved,opposite_worlds,opposite_worlds,-13/16,7/8,-9/32,13/32,-9/32,13/32,False
primary_rows,964,cell-0137,,all-64,primary,union_strict,64,36,input_blocked,,,,,,,,,False
primary_rows,965,cell-0137,,all-64,primary,union_partial,64,1,input_blocked,,,,,,,,,False
primary_rows,966,cell-0138,,all-64,primary,exact_projection,64,0,supported,universal_bound,universal_bound,5/64,5/64,5/64,5/64,5/64,5/64,False
primary_rows,967,cell-0138,,all-64,primary,one_edit_per_image,64,0,unresolved,opposite_worlds,opposite_worlds,-119/64,133/64,-73/64,99/64,-99/64,119/64,False
primary_rows,968,cell-0138,,all-64,primary,one_edit_global,64,0,supported,universal_bound,universal_bound,1/64,9/64,1/64,9/64,1/64,9/64,False
primary_rows,969,cell-0138,,all-64,primary,current_strict,64,25,input_blocked,,,,,,,,,False
primary_rows,970,cell-0138,,all-64,primary,current_partial,64,0,unresolved,opposite_worlds,opposite_worlds,-51/64,55/64,-17/64,25/64,-17/64,25/64,False
primary_rows,971,cell-0138,,all-64,primary,union_strict,64,36,input_blocked,,,,,,,,,False
primary_rows,972,cell-0138,,all-64,primary,union_partial,64,1,input_blocked,,,,,,,,,False
primary_rows,973,cell-0139,,all-64,primary,exact_projection,64,0,supported,universal_bound,universal_bound,1/16,1/16,1/16,1/16,1/16,1/16,False
primary_rows,974,cell-0139,,all-64,primary,one_edit_per_image,64,0,unresolved,opposite_worlds,opposite_worlds,-15/8,33/16,-37/32,49/32,-25/16,59/32,False
primary_rows,975,cell-0139,,all-64,primary,one_edit_global,64,0,unresolved,opposite_worlds,opposite_worlds,0/1,1/8,0/1,1/8,0/1,1/8,False
primary_rows,976,cell-0139,,all-64,primary,current_strict,64,25,input_blocked,,,,,,,,,False
primary_rows,977,cell-0139,,all-64,primary,current_partial,64,0,unresolved,opposite_worlds,opposite_worlds,-13/16,27/32,-9/32,3/8,-9/32,3/8,False
primary_rows,978,cell-0139,,all-64,primary,union_strict,64,36,input_blocked,,,,,,,,,False
primary_rows,979,cell-0139,,all-64,primary,union_partial,64,1,input_blocked,,,,,,,,,False
primary_rows,980,cell-0140,,all-64,primary,exact_projection,64,0,supported,universal_bound,universal_bound,5/64,5/64,5/64,5/64,5/64,5/64,False
primary_rows,981,cell-0140,,all-64,primary,one_edit_per_image,64,0,unresolved,opposite_worlds,opposite_worlds,-119/64,133/64,-73/64,97/64,-99/64,117/64,False
primary_rows,982,cell-0140,,all-64,primary,one_edit_global,64,0,supported,universal_bound,universal_bound,1/64,9/64,1/64,9/64,1/64,9/64,False
primary_rows,983,cell-0140,,all-64,primary,current_strict,64,25,input_blocked,,,,,,,,,False
primary_rows,984,cell-0140,,all-64,primary,current_partial,64,0,unresolved,opposite_worlds,opposite_worlds,-51/64,55/64,-17/64,25/64,-17/64,25/64,False
primary_rows,985,cell-0140,,all-64,primary,union_strict,64,36,input_blocked,,,,,,,,,False
primary_rows,986,cell-0140,,all-64,primary,union_partial,64,1,input_blocked,,,,,,,,,False
primary_rows,987,cell-0141,,all-64,primary,exact_projection,64,0,supported,universal_bound,universal_bound,1/16,1/16,1/16,1/16,1/16,1/16,False
primary_rows,988,cell-0141,,all-64,primary,one_edit_per_image,64,0,unresolved,opposite_worlds,opposite_worlds,-15/8,33/16,-37/32,3/2,-25/16,29/16,False
primary_rows,989,cell-0141,,all-64,primary,one_edit_global,64,0,unresolved,opposite_worlds,opposite_worlds,0/1,1/8,0/1,1/8,0/1,1/8,False
primary_rows,990,cell-0141,,all-64,primary,current_strict,64,25,input_blocked,,,,,,,,,False
primary_rows,991,cell-0141,,all-64,primary,current_partial,64,0,unresolved,opposite_worlds,opposite_worlds,-13/16,27/32,-9/32,3/8,-9/32,3/8,False
primary_rows,992,cell-0141,,all-64,primary,union_strict,64,36,input_blocked,,,,,,,,,False
primary_rows,993,cell-0141,,all-64,primary,union_partial,64,1,input_blocked,,,,,,,,,False
primary_rows,994,cell-0142,,all-64,primary,exact_projection,64,0,supported,universal_bound,universal_bound,3/64,3/64,3/64,3/64,3/64,3/64,False
primary_rows,995,cell-0142,,all-64,primary,one_edit_per_image,64,0,unresolved,opposite_worlds,opposite_worlds,-121/64,131/64,-75/64,95/64,-101/64,115/64,False
primary_rows,996,cell-0142,,all-64,primary,one_edit_global,64,0,unresolved,opposite_worlds,opposite_worlds,-1/64,7/64,-1/64,7/64,-1/64,7/64,False
primary_rows,997,cell-0142,,all-64,primary,current_strict,64,25,input_blocked,,,,,,,,,False
primary_rows,998,cell-0142,,all-64,primary,current_partial,64,0,unresolved,opposite_worlds,opposite_worlds,-51/64,53/64,-17/64,23/64,-17/64,23/64,False
primary_rows,999,cell-0142,,all-64,primary,union_strict,64,36,input_blocked,,,,,,,,,False
primary_rows,1000,cell-0142,,all-64,primary,union_partial,64,1,input_blocked,,,,,,,,,False
primary_rows,1001,cell-0143,,all-64,primary,exact_projection,64,0,supported,universal_bound,universal_bound,1/16,1/16,1/16,1/16,1/16,1/16,False
primary_rows,1002,cell-0143,,all-64,primary,one_edit_per_image,64,0,unresolved,opposite_worlds,opposite_worlds,-15/8,65/32,-37/32,3/2,-25/16,29/16,False
primary_rows,1003,cell-0143,,all-64,primary,one_edit_global,64,0,unresolved,opposite_worlds,opposite_worlds,0/1,1/8,0/1,1/8,0/1,1/8,False
primary_rows,1004,cell-0143,,all-64,primary,current_strict,64,25,input_blocked,,,,,,,,,False
primary_rows,1005,cell-0143,,all-64,primary,current_partial,64,0,unresolved,opposite_worlds,opposite_worlds,-25/32,27/32,-1/4,3/8,-1/4,3/8,False
primary_rows,1006,cell-0143,,all-64,primary,union_strict,64,36,input_blocked,,,,,,,,,False
primary_rows,1007,cell-0143,,all-64,primary,union_partial,64,1,input_blocked,,,,,,,,,False
primary_rows,1008,cell-0144,,all-64,primary,exact_projection,64,0,supported,universal_bound,universal_bound,3/64,3/64,3/64,3/64,3/64,3/64,False
primary_rows,1009,cell-0144,,all-64,primary,one_edit_per_image,64,0,unresolved,opposite_worlds,opposite_worlds,-121/64,129/64,-73/64,95/64,-101/64,115/64,False
primary_rows,1010,cell-0144,,all-64,primary,one_edit_global,64,0,unresolved,opposite_worlds,opposite_worlds,-1/64,7/64,-1/64,7/64,-1/64,7/64,False
primary_rows,1011,cell-0144,,all-64,primary,current_strict,64,25,input_blocked,,,,,,,,,False
primary_rows,1012,cell-0144,,all-64,primary,current_partial,64,0,unresolved,opposite_worlds,opposite_worlds,-51/64,53/64,-17/64,23/64,-17/64,23/64,False
primary_rows,1013,cell-0144,,all-64,primary,union_strict,64,36,input_blocked,,,,,,,,,False
primary_rows,1014,cell-0144,,all-64,primary,union_partial,64,1,input_blocked,,,,,,,,,False
primary_rows,1015,cell-0145,,all-64,primary,exact_projection,64,0,supported,universal_bound,universal_bound,1/16,1/16,1/16,1/16,1/16,1/16,False
primary_rows,1016,cell-0145,,all-64,primary,one_edit_per_image,64,0,unresolved,opposite_worlds,opposite_worlds,-15/8,65/32,-9/8,47/32,-51/32,29/16,False
primary_rows,1017,cell-0145,,all-64,primary,one_edit_global,64,0,unresolved,opposite_worlds,opposite_worlds,0/1,1/8,0/1,1/8,0/1,1/8,False
primary_rows,1018,cell-0145,,all-64,primary,current_strict,64,25,input_blocked,,,,,,,,,False
primary_rows,1019,cell-0145,,all-64,primary,current_partial,64,0,unresolved,opposite_worlds,opposite_worlds,-25/32,27/32,-1/4,11/32,-1/4,11/32,False
primary_rows,1020,cell-0145,,all-64,primary,union_strict,64,36,input_blocked,,,,,,,,,False
primary_rows,1021,cell-0145,,all-64,primary,union_partial,64,1,input_blocked,,,,,,,,,False
primary_rows,1022,cell-0146,,all-64,primary,exact_projection,64,0,supported,universal_bound,universal_bound,3/64,3/64,3/64,3/64,3/64,3/64,False
primary_rows,1023,cell-0146,,all-64,primary,one_edit_per_image,64,0,unresolved,opposite_worlds,opposite_worlds,-121/64,129/64,-73/64,93/64,-105/64,115/64,False
primary_rows,1024,cell-0146,,all-64,primary,one_edit_global,64,0,unresolved,opposite_worlds,opposite_worlds,-1/64,7/64,-1/64,7/64,-1/64,7/64,False
primary_rows,1025,cell-0146,,all-64,primary,current_strict,64,25,input_blocked,,,,,,,,,False
primary_rows,1026,cell-0146,,all-64,primary,current_partial,64,0,unresolved,opposite_worlds,opposite_worlds,-51/64,53/64,-17/64,21/64,-17/64,21/64,False
primary_rows,1027,cell-0146,,all-64,primary,union_strict,64,36,input_blocked,,,,,,,,,False
primary_rows,1028,cell-0146,,all-64,primary,union_partial,64,1,input_blocked,,,,,,,,,False
primary_rows,1029,cell-0147,,all-64,primary,exact_projection,64,0,supported,universal_bound,universal_bound,1/32,1/32,1/32,1/32,1/32,1/32,False
primary_rows,1030,cell-0147,,all-64,primary,one_edit_per_image,64,0,unresolved,opposite_worlds,opposite_worlds,-61/32,2/1,-37/32,23/16,-53/32,29/16,False
primary_rows,1031,cell-0147,,all-64,primary,one_edit_global,64,0,unresolved,opposite_worlds,opposite_worlds,-1/32,3/32,-1/32,3/32,-1/32,3/32,False
primary_rows,1032,cell-0147,,all-64,primary,current_strict,64,25,input_blocked,,,,,,,,,False
primary_rows,1033,cell-0147,,all-64,primary,current_partial,64,0,unresolved,opposite_worlds,opposite_worlds,-13/16,13/16,-9/32,5/16,-9/32,5/16,False
primary_rows,1034,cell-0147,,all-64,primary,union_strict,64,36,input_blocked,,,,,,,,,False
primary_rows,1035,cell-0147,,all-64,primary,union_partial,64,1,input_blocked,,,,,,,,,False
primary_rows,1036,cell-0148,,all-64,primary,exact_projection,64,0,supported,universal_bound,universal_bound,1/64,1/64,1/64,1/64,1/64,1/64,False
primary_rows,1037,cell-0148,,all-64,primary,one_edit_per_image,64,0,unresolved,opposite_worlds,opposite_worlds,-123/64,129/64,-75/64,93/64,-109/64,119/64,False
primary_rows,1038,cell-0148,,all-64,primary,one_edit_global,64,0,unresolved,opposite_worlds,opposite_worlds,-3/64,5/64,-3/64,5/64,-3/64,5/64,False
primary_rows,1039,cell-0148,,all-64,primary,current_strict,64,25,input_blocked,,,,,,,,,False
primary_rows,1040,cell-0148,,all-64,primary,current_partial,64,0,unresolved,opposite_worlds,opposite_worlds,-53/64,51/64,-19/64,19/64,-19/64,19/64,False
primary_rows,1041,cell-0148,,all-64,primary,union_strict,64,36,input_blocked,,,,,,,,,False
primary_rows,1042,cell-0148,,all-64,primary,union_partial,64,1,input_blocked,,,,,,,,,False
primary_rows,1043,cell-0149,,all-64,primary,exact_projection,64,0,excluded,universal_bound,universal_bound,0/1,0/1,0/1,0/1,0/1,0/1,False
primary_rows,1044,cell-0149,,all-64,primary,one_edit_per_image,64,0,unresolved,opposite_worlds,opposite_worlds,-31/16,2/1,-19/16,23/16,-55/32,15/8,False
primary_rows,1045,cell-0149,,all-64,primary,one_edit_global,64,0,unresolved,opposite_worlds,opposite_worlds,-1/16,1/16,-1/16,1/16,-1/16,1/16,False
primary_rows,1046,cell-0149,,all-64,primary,current_strict,64,25,input_blocked,,,,,,,,,False
primary_rows,1047,cell-0149,,all-64,primary,current_partial,64,0,unresolved,opposite_worlds,opposite_worlds,-27/32,25/32,-5/16,9/32,-5/16,9/32,False
primary_rows,1048,cell-0149,,all-64,primary,union_strict,64,36,input_blocked,,,,,,,,,False
primary_rows,1049,cell-0149,,all-64,primary,union_partial,64,1,input_blocked,,,,,,,,,False
primary_rows,1050,cell-0150,,all-64,primary,exact_projection,64,0,excluded,universal_bound,universal_bound,-1/64,-1/64,-1/64,-1/64,-1/64,-1/64,False
primary_rows,1051,cell-0150,,all-64,primary,one_edit_per_image,64,0,unresolved,opposite_worlds,opposite_worlds,-125/64,127/64,-77/64,91/64,-111/64,119/64,False
primary_rows,1052,cell-0150,,all-64,primary,one_edit_global,64,0,unresolved,opposite_worlds,opposite_worlds,-5/64,3/64,-5/64,3/64,-5/64,3/64,False
primary_rows,1053,cell-0150,,all-64,primary,current_strict,64,25,input_blocked,,,,,,,,,False
primary_rows,1054,cell-0150,,all-64,primary,current_partial,64,0,unresolved,opposite_worlds,opposite_worlds,-53/64,49/64,-19/64,19/64,-19/64,19/64,False
primary_rows,1055,cell-0150,,all-64,primary,union_strict,64,36,input_blocked,,,,,,,,,False
primary_rows,1056,cell-0150,,all-64,primary,union_partial,64,1,input_blocked,,,,,,,,,False
primary_rows,1057,cell-0151,,all-64,primary,exact_projection,64,0,excluded,universal_bound,universal_bound,0/1,0/1,0/1,0/1,0/1,0/1,False
primary_rows,1058,cell-0151,,all-64,primary,one_edit_per_image,64,0,unresolved,opposite_worlds,opposite_worlds,-31/16,2/1,-19/16,23/16,-7/4,15/8,False
primary_rows,1059,cell-0151,,all-64,primary,one_edit_global,64,0,unresolved,opposite_worlds,opposite_worlds,-1/16,1/16,-1/16,1/16,-1/16,1/16,False
primary_rows,1060,cell-0151,,all-64,primary,current_strict,64,25,input_blocked,,,,,,,,,False
primary_rows,1061,cell-0151,,all-64,primary,current_partial,64,0,unresolved,opposite_worlds,opposite_worlds,-27/32,3/4,-5/16,9/32,-5/16,9/32,False
primary_rows,1062,cell-0151,,all-64,primary,union_strict,64,36,input_blocked,,,,,,,,,False
primary_rows,1063,cell-0151,,all-64,primary,union_partial,64,1,input_blocked,,,,,,,,,False
primary_rows,1064,cell-0152,,all-64,primary,exact_projection,64,0,supported,universal_bound,universal_bound,1/64,1/64,1/64,1/64,1/64,1/64,False
primary_rows,1065,cell-0152,,all-64,primary,one_edit_per_image,64,0,unresolved,opposite_worlds,opposite_worlds,-125/64,129/64,-77/64,93/64,-113/64,121/64,False
primary_rows,1066,cell-0152,,all-64,primary,one_edit_global,64,0,unresolved,opposite_worlds,opposite_worlds,-3/64,5/64,-3/64,5/64,-3/64,5/64,False
primary_rows,1067,cell-0152,,all-64,primary,current_strict,64,25,input_blocked,,,,,,,,,False
primary_rows,1068,cell-0152,,all-64,primary,current_partial,64,0,unresolved,opposite_worlds,opposite_worlds,-53/64,49/64,-19/64,19/64,-19/64,19/64,False
primary_rows,1069,cell-0152,,all-64,primary,union_strict,64,36,input_blocked,,,,,,,,,False
primary_rows,1070,cell-0152,,all-64,primary,union_partial,64,1,input_blocked,,,,,,,,,False
primary_rows,1071,cell-0153,,all-64,primary,exact_projection,64,0,excluded,universal_bound,universal_bound,0/1,0/1,0/1,0/1,0/1,0/1,False
primary_rows,1072,cell-0153,,all-64,primary,one_edit_per_image,64,0,unresolved,opposite_worlds,opposite_worlds,-31/16,2/1,-39/32,23/16,-57/32,15/8,False
primary_rows,1073,cell-0153,,all-64,primary,one_edit_global,64,0,unresolved,opposite_worlds,opposite_worlds,-1/16,1/16,-1/16,1/16,-1/16,1/16,False
primary_rows,1074,cell-0153,,all-64,primary,current_strict,64,25,input_blocked,,,,,,,,,False
primary_rows,1075,cell-0153,,all-64,primary,current_partial,64,0,unresolved,opposite_worlds,opposite_worlds,-27/32,3/4,-5/16,9/32,-5/16,9/32,False
primary_rows,1076,cell-0153,,all-64,primary,union_strict,64,36,input_blocked,,,,,,,,,False
primary_rows,1077,cell-0153,,all-64,primary,union_partial,64,1,input_blocked,,,,,,,,,False
primary_rows,1078,cell-0154,,all-64,primary,exact_projection,64,0,excluded,universal_bound,universal_bound,-1/64,-1/64,-1/64,-1/64,-1/64,-1/64,False
primary_rows,1079,cell-0154,,all-64,primary,one_edit_per_image,64,0,unresolved,opposite_worlds,opposite_worlds,-123/64,127/64,-77/64,91/64,-113/64,119/64,False
primary_rows,1080,cell-0154,,all-64,primary,one_edit_global,64,0,unresolved,opposite_worlds,opposite_worlds,-5/64,3/64,-5/64,3/64,-5/64,3/64,False
primary_rows,1081,cell-0154,,all-64,primary,current_strict,64,25,input_blocked,,,,,,,,,False
primary_rows,1082,cell-0154,,all-64,primary,current_partial,64,0,unresolved,opposite_worlds,opposite_worlds,-55/64,47/64,-21/64,17/64,-21/64,17/64,False
primary_rows,1083,cell-0154,,all-64,primary,union_strict,64,36,input_blocked,,,,,,,,,False
primary_rows,1084,cell-0154,,all-64,primary,union_partial,64,1,input_blocked,,,,,,,,,False
primary_rows,1085,cell-0155,,all-64,primary,exact_projection,64,0,excluded,universal_bound,universal_bound,0/1,0/1,0/1,0/1,0/1,0/1,False
primary_rows,1086,cell-0155,,all-64,primary,one_edit_per_image,64,0,unresolved,opposite_worlds,opposite_worlds,-61/32,2/1,-19/16,23/16,-7/4,15/8,False
primary_rows,1087,cell-0155,,all-64,primary,one_edit_global,64,0,unresolved,opposite_worlds,opposite_worlds,-1/16,1/16,-1/16,1/16,-1/16,1/16,False
primary_rows,1088,cell-0155,,all-64,primary,current_strict,64,25,input_blocked,,,,,,,,,False
primary_rows,1089,cell-0155,,all-64,primary,current_partial,64,0,unresolved,opposite_worlds,opposite_worlds,-27/32,3/4,-5/16,9/32,-5/16,9/32,False
primary_rows,1090,cell-0155,,all-64,primary,union_strict,64,36,input_blocked,,,,,,,,,False
primary_rows,1091,cell-0155,,all-64,primary,union_partial,64,1,input_blocked,,,,,,,,,False
primary_rows,1092,cell-0156,,all-64,primary,exact_projection,64,0,supported,universal_bound,universal_bound,1/64,1/64,1/64,1/64,1/64,1/64,False
primary_rows,1093,cell-0156,,all-64,primary,one_edit_per_image,64,0,unresolved,opposite_worlds,opposite_worlds,-121/64,129/64,-75/64,91/64,-111/64,121/64,False
primary_rows,1094,cell-0156,,all-64,primary,one_edit_global,64,0,unresolved,opposite_worlds,opposite_worlds,-3/64,5/64,-3/64,5/64,-3/64,5/64,False
primary_rows,1095,cell-0156,,all-64,primary,current_strict,64,25,input_blocked,,,,,,,,,False
primary_rows,1096,cell-0156,,all-64,primary,current_partial,64,0,unresolved,opposite_worlds,opposite_worlds,-53/64,49/64,-19/64,19/64,-19/64,19/64,False
primary_rows,1097,cell-0156,,all-64,primary,union_strict,64,36,input_blocked,,,,,,,,,False
primary_rows,1098,cell-0156,,all-64,primary,union_partial,64,1,input_blocked,,,,,,,,,False
primary_rows,1099,cell-0157,,all-64,primary,exact_projection,64,0,excluded,universal_bound,universal_bound,0/1,0/1,0/1,0/1,0/1,0/1,False
primary_rows,1100,cell-0157,,all-64,primary,one_edit_per_image,64,0,unresolved,opposite_worlds,opposite_worlds,-61/32,2/1,-19/16,45/32,-7/4,15/8,False
primary_rows,1101,cell-0157,,all-64,primary,one_edit_global,64,0,unresolved,opposite_worlds,opposite_worlds,-1/16,1/16,-1/16,1/16,-1/16,1/16,False
primary_rows,1102,cell-0157,,all-64,primary,current_strict,64,25,input_blocked,,,,,,,,,False
primary_rows,1103,cell-0157,,all-64,primary,current_partial,64,0,unresolved,opposite_worlds,opposite_worlds,-27/32,3/4,-5/16,9/32,-5/16,9/32,False
primary_rows,1104,cell-0157,,all-64,primary,union_strict,64,36,input_blocked,,,,,,,,,False
primary_rows,1105,cell-0157,,all-64,primary,union_partial,64,1,input_blocked,,,,,,,,,False
primary_rows,1106,cell-0158,,all-64,primary,exact_projection,64,0,excluded,universal_bound,universal_bound,-1/64,-1/64,-1/64,-1/64,-1/64,-1/64,False
primary_rows,1107,cell-0158,,all-64,primary,one_edit_per_image,64,0,unresolved,opposite_worlds,opposite_worlds,-123/64,127/64,-77/64,89/64,-115/64,119/64,False
primary_rows,1108,cell-0158,,all-64,primary,one_edit_global,64,0,unresolved,opposite_worlds,opposite_worlds,-5/64,3/64,-5/64,3/64,-5/64,3/64,False
primary_rows,1109,cell-0158,,all-64,primary,current_strict,64,25,input_blocked,,,,,,,,,False
primary_rows,1110,cell-0158,,all-64,primary,current_partial,64,0,unresolved,opposite_worlds,opposite_worlds,-55/64,47/64,-21/64,17/64,-21/64,17/64,False
primary_rows,1111,cell-0158,,all-64,primary,union_strict,64,36,input_blocked,,,,,,,,,False
primary_rows,1112,cell-0158,,all-64,primary,union_partial,64,1,input_blocked,,,,,,,,,False
primary_rows,1113,cell-0159,,all-64,primary,exact_projection,64,0,excluded,universal_bound,universal_bound,-1/32,-1/32,-1/32,-1/32,-1/32,-1/32,False
primary_rows,1114,cell-0159,,all-64,primary,one_edit_per_image,64,0,unresolved,opposite_worlds,opposite_worlds,-61/32,63/32,-39/32,11/8,-29/16,15/8,False
primary_rows,1115,cell-0159,,all-64,primary,one_edit_global,64,0,unresolved,opposite_worlds,opposite_worlds,-3/32,1/32,-3/32,1/32,-3/32,1/32,False
primary_rows,1116,cell-0159,,all-64,primary,current_strict,64,25,input_blocked,,,,,,,,,False
primary_rows,1117,cell-0159,,all-64,primary,current_partial,64,0,unresolved,opposite_worlds,opposite_worlds,-7/8,23/32,-11/32,1/4,-11/32,1/4,False
primary_rows,1118,cell-0159,,all-64,primary,union_strict,64,36,input_blocked,,,,,,,,,False
primary_rows,1119,cell-0159,,all-64,primary,union_partial,64,1,input_blocked,,,,,,,,,False
primary_rows,1120,cell-0160,,all-64,primary,exact_projection,64,0,excluded,universal_bound,universal_bound,-3/64,-3/64,-3/64,-3/64,-3/64,-3/64,False
primary_rows,1121,cell-0160,,all-64,primary,one_edit_per_image,64,0,unresolved,opposite_worlds,opposite_worlds,-123/64,125/64,-77/64,87/64,-117/64,121/64,False
primary_rows,1122,cell-0160,,all-64,primary,one_edit_global,64,0,unresolved,opposite_worlds,opposite_worlds,-7/64,1/64,-7/64,1/64,-7/64,1/64,False
primary_rows,1123,cell-0160,,all-64,primary,current_strict,64,25,input_blocked,,,,,,,,,False
primary_rows,1124,cell-0160,,all-64,primary,current_partial,64,0,unresolved,opposite_worlds,opposite_worlds,-57/64,45/64,-23/64,15/64,-23/64,15/64,False
primary_rows,1125,cell-0160,,all-64,primary,union_strict,64,36,input_blocked,,,,,,,,,False
primary_rows,1126,cell-0160,,all-64,primary,union_partial,64,1,input_blocked,,,,,,,,,False
primary_rows,1127,cell-0161,,all-64,primary,exact_projection,64,0,excluded,universal_bound,universal_bound,-1/32,-1/32,-1/32,-1/32,-1/32,-1/32,False
primary_rows,1128,cell-0161,,all-64,primary,one_edit_per_image,64,0,unresolved,opposite_worlds,opposite_worlds,-61/32,63/32,-39/32,11/8,-59/32,31/16,False
primary_rows,1129,cell-0161,,all-64,primary,one_edit_global,64,0,unresolved,opposite_worlds,opposite_worlds,-3/32,1/32,-3/32,1/32,-3/32,1/32,False
primary_rows,1130,cell-0161,,all-64,primary,current_strict,64,25,input_blocked,,,,,,,,,False
primary_rows,1131,cell-0161,,all-64,primary,current_partial,64,0,unresolved,opposite_worlds,opposite_worlds,-7/8,23/32,-11/32,1/4,-11/32,1/4,False
primary_rows,1132,cell-0161,,all-64,primary,union_strict,64,36,input_blocked,,,,,,,,,False
primary_rows,1133,cell-0161,,all-64,primary,union_partial,64,1,input_blocked,,,,,,,,,False
primary_rows,1134,cell-0162,,all-64,primary,exact_projection,64,0,excluded,universal_bound,universal_bound,-3/64,-3/64,-3/64,-3/64,-3/64,-3/64,False
primary_rows,1135,cell-0162,,all-64,primary,one_edit_per_image,64,0,unresolved,opposite_worlds,opposite_worlds,-123/64,125/64,-79/64,87/64,-121/64,125/64,False
primary_rows,1136,cell-0162,,all-64,primary,one_edit_global,64,0,unresolved,opposite_worlds,opposite_worlds,-7/64,1/64,-7/64,1/64,-7/64,1/64,False
primary_rows,1137,cell-0162,,all-64,primary,current_strict,64,25,input_blocked,,,,,,,,,False
primary_rows,1138,cell-0162,,all-64,primary,current_partial,64,0,unresolved,opposite_worlds,opposite_worlds,-57/64,45/64,-23/64,15/64,-23/64,15/64,False
primary_rows,1139,cell-0162,,all-64,primary,union_strict,64,36,input_blocked,,,,,,,,,False
primary_rows,1140,cell-0162,,all-64,primary,union_partial,64,1,input_blocked,,,,,,,,,False
primary_rows,1141,cell-0163,,all-64,primary,exact_projection,64,0,excluded,universal_bound,universal_bound,-1/32,-1/32,-1/32,-1/32,-1/32,-1/32,False
primary_rows,1142,cell-0163,,all-64,primary,one_edit_per_image,64,0,unresolved,opposite_worlds,opposite_worlds,-61/32,31/16,-39/32,43/32,-61/32,31/16,False
primary_rows,1143,cell-0163,,all-64,primary,one_edit_global,64,0,unresolved,bound_gap,opposite_worlds,-3/32,1/32,-3/32,0/1,-3/32,1/32,True
primary_rows,1144,cell-0163,,all-64,primary,current_strict,64,25,input_blocked,,,,,,,,,False
primary_rows,1145,cell-0163,,all-64,primary,current_partial,64,0,unresolved,opposite_worlds,opposite_worlds,-7/8,23/32,-11/32,1/4,-11/32,1/4,False
primary_rows,1146,cell-0163,,all-64,primary,union_strict,64,36,input_blocked,,,,,,,,,False
primary_rows,1147,cell-0163,,all-64,primary,union_partial,64,1,input_blocked,,,,,,,,,False
primary_rows,1148,cell-0164,,all-64,primary,exact_projection,64,0,excluded,universal_bound,universal_bound,-1/64,-1/64,-1/64,-1/64,-1/64,-1/64,False
primary_rows,1149,cell-0164,,all-64,primary,one_edit_per_image,64,0,unresolved,opposite_worlds,opposite_worlds,-121/64,125/64,-77/64,85/64,-121/64,125/64,False
primary_rows,1150,cell-0164,,all-64,primary,one_edit_global,64,0,unresolved,opposite_worlds,opposite_worlds,-5/64,3/64,-5/64,1/64,-5/64,3/64,False
primary_rows,1151,cell-0164,,all-64,primary,current_strict,64,25,input_blocked,,,,,,,,,False
primary_rows,1152,cell-0164,,all-64,primary,current_partial,64,0,unresolved,opposite_worlds,opposite_worlds,-55/64,45/64,-21/64,15/64,-21/64,15/64,False
primary_rows,1153,cell-0164,,all-64,primary,union_strict,64,36,input_blocked,,,,,,,,,False
primary_rows,1154,cell-0164,,all-64,primary,union_partial,64,1,input_blocked,,,,,,,,,False
primary_rows,1155,cell-0165,,all-64,primary,exact_projection,64,0,excluded,universal_bound,universal_bound,0/1,0/1,0/1,0/1,0/1,0/1,False
primary_rows,1156,cell-0165,,all-64,primary,one_edit_per_image,64,0,unresolved,opposite_worlds,opposite_worlds,-15/8,63/32,-19/16,43/32,-15/8,63/32,False
primary_rows,1157,cell-0165,,all-64,primary,one_edit_global,64,0,unresolved,opposite_worlds,opposite_worlds,-1/16,1/16,-1/16,1/32,-1/16,1/16,False
primary_rows,1158,cell-0165,,all-64,primary,current_strict,64,25,input_blocked,,,,,,,,,False
primary_rows,1159,cell-0165,,all-64,primary,current_partial,64,0,unresolved,opposite_worlds,opposite_worlds,-27/32,23/32,-5/16,1/4,-5/16,1/4,False
primary_rows,1160,cell-0165,,all-64,primary,union_strict,64,36,input_blocked,,,,,,,,,False
primary_rows,1161,cell-0165,,all-64,primary,union_partial,64,1,input_blocked,,,,,,,,,False
primary_rows,1162,cell-0166,,all-64,primary,exact_projection,64,0,excluded,universal_bound,universal_bound,-1/64,-1/64,-1/64,-1/64,-1/64,-1/64,False
primary_rows,1163,cell-0166,,all-64,primary,one_edit_per_image,64,0,unresolved,opposite_worlds,opposite_worlds,-121/64,125/64,-75/64,85/64,-121/64,125/64,False
primary_rows,1164,cell-0166,,all-64,primary,one_edit_global,64,0,unresolved,opposite_worlds,opposite_worlds,-5/64,3/64,-5/64,1/64,-5/64,3/64,False
primary_rows,1165,cell-0166,,all-64,primary,current_strict,64,25,input_blocked,,,,,,,,,False
primary_rows,1166,cell-0166,,all-64,primary,current_partial,64,0,unresolved,opposite_worlds,opposite_worlds,-55/64,45/64,-21/64,15/64,-21/64,15/64,False
primary_rows,1167,cell-0166,,all-64,primary,union_strict,64,36,input_blocked,,,,,,,,,False
primary_rows,1168,cell-0166,,all-64,primary,union_partial,64,1,input_blocked,,,,,,,,,False
primary_rows,1169,cell-0167,,all-64,primary,exact_projection,64,0,excluded,universal_bound,universal_bound,-1/32,-1/32,-1/32,-1/32,-1/32,-1/32,False
primary_rows,1170,cell-0167,,all-64,primary,one_edit_per_image,64,0,unresolved,opposite_worlds,opposite_worlds,-61/32,31/16,-37/32,21/16,-61/32,31/16,False
primary_rows,1171,cell-0167,,all-64,primary,one_edit_global,64,0,unresolved,bound_gap,opposite_worlds,-3/32,1/32,-3/32,0/1,-3/32,1/32,True
primary_rows,1172,cell-0167,,all-64,primary,current_strict,64,25,input_blocked,,,,,,,,,False
primary_rows,1173,cell-0167,,all-64,primary,current_partial,64,0,unresolved,opposite_worlds,opposite_worlds,-7/8,11/16,-11/32,7/32,-11/32,7/32,False
primary_rows,1174,cell-0167,,all-64,primary,union_strict,64,36,input_blocked,,,,,,,,,False
primary_rows,1175,cell-0167,,all-64,primary,union_partial,64,1,input_blocked,,,,,,,,,False
primary_rows,1176,cell-0168,,all-64,primary,exact_projection,64,0,excluded,universal_bound,universal_bound,-1/64,-1/64,-1/64,-1/64,-1/64,-1/64,False
primary_rows,1177,cell-0168,,all-64,primary,one_edit_per_image,64,0,unresolved,opposite_worlds,opposite_worlds,-121/64,125/64,-73/64,85/64,-121/64,125/64,False
primary_rows,1178,cell-0168,,all-64,primary,one_edit_global,64,0,unresolved,opposite_worlds,opposite_worlds,-5/64,3/64,-5/64,1/64,-5/64,3/64,False
primary_rows,1179,cell-0168,,all-64,primary,current_strict,64,25,input_blocked,,,,,,,,,False
primary_rows,1180,cell-0168,,all-64,primary,current_partial,64,0,unresolved,opposite_worlds,opposite_worlds,-55/64,45/64,-21/64,15/64,-21/64,15/64,False
primary_rows,1181,cell-0168,,all-64,primary,union_strict,64,36,input_blocked,,,,,,,,,False
primary_rows,1182,cell-0168,,all-64,primary,union_partial,64,1,input_blocked,,,,,,,,,False
primary_rows,1183,cell-0169,,all-64,primary,exact_projection,64,0,excluded,universal_bound,universal_bound,-1/32,-1/32,-1/32,-1/32,-1/32,-1/32,False
primary_rows,1184,cell-0169,,all-64,primary,one_edit_per_image,64,0,unresolved,opposite_worlds,opposite_worlds,-61/32,31/16,-37/32,43/32,-61/32,31/16,False
primary_rows,1185,cell-0169,,all-64,primary,one_edit_global,64,0,unresolved,bound_gap,opposite_worlds,-3/32,1/32,-3/32,0/1,-3/32,1/32,True
primary_rows,1186,cell-0169,,all-64,primary,current_strict,64,25,input_blocked,,,,,,,,,False
primary_rows,1187,cell-0169,,all-64,primary,current_partial,64,0,unresolved,opposite_worlds,opposite_worlds,-7/8,11/16,-11/32,7/32,-11/32,7/32,False
primary_rows,1188,cell-0169,,all-64,primary,union_strict,64,36,input_blocked,,,,,,,,,False
primary_rows,1189,cell-0169,,all-64,primary,union_partial,64,1,input_blocked,,,,,,,,,False
primary_rows,1190,cell-0170,,all-64,primary,exact_projection,64,0,excluded,universal_bound,universal_bound,-3/64,-3/64,-3/64,-3/64,-3/64,-3/64,False
primary_rows,1191,cell-0170,,all-64,primary,one_edit_per_image,64,0,unresolved,opposite_worlds,opposite_worlds,-123/64,123/64,-75/64,85/64,-123/64,123/64,False
primary_rows,1192,cell-0170,,all-64,primary,one_edit_global,64,0,unresolved,bound_gap,opposite_worlds,-7/64,1/64,-7/64,-1/64,-7/64,1/64,True
primary_rows,1193,cell-0170,,all-64,primary,current_strict,64,25,input_blocked,,,,,,,,,False
primary_rows,1194,cell-0170,,all-64,primary,current_partial,64,0,unresolved,opposite_worlds,opposite_worlds,-57/64,43/64,-23/64,13/64,-23/64,13/64,False
primary_rows,1195,cell-0170,,all-64,primary,union_strict,64,36,input_blocked,,,,,,,,,False
primary_rows,1196,cell-0170,,all-64,primary,union_partial,64,1,input_blocked,,,,,,,,,False
primary_rows,1197,cell-0171,,all-64,primary,exact_projection,64,0,excluded,universal_bound,universal_bound,-1/16,-1/16,-1/16,-1/16,-1/16,-1/16,False
primary_rows,1198,cell-0171,,all-64,primary,one_edit_per_image,64,0,unresolved,opposite_worlds,opposite_worlds,-61/32,61/32,-19/16,21/16,-61/32,61/32,False
primary_rows,1199,cell-0171,,all-64,primary,one_edit_global,64,0,excluded,universal_bound,universal_bound,-1/8,0/1,-1/8,-1/32,-1/8,0/1,False
primary_rows,1200,cell-0171,,all-64,primary,current_strict,64,25,input_blocked,,,,,,,,,False
primary_rows,1201,cell-0171,,all-64,primary,current_partial,64,0,unresolved,opposite_worlds,opposite_worlds,-7/8,21/32,-11/32,3/16,-11/32,3/16,False
primary_rows,1202,cell-0171,,all-64,primary,union_strict,64,36,input_blocked,,,,,,,,,False
primary_rows,1203,cell-0171,,all-64,primary,union_partial,64,1,input_blocked,,,,,,,,,False
primary_rows,1204,cell-0172,,all-64,primary,exact_projection,64,0,excluded,universal_bound,universal_bound,-5/64,-5/64,-5/64,-5/64,-5/64,-5/64,False
primary_rows,1205,cell-0172,,all-64,primary,one_edit_per_image,64,0,unresolved,opposite_worlds,opposite_worlds,-123/64,121/64,-77/64,83/64,-123/64,121/64,False
primary_rows,1206,cell-0172,,all-64,primary,one_edit_global,64,0,excluded,universal_bound,universal_bound,-9/64,-1/64,-9/64,-3/64,-9/64,-1/64,False
primary_rows,1207,cell-0172,,all-64,primary,current_strict,64,25,input_blocked,,,,,,,,,False
primary_rows,1208,cell-0172,,all-64,primary,current_partial,64,0,unresolved,opposite_worlds,opposite_worlds,-57/64,41/64,-21/64,11/64,-21/64,11/64,False
primary_rows,1209,cell-0172,,all-64,primary,union_strict,64,36,input_blocked,,,,,,,,,False
primary_rows,1210,cell-0172,,all-64,primary,union_partial,64,1,input_blocked,,,,,,,,,False
primary_rows,1211,cell-0173,,all-64,primary,exact_projection,64,0,excluded,universal_bound,universal_bound,-3/32,-3/32,-3/32,-3/32,-3/32,-3/32,False
primary_rows,1212,cell-0173,,all-64,primary,one_edit_per_image,64,0,unresolved,opposite_worlds,opposite_worlds,-31/16,15/8,-19/16,41/32,-61/32,15/8,False
primary_rows,1213,cell-0173,,all-64,primary,one_edit_global,64,0,excluded,universal_bound,universal_bound,-5/32,-1/32,-5/32,-1/16,-5/32,-1/32,False
primary_rows,1214,cell-0173,,all-64,primary,current_strict,64,25,input_blocked,,,,,,,,,False
primary_rows,1215,cell-0173,,all-64,primary,current_partial,64,0,unresolved,opposite_worlds,opposite_worlds,-29/32,5/8,-11/32,5/32,-11/32,5/32,False
primary_rows,1216,cell-0173,,all-64,primary,union_strict,64,36,input_blocked,,,,,,,,,False
primary_rows,1217,cell-0173,,all-64,primary,union_partial,64,1,input_blocked,,,,,,,,,False
primary_rows,1218,cell-0174,,all-64,primary,exact_projection,64,0,excluded,universal_bound,universal_bound,-7/64,-7/64,-7/64,-7/64,-7/64,-7/64,False
primary_rows,1219,cell-0174,,all-64,primary,one_edit_per_image,64,0,unresolved,opposite_worlds,opposite_worlds,-125/64,119/64,-77/64,81/64,-123/64,119/64,False
primary_rows,1220,cell-0174,,all-64,primary,one_edit_global,64,0,excluded,universal_bound,universal_bound,-11/64,-3/64,-11/64,-5/64,-11/64,-3/64,False
primary_rows,1221,cell-0174,,all-64,primary,current_strict,64,25,input_blocked,,,,,,,,,False
primary_rows,1222,cell-0174,,all-64,primary,current_partial,64,0,unresolved,opposite_worlds,opposite_worlds,-59/64,39/64,-23/64,9/64,-23/64,9/64,False
primary_rows,1223,cell-0174,,all-64,primary,union_strict,64,36,input_blocked,,,,,,,,,False
primary_rows,1224,cell-0174,,all-64,primary,union_partial,64,1,input_blocked,,,,,,,,,False
primary_rows,1225,cell-0175,,all-64,primary,exact_projection,64,0,excluded,universal_bound,universal_bound,-1/8,-1/8,-1/8,-1/8,-1/8,-1/8,False
primary_rows,1226,cell-0175,,all-64,primary,one_edit_per_image,64,0,unresolved,opposite_worlds,opposite_worlds,-63/32,15/8,-39/32,5/4,-31/16,59/32,False
primary_rows,1227,cell-0175,,all-64,primary,one_edit_global,64,0,excluded,universal_bound,universal_bound,-3/16,-1/16,-3/16,-3/32,-3/16,-1/16,False
primary_rows,1228,cell-0175,,all-64,primary,current_strict,64,25,input_blocked,,,,,,,,,False
primary_rows,1229,cell-0175,,all-64,primary,current_partial,64,0,unresolved,opposite_worlds,opposite_worlds,-15/16,19/32,-3/8,1/8,-3/8,1/8,False
primary_rows,1230,cell-0175,,all-64,primary,union_strict,64,36,input_blocked,,,,,,,,,False
primary_rows,1231,cell-0175,,all-64,primary,union_partial,64,1,input_blocked,,,,,,,,,False
primary_rows,1232,cell-0176,,all-64,primary,exact_projection,64,0,excluded,universal_bound,universal_bound,-9/64,-9/64,-9/64,-9/64,-9/64,-9/64,False
primary_rows,1233,cell-0176,,all-64,primary,one_edit_per_image,64,0,unresolved,opposite_worlds,opposite_worlds,-127/64,119/64,-79/64,79/64,-123/64,115/64,False
primary_rows,1234,cell-0176,,all-64,primary,one_edit_global,64,0,excluded,universal_bound,universal_bound,-13/64,-5/64,-13/64,-7/64,-13/64,-5/64,False
primary_rows,1235,cell-0176,,all-64,primary,current_strict,64,25,input_blocked,,,,,,,,,False
primary_rows,1236,cell-0176,,all-64,primary,current_partial,64,0,unresolved,opposite_worlds,opposite_worlds,-61/64,37/64,-25/64,7/64,-25/64,7/64,False
primary_rows,1237,cell-0176,,all-64,primary,union_strict,64,36,input_blocked,,,,,,,,,False
primary_rows,1238,cell-0176,,all-64,primary,union_partial,64,1,input_blocked,,,,,,,,,False
primary_rows,1239,cell-0177,,all-64,primary,exact_projection,64,0,excluded,universal_bound,universal_bound,-5/32,-5/32,-5/32,-5/32,-5/32,-5/32,False
primary_rows,1240,cell-0177,,all-64,primary,one_edit_per_image,64,0,unresolved,opposite_worlds,opposite_worlds,-2/1,59/32,-39/32,39/32,-31/16,57/32,False
primary_rows,1241,cell-0177,,all-64,primary,one_edit_global,64,0,excluded,universal_bound,universal_bound,-7/32,-3/32,-7/32,-1/8,-7/32,-3/32,False
primary_rows,1242,cell-0177,,all-64,primary,current_strict,64,25,input_blocked,,,,,,,,,False
primary_rows,1243,cell-0177,,all-64,primary,current_partial,64,0,unresolved,opposite_worlds,opposite_worlds,-31/32,9/16,-3/8,3/32,-3/8,3/32,False
primary_rows,1244,cell-0177,,all-64,primary,union_strict,64,36,input_blocked,,,,,,,,,False
primary_rows,1245,cell-0177,,all-64,primary,union_partial,64,1,input_blocked,,,,,,,,,False
primary_rows,1246,cell-0178,,all-64,primary,exact_projection,64,0,excluded,universal_bound,universal_bound,-11/64,-11/64,-11/64,-11/64,-11/64,-11/64,False
primary_rows,1247,cell-0178,,all-64,primary,one_edit_per_image,64,0,unresolved,opposite_worlds,opposite_worlds,-129/64,117/64,-79/64,77/64,-125/64,111/64,False
primary_rows,1248,cell-0178,,all-64,primary,one_edit_global,64,0,excluded,universal_bound,universal_bound,-15/64,-7/64,-15/64,-9/64,-15/64,-7/64,False
primary_rows,1249,cell-0178,,all-64,primary,current_strict,64,25,input_blocked,,,,,,,,,False
primary_rows,1250,cell-0178,,all-64,primary,current_partial,64,0,unresolved,opposite_worlds,opposite_worlds,-61/64,35/64,-25/64,5/64,-25/64,5/64,False
primary_rows,1251,cell-0178,,all-64,primary,union_strict,64,36,input_blocked,,,,,,,,,False
primary_rows,1252,cell-0178,,all-64,primary,union_partial,64,1,input_blocked,,,,,,,,,False
primary_rows,1253,cell-0179,,all-64,primary,exact_projection,64,0,excluded,universal_bound,universal_bound,-3/16,-3/16,-3/16,-3/16,-3/16,-3/16,False
primary_rows,1254,cell-0179,,all-64,primary,one_edit_per_image,64,0,unresolved,opposite_worlds,opposite_worlds,-65/32,29/16,-5/4,19/16,-31/16,55/32,False
primary_rows,1255,cell-0179,,all-64,primary,one_edit_global,64,0,excluded,universal_bound,universal_bound,-1/4,-1/8,-1/4,-5/32,-1/4,-1/8,False
primary_rows,1256,cell-0179,,all-64,primary,current_strict,64,25,input_blocked,,,,,,,,,False
primary_rows,1257,cell-0179,,all-64,primary,current_partial,64,0,unresolved,opposite_worlds,opposite_worlds,-15/16,17/32,-13/32,1/16,-13/32,1/16,False
primary_rows,1258,cell-0179,,all-64,primary,union_strict,64,36,input_blocked,,,,,,,,,False
primary_rows,1259,cell-0179,,all-64,primary,union_partial,64,1,input_blocked,,,,,,,,,False
primary_rows,1260,cell-0180,,all-64,primary,exact_projection,64,0,excluded,universal_bound,universal_bound,-13/64,-13/64,-13/64,-13/64,-13/64,-13/64,False
primary_rows,1261,cell-0180,,all-64,primary,one_edit_per_image,64,0,unresolved,opposite_worlds,opposite_worlds,-131/64,115/64,-81/64,75/64,-125/64,107/64,False
primary_rows,1262,cell-0180,,all-64,primary,one_edit_global,64,0,excluded,universal_bound,universal_bound,-17/64,-9/64,-17/64,-11/64,-17/64,-9/64,False
primary_rows,1263,cell-0180,,all-64,primary,current_strict,64,25,input_blocked,,,,,,,,,False
primary_rows,1264,cell-0180,,all-64,primary,current_partial,64,0,unresolved,opposite_worlds,opposite_worlds,-59/64,33/64,-25/64,3/64,-25/64,3/64,False
primary_rows,1265,cell-0180,,all-64,primary,union_strict,64,36,input_blocked,,,,,,,,,False
primary_rows,1266,cell-0180,,all-64,primary,union_partial,64,1,input_blocked,,,,,,,,,False
primary_rows,1267,cell-0181,,all-64,primary,exact_projection,64,0,excluded,universal_bound,universal_bound,-7/32,-7/32,-7/32,-7/32,-7/32,-7/32,False
primary_rows,1268,cell-0181,,all-64,primary,one_edit_per_image,64,0,unresolved,opposite_worlds,opposite_worlds,-33/16,57/32,-5/4,37/32,-31/16,13/8,False
primary_rows,1269,cell-0181,,all-64,primary,one_edit_global,64,0,excluded,universal_bound,universal_bound,-9/32,-5/32,-1/4,-3/16,-9/32,-5/32,False
primary_rows,1270,cell-0181,,all-64,primary,current_strict,64,25,input_blocked,,,,,,,,,False
primary_rows,1271,cell-0181,,all-64,primary,current_partial,64,0,unresolved,opposite_worlds,opposite_worlds,-15/16,1/2,-13/32,1/32,-13/32,1/32,False
primary_rows,1272,cell-0181,,all-64,primary,union_strict,64,36,input_blocked,,,,,,,,,False
primary_rows,1273,cell-0181,,all-64,primary,union_partial,64,1,input_blocked,,,,,,,,,False
primary_rows,1274,cell-0182,,all-64,primary,exact_projection,64,0,excluded,universal_bound,universal_bound,-13/64,-13/64,-13/64,-13/64,-13/64,-13/64,False
primary_rows,1275,cell-0182,,all-64,primary,one_edit_per_image,64,0,unresolved,opposite_worlds,opposite_worlds,-131/64,115/64,-79/64,73/64,-121/64,103/64,False
primary_rows,1276,cell-0182,,all-64,primary,one_edit_global,64,0,excluded,universal_bound,universal_bound,-17/64,-9/64,-15/64,-11/64,-17/64,-9/64,False
primary_rows,1277,cell-0182,,all-64,primary,current_strict,64,25,input_blocked,,,,,,,,,False
primary_rows,1278,cell-0182,,all-64,primary,current_partial,64,0,unresolved,opposite_worlds,opposite_worlds,-59/64,33/64,-25/64,3/64,-25/64,3/64,False
primary_rows,1279,cell-0182,,all-64,primary,union_strict,64,36,input_blocked,,,,,,,,,False
primary_rows,1280,cell-0182,,all-64,primary,union_partial,64,1,input_blocked,,,,,,,,,False
primary_rows,1281,cell-0183,,all-64,primary,exact_projection,64,0,excluded,universal_bound,universal_bound,-7/32,-7/32,-7/32,-7/32,-7/32,-7/32,False
primary_rows,1282,cell-0183,,all-64,primary,one_edit_per_image,64,0,unresolved,opposite_worlds,opposite_worlds,-33/16,57/32,-39/32,9/8,-15/8,51/32,False
primary_rows,1283,cell-0183,,all-64,primary,one_edit_global,64,0,excluded,universal_bound,universal_bound,-9/32,-5/32,-1/4,-3/16,-9/32,-5/32,False
primary_rows,1284,cell-0183,,all-64,primary,current_strict,64,25,input_blocked,,,,,,,,,False
primary_rows,1285,cell-0183,,all-64,primary,current_partial,64,0,unresolved,opposite_worlds,opposite_worlds,-29/32,1/2,-3/8,1/32,-3/8,1/32,False
primary_rows,1286,cell-0183,,all-64,primary,union_strict,64,36,input_blocked,,,,,,,,,False
primary_rows,1287,cell-0183,,all-64,primary,union_partial,64,1,input_blocked,,,,,,,,,False
primary_rows,1288,cell-0184,,all-64,primary,exact_projection,64,0,excluded,universal_bound,universal_bound,-15/64,-15/64,-15/64,-15/64,-15/64,-15/64,False
primary_rows,1289,cell-0184,,all-64,primary,one_edit_per_image,64,0,unresolved,opposite_worlds,opposite_worlds,-133/64,113/64,-79/64,71/64,-119/64,99/64,False
primary_rows,1290,cell-0184,,all-64,primary,one_edit_global,64,0,excluded,universal_bound,universal_bound,-19/64,-11/64,-17/64,-13/64,-19/64,-11/64,False
primary_rows,1291,cell-0184,,all-64,primary,current_strict,64,25,input_blocked,,,,,,,,,False
primary_rows,1292,cell-0184,,all-64,primary,current_partial,64,0,unresolved,opposite_worlds,opposite_worlds,-59/64,31/64,-25/64,1/64,-25/64,1/64,False
primary_rows,1293,cell-0184,,all-64,primary,union_strict,64,36,input_blocked,,,,,,,,,False
primary_rows,1294,cell-0184,,all-64,primary,union_partial,64,1,input_blocked,,,,,,,,,False
primary_rows,1295,cell-0185,,all-64,primary,exact_projection,64,0,excluded,universal_bound,universal_bound,-7/32,-7/32,-7/32,-7/32,-7/32,-7/32,False
primary_rows,1296,cell-0185,,all-64,primary,one_edit_per_image,64,0,unresolved,opposite_worlds,opposite_worlds,-33/16,57/32,-39/32,9/8,-59/32,25/16,False
primary_rows,1297,cell-0185,,all-64,primary,one_edit_global,64,0,excluded,universal_bound,universal_bound,-9/32,-5/32,-1/4,-3/16,-9/32,-5/32,False
primary_rows,1298,cell-0185,,all-64,primary,current_strict,64,25,input_blocked,,,,,,,,,False
primary_rows,1299,cell-0185,,all-64,primary,current_partial,64,0,unresolved,opposite_worlds,opposite_worlds,-29/32,1/2,-3/8,1/32,-3/8,1/32,False
primary_rows,1300,cell-0185,,all-64,primary,union_strict,64,36,input_blocked,,,,,,,,,False
primary_rows,1301,cell-0185,,all-64,primary,union_partial,64,1,input_blocked,,,,,,,,,False
primary_rows,1302,cell-0186,,all-64,primary,exact_projection,64,0,excluded,universal_bound,universal_bound,-15/64,-15/64,-15/64,-15/64,-15/64,-15/64,False
primary_rows,1303,cell-0186,,all-64,primary,one_edit_per_image,64,0,unresolved,opposite_worlds,opposite_worlds,-133/64,113/64,-79/64,71/64,-119/64,99/64,False
primary_rows,1304,cell-0186,,all-64,primary,one_edit_global,64,0,excluded,universal_bound,universal_bound,-19/64,-11/64,-17/64,-13/64,-19/64,-11/64,False
primary_rows,1305,cell-0186,,all-64,primary,current_strict,64,25,input_blocked,,,,,,,,,False
primary_rows,1306,cell-0186,,all-64,primary,current_partial,64,0,unresolved,opposite_worlds,opposite_worlds,-59/64,31/64,-25/64,1/64,-25/64,1/64,False
primary_rows,1307,cell-0186,,all-64,primary,union_strict,64,36,input_blocked,,,,,,,,,False
primary_rows,1308,cell-0186,,all-64,primary,union_partial,64,1,input_blocked,,,,,,,,,False
primary_rows,1309,cell-0187,,all-64,primary,exact_projection,64,0,excluded,universal_bound,universal_bound,-7/32,-7/32,-7/32,-7/32,-7/32,-7/32,False
primary_rows,1310,cell-0187,,all-64,primary,one_edit_per_image,64,0,unresolved,opposite_worlds,opposite_worlds,-33/16,57/32,-5/4,9/8,-59/32,25/16,False
primary_rows,1311,cell-0187,,all-64,primary,one_edit_global,64,0,excluded,universal_bound,universal_bound,-9/32,-5/32,-1/4,-3/16,-9/32,-5/32,False
primary_rows,1312,cell-0187,,all-64,primary,current_strict,64,25,input_blocked,,,,,,,,,False
primary_rows,1313,cell-0187,,all-64,primary,current_partial,64,0,unresolved,opposite_worlds,opposite_worlds,-29/32,1/2,-3/8,1/32,-3/8,1/32,False
primary_rows,1314,cell-0187,,all-64,primary,union_strict,64,36,input_blocked,,,,,,,,,False
primary_rows,1315,cell-0187,,all-64,primary,union_partial,64,1,input_blocked,,,,,,,,,False
primary_rows,1316,cell-0188,,all-64,primary,exact_projection,64,0,excluded,universal_bound,universal_bound,-13/64,-13/64,-13/64,-13/64,-13/64,-13/64,False
primary_rows,1317,cell-0188,,all-64,primary,one_edit_per_image,64,0,unresolved,opposite_worlds,opposite_worlds,-131/64,115/64,-79/64,73/64,-117/64,101/64,False
primary_rows,1318,cell-0188,,all-64,primary,one_edit_global,64,0,excluded,universal_bound,universal_bound,-17/64,-9/64,-15/64,-11/64,-17/64,-9/64,False
primary_rows,1319,cell-0188,,all-64,primary,current_strict,64,25,input_blocked,,,,,,,,,False
primary_rows,1320,cell-0188,,all-64,primary,current_partial,64,0,unresolved,opposite_worlds,opposite_worlds,-57/64,33/64,-23/64,3/64,-23/64,3/64,False
primary_rows,1321,cell-0188,,all-64,primary,union_strict,64,36,input_blocked,,,,,,,,,False
primary_rows,1322,cell-0188,,all-64,primary,union_partial,64,1,input_blocked,,,,,,,,,False
primary_rows,1323,cell-0189,,all-64,primary,exact_projection,64,0,excluded,universal_bound,universal_bound,-7/32,-7/32,-7/32,-7/32,-7/32,-7/32,False
primary_rows,1324,cell-0189,,all-64,primary,one_edit_per_image,64,0,unresolved,opposite_worlds,opposite_worlds,-33/16,57/32,-5/4,9/8,-59/32,49/32,False
primary_rows,1325,cell-0189,,all-64,primary,one_edit_global,64,0,excluded,universal_bound,universal_bound,-9/32,-5/32,-1/4,-3/16,-9/32,-5/32,False
primary_rows,1326,cell-0189,,all-64,primary,current_strict,64,25,input_blocked,,,,,,,,,False
primary_rows,1327,cell-0189,,all-64,primary,current_partial,64,0,unresolved,opposite_worlds,opposite_worlds,-29/32,1/2,-11/32,1/32,-11/32,1/32,False
primary_rows,1328,cell-0189,,all-64,primary,union_strict,64,36,input_blocked,,,,,,,,,False
primary_rows,1329,cell-0189,,all-64,primary,union_partial,64,1,input_blocked,,,,,,,,,False
primary_rows,1330,cell-0190,,all-64,primary,exact_projection,64,0,excluded,universal_bound,universal_bound,-15/64,-15/64,-15/64,-15/64,-15/64,-15/64,False
primary_rows,1331,cell-0190,,all-64,primary,one_edit_per_image,64,0,unresolved,opposite_worlds,opposite_worlds,-133/64,113/64,-81/64,71/64,-119/64,97/64,False
primary_rows,1332,cell-0190,,all-64,primary,one_edit_global,64,0,excluded,universal_bound,universal_bound,-19/64,-11/64,-17/64,-13/64,-19/64,-11/64,False
primary_rows,1333,cell-0190,,all-64,primary,current_strict,64,25,input_blocked,,,,,,,,,False
primary_rows,1334,cell-0190,,all-64,primary,current_partial,64,0,unresolved,opposite_worlds,opposite_worlds,-59/64,31/64,-23/64,1/64,-23/64,1/64,False
primary_rows,1335,cell-0190,,all-64,primary,union_strict,64,36,input_blocked,,,,,,,,,False
primary_rows,1336,cell-0190,,all-64,primary,union_partial,64,1,input_blocked,,,,,,,,,False
primary_rows,1337,cell-0191,,all-64,primary,exact_projection,64,0,excluded,universal_bound,universal_bound,-1/4,-1/4,-1/4,-1/4,-1/4,-1/4,False
primary_rows,1338,cell-0191,,all-64,primary,one_edit_per_image,64,0,unresolved,opposite_worlds,opposite_worlds,-33/16,7/4,-5/4,35/32,-59/32,3/2,False
primary_rows,1339,cell-0191,,all-64,primary,one_edit_global,64,0,excluded,universal_bound,universal_bound,-5/16,-3/16,-9/32,-7/32,-5/16,-3/16,False
primary_rows,1340,cell-0191,,all-64,primary,current_strict,64,25,input_blocked,,,,,,,,,False
primary_rows,1341,cell-0191,,all-64,primary,current_partial,64,0,unresolved,bound_gap,bound_gap,-15/16,15/32,-3/8,0/1,-3/8,0/1,False
primary_rows,1342,cell-0191,,all-64,primary,union_strict,64,36,input_blocked,,,,,,,,,False
primary_rows,1343,cell-0191,,all-64,primary,union_partial,64,1,input_blocked,,,,,,,,,False
primary_rows,1344,cell-0192,,all-64,primary,exact_projection,64,0,excluded,universal_bound,universal_bound,-17/64,-17/64,-17/64,-17/64,-17/64,-17/64,False
primary_rows,1345,cell-0192,,all-64,primary,one_edit_per_image,64,0,unresolved,opposite_worlds,opposite_worlds,-133/64,111/64,-81/64,69/64,-119/64,95/64,False
primary_rows,1346,cell-0192,,all-64,primary,one_edit_global,64,0,excluded,universal_bound,universal_bound,-21/64,-13/64,-19/64,-15/64,-21/64,-13/64,False
primary_rows,1347,cell-0192,,all-64,primary,current_strict,64,25,input_blocked,,,,,,,,,False
primary_rows,1348,cell-0192,,all-64,primary,current_partial,64,0,unresolved,bound_gap,bound_gap,-61/64,29/64,-25/64,-1/64,-25/64,-1/64,False
primary_rows,1349,cell-0192,,all-64,primary,union_strict,64,36,input_blocked,,,,,,,,,False
primary_rows,1350,cell-0192,,all-64,primary,union_partial,64,1,input_blocked,,,,,,,,,False
primary_rows,1351,cell-0193,,all-64,primary,exact_projection,64,0,excluded,universal_bound,universal_bound,-9/32,-9/32,-9/32,-9/32,-9/32,-9/32,False
primary_rows,1352,cell-0193,,all-64,primary,one_edit_per_image,64,0,unresolved,opposite_worlds,opposite_worlds,-67/32,55/32,-5/4,17/16,-59/32,47/32,False
primary_rows,1353,cell-0193,,all-64,primary,one_edit_global,64,0,excluded,universal_bound,universal_bound,-11/32,-7/32,-5/16,-1/4,-11/32,-7/32,False
primary_rows,1354,cell-0193,,all-64,primary,current_strict,64,25,input_blocked,,,,,,,,,False
primary_rows,1355,cell-0193,,all-64,primary,current_partial,64,0,unresolved,bound_gap,bound_gap,-15/16,7/16,-3/8,0/1,-3/8,0/1,False
primary_rows,1356,cell-0193,,all-64,primary,union_strict,64,36,input_blocked,,,,,,,,,False
primary_rows,1357,cell-0193,,all-64,primary,union_partial,64,1,input_blocked,,,,,,,,,False
primary_rows,1358,cell-0194,,all-64,primary,exact_projection,64,0,excluded,universal_bound,universal_bound,-17/64,-17/64,-17/64,-17/64,-17/64,-17/64,False
primary_rows,1359,cell-0194,,all-64,primary,one_edit_per_image,64,0,unresolved,opposite_worlds,opposite_worlds,-133/64,111/64,-79/64,67/64,-117/64,93/64,False
primary_rows,1360,cell-0194,,all-64,primary,one_edit_global,64,0,excluded,universal_bound,universal_bound,-21/64,-13/64,-19/64,-15/64,-21/64,-13/64,False
primary_rows,1361,cell-0194,,all-64,primary,current_strict,64,25,input_blocked,,,,,,,,,False
primary_rows,1362,cell-0194,,all-64,primary,current_partial,64,0,unresolved,opposite_worlds,opposite_worlds,-59/64,29/64,-23/64,1/64,-23/64,1/64,False
primary_rows,1363,cell-0194,,all-64,primary,union_strict,64,36,input_blocked,,,,,,,,,False
primary_rows,1364,cell-0194,,all-64,primary,union_partial,64,1,input_blocked,,,,,,,,,False
primary_rows,1365,cell-0195,,all-64,primary,exact_projection,64,0,excluded,universal_bound,universal_bound,-9/32,-9/32,-9/32,-9/32,-9/32,-9/32,False
primary_rows,1366,cell-0195,,all-64,primary,one_edit_per_image,64,0,unresolved,opposite_worlds,opposite_worlds,-67/32,55/32,-39/32,33/32,-59/32,23/16,False
primary_rows,1367,cell-0195,,all-64,primary,one_edit_global,64,0,excluded,universal_bound,universal_bound,-11/32,-7/32,-5/16,-1/4,-11/32,-7/32,False
primary_rows,1368,cell-0195,,all-64,primary,current_strict,64,25,input_blocked,,,,,,,,,False
primary_rows,1369,cell-0195,,all-64,primary,current_partial,64,0,unresolved,bound_gap,bound_gap,-15/16,7/16,-3/8,0/1,-3/8,0/1,False
primary_rows,1370,cell-0195,,all-64,primary,union_strict,64,36,input_blocked,,,,,,,,,False
primary_rows,1371,cell-0195,,all-64,primary,union_partial,64,1,input_blocked,,,,,,,,,False
primary_rows,1372,cell-0196,,all-64,primary,exact_projection,64,0,excluded,universal_bound,universal_bound,-17/64,-17/64,-17/64,-17/64,-17/64,-17/64,False
primary_rows,1373,cell-0196,,all-64,primary,one_edit_per_image,64,0,unresolved,opposite_worlds,opposite_worlds,-133/64,111/64,-77/64,67/64,-117/64,93/64,False
primary_rows,1374,cell-0196,,all-64,primary,one_edit_global,64,0,excluded,universal_bound,universal_bound,-21/64,-13/64,-19/64,-15/64,-21/64,-13/64,False
primary_rows,1375,cell-0196,,all-64,primary,current_strict,64,25,input_blocked,,,,,,,,,False
primary_rows,1376,cell-0196,,all-64,primary,current_partial,64,0,unresolved,opposite_worlds,opposite_worlds,-59/64,27/64,-23/64,1/64,-23/64,1/64,False
primary_rows,1377,cell-0196,,all-64,primary,union_strict,64,36,input_blocked,,,,,,,,,False
primary_rows,1378,cell-0196,,all-64,primary,union_partial,64,1,input_blocked,,,,,,,,,False
primary_rows,1379,cell-0197,,all-64,primary,exact_projection,64,0,excluded,universal_bound,universal_bound,-9/32,-9/32,-9/32,-9/32,-9/32,-9/32,False
primary_rows,1380,cell-0197,,all-64,primary,one_edit_per_image,64,0,unresolved,opposite_worlds,opposite_worlds,-33/16,55/32,-19/16,33/32,-29/16,23/16,False
primary_rows,1381,cell-0197,,all-64,primary,one_edit_global,64,0,excluded,universal_bound,universal_bound,-11/32,-7/32,-5/16,-1/4,-11/32,-7/32,False
primary_rows,1382,cell-0197,,all-64,primary,current_strict,64,25,input_blocked,,,,,,,,,False
primary_rows,1383,cell-0197,,all-64,primary,current_partial,64,0,unresolved,bound_gap,bound_gap,-29/32,13/32,-11/32,0/1,-11/32,0/1,False
primary_rows,1384,cell-0197,,all-64,primary,union_strict,64,36,input_blocked,,,,,,,,,False
primary_rows,1385,cell-0197,,all-64,primary,union_partial,64,1,input_blocked,,,,,,,,,False
primary_rows,1386,cell-0198,,all-64,primary,exact_projection,64,0,excluded,universal_bound,universal_bound,-17/64,-17/64,-17/64,-17/64,-17/64,-17/64,False
primary_rows,1387,cell-0198,,all-64,primary,one_edit_per_image,64,0,unresolved,opposite_worlds,opposite_worlds,-131/64,109/64,-75/64,65/64,-115/64,91/64,False
primary_rows,1388,cell-0198,,all-64,primary,one_edit_global,64,0,excluded,universal_bound,universal_bound,-21/64,-13/64,-19/64,-15/64,-21/64,-13/64,False
primary_rows,1389,cell-0198,,all-64,primary,current_strict,64,25,input_blocked,,,,,,,,,False
primary_rows,1390,cell-0198,,all-64,primary,current_partial,64,0,unresolved,opposite_worlds,opposite_worlds,-57/64,27/64,-21/64,1/64,-21/64,1/64,False
primary_rows,1391,cell-0198,,all-64,primary,union_strict,64,36,input_blocked,,,,,,,,,False
primary_rows,1392,cell-0198,,all-64,primary,union_partial,64,1,input_blocked,,,,,,,,,False
primary_rows,1393,cell-0199,,all-64,primary,exact_projection,64,0,excluded,universal_bound,universal_bound,-9/32,-9/32,-9/32,-9/32,-9/32,-9/32,False
primary_rows,1394,cell-0199,,all-64,primary,one_edit_per_image,64,0,unresolved,opposite_worlds,opposite_worlds,-33/16,27/16,-19/16,1/1,-57/32,11/8,False
primary_rows,1395,cell-0199,,all-64,primary,one_edit_global,64,0,excluded,universal_bound,universal_bound,-11/32,-7/32,-5/16,-1/4,-11/32,-7/32,False
primary_rows,1396,cell-0199,,all-64,primary,current_strict,64,25,input_blocked,,,,,,,,,False
primary_rows,1397,cell-0199,,all-64,primary,current_partial,64,0,unresolved,bound_gap,bound_gap,-29/32,13/32,-11/32,0/1,-11/32,0/1,False
primary_rows,1398,cell-0199,,all-64,primary,union_strict,64,36,input_blocked,,,,,,,,,False
primary_rows,1399,cell-0199,,all-64,primary,union_partial,64,1,input_blocked,,,,,,,,,False
primary_rows,1400,cell-0200,,all-64,primary,exact_projection,64,0,excluded,universal_bound,universal_bound,-19/64,-19/64,-19/64,-19/64,-19/64,-19/64,False
primary_rows,1401,cell-0200,,all-64,primary,one_edit_per_image,64,0,unresolved,opposite_worlds,opposite_worlds,-133/64,107/64,-77/64,63/64,-115/64,87/64,False
primary_rows,1402,cell-0200,,all-64,primary,one_edit_global,64,0,excluded,universal_bound,universal_bound,-23/64,-15/64,-21/64,-17/64,-23/64,-15/64,False
primary_rows,1403,cell-0200,,all-64,primary,current_strict,64,25,input_blocked,,,,,,,,,False
primary_rows,1404,cell-0200,,all-64,primary,current_partial,64,0,unresolved,opposite_worlds,opposite_worlds,-57/64,25/64,-21/64,1/64,-21/64,1/64,False
primary_rows,1405,cell-0200,,all-64,primary,union_strict,64,36,input_blocked,,,,,,,,,False
primary_rows,1406,cell-0200,,all-64,primary,union_partial,64,1,input_blocked,,,,,,,,,False
primary_rows,1407,cell-0201,,all-64,primary,exact_projection,64,0,excluded,universal_bound,universal_bound,-5/16,-5/16,-5/16,-5/16,-5/16,-5/16,False
primary_rows,1408,cell-0201,,all-64,primary,one_edit_per_image,64,0,unresolved,opposite_worlds,opposite_worlds,-67/32,53/32,-19/16,31/32,-57/32,43/32,False
primary_rows,1409,cell-0201,,all-64,primary,one_edit_global,64,0,excluded,universal_bound,universal_bound,-3/8,-1/4,-11/32,-9/32,-3/8,-1/4,False
primary_rows,1410,cell-0201,,all-64,primary,current_strict,64,25,input_blocked,,,,,,,,,False
primary_rows,1411,cell-0201,,all-64,primary,current_partial,64,0,unresolved,bound_gap,bound_gap,-7/8,3/8,-5/16,0/1,-5/16,0/1,False
primary_rows,1412,cell-0201,,all-64,primary,union_strict,64,36,input_blocked,,,,,,,,,False
primary_rows,1413,cell-0201,,all-64,primary,union_partial,64,1,input_blocked,,,,,,,,,False
primary_rows,1414,cell-0202,,all-64,primary,exact_projection,64,0,excluded,universal_bound,universal_bound,-21/64,-21/64,-21/64,-21/64,-21/64,-21/64,False
primary_rows,1415,cell-0202,,all-64,primary,one_edit_per_image,64,0,unresolved,opposite_worlds,opposite_worlds,-133/64,105/64,-77/64,61/64,-115/64,85/64,False
primary_rows,1416,cell-0202,,all-64,primary,one_edit_global,64,0,excluded,universal_bound,universal_bound,-25/64,-17/64,-23/64,-19/64,-25/64,-17/64,False
primary_rows,1417,cell-0202,,all-64,primary,current_strict,64,25,input_blocked,,,,,,,,,False
primary_rows,1418,cell-0202,,all-64,primary,current_partial,64,0,unresolved,bound_gap,bound_gap,-57/64,23/64,-21/64,-1/64,-21/64,-1/64,False
primary_rows,1419,cell-0202,,all-64,primary,union_strict,64,36,input_blocked,,,,,,,,,False
primary_rows,1420,cell-0202,,all-64,primary,union_partial,64,1,input_blocked,,,,,,,,,False
primary_rows,1421,cell-0203,,all-64,primary,exact_projection,64,0,excluded,universal_bound,universal_bound,-5/16,-5/16,-5/16,-5/16,-5/16,-5/16,False
primary_rows,1422,cell-0203,,all-64,primary,one_edit_per_image,64,0,unresolved,opposite_worlds,opposite_worlds,-33/16,53/32,-19/16,31/32,-57/32,43/32,False
primary_rows,1423,cell-0203,,all-64,primary,one_edit_global,64,0,excluded,universal_bound,universal_bound,-3/8,-1/4,-11/32,-9/32,-3/8,-1/4,False
primary_rows,1424,cell-0203,,all-64,primary,current_strict,64,25,input_blocked,,,,,,,,,False
primary_rows,1425,cell-0203,,all-64,primary,current_partial,64,0,unresolved,bound_gap,bound_gap,-7/8,3/8,-5/16,0/1,-5/16,0/1,False
primary_rows,1426,cell-0203,,all-64,primary,union_strict,64,36,input_blocked,,,,,,,,,False
primary_rows,1427,cell-0203,,all-64,primary,union_partial,64,1,input_blocked,,,,,,,,,False
primary_rows,1428,cell-0204,,all-64,primary,exact_projection,64,0,excluded,universal_bound,universal_bound,-19/64,-19/64,-19/64,-19/64,-19/64,-19/64,False
primary_rows,1429,cell-0204,,all-64,primary,one_edit_per_image,64,0,unresolved,opposite_worlds,opposite_worlds,-131/64,105/64,-75/64,63/64,-113/64,87/64,False
primary_rows,1430,cell-0204,,all-64,primary,one_edit_global,64,0,excluded,universal_bound,universal_bound,-23/64,-15/64,-21/64,-17/64,-23/64,-15/64,False
primary_rows,1431,cell-0204,,all-64,primary,current_strict,64,25,input_blocked,,,,,,,,,False
primary_rows,1432,cell-0204,,all-64,primary,current_partial,64,0,unresolved,bound_gap,bound_gap,-55/64,23/64,-19/64,-1/64,-19/64,-1/64,False
primary_rows,1433,cell-0204,,all-64,primary,union_strict,64,36,input_blocked,,,,,,,,,False
primary_rows,1434,cell-0204,,all-64,primary,union_partial,64,1,input_blocked,,,,,,,,,False
primary_rows,1435,cell-0205,,all-64,primary,exact_projection,64,0,excluded,universal_bound,universal_bound,-9/32,-9/32,-9/32,-9/32,-9/32,-9/32,False
primary_rows,1436,cell-0205,,all-64,primary,one_edit_per_image,64,0,unresolved,opposite_worlds,opposite_worlds,-65/32,53/32,-37/32,31/32,-55/32,43/32,False
primary_rows,1437,cell-0205,,all-64,primary,one_edit_global,64,0,excluded,universal_bound,universal_bound,-11/32,-7/32,-5/16,-1/4,-11/32,-7/32,False
primary_rows,1438,cell-0205,,all-64,primary,current_strict,64,25,input_blocked,,,,,,,,,False
primary_rows,1439,cell-0205,,all-64,primary,current_partial,64,0,unresolved,bound_gap,bound_gap,-27/32,3/8,-9/32,0/1,-9/32,0/1,False
primary_rows,1440,cell-0205,,all-64,primary,union_strict,64,36,input_blocked,,,,,,,,,False
primary_rows,1441,cell-0205,,all-64,primary,union_partial,64,1,input_blocked,,,,,,,,,False
primary_rows,1442,cell-0206,,all-64,primary,exact_projection,64,0,excluded,universal_bound,universal_bound,-19/64,-19/64,-19/64,-19/64,-19/64,-19/64,False
primary_rows,1443,cell-0206,,all-64,primary,one_edit_per_image,64,0,unresolved,opposite_worlds,opposite_worlds,-131/64,105/64,-75/64,63/64,-111/64,87/64,False
primary_rows,1444,cell-0206,,all-64,primary,one_edit_global,64,0,excluded,universal_bound,universal_bound,-23/64,-15/64,-21/64,-17/64,-23/64,-15/64,False
primary_rows,1445,cell-0206,,all-64,primary,current_strict,64,25,input_blocked,,,,,,,,,False
primary_rows,1446,cell-0206,,all-64,primary,current_partial,64,0,unresolved,bound_gap,bound_gap,-55/64,23/64,-19/64,-1/64,-19/64,-1/64,False
primary_rows,1447,cell-0206,,all-64,primary,union_strict,64,36,input_blocked,,,,,,,,,False
primary_rows,1448,cell-0206,,all-64,primary,union_partial,64,1,input_blocked,,,,,,,,,False
primary_rows,1449,cell-0207,,all-64,primary,exact_projection,64,0,excluded,universal_bound,universal_bound,-9/32,-9/32,-9/32,-9/32,-9/32,-9/32,False
primary_rows,1450,cell-0207,,all-64,primary,one_edit_per_image,64,0,unresolved,opposite_worlds,opposite_worlds,-65/32,13/8,-37/32,1/1,-55/32,11/8,False
primary_rows,1451,cell-0207,,all-64,primary,one_edit_global,64,0,excluded,universal_bound,universal_bound,-11/32,-7/32,-5/16,-1/4,-11/32,-7/32,False
primary_rows,1452,cell-0207,,all-64,primary,current_strict,64,25,input_blocked,,,,,,,,,False
primary_rows,1453,cell-0207,,all-64,primary,current_partial,64,0,unresolved,bound_gap,bound_gap,-27/32,3/8,-9/32,0/1,-9/32,0/1,False
primary_rows,1454,cell-0207,,all-64,primary,union_strict,64,36,input_blocked,,,,,,,,,False
primary_rows,1455,cell-0207,,all-64,primary,union_partial,64,1,input_blocked,,,,,,,,,False
primary_rows,1456,cell-0208,,all-64,primary,exact_projection,64,0,excluded,universal_bound,universal_bound,-19/64,-19/64,-19/64,-19/64,-19/64,-19/64,False
primary_rows,1457,cell-0208,,all-64,primary,one_edit_per_image,64,0,unresolved,opposite_worlds,opposite_worlds,-131/64,103/64,-75/64,63/64,-111/64,87/64,False
primary_rows,1458,cell-0208,,all-64,primary,one_edit_global,64,0,excluded,universal_bound,universal_bound,-23/64,-15/64,-21/64,-17/64,-23/64,-15/64,False
primary_rows,1459,cell-0208,,all-64,primary,current_strict,64,25,input_blocked,,,,,,,,,False
primary_rows,1460,cell-0208,,all-64,primary,current_partial,64,0,unresolved,bound_gap,bound_gap,-55/64,23/64,-19/64,-1/64,-19/64,-1/64,False
primary_rows,1461,cell-0208,,all-64,primary,union_strict,64,36,input_blocked,,,,,,,,,False
primary_rows,1462,cell-0208,,all-64,primary,union_partial,64,1,input_blocked,,,,,,,,,False
primary_rows,1463,cell-0209,,all-64,primary,exact_projection,64,0,excluded,universal_bound,universal_bound,-5/16,-5/16,-5/16,-5/16,-5/16,-5/16,False
primary_rows,1464,cell-0209,,all-64,primary,one_edit_per_image,64,0,unresolved,opposite_worlds,opposite_worlds,-33/16,51/32,-37/32,31/32,-55/32,21/16,False
primary_rows,1465,cell-0209,,all-64,primary,one_edit_global,64,0,excluded,universal_bound,universal_bound,-3/8,-1/4,-11/32,-9/32,-3/8,-1/4,False
primary_rows,1466,cell-0209,,all-64,primary,current_strict,64,25,input_blocked,,,,,,,,,False
primary_rows,1467,cell-0209,,all-64,primary,current_partial,64,0,unresolved,bound_gap,bound_gap,-7/8,11/32,-5/16,-1/32,-5/16,-1/32,False
primary_rows,1468,cell-0209,,all-64,primary,union_strict,64,36,input_blocked,,,,,,,,,False
primary_rows,1469,cell-0209,,all-64,primary,union_partial,64,1,input_blocked,,,,,,,,,False
primary_rows,1470,cell-0210,,all-64,primary,exact_projection,64,0,excluded,universal_bound,universal_bound,-19/64,-19/64,-19/64,-19/64,-19/64,-19/64,False
primary_rows,1471,cell-0210,,all-64,primary,one_edit_per_image,64,0,unresolved,opposite_worlds,opposite_worlds,-131/64,103/64,-73/64,61/64,-111/64,85/64,False
primary_rows,1472,cell-0210,,all-64,primary,one_edit_global,64,0,excluded,universal_bound,universal_bound,-23/64,-15/64,-21/64,-17/64,-23/64,-15/64,False
primary_rows,1473,cell-0210,,all-64,primary,current_strict,64,25,input_blocked,,,,,,,,,False
primary_rows,1474,cell-0210,,all-64,primary,current_partial,64,0,unresolved,bound_gap,bound_gap,-55/64,23/64,-19/64,-1/64,-19/64,-1/64,False
primary_rows,1475,cell-0210,,all-64,primary,union_strict,64,36,input_blocked,,,,,,,,,False
primary_rows,1476,cell-0210,,all-64,primary,union_partial,64,1,input_blocked,,,,,,,,,False
primary_rows,1477,cell-0211,,all-64,primary,exact_projection,64,0,excluded,universal_bound,universal_bound,-5/16,-5/16,-5/16,-5/16,-5/16,-5/16,False
primary_rows,1478,cell-0211,,all-64,primary,one_edit_per_image,64,0,unresolved,opposite_worlds,opposite_worlds,-65/32,51/32,-37/32,15/16,-55/32,21/16,False
primary_rows,1479,cell-0211,,all-64,primary,one_edit_global,64,0,excluded,universal_bound,universal_bound,-3/8,-1/4,-11/32,-9/32,-11/32,-1/4,False
primary_rows,1480,cell-0211,,all-64,primary,current_strict,64,25,input_blocked,,,,,,,,,False
primary_rows,1481,cell-0211,,all-64,primary,current_partial,64,0,unresolved,bound_gap,bound_gap,-7/8,11/32,-5/16,-1/32,-5/16,-1/32,False
primary_rows,1482,cell-0211,,all-64,primary,union_strict,64,36,input_blocked,,,,,,,,,False
primary_rows,1483,cell-0211,,all-64,primary,union_partial,64,1,input_blocked,,,,,,,,,False
primary_rows,1484,cell-0212,,all-64,primary,exact_projection,64,0,excluded,universal_bound,universal_bound,-19/64,-19/64,-19/64,-19/64,-19/64,-19/64,False
primary_rows,1485,cell-0212,,all-64,primary,one_edit_per_image,64,0,unresolved,opposite_worlds,opposite_worlds,-129/64,103/64,-73/64,61/64,-109/64,85/64,False
primary_rows,1486,cell-0212,,all-64,primary,one_edit_global,64,0,excluded,universal_bound,universal_bound,-23/64,-15/64,-21/64,-17/64,-21/64,-15/64,False
primary_rows,1487,cell-0212,,all-64,primary,current_strict,64,25,input_blocked,,,,,,,,,False
primary_rows,1488,cell-0212,,all-64,primary,current_partial,64,0,unresolved,bound_gap,bound_gap,-55/64,23/64,-19/64,-1/64,-19/64,-1/64,False
primary_rows,1489,cell-0212,,all-64,primary,union_strict,64,36,input_blocked,,,,,,,,,False
primary_rows,1490,cell-0212,,all-64,primary,union_partial,64,1,input_blocked,,,,,,,,,False
primary_rows,1491,cell-0213,,all-64,primary,exact_projection,64,0,excluded,universal_bound,universal_bound,-9/32,-9/32,-9/32,-9/32,-9/32,-9/32,False
primary_rows,1492,cell-0213,,all-64,primary,one_edit_per_image,64,0,unresolved,opposite_worlds,opposite_worlds,-2/1,13/8,-9/8,31/32,-27/16,43/32,False
primary_rows,1493,cell-0213,,all-64,primary,one_edit_global,64,0,excluded,universal_bound,universal_bound,-11/32,-7/32,-5/16,-1/4,-5/16,-7/32,False
primary_rows,1494,cell-0213,,all-64,primary,current_strict,64,25,input_blocked,,,,,,,,,False
primary_rows,1495,cell-0213,,all-64,primary,current_partial,64,0,unresolved,bound_gap,bound_gap,-27/32,3/8,-9/32,0/1,-9/32,0/1,False
primary_rows,1496,cell-0213,,all-64,primary,union_strict,64,36,input_blocked,,,,,,,,,False
primary_rows,1497,cell-0213,,all-64,primary,union_partial,64,1,input_blocked,,,,,,,,,False
primary_rows,1498,cell-0214,,all-64,primary,exact_projection,64,0,excluded,universal_bound,universal_bound,-17/64,-17/64,-17/64,-17/64,-17/64,-17/64,False
primary_rows,1499,cell-0214,,all-64,primary,one_edit_per_image,64,0,unresolved,opposite_worlds,opposite_worlds,-127/64,105/64,-71/64,63/64,-109/64,89/64,False
primary_rows,1500,cell-0214,,all-64,primary,one_edit_global,64,0,excluded,universal_bound,universal_bound,-21/64,-13/64,-19/64,-15/64,-19/64,-13/64,False
primary_rows,1501,cell-0214,,all-64,primary,current_strict,64,25,input_blocked,,,,,,,,,False
primary_rows,1502,cell-0214,,all-64,primary,current_partial,64,0,unresolved,opposite_worlds,opposite_worlds,-53/64,25/64,-17/64,1/64,-17/64,1/64,False
primary_rows,1503,cell-0214,,all-64,primary,union_strict,64,36,input_blocked,,,,,,,,,False
primary_rows,1504,cell-0214,,all-64,primary,union_partial,64,1,input_blocked,,,,,,,,,False
primary_rows,1505,cell-0215,,all-64,primary,exact_projection,64,0,excluded,universal_bound,universal_bound,-1/4,-1/4,-1/4,-1/4,-1/4,-1/4,False
primary_rows,1506,cell-0215,,all-64,primary,one_edit_per_image,64,0,unresolved,opposite_worlds,opposite_worlds,-2/1,53/32,-9/8,1/1,-27/16,11/8,False
primary_rows,1507,cell-0215,,all-64,primary,one_edit_global,64,0,excluded,universal_bound,universal_bound,-5/16,-3/16,-9/32,-7/32,-9/32,-3/16,False
primary_rows,1508,cell-0215,,all-64,primary,current_strict,64,25,input_blocked,,,,,,,,,False
primary_rows,1509,cell-0215,,all-64,primary,current_partial,64,0,unresolved,opposite_worlds,opposite_worlds,-13/16,13/32,-1/4,1/32,-1/4,1/32,False
primary_rows,1510,cell-0215,,all-64,primary,union_strict,64,36,input_blocked,,,,,,,,,False
primary_rows,1511,cell-0215,,all-64,primary,union_partial,64,1,input_blocked,,,,,,,,,False
primary_rows,1512,cell-0216,,all-64,primary,exact_projection,64,0,excluded,universal_bound,universal_bound,-17/64,-17/64,-17/64,-17/64,-17/64,-17/64,False
primary_rows,1513,cell-0216,,all-64,primary,one_edit_per_image,64,0,unresolved,opposite_worlds,opposite_worlds,-129/64,105/64,-71/64,63/64,-107/64,87/64,False
primary_rows,1514,cell-0216,,all-64,primary,one_edit_global,64,0,excluded,universal_bound,universal_bound,-21/64,-13/64,-19/64,-15/64,-19/64,-13/64,False
primary_rows,1515,cell-0216,,all-64,primary,current_strict,64,25,input_blocked,,,,,,,,,False
primary_rows,1516,cell-0216,,all-64,primary,current_partial,64,0,unresolved,opposite_worlds,opposite_worlds,-53/64,25/64,-17/64,1/64,-17/64,1/64,False
primary_rows,1517,cell-0216,,all-64,primary,union_strict,64,36,input_blocked,,,,,,,,,False
primary_rows,1518,cell-0216,,all-64,primary,union_partial,64,1,input_blocked,,,,,,,,,False
primary_rows,1519,cell-0217,,all-64,primary,exact_projection,64,0,excluded,universal_bound,universal_bound,-9/32,-9/32,-9/32,-9/32,-9/32,-9/32,False
primary_rows,1520,cell-0217,,all-64,primary,one_edit_per_image,64,0,unresolved,opposite_worlds,opposite_worlds,-2/1,13/8,-9/8,31/32,-27/16,43/32,False
primary_rows,1521,cell-0217,,all-64,primary,one_edit_global,64,0,excluded,universal_bound,universal_bound,-11/32,-7/32,-5/16,-1/4,-5/16,-7/32,False
primary_rows,1522,cell-0217,,all-64,primary,current_strict,64,25,input_blocked,,,,,,,,,False
primary_rows,1523,cell-0217,,all-64,primary,current_partial,64,0,unresolved,bound_gap,bound_gap,-27/32,3/8,-9/32,0/1,-9/32,0/1,False
primary_rows,1524,cell-0217,,all-64,primary,union_strict,64,36,input_blocked,,,,,,,,,False
primary_rows,1525,cell-0217,,all-64,primary,union_partial,64,1,input_blocked,,,,,,,,,False
primary_rows,1526,cell-0218,,all-64,primary,exact_projection,64,0,excluded,universal_bound,universal_bound,-17/64,-17/64,-17/64,-17/64,-17/64,-17/64,False
primary_rows,1527,cell-0218,,all-64,primary,one_edit_per_image,64,0,unresolved,opposite_worlds,opposite_worlds,-127/64,105/64,-71/64,63/64,-105/64,87/64,False
primary_rows,1528,cell-0218,,all-64,primary,one_edit_global,64,0,excluded,universal_bound,universal_bound,-21/64,-13/64,-19/64,-15/64,-19/64,-13/64,False
primary_rows,1529,cell-0218,,all-64,primary,current_strict,64,25,input_blocked,,,,,,,,,False
primary_rows,1530,cell-0218,,all-64,primary,current_partial,64,0,unresolved,opposite_worlds,opposite_worlds,-53/64,25/64,-17/64,1/64,-17/64,1/64,False
primary_rows,1531,cell-0218,,all-64,primary,union_strict,64,36,input_blocked,,,,,,,,,False
primary_rows,1532,cell-0218,,all-64,primary,union_partial,64,1,input_blocked,,,,,,,,,False
primary_rows,1533,cell-0219,,all-64,primary,exact_projection,64,0,excluded,universal_bound,universal_bound,-1/4,-1/4,-1/4,-1/4,-1/4,-1/4,False
primary_rows,1534,cell-0219,,all-64,primary,one_edit_per_image,64,0,unresolved,opposite_worlds,opposite_worlds,-63/32,13/8,-35/32,1/1,-13/8,11/8,False
primary_rows,1535,cell-0219,,all-64,primary,one_edit_global,64,0,excluded,universal_bound,universal_bound,-5/16,-3/16,-9/32,-7/32,-9/32,-3/16,False
primary_rows,1536,cell-0219,,all-64,primary,current_strict,64,25,input_blocked,,,,,,,,,False
primary_rows,1537,cell-0219,,all-64,primary,current_partial,64,0,unresolved,opposite_worlds,opposite_worlds,-13/16,3/8,-1/4,1/32,-1/4,1/32,False
primary_rows,1538,cell-0219,,all-64,primary,union_strict,64,36,input_blocked,,,,,,,,,False
primary_rows,1539,cell-0219,,all-64,primary,union_partial,64,1,input_blocked,,,,,,,,,False
primary_rows,1540,cell-0220,,all-64,primary,exact_projection,64,0,excluded,universal_bound,universal_bound,-15/64,-15/64,-15/64,-15/64,-15/64,-15/64,False
primary_rows,1541,cell-0220,,all-64,primary,one_edit_per_image,64,0,unresolved,opposite_worlds,opposite_worlds,-125/64,103/64,-69/64,63/64,-103/64,87/64,False
primary_rows,1542,cell-0220,,all-64,primary,one_edit_global,64,0,excluded,universal_bound,universal_bound,-19/64,-11/64,-17/64,-13/64,-17/64,-11/64,False
primary_rows,1543,cell-0220,,all-64,primary,current_strict,64,25,input_blocked,,,,,,,,,False
primary_rows,1544,cell-0220,,all-64,primary,current_partial,64,0,unresolved,opposite_worlds,opposite_worlds,-51/64,25/64,-15/64,3/64,-15/64,3/64,False
primary_rows,1545,cell-0220,,all-64,primary,union_strict,64,36,input_blocked,,,,,,,,,False
primary_rows,1546,cell-0220,,all-64,primary,union_partial,64,1,input_blocked,,,,,,,,,False
primary_rows,1547,cell-0221,,all-64,primary,exact_projection,64,0,excluded,universal_bound,universal_bound,-7/32,-7/32,-7/32,-7/32,-7/32,-7/32,False
primary_rows,1548,cell-0221,,all-64,primary,one_edit_per_image,64,0,unresolved,opposite_worlds,opposite_worlds,-31/16,51/32,-17/16,1/1,-51/32,11/8,False
primary_rows,1549,cell-0221,,all-64,primary,one_edit_global,64,0,excluded,universal_bound,universal_bound,-9/32,-5/32,-1/4,-3/16,-1/4,-5/32,False
primary_rows,1550,cell-0221,,all-64,primary,current_strict,64,25,input_blocked,,,,,,,,,False
primary_rows,1551,cell-0221,,all-64,primary,current_partial,64,0,unresolved,opposite_worlds,opposite_worlds,-25/32,13/32,-7/32,1/16,-7/32,1/16,False
primary_rows,1552,cell-0221,,all-64,primary,union_strict,64,36,input_blocked,,,,,,,,,False
primary_rows,1553,cell-0221,,all-64,primary,union_partial,64,1,input_blocked,,,,,,,,,False
primary_rows,1554,cell-0222,,all-64,primary,exact_projection,64,0,excluded,universal_bound,universal_bound,-15/64,-15/64,-15/64,-15/64,-15/64,-15/64,False
primary_rows,1555,cell-0222,,all-64,primary,one_edit_per_image,64,0,unresolved,opposite_worlds,opposite_worlds,-125/64,101/64,-69/64,63/64,-103/64,87/64,False
primary_rows,1556,cell-0222,,all-64,primary,one_edit_global,64,0,excluded,universal_bound,universal_bound,-19/64,-11/64,-17/64,-13/64,-17/64,-11/64,False
primary_rows,1557,cell-0222,,all-64,primary,current_strict,64,25,input_blocked,,,,,,,,,False
primary_rows,1558,cell-0222,,all-64,primary,current_partial,64,0,unresolved,opposite_worlds,opposite_worlds,-51/64,25/64,-15/64,3/64,-15/64,3/64,False
primary_rows,1559,cell-0222,,all-64,primary,union_strict,64,36,input_blocked,,,,,,,,,False
primary_rows,1560,cell-0222,,all-64,primary,union_partial,64,1,input_blocked,,,,,,,,,False
primary_rows,1561,cell-0223,,all-64,primary,exact_projection,64,0,excluded,universal_bound,universal_bound,-7/32,-7/32,-7/32,-7/32,-7/32,-7/32,False
primary_rows,1562,cell-0223,,all-64,primary,one_edit_per_image,64,0,unresolved,opposite_worlds,opposite_worlds,-31/16,25/16,-17/16,31/32,-51/32,43/32,False
primary_rows,1563,cell-0223,,all-64,primary,one_edit_global,64,0,excluded,universal_bound,universal_bound,-9/32,-5/32,-1/4,-3/16,-1/4,-5/32,False
primary_rows,1564,cell-0223,,all-64,primary,current_strict,64,25,input_blocked,,,,,,,,,False
primary_rows,1565,cell-0223,,all-64,primary,current_partial,64,0,unresolved,opposite_worlds,opposite_worlds,-25/32,3/8,-7/32,1/32,-7/32,1/32,False
primary_rows,1566,cell-0223,,all-64,primary,union_strict,64,36,input_blocked,,,,,,,,,False
primary_rows,1567,cell-0223,,all-64,primary,union_partial,64,1,input_blocked,,,,,,,,,False
primary_rows,1568,cell-0224,,all-64,primary,exact_projection,64,0,excluded,universal_bound,universal_bound,-15/64,-15/64,-15/64,-15/64,-15/64,-15/64,False
primary_rows,1569,cell-0224,,all-64,primary,one_edit_per_image,64,0,unresolved,opposite_worlds,opposite_worlds,-125/64,99/64,-69/64,61/64,-103/64,85/64,False
primary_rows,1570,cell-0224,,all-64,primary,one_edit_global,64,0,excluded,universal_bound,universal_bound,-19/64,-11/64,-17/64,-13/64,-17/64,-11/64,False
primary_rows,1571,cell-0224,,all-64,primary,current_strict,64,25,input_blocked,,,,,,,,,False
primary_rows,1572,cell-0224,,all-64,primary,current_partial,64,0,unresolved,opposite_worlds,opposite_worlds,-51/64,23/64,-15/64,1/64,-15/64,1/64,False
primary_rows,1573,cell-0224,,all-64,primary,union_strict,64,36,input_blocked,,,,,,,,,False
primary_rows,1574,cell-0224,,all-64,primary,union_partial,64,1,input_blocked,,,,,,,,,False
primary_rows,1575,cell-0225,,all-64,primary,exact_projection,64,0,excluded,universal_bound,universal_bound,-1/4,-1/4,-1/4,-1/4,-1/4,-1/4,False
primary_rows,1576,cell-0225,,all-64,primary,one_edit_per_image,64,0,unresolved,opposite_worlds,opposite_worlds,-63/32,49/32,-17/16,15/16,-13/8,21/16,False
primary_rows,1577,cell-0225,,all-64,primary,one_edit_global,64,0,excluded,universal_bound,universal_bound,-5/16,-3/16,-9/32,-7/32,-9/32,-3/16,False
primary_rows,1578,cell-0225,,all-64,primary,current_strict,64,25,input_blocked,,,,,,,,,False
primary_rows,1579,cell-0225,,all-64,primary,current_partial,64,0,unresolved,bound_gap,bound_gap,-13/16,11/32,-1/4,0/1,-1/4,0/1,False
primary_rows,1580,cell-0225,,all-64,primary,union_strict,64,36,input_blocked,,,,,,,,,False
primary_rows,1581,cell-0225,,all-64,primary,union_partial,64,1,input_blocked,,,,,,,,,False
primary_rows,1582,cell-0226,,all-64,primary,exact_projection,64,0,excluded,universal_bound,universal_bound,-15/64,-15/64,-15/64,-15/64,-15/64,-15/64,False
primary_rows,1583,cell-0226,,all-64,primary,one_edit_per_image,64,0,unresolved,opposite_worlds,opposite_worlds,-125/64,97/64,-67/64,59/64,-105/64,83/64,False
primary_rows,1584,cell-0226,,all-64,primary,one_edit_global,64,0,excluded,universal_bound,universal_bound,-19/64,-11/64,-17/64,-13/64,-17/64,-11/64,False
primary_rows,1585,cell-0226,,all-64,primary,current_strict,64,25,input_blocked,,,,,,,,,False
primary_rows,1586,cell-0226,,all-64,primary,current_partial,64,0,unresolved,opposite_worlds,opposite_worlds,-51/64,23/64,-15/64,1/64,-15/64,1/64,False
primary_rows,1587,cell-0226,,all-64,primary,union_strict,64,36,input_blocked,,,,,,,,,False
primary_rows,1588,cell-0226,,all-64,primary,union_partial,64,1,input_blocked,,,,,,,,,False
primary_rows,1589,cell-0227,,all-64,primary,exact_projection,64,0,excluded,universal_bound,universal_bound,-7/32,-7/32,-7/32,-7/32,-7/32,-7/32,False
primary_rows,1590,cell-0227,,all-64,primary,one_edit_per_image,64,0,unresolved,opposite_worlds,opposite_worlds,-31/16,49/32,-33/32,15/16,-51/32,41/32,False
primary_rows,1591,cell-0227,,all-64,primary,one_edit_global,64,0,excluded,universal_bound,universal_bound,-9/32,-5/32,-1/4,-3/16,-1/4,-5/32,False
primary_rows,1592,cell-0227,,all-64,primary,current_strict,64,25,input_blocked,,,,,,,,,False
primary_rows,1593,cell-0227,,all-64,primary,current_partial,64,0,unresolved,opposite_worlds,opposite_worlds,-25/32,3/8,-7/32,1/32,-7/32,1/32,False
primary_rows,1594,cell-0227,,all-64,primary,union_strict,64,36,input_blocked,,,,,,,,,False
primary_rows,1595,cell-0227,,all-64,primary,union_partial,64,1,input_blocked,,,,,,,,,False
primary_rows,1596,cell-0228,,all-64,primary,exact_projection,64,0,excluded,universal_bound,universal_bound,-15/64,-15/64,-15/64,-15/64,-15/64,-15/64,False
primary_rows,1597,cell-0228,,all-64,primary,one_edit_per_image,64,0,unresolved,opposite_worlds,opposite_worlds,-125/64,97/64,-67/64,59/64,-101/64,81/64,False
primary_rows,1598,cell-0228,,all-64,primary,one_edit_global,64,0,excluded,universal_bound,universal_bound,-19/64,-11/64,-17/64,-13/64,-17/64,-11/64,False
primary_rows,1599,cell-0228,,all-64,primary,current_strict,64,25,input_blocked,,,,,,,,,False
primary_rows,1600,cell-0228,,all-64,primary,current_partial,64,0,unresolved,opposite_worlds,opposite_worlds,-51/64,23/64,-15/64,1/64,-15/64,1/64,False
primary_rows,1601,cell-0228,,all-64,primary,union_strict,64,36,input_blocked,,,,,,,,,False
primary_rows,1602,cell-0228,,all-64,primary,union_partial,64,1,input_blocked,,,,,,,,,False
primary_rows,1603,cell-0229,,all-64,primary,exact_projection,64,0,excluded,universal_bound,universal_bound,-7/32,-7/32,-7/32,-7/32,-7/32,-7/32,False
primary_rows,1604,cell-0229,,all-64,primary,one_edit_per_image,64,0,unresolved,opposite_worlds,opposite_worlds,-31/16,3/2,-33/32,15/16,-25/16,41/32,False
primary_rows,1605,cell-0229,,all-64,primary,one_edit_global,64,0,excluded,universal_bound,universal_bound,-9/32,-5/32,-1/4,-3/16,-1/4,-5/32,False
primary_rows,1606,cell-0229,,all-64,primary,current_strict,64,25,input_blocked,,,,,,,,,False
primary_rows,1607,cell-0229,,all-64,primary,current_partial,64,0,unresolved,bound_gap,bound_gap,-13/16,11/32,-1/4,0/1,-1/4,0/1,False
primary_rows,1608,cell-0229,,all-64,primary,union_strict,64,36,input_blocked,,,,,,,,,False
primary_rows,1609,cell-0229,,all-64,primary,union_partial,64,1,input_blocked,,,,,,,,,False
primary_rows,1610,cell-0230,,all-64,primary,exact_projection,64,0,excluded,universal_bound,universal_bound,-13/64,-13/64,-13/64,-13/64,-13/64,-13/64,False
primary_rows,1611,cell-0230,,all-64,primary,one_edit_per_image,64,0,unresolved,opposite_worlds,opposite_worlds,-123/64,97/64,-65/64,61/64,-99/64,83/64,False
primary_rows,1612,cell-0230,,all-64,primary,one_edit_global,64,0,excluded,universal_bound,universal_bound,-17/64,-9/64,-15/64,-11/64,-15/64,-9/64,False
primary_rows,1613,cell-0230,,all-64,primary,current_strict,64,25,input_blocked,,,,,,,,,False
primary_rows,1614,cell-0230,,all-64,primary,current_partial,64,0,unresolved,opposite_worlds,opposite_worlds,-51/64,21/64,-15/64,1/64,-15/64,1/64,False
primary_rows,1615,cell-0230,,all-64,primary,union_strict,64,36,input_blocked,,,,,,,,,False
primary_rows,1616,cell-0230,,all-64,primary,union_partial,64,1,input_blocked,,,,,,,,,False
primary_rows,1617,cell-0231,,all-64,primary,exact_projection,64,0,excluded,universal_bound,universal_bound,-3/16,-3/16,-3/16,-3/16,-3/16,-3/16,False
primary_rows,1618,cell-0231,,all-64,primary,one_edit_per_image,64,0,unresolved,opposite_worlds,opposite_worlds,-61/32,49/32,-1/1,31/32,-25/16,43/32,False
primary_rows,1619,cell-0231,,all-64,primary,one_edit_global,64,0,excluded,universal_bound,universal_bound,-1/4,-1/8,-7/32,-5/32,-7/32,-1/8,False
primary_rows,1620,cell-0231,,all-64,primary,current_strict,64,25,input_blocked,,,,,,,,,False
primary_rows,1621,cell-0231,,all-64,primary,current_partial,64,0,unresolved,opposite_worlds,opposite_worlds,-25/32,11/32,-7/32,1/32,-7/32,1/32,False
primary_rows,1622,cell-0231,,all-64,primary,union_strict,64,36,input_blocked,,,,,,,,,False
primary_rows,1623,cell-0231,,all-64,primary,union_partial,64,1,input_blocked,,,,,,,,,False
primary_rows,1624,cell-0232,,all-64,primary,exact_projection,64,0,excluded,universal_bound,universal_bound,-13/64,-13/64,-13/64,-13/64,-13/64,-13/64,False
primary_rows,1625,cell-0232,,all-64,primary,one_edit_per_image,64,0,unresolved,opposite_worlds,opposite_worlds,-123/64,97/64,-65/64,61/64,-101/64,85/64,False
primary_rows,1626,cell-0232,,all-64,primary,one_edit_global,64,0,excluded,universal_bound,universal_bound,-17/64,-9/64,-15/64,-11/64,-15/64,-9/64,False
primary_rows,1627,cell-0232,,all-64,primary,current_strict,64,25,input_blocked,,,,,,,,,False
primary_rows,1628,cell-0232,,all-64,primary,current_partial,64,0,unresolved,opposite_worlds,opposite_worlds,-51/64,21/64,-15/64,1/64,-15/64,1/64,False
primary_rows,1629,cell-0232,,all-64,primary,union_strict,64,36,input_blocked,,,,,,,,,False
primary_rows,1630,cell-0232,,all-64,primary,union_partial,64,1,input_blocked,,,,,,,,,False
primary_rows,1631,cell-0233,,all-64,primary,exact_projection,64,0,excluded,universal_bound,universal_bound,-7/32,-7/32,-7/32,-7/32,-7/32,-7/32,False
primary_rows,1632,cell-0233,,all-64,primary,one_edit_per_image,64,0,unresolved,opposite_worlds,opposite_worlds,-61/32,3/2,-1/1,15/16,-25/16,21/16,False
primary_rows,1633,cell-0233,,all-64,primary,one_edit_global,64,0,excluded,universal_bound,universal_bound,-9/32,-5/32,-1/4,-3/16,-1/4,-5/32,False
primary_rows,1634,cell-0233,,all-64,primary,current_strict,64,25,input_blocked,,,,,,,,,False
primary_rows,1635,cell-0233,,all-64,primary,current_partial,64,0,unresolved,bound_gap,bound_gap,-13/16,5/16,-1/4,0/1,-1/4,0/1,False
primary_rows,1636,cell-0233,,all-64,primary,union_strict,64,36,input_blocked,,,,,,,,,False
primary_rows,1637,cell-0233,,all-64,primary,union_partial,64,1,input_blocked,,,,,,,,,False
primary_rows,1638,cell-0234,,all-64,primary,exact_projection,64,0,excluded,universal_bound,universal_bound,-13/64,-13/64,-13/64,-13/64,-13/64,-13/64,False
primary_rows,1639,cell-0234,,all-64,primary,one_edit_per_image,64,0,unresolved,opposite_worlds,opposite_worlds,-121/64,95/64,-63/64,61/64,-99/64,85/64,False
primary_rows,1640,cell-0234,,all-64,primary,one_edit_global,64,0,excluded,universal_bound,universal_bound,-17/64,-9/64,-15/64,-11/64,-15/64,-9/64,False
primary_rows,1641,cell-0234,,all-64,primary,current_strict,64,25,input_blocked,,,,,,,,,False
primary_rows,1642,cell-0234,,all-64,primary,current_partial,64,0,unresolved,opposite_worlds,opposite_worlds,-51/64,19/64,-15/64,1/64,-15/64,1/64,False
primary_rows,1643,cell-0234,,all-64,primary,union_strict,64,36,input_blocked,,,,,,,,,False
primary_rows,1644,cell-0234,,all-64,primary,union_partial,64,1,input_blocked,,,,,,,,,False
primary_rows,1645,cell-0235,,all-64,primary,exact_projection,64,0,excluded,universal_bound,universal_bound,-3/16,-3/16,-3/16,-3/16,-3/16,-3/16,False
primary_rows,1646,cell-0235,,all-64,primary,one_edit_per_image,64,0,unresolved,opposite_worlds,opposite_worlds,-61/32,3/2,-1/1,31/32,-49/32,43/32,False
primary_rows,1647,cell-0235,,all-64,primary,one_edit_global,64,0,excluded,universal_bound,universal_bound,-1/4,-1/8,-7/32,-5/32,-7/32,-1/8,False
primary_rows,1648,cell-0235,,all-64,primary,current_strict,64,25,input_blocked,,,,,,,,,False
primary_rows,1649,cell-0235,,all-64,primary,current_partial,64,0,unresolved,bound_gap,bound_gap,-13/16,9/32,-1/4,0/1,-1/4,0/1,False
primary_rows,1650,cell-0235,,all-64,primary,union_strict,64,36,input_blocked,,,,,,,,,False
primary_rows,1651,cell-0235,,all-64,primary,union_partial,64,1,input_blocked,,,,,,,,,False
primary_rows,1652,cell-0236,,all-64,primary,exact_projection,64,0,excluded,universal_bound,universal_bound,-11/64,-11/64,-11/64,-11/64,-11/64,-11/64,False
primary_rows,1653,cell-0236,,all-64,primary,one_edit_per_image,64,0,unresolved,opposite_worlds,opposite_worlds,-121/64,97/64,-63/64,61/64,-97/64,85/64,False
primary_rows,1654,cell-0236,,all-64,primary,one_edit_global,64,0,excluded,universal_bound,universal_bound,-15/64,-7/64,-13/64,-9/64,-13/64,-7/64,False
primary_rows,1655,cell-0236,,all-64,primary,current_strict,64,25,input_blocked,,,,,,,,,False
primary_rows,1656,cell-0236,,all-64,primary,current_partial,64,0,unresolved,opposite_worlds,opposite_worlds,-51/64,19/64,-15/64,1/64,-15/64,1/64,False
primary_rows,1657,cell-0236,,all-64,primary,union_strict,64,36,input_blocked,,,,,,,,,False
primary_rows,1658,cell-0236,,all-64,primary,union_partial,64,1,input_blocked,,,,,,,,,False
primary_rows,1659,cell-0237,,all-64,primary,exact_projection,64,0,excluded,universal_bound,universal_bound,-3/16,-3/16,-3/16,-3/16,-3/16,-3/16,False
primary_rows,1660,cell-0237,,all-64,primary,one_edit_per_image,64,0,unresolved,opposite_worlds,opposite_worlds,-61/32,3/2,-1/1,15/16,-49/32,21/16,False
primary_rows,1661,cell-0237,,all-64,primary,one_edit_global,64,0,excluded,universal_bound,universal_bound,-1/4,-1/8,-7/32,-5/32,-7/32,-1/8,False
primary_rows,1662,cell-0237,,all-64,primary,current_strict,64,25,input_blocked,,,,,,,,,False
primary_rows,1663,cell-0237,,all-64,primary,current_partial,64,0,unresolved,bound_gap,bound_gap,-13/16,9/32,-1/4,0/1,-1/4,0/1,False
primary_rows,1664,cell-0237,,all-64,primary,union_strict,64,36,input_blocked,,,,,,,,,False
primary_rows,1665,cell-0237,,all-64,primary,union_partial,64,1,input_blocked,,,,,,,,,False
primary_rows,1666,cell-0238,,all-64,primary,exact_projection,64,0,excluded,universal_bound,universal_bound,-11/64,-11/64,-11/64,-11/64,-11/64,-11/64,False
primary_rows,1667,cell-0238,,all-64,primary,one_edit_per_image,64,0,unresolved,opposite_worlds,opposite_worlds,-121/64,97/64,-63/64,61/64,-95/64,83/64,False
primary_rows,1668,cell-0238,,all-64,primary,one_edit_global,64,0,excluded,universal_bound,universal_bound,-15/64,-7/64,-13/64,-9/64,-13/64,-7/64,False
primary_rows,1669,cell-0238,,all-64,primary,current_strict,64,25,input_blocked,,,,,,,,,False
primary_rows,1670,cell-0238,,all-64,primary,current_partial,64,0,unresolved,opposite_worlds,opposite_worlds,-51/64,19/64,-15/64,1/64,-15/64,1/64,False
primary_rows,1671,cell-0238,,all-64,primary,union_strict,64,36,input_blocked,,,,,,,,,False
primary_rows,1672,cell-0238,,all-64,primary,union_partial,64,1,input_blocked,,,,,,,,,False
primary_rows,1673,cell-0239,,all-64,primary,exact_projection,64,0,excluded,universal_bound,universal_bound,-5/32,-5/32,-5/32,-5/32,-5/32,-5/32,False
primary_rows,1674,cell-0239,,all-64,primary,one_edit_per_image,64,0,unresolved,opposite_worlds,opposite_worlds,-61/32,49/32,-31/32,31/32,-47/32,21/16,False
primary_rows,1675,cell-0239,,all-64,primary,one_edit_global,64,0,excluded,universal_bound,universal_bound,-7/32,-3/32,-3/16,-1/8,-3/16,-3/32,False
primary_rows,1676,cell-0239,,all-64,primary,current_strict,64,25,input_blocked,,,,,,,,,False
primary_rows,1677,cell-0239,,all-64,primary,current_partial,64,0,unresolved,bound_gap,bound_gap,-25/32,9/32,-1/4,0/1,-1/4,0/1,False
primary_rows,1678,cell-0239,,all-64,primary,union_strict,64,36,input_blocked,,,,,,,,,False
primary_rows,1679,cell-0239,,all-64,primary,union_partial,64,1,input_blocked,,,,,,,,,False
primary_rows,1680,cell-0240,,all-64,primary,exact_projection,64,0,excluded,universal_bound,universal_bound,-11/64,-11/64,-11/64,-11/64,-11/64,-11/64,False
primary_rows,1681,cell-0240,,all-64,primary,one_edit_per_image,64,0,unresolved,opposite_worlds,opposite_worlds,-121/64,97/64,-63/64,61/64,-95/64,83/64,False
primary_rows,1682,cell-0240,,all-64,primary,one_edit_global,64,0,excluded,universal_bound,universal_bound,-15/64,-7/64,-13/64,-9/64,-13/64,-7/64,False
primary_rows,1683,cell-0240,,all-64,primary,current_strict,64,25,input_blocked,,,,,,,,,False
primary_rows,1684,cell-0240,,all-64,primary,current_partial,64,0,unresolved,opposite_worlds,opposite_worlds,-49/64,17/64,-15/64,1/64,-15/64,1/64,False
primary_rows,1685,cell-0240,,all-64,primary,union_strict,64,36,input_blocked,,,,,,,,,False
primary_rows,1686,cell-0240,,all-64,primary,union_partial,64,1,input_blocked,,,,,,,,,False
primary_rows,1687,cell-0241,,all-64,primary,exact_projection,64,0,excluded,universal_bound,universal_bound,-3/16,-3/16,-3/16,-3/16,-3/16,-3/16,False
primary_rows,1688,cell-0241,,all-64,primary,one_edit_per_image,64,0,unresolved,opposite_worlds,opposite_worlds,-61/32,3/2,-31/32,15/16,-47/32,41/32,False
primary_rows,1689,cell-0241,,all-64,primary,one_edit_global,64,0,excluded,universal_bound,universal_bound,-1/4,-1/8,-7/32,-5/32,-7/32,-1/8,False
primary_rows,1690,cell-0241,,all-64,primary,current_strict,64,25,input_blocked,,,,,,,,,False
primary_rows,1691,cell-0241,,all-64,primary,current_partial,64,0,unresolved,bound_gap,bound_gap,-25/32,1/4,-1/4,0/1,-1/4,0/1,False
primary_rows,1692,cell-0241,,all-64,primary,union_strict,64,36,input_blocked,,,,,,,,,False
primary_rows,1693,cell-0241,,all-64,primary,union_partial,64,1,input_blocked,,,,,,,,,False
primary_rows,1694,cell-0242,,all-64,primary,exact_projection,64,0,excluded,universal_bound,universal_bound,-13/64,-13/64,-13/64,-13/64,-13/64,-13/64,False
primary_rows,1695,cell-0242,,all-64,primary,one_edit_per_image,64,0,unresolved,opposite_worlds,opposite_worlds,-123/64,95/64,-63/64,59/64,-93/64,79/64,False
primary_rows,1696,cell-0242,,all-64,primary,one_edit_global,64,0,excluded,universal_bound,universal_bound,-17/64,-9/64,-15/64,-11/64,-15/64,-9/64,False
primary_rows,1697,cell-0242,,all-64,primary,current_strict,64,25,input_blocked,,,,,,,,,False
primary_rows,1698,cell-0242,,all-64,primary,current_partial,64,0,unresolved,bound_gap,bound_gap,-49/64,15/64,-17/64,-1/64,-17/64,-1/64,False
primary_rows,1699,cell-0242,,all-64,primary,union_strict,64,36,input_blocked,,,,,,,,,False
primary_rows,1700,cell-0242,,all-64,primary,union_partial,64,1,input_blocked,,,,,,,,,False
primary_rows,1701,cell-0243,,all-64,primary,exact_projection,64,0,excluded,universal_bound,universal_bound,-7/32,-7/32,-7/32,-7/32,-7/32,-7/32,False
primary_rows,1702,cell-0243,,all-64,primary,one_edit_per_image,64,0,unresolved,opposite_worlds,opposite_worlds,-31/16,47/32,-1/1,29/32,-47/32,39/32,False
primary_rows,1703,cell-0243,,all-64,primary,one_edit_global,64,0,excluded,universal_bound,universal_bound,-9/32,-5/32,-1/4,-3/16,-1/4,-5/32,False
primary_rows,1704,cell-0243,,all-64,primary,current_strict,64,25,input_blocked,,,,,,,,,False
primary_rows,1705,cell-0243,,all-64,primary,current_partial,64,0,unresolved,bound_gap,bound_gap,-3/4,7/32,-9/32,-1/32,-9/32,-1/32,False
primary_rows,1706,cell-0243,,all-64,primary,union_strict,64,36,input_blocked,,,,,,,,,False
primary_rows,1707,cell-0243,,all-64,primary,union_partial,64,1,input_blocked,,,,,,,,,False
primary_rows,1708,cell-0244,,all-64,primary,exact_projection,64,0,excluded,universal_bound,universal_bound,-15/64,-15/64,-15/64,-15/64,-15/64,-15/64,False
primary_rows,1709,cell-0244,,all-64,primary,one_edit_per_image,64,0,unresolved,opposite_worlds,opposite_worlds,-123/64,93/64,-63/64,57/64,-93/64,77/64,False
primary_rows,1710,cell-0244,,all-64,primary,one_edit_global,64,0,excluded,universal_bound,universal_bound,-19/64,-11/64,-17/64,-13/64,-17/64,-11/64,False
primary_rows,1711,cell-0244,,all-64,primary,current_strict,64,25,input_blocked,,,,,,,,,False
primary_rows,1712,cell-0244,,all-64,primary,current_partial,64,0,unresolved,bound_gap,bound_gap,-49/64,13/64,-19/64,-3/64,-19/64,-3/64,False
primary_rows,1713,cell-0244,,all-64,primary,union_strict,64,36,input_blocked,,,,,,,,,False
primary_rows,1714,cell-0244,,all-64,primary,union_partial,64,1,input_blocked,,,,,,,,,False
primary_rows,1715,cell-0245,,all-64,primary,exact_projection,64,0,excluded,universal_bound,universal_bound,-7/32,-7/32,-7/32,-7/32,-7/32,-7/32,False
primary_rows,1716,cell-0245,,all-64,primary,one_edit_per_image,64,0,unresolved,opposite_worlds,opposite_worlds,-61/32,47/32,-31/32,29/32,-23/16,39/32,False
primary_rows,1717,cell-0245,,all-64,primary,one_edit_global,64,0,excluded,universal_bound,universal_bound,-9/32,-5/32,-1/4,-3/16,-1/4,-5/32,False
primary_rows,1718,cell-0245,,all-64,primary,current_strict,64,25,input_blocked,,,,,,,,,False
primary_rows,1719,cell-0245,,all-64,primary,current_partial,64,0,unresolved,bound_gap,bound_gap,-3/4,7/32,-9/32,-1/32,-9/32,-1/32,False
primary_rows,1720,cell-0245,,all-64,primary,union_strict,64,36,input_blocked,,,,,,,,,False
primary_rows,1721,cell-0245,,all-64,primary,union_partial,64,1,input_blocked,,,,,,,,,False
primary_rows,1722,cell-0246,,all-64,primary,exact_projection,64,0,excluded,universal_bound,universal_bound,-15/64,-15/64,-15/64,-15/64,-15/64,-15/64,False
primary_rows,1723,cell-0246,,all-64,primary,one_edit_per_image,64,0,unresolved,opposite_worlds,opposite_worlds,-123/64,93/64,-63/64,57/64,-93/64,77/64,False
primary_rows,1724,cell-0246,,all-64,primary,one_edit_global,64,0,excluded,universal_bound,universal_bound,-19/64,-11/64,-17/64,-13/64,-17/64,-11/64,False
primary_rows,1725,cell-0246,,all-64,primary,current_strict,64,25,input_blocked,,,,,,,,,False
primary_rows,1726,cell-0246,,all-64,primary,current_partial,64,0,unresolved,bound_gap,bound_gap,-49/64,13/64,-19/64,-3/64,-19/64,-3/64,False
primary_rows,1727,cell-0246,,all-64,primary,union_strict,64,36,input_blocked,,,,,,,,,False
primary_rows,1728,cell-0246,,all-64,primary,union_partial,64,1,input_blocked,,,,,,,,,False
primary_rows,1729,cell-0247,,all-64,primary,exact_projection,64,0,excluded,universal_bound,universal_bound,-1/4,-1/4,-1/4,-1/4,-1/4,-1/4,False
primary_rows,1730,cell-0247,,all-64,primary,one_edit_per_image,64,0,unresolved,opposite_worlds,opposite_worlds,-31/16,23/16,-1/1,7/8,-47/32,19/16,False
primary_rows,1731,cell-0247,,all-64,primary,one_edit_global,64,0,excluded,universal_bound,universal_bound,-5/16,-3/16,-9/32,-7/32,-9/32,-3/16,False
primary_rows,1732,cell-0247,,all-64,primary,current_strict,64,25,input_blocked,,,,,,,,,False
primary_rows,1733,cell-0247,,all-64,primary,current_partial,64,0,unresolved,bound_gap,bound_gap,-25/32,3/16,-5/16,-1/16,-5/16,-1/16,False
primary_rows,1734,cell-0247,,all-64,primary,union_strict,64,36,input_blocked,,,,,,,,,False
primary_rows,1735,cell-0247,,all-64,primary,union_partial,64,1,input_blocked,,,,,,,,,False
primary_rows,1736,cell-0248,,all-64,primary,exact_projection,64,0,excluded,universal_bound,universal_bound,-15/64,-15/64,-15/64,-15/64,-15/64,-15/64,False
primary_rows,1737,cell-0248,,all-64,primary,one_edit_per_image,64,0,unresolved,opposite_worlds,opposite_worlds,-123/64,93/64,-63/64,57/64,-91/64,75/64,False
primary_rows,1738,cell-0248,,all-64,primary,one_edit_global,64,0,excluded,universal_bound,universal_bound,-19/64,-11/64,-17/64,-13/64,-17/64,-11/64,False
primary_rows,1739,cell-0248,,all-64,primary,current_strict,64,25,input_blocked,,,,,,,,,False
primary_rows,1740,cell-0248,,all-64,primary,current_partial,64,0,unresolved,bound_gap,bound_gap,-49/64,13/64,-19/64,-3/64,-19/64,-3/64,False
primary_rows,1741,cell-0248,,all-64,primary,union_strict,64,36,input_blocked,,,,,,,,,False
primary_rows,1742,cell-0248,,all-64,primary,union_partial,64,1,input_blocked,,,,,,,,,False
primary_rows,1743,cell-0249,,all-64,primary,exact_projection,64,0,excluded,universal_bound,universal_bound,-7/32,-7/32,-7/32,-7/32,-7/32,-7/32,False
primary_rows,1744,cell-0249,,all-64,primary,one_edit_per_image,64,0,unresolved,opposite_worlds,opposite_worlds,-31/16,47/32,-1/1,29/32,-23/16,19/16,False
primary_rows,1745,cell-0249,,all-64,primary,one_edit_global,64,0,excluded,universal_bound,universal_bound,-9/32,-5/32,-1/4,-3/16,-1/4,-5/32,False
primary_rows,1746,cell-0249,,all-64,primary,current_strict,64,25,input_blocked,,,,,,,,,False
primary_rows,1747,cell-0249,,all-64,primary,current_partial,64,0,unresolved,bound_gap,bound_gap,-3/4,7/32,-9/32,-1/32,-9/32,-1/32,False
primary_rows,1748,cell-0249,,all-64,primary,union_strict,64,36,input_blocked,,,,,,,,,False
primary_rows,1749,cell-0249,,all-64,primary,union_partial,64,1,input_blocked,,,,,,,,,False
primary_rows,1750,cell-0250,,all-64,primary,exact_projection,64,0,excluded,universal_bound,universal_bound,-13/64,-13/64,-13/64,-13/64,-13/64,-13/64,False
primary_rows,1751,cell-0250,,all-64,primary,one_edit_per_image,64,0,unresolved,opposite_worlds,opposite_worlds,-123/64,95/64,-63/64,59/64,-91/64,77/64,False
primary_rows,1752,cell-0250,,all-64,primary,one_edit_global,64,0,excluded,universal_bound,universal_bound,-17/64,-9/64,-15/64,-11/64,-15/64,-9/64,False
primary_rows,1753,cell-0250,,all-64,primary,current_strict,64,25,input_blocked,,,,,,,,,False
primary_rows,1754,cell-0250,,all-64,primary,current_partial,64,0,unresolved,bound_gap,bound_gap,-47/64,15/64,-17/64,-1/64,-17/64,-1/64,False
primary_rows,1755,cell-0250,,all-64,primary,union_strict,64,36,input_blocked,,,,,,,,,False
primary_rows,1756,cell-0250,,all-64,primary,union_partial,64,1,input_blocked,,,,,,,,,False
primary_rows,1757,cell-0251,,all-64,primary,exact_projection,64,0,excluded,universal_bound,universal_bound,-7/32,-7/32,-7/32,-7/32,-7/32,-7/32,False
primary_rows,1758,cell-0251,,all-64,primary,one_edit_per_image,64,0,unresolved,opposite_worlds,opposite_worlds,-61/32,47/32,-31/32,29/32,-45/32,19/16,False
primary_rows,1759,cell-0251,,all-64,primary,one_edit_global,64,0,excluded,universal_bound,universal_bound,-9/32,-5/32,-1/4,-3/16,-1/4,-5/32,False
primary_rows,1760,cell-0251,,all-64,primary,current_strict,64,25,input_blocked,,,,,,,,,False
primary_rows,1761,cell-0251,,all-64,primary,current_partial,64,0,unresolved,bound_gap,bound_gap,-23/32,1/4,-1/4,-1/32,-1/4,-1/32,False
primary_rows,1762,cell-0251,,all-64,primary,union_strict,64,36,input_blocked,,,,,,,,,False
primary_rows,1763,cell-0251,,all-64,primary,union_partial,64,1,input_blocked,,,,,,,,,False
primary_rows,1764,cell-0252,,all-64,primary,exact_projection,64,0,excluded,universal_bound,universal_bound,-13/64,-13/64,-13/64,-13/64,-13/64,-13/64,False
primary_rows,1765,cell-0252,,all-64,primary,one_edit_per_image,64,0,unresolved,opposite_worlds,opposite_worlds,-121/64,95/64,-61/64,57/64,-89/64,77/64,False
primary_rows,1766,cell-0252,,all-64,primary,one_edit_global,64,0,excluded,universal_bound,universal_bound,-17/64,-9/64,-15/64,-11/64,-15/64,-9/64,False
primary_rows,1767,cell-0252,,all-64,primary,current_strict,64,25,input_blocked,,,,,,,,,False
primary_rows,1768,cell-0252,,all-64,primary,current_partial,64,0,unresolved,bound_gap,bound_gap,-45/64,17/64,-15/64,-1/64,-15/64,-1/64,False
primary_rows,1769,cell-0252,,all-64,primary,union_strict,64,36,input_blocked,,,,,,,,,False
primary_rows,1770,cell-0252,,all-64,primary,union_partial,64,1,input_blocked,,,,,,,,,False
primary_rows,1771,cell-0253,,all-64,primary,exact_projection,64,0,excluded,universal_bound,universal_bound,-3/16,-3/16,-3/16,-3/16,-3/16,-3/16,False
primary_rows,1772,cell-0253,,all-64,primary,one_edit_per_image,64,0,unresolved,opposite_worlds,opposite_worlds,-15/8,3/2,-15/16,29/32,-43/32,39/32,False
primary_rows,1773,cell-0253,,all-64,primary,one_edit_global,64,0,excluded,universal_bound,universal_bound,-1/4,-1/8,-7/32,-5/32,-7/32,-1/8,False
primary_rows,1774,cell-0253,,all-64,primary,current_strict,64,25,input_blocked,,,,,,,,,False
primary_rows,1775,cell-0253,,all-64,primary,current_partial,64,0,unresolved,bound_gap,bound_gap,-11/16,9/32,-7/32,0/1,-7/32,0/1,False
primary_rows,1776,cell-0253,,all-64,primary,union_strict,64,36,input_blocked,,,,,,,,,False
primary_rows,1777,cell-0253,,all-64,primary,union_partial,64,1,input_blocked,,,,,,,,,False
primary_rows,1778,cell-0254,,all-64,primary,exact_projection,64,0,excluded,universal_bound,universal_bound,-11/64,-11/64,-11/64,-11/64,-11/64,-11/64,False
primary_rows,1779,cell-0254,,all-64,primary,one_edit_per_image,64,0,unresolved,opposite_worlds,opposite_worlds,-119/64,97/64,-59/64,59/64,-85/64,79/64,False
primary_rows,1780,cell-0254,,all-64,primary,one_edit_global,64,0,excluded,universal_bound,universal_bound,-15/64,-7/64,-13/64,-9/64,-13/64,-7/64,False
primary_rows,1781,cell-0254,,all-64,primary,current_strict,64,25,input_blocked,,,,,,,,,False
primary_rows,1782,cell-0254,,all-64,primary,current_partial,64,0,unresolved,opposite_worlds,opposite_worlds,-43/64,19/64,-13/64,1/64,-13/64,1/64,False
primary_rows,1783,cell-0254,,all-64,primary,union_strict,64,36,input_blocked,,,,,,,,,False
primary_rows,1784,cell-0254,,all-64,primary,union_partial,64,1,input_blocked,,,,,,,,,False
primary_rows,1785,cell-0255,,all-64,primary,exact_projection,64,0,excluded,universal_bound,universal_bound,-5/32,-5/32,-5/32,-5/32,-5/32,-5/32,False
primary_rows,1786,cell-0255,,all-64,primary,one_edit_per_image,64,0,unresolved,opposite_worlds,opposite_worlds,-59/32,49/32,-29/32,15/16,-21/16,5/4,False
primary_rows,1787,cell-0255,,all-64,primary,one_edit_global,64,0,excluded,universal_bound,universal_bound,-7/32,-3/32,-3/16,-1/8,-3/16,-3/32,False
primary_rows,1788,cell-0255,,all-64,primary,current_strict,64,25,input_blocked,,,,,,,,,False
primary_rows,1789,cell-0255,,all-64,primary,current_partial,64,0,unresolved,opposite_worlds,opposite_worlds,-21/32,5/16,-3/16,1/32,-3/16,1/32,False
primary_rows,1790,cell-0255,,all-64,primary,union_strict,64,36,input_blocked,,,,,,,,,False
primary_rows,1791,cell-0255,,all-64,primary,union_partial,64,1,input_blocked,,,,,,,,,False
primary_rows,1792,cell-0256,,all-64,primary,exact_projection,64,0,excluded,universal_bound,universal_bound,-11/64,-11/64,-11/64,-11/64,-11/64,-11/64,False
primary_rows,1793,cell-0256,,all-64,primary,one_edit_per_image,64,0,unresolved,opposite_worlds,opposite_worlds,-119/64,97/64,-59/64,59/64,-85/64,79/64,False
primary_rows,1794,cell-0256,,all-64,primary,one_edit_global,64,0,excluded,universal_bound,universal_bound,-15/64,-7/64,-13/64,-9/64,-13/64,-7/64,False
primary_rows,1795,cell-0256,,all-64,primary,current_strict,64,25,input_blocked,,,,,,,,,False
primary_rows,1796,cell-0256,,all-64,primary,current_partial,64,0,unresolved,opposite_worlds,opposite_worlds,-43/64,19/64,-13/64,1/64,-13/64,1/64,False
primary_rows,1797,cell-0256,,all-64,primary,union_strict,64,36,input_blocked,,,,,,,,,False
primary_rows,1798,cell-0256,,all-64,primary,union_partial,64,1,input_blocked,,,,,,,,,False
primary_rows,1799,cell-0257,,all-64,primary,exact_projection,64,0,excluded,universal_bound,universal_bound,-3/16,-3/16,-3/16,-3/16,-3/16,-3/16,False
primary_rows,1800,cell-0257,,all-64,primary,one_edit_per_image,64,0,unresolved,opposite_worlds,opposite_worlds,-59/32,3/2,-29/32,29/32,-21/16,39/32,False
primary_rows,1801,cell-0257,,all-64,primary,one_edit_global,64,0,excluded,universal_bound,universal_bound,-1/4,-1/8,-7/32,-5/32,-7/32,-1/8,False
primary_rows,1802,cell-0257,,all-64,primary,current_strict,64,25,input_blocked,,,,,,,,,False
primary_rows,1803,cell-0257,,all-64,primary,current_partial,64,0,unresolved,bound_gap,bound_gap,-11/16,9/32,-7/32,0/1,-7/32,0/1,False
primary_rows,1804,cell-0257,,all-64,primary,union_strict,64,36,input_blocked,,,,,,,,,False
primary_rows,1805,cell-0257,,all-64,primary,union_partial,64,1,input_blocked,,,,,,,,,False
primary_rows,1806,cell-0258,,all-64,primary,exact_projection,64,0,excluded,universal_bound,universal_bound,-11/64,-11/64,-11/64,-11/64,-11/64,-11/64,False
primary_rows,1807,cell-0258,,all-64,primary,one_edit_per_image,64,0,unresolved,opposite_worlds,opposite_worlds,-117/64,97/64,-57/64,59/64,-83/64,79/64,False
primary_rows,1808,cell-0258,,all-64,primary,one_edit_global,64,0,excluded,universal_bound,universal_bound,-15/64,-7/64,-13/64,-9/64,-13/64,-7/64,False
primary_rows,1809,cell-0258,,all-64,primary,current_strict,64,25,input_blocked,,,,,,,,,False
primary_rows,1810,cell-0258,,all-64,primary,current_partial,64,0,unresolved,opposite_worlds,opposite_worlds,-43/64,19/64,-13/64,1/64,-13/64,1/64,False
primary_rows,1811,cell-0258,,all-64,primary,union_strict,64,36,input_blocked,,,,,,,,,False
primary_rows,1812,cell-0258,,all-64,primary,union_partial,64,1,input_blocked,,,,,,,,,False
primary_rows,1813,cell-0259,,all-64,primary,exact_projection,64,0,excluded,universal_bound,universal_bound,-3/16,-3/16,-3/16,-3/16,-3/16,-3/16,False
primary_rows,1814,cell-0259,,all-64,primary,one_edit_per_image,64,0,unresolved,opposite_worlds,opposite_worlds,-59/32,3/2,-7/8,29/32,-41/32,39/32,False
primary_rows,1815,cell-0259,,all-64,primary,one_edit_global,64,0,excluded,universal_bound,universal_bound,-1/4,-1/8,-7/32,-5/32,-7/32,-1/8,False
primary_rows,1816,cell-0259,,all-64,primary,current_strict,64,25,input_blocked,,,,,,,,,False
primary_rows,1817,cell-0259,,all-64,primary,current_partial,64,0,unresolved,bound_gap,bound_gap,-11/16,9/32,-7/32,0/1,-7/32,0/1,False
primary_rows,1818,cell-0259,,all-64,primary,union_strict,64,36,input_blocked,,,,,,,,,False
primary_rows,1819,cell-0259,,all-64,primary,union_partial,64,1,input_blocked,,,,,,,,,False
primary_rows,1820,cell-0260,,all-64,primary,exact_projection,64,0,excluded,universal_bound,universal_bound,-11/64,-11/64,-11/64,-11/64,-11/64,-11/64,False
primary_rows,1821,cell-0260,,all-64,primary,one_edit_per_image,64,0,unresolved,opposite_worlds,opposite_worlds,-117/64,97/64,-57/64,59/64,-83/64,79/64,False
primary_rows,1822,cell-0260,,all-64,primary,one_edit_global,64,0,excluded,universal_bound,universal_bound,-15/64,-7/64,-13/64,-9/64,-13/64,-7/64,False
primary_rows,1823,cell-0260,,all-64,primary,current_strict,64,25,input_blocked,,,,,,,,,False
primary_rows,1824,cell-0260,,all-64,primary,current_partial,64,0,unresolved,opposite_worlds,opposite_worlds,-43/64,19/64,-13/64,1/64,-13/64,1/64,False
primary_rows,1825,cell-0260,,all-64,primary,union_strict,64,36,input_blocked,,,,,,,,,False
primary_rows,1826,cell-0260,,all-64,primary,union_partial,64,1,input_blocked,,,,,,,,,False
primary_rows,1827,cell-0261,,all-64,primary,exact_projection,64,0,excluded,universal_bound,universal_bound,-3/16,-3/16,-3/16,-3/16,-3/16,-3/16,False
primary_rows,1828,cell-0261,,all-64,primary,one_edit_per_image,64,0,unresolved,opposite_worlds,opposite_worlds,-59/32,3/2,-7/8,29/32,-41/32,39/32,False
primary_rows,1829,cell-0261,,all-64,primary,one_edit_global,64,0,excluded,universal_bound,universal_bound,-1/4,-1/8,-7/32,-5/32,-7/32,-1/8,False
primary_rows,1830,cell-0261,,all-64,primary,current_strict,64,25,input_blocked,,,,,,,,,False
primary_rows,1831,cell-0261,,all-64,primary,current_partial,64,0,unresolved,bound_gap,bound_gap,-11/16,9/32,-7/32,0/1,-7/32,0/1,False
primary_rows,1832,cell-0261,,all-64,primary,union_strict,64,36,input_blocked,,,,,,,,,False
primary_rows,1833,cell-0261,,all-64,primary,union_partial,64,1,input_blocked,,,,,,,,,False
primary_rows,1834,cell-0262,,all-64,primary,exact_projection,64,0,excluded,universal_bound,universal_bound,-13/64,-13/64,-13/64,-13/64,-13/64,-13/64,False
primary_rows,1835,cell-0262,,all-64,primary,one_edit_per_image,64,0,unresolved,opposite_worlds,opposite_worlds,-119/64,95/64,-57/64,57/64,-83/64,77/64,False
primary_rows,1836,cell-0262,,all-64,primary,one_edit_global,64,0,excluded,universal_bound,universal_bound,-17/64,-9/64,-15/64,-11/64,-15/64,-9/64,False
primary_rows,1837,cell-0262,,all-64,primary,current_strict,64,25,input_blocked,,,,,,,,,False
primary_rows,1838,cell-0262,,all-64,primary,current_partial,64,0,unresolved,bound_gap,bound_gap,-45/64,17/64,-15/64,-1/64,-15/64,-1/64,False
primary_rows,1839,cell-0262,,all-64,primary,union_strict,64,36,input_blocked,,,,,,,,,False
primary_rows,1840,cell-0262,,all-64,primary,union_partial,64,1,input_blocked,,,,,,,,,False
primary_rows,1841,cell-0263,,all-64,primary,exact_projection,64,0,excluded,universal_bound,universal_bound,-3/16,-3/16,-3/16,-3/16,-3/16,-3/16,False
primary_rows,1842,cell-0263,,all-64,primary,one_edit_per_image,64,0,unresolved,opposite_worlds,opposite_worlds,-59/32,3/2,-7/8,29/32,-21/16,5/4,False
primary_rows,1843,cell-0263,,all-64,primary,one_edit_global,64,0,excluded,universal_bound,universal_bound,-1/4,-1/8,-7/32,-5/32,-7/32,-1/8,False
primary_rows,1844,cell-0263,,all-64,primary,current_strict,64,25,input_blocked,,,,,,,,,False
primary_rows,1845,cell-0263,,all-64,primary,current_partial,64,0,unresolved,bound_gap,bound_gap,-11/16,1/4,-7/32,0/1,-7/32,0/1,False
primary_rows,1846,cell-0263,,all-64,primary,union_strict,64,36,input_blocked,,,,,,,,,False
primary_rows,1847,cell-0263,,all-64,primary,union_partial,64,1,input_blocked,,,,,,,,,False
primary_rows,1848,cell-0264,,all-64,primary,exact_projection,64,0,excluded,universal_bound,universal_bound,-13/64,-13/64,-13/64,-13/64,-13/64,-13/64,False
primary_rows,1849,cell-0264,,all-64,primary,one_edit_per_image,64,0,unresolved,opposite_worlds,opposite_worlds,-117/64,95/64,-57/64,57/64,-85/64,79/64,False
primary_rows,1850,cell-0264,,all-64,primary,one_edit_global,64,0,excluded,universal_bound,universal_bound,-17/64,-9/64,-15/64,-11/64,-15/64,-9/64,False
primary_rows,1851,cell-0264,,all-64,primary,current_strict,64,25,input_blocked,,,,,,,,,False
primary_rows,1852,cell-0264,,all-64,primary,current_partial,64,0,unresolved,bound_gap,bound_gap,-45/64,15/64,-15/64,-1/64,-15/64,-1/64,False
primary_rows,1853,cell-0264,,all-64,primary,union_strict,64,36,input_blocked,,,,,,,,,False
primary_rows,1854,cell-0264,,all-64,primary,union_partial,64,1,input_blocked,,,,,,,,,False
primary_rows,1855,cell-0265,,all-64,primary,exact_projection,64,0,excluded,universal_bound,universal_bound,-7/32,-7/32,-7/32,-7/32,-7/32,-7/32,False
primary_rows,1856,cell-0265,,all-64,primary,one_edit_per_image,64,0,unresolved,opposite_worlds,opposite_worlds,-59/32,3/2,-29/32,29/32,-43/32,5/4,False
primary_rows,1857,cell-0265,,all-64,primary,one_edit_global,64,0,excluded,universal_bound,universal_bound,-9/32,-5/32,-1/4,-3/16,-1/4,-5/32,False
primary_rows,1858,cell-0265,,all-64,primary,current_strict,64,25,input_blocked,,,,,,,,,False
primary_rows,1859,cell-0265,,all-64,primary,current_partial,64,0,unresolved,bound_gap,bound_gap,-23/32,7/32,-1/4,-1/32,-1/4,-1/32,False
primary_rows,1860,cell-0265,,all-64,primary,union_strict,64,36,input_blocked,,,,,,,,,False
primary_rows,1861,cell-0265,,all-64,primary,union_partial,64,1,input_blocked,,,,,,,,,False
primary_rows,1862,cell-0266,,all-64,primary,exact_projection,64,0,excluded,universal_bound,universal_bound,-13/64,-13/64,-13/64,-13/64,-13/64,-13/64,False
primary_rows,1863,cell-0266,,all-64,primary,one_edit_per_image,64,0,unresolved,opposite_worlds,opposite_worlds,-117/64,97/64,-57/64,59/64,-85/64,79/64,False
primary_rows,1864,cell-0266,,all-64,primary,one_edit_global,64,0,excluded,universal_bound,universal_bound,-17/64,-9/64,-15/64,-11/64,-15/64,-9/64,False
primary_rows,1865,cell-0266,,all-64,primary,current_strict,64,25,input_blocked,,,,,,,,,False
primary_rows,1866,cell-0266,,all-64,primary,current_partial,64,0,unresolved,bound_gap,bound_gap,-45/64,15/64,-15/64,-1/64,-15/64,-1/64,False
primary_rows,1867,cell-0266,,all-64,primary,union_strict,64,36,input_blocked,,,,,,,,,False
primary_rows,1868,cell-0266,,all-64,primary,union_partial,64,1,input_blocked,,,,,,,,,False
primary_rows,1869,cell-0267,,all-64,primary,exact_projection,64,0,excluded,universal_bound,universal_bound,-7/32,-7/32,-7/32,-7/32,-7/32,-7/32,False
primary_rows,1870,cell-0267,,all-64,primary,one_edit_per_image,64,0,unresolved,opposite_worlds,opposite_worlds,-29/16,3/2,-29/32,29/32,-21/16,39/32,False
primary_rows,1871,cell-0267,,all-64,primary,one_edit_global,64,0,excluded,universal_bound,universal_bound,-9/32,-5/32,-1/4,-3/16,-1/4,-5/32,False
primary_rows,1872,cell-0267,,all-64,primary,current_strict,64,25,input_blocked,,,,,,,,,False
primary_rows,1873,cell-0267,,all-64,primary,current_partial,64,0,unresolved,bound_gap,bound_gap,-23/32,7/32,-1/4,-1/32,-1/4,-1/32,False
primary_rows,1874,cell-0267,,all-64,primary,union_strict,64,36,input_blocked,,,,,,,,,False
primary_rows,1875,cell-0267,,all-64,primary,union_partial,64,1,input_blocked,,,,,,,,,False
primary_rows,1876,cell-0268,,all-64,primary,exact_projection,64,0,excluded,universal_bound,universal_bound,-13/64,-13/64,-13/64,-13/64,-13/64,-13/64,False
primary_rows,1877,cell-0268,,all-64,primary,one_edit_per_image,64,0,unresolved,opposite_worlds,opposite_worlds,-115/64,97/64,-57/64,59/64,-83/64,79/64,False
primary_rows,1878,cell-0268,,all-64,primary,one_edit_global,64,0,excluded,universal_bound,universal_bound,-17/64,-9/64,-15/64,-11/64,-15/64,-9/64,False
primary_rows,1879,cell-0268,,all-64,primary,current_strict,64,25,input_blocked,,,,,,,,,False
primary_rows,1880,cell-0268,,all-64,primary,current_partial,64,0,unresolved,bound_gap,bound_gap,-45/64,15/64,-15/64,-1/64,-15/64,-1/64,False
primary_rows,1881,cell-0268,,all-64,primary,union_strict,64,36,input_blocked,,,,,,,,,False
primary_rows,1882,cell-0268,,all-64,primary,union_partial,64,1,input_blocked,,,,,,,,,False
primary_rows,1883,cell-0269,,all-64,primary,exact_projection,64,0,excluded,universal_bound,universal_bound,-3/16,-3/16,-3/16,-3/16,-3/16,-3/16,False
primary_rows,1884,cell-0269,,all-64,primary,one_edit_per_image,64,0,unresolved,opposite_worlds,opposite_worlds,-57/32,49/32,-7/8,15/16,-41/32,5/4,False
primary_rows,1885,cell-0269,,all-64,primary,one_edit_global,64,0,excluded,universal_bound,universal_bound,-1/4,-1/8,-7/32,-5/32,-7/32,-1/8,False
primary_rows,1886,cell-0269,,all-64,primary,current_strict,64,25,input_blocked,,,,,,,,,False
primary_rows,1887,cell-0269,,all-64,primary,current_partial,64,0,unresolved,bound_gap,bound_gap,-23/32,7/32,-7/32,-1/32,-7/32,-1/32,False
primary_rows,1888,cell-0269,,all-64,primary,union_strict,64,36,input_blocked,,,,,,,,,False
primary_rows,1889,cell-0269,,all-64,primary,union_partial,64,1,input_blocked,,,,,,,,,False
primary_rows,1890,cell-0270,,all-64,primary,exact_projection,64,0,excluded,universal_bound,universal_bound,-13/64,-13/64,-13/64,-13/64,-13/64,-13/64,False
primary_rows,1891,cell-0270,,all-64,primary,one_edit_per_image,64,0,unresolved,opposite_worlds,opposite_worlds,-113/64,97/64,-57/64,59/64,-83/64,79/64,False
primary_rows,1892,cell-0270,,all-64,primary,one_edit_global,64,0,excluded,universal_bound,universal_bound,-17/64,-9/64,-15/64,-11/64,-15/64,-9/64,False
primary_rows,1893,cell-0270,,all-64,primary,current_strict,64,25,input_blocked,,,,,,,,,False
primary_rows,1894,cell-0270,,all-64,primary,current_partial,64,0,unresolved,bound_gap,bound_gap,-47/64,13/64,-15/64,-3/64,-15/64,-3/64,False
primary_rows,1895,cell-0270,,all-64,primary,union_strict,64,36,input_blocked,,,,,,,,,False
primary_rows,1896,cell-0270,,all-64,primary,union_partial,64,1,input_blocked,,,,,,,,,False
primary_rows,1897,cell-0271,,all-64,primary,exact_projection,64,0,excluded,universal_bound,universal_bound,-3/16,-3/16,-3/16,-3/16,-3/16,-3/16,False
primary_rows,1898,cell-0271,,all-64,primary,one_edit_per_image,64,0,unresolved,opposite_worlds,opposite_worlds,-7/4,49/32,-7/8,15/16,-41/32,5/4,False
primary_rows,1899,cell-0271,,all-64,primary,one_edit_global,64,0,excluded,universal_bound,universal_bound,-1/4,-1/8,-7/32,-5/32,-7/32,-1/8,False
primary_rows,1900,cell-0271,,all-64,primary,current_strict,64,25,input_blocked,,,,,,,,,False
primary_rows,1901,cell-0271,,all-64,primary,current_partial,64,0,unresolved,bound_gap,bound_gap,-23/32,7/32,-7/32,-1/32,-7/32,-1/32,False
primary_rows,1902,cell-0271,,all-64,primary,union_strict,64,36,input_blocked,,,,,,,,,False
primary_rows,1903,cell-0271,,all-64,primary,union_partial,64,1,input_blocked,,,,,,,,,False
primary_rows,1904,cell-0272,,all-64,primary,exact_projection,64,0,excluded,universal_bound,universal_bound,-13/64,-13/64,-13/64,-13/64,-13/64,-13/64,False
primary_rows,1905,cell-0272,,all-64,primary,one_edit_per_image,64,0,unresolved,opposite_worlds,opposite_worlds,-113/64,97/64,-55/64,59/64,-81/64,79/64,False
primary_rows,1906,cell-0272,,all-64,primary,one_edit_global,64,0,excluded,universal_bound,universal_bound,-17/64,-9/64,-15/64,-11/64,-15/64,-9/64,False
primary_rows,1907,cell-0272,,all-64,primary,current_strict,64,25,input_blocked,,,,,,,,,False
primary_rows,1908,cell-0272,,all-64,primary,current_partial,64,0,unresolved,bound_gap,bound_gap,-47/64,13/64,-15/64,-3/64,-15/64,-3/64,False
primary_rows,1909,cell-0272,,all-64,primary,union_strict,64,36,input_blocked,,,,,,,,,False
primary_rows,1910,cell-0272,,all-64,primary,union_partial,64,1,input_blocked,,,,,,,,,False
primary_rows,1911,cell-0273,,all-64,primary,exact_projection,64,0,excluded,universal_bound,universal_bound,-7/32,-7/32,-7/32,-7/32,-7/32,-7/32,False
primary_rows,1912,cell-0273,,all-64,primary,one_edit_per_image,64,0,unresolved,opposite_worlds,opposite_worlds,-57/32,3/2,-7/8,29/32,-41/32,39/32,False
primary_rows,1913,cell-0273,,all-64,primary,one_edit_global,64,0,excluded,universal_bound,universal_bound,-9/32,-5/32,-1/4,-3/16,-1/4,-5/32,False
primary_rows,1914,cell-0273,,all-64,primary,current_strict,64,25,input_blocked,,,,,,,,,False
primary_rows,1915,cell-0273,,all-64,primary,current_partial,64,0,unresolved,bound_gap,bound_gap,-3/4,3/16,-1/4,-1/16,-1/4,-1/16,False
primary_rows,1916,cell-0273,,all-64,primary,union_strict,64,36,input_blocked,,,,,,,,,False
primary_rows,1917,cell-0273,,all-64,primary,union_partial,64,1,input_blocked,,,,,,,,,False
primary_rows,1918,cell-0274,,all-64,primary,exact_projection,64,0,excluded,universal_bound,universal_bound,-13/64,-13/64,-13/64,-13/64,-13/64,-13/64,False
primary_rows,1919,cell-0274,,all-64,primary,one_edit_per_image,64,0,unresolved,opposite_worlds,opposite_worlds,-113/64,97/64,-55/64,57/64,-81/64,79/64,False
primary_rows,1920,cell-0274,,all-64,primary,one_edit_global,64,0,excluded,universal_bound,universal_bound,-17/64,-9/64,-15/64,-11/64,-15/64,-9/64,False
primary_rows,1921,cell-0274,,all-64,primary,current_strict,64,25,input_blocked,,,,,,,,,False
primary_rows,1922,cell-0274,,all-64,primary,current_partial,64,0,unresolved,bound_gap,bound_gap,-47/64,13/64,-15/64,-3/64,-15/64,-3/64,False
primary_rows,1923,cell-0274,,all-64,primary,union_strict,64,36,input_blocked,,,,,,,,,False
primary_rows,1924,cell-0274,,all-64,primary,union_partial,64,1,input_blocked,,,,,,,,,False
primary_rows,1925,cell-0275,,all-64,primary,exact_projection,64,0,excluded,universal_bound,universal_bound,-7/32,-7/32,-7/32,-7/32,-7/32,-7/32,False
primary_rows,1926,cell-0275,,all-64,primary,one_edit_per_image,64,0,unresolved,opposite_worlds,opposite_worlds,-57/32,3/2,-27/32,7/8,-5/4,39/32,False
primary_rows,1927,cell-0275,,all-64,primary,one_edit_global,64,0,excluded,universal_bound,universal_bound,-9/32,-5/32,-1/4,-3/16,-1/4,-5/32,False
primary_rows,1928,cell-0275,,all-64,primary,current_strict,64,25,input_blocked,,,,,,,,,False
primary_rows,1929,cell-0275,,all-64,primary,current_partial,64,0,unresolved,bound_gap,bound_gap,-3/4,3/16,-1/4,-1/16,-1/4,-1/16,False
primary_rows,1930,cell-0275,,all-64,primary,union_strict,64,36,input_blocked,,,,,,,,,False
primary_rows,1931,cell-0275,,all-64,primary,union_partial,64,1,input_blocked,,,,,,,,,False
primary_rows,1932,cell-0276,,all-64,primary,exact_projection,64,0,excluded,universal_bound,universal_bound,-13/64,-13/64,-13/64,-13/64,-13/64,-13/64,False
primary_rows,1933,cell-0276,,all-64,primary,one_edit_per_image,64,0,unresolved,opposite_worlds,opposite_worlds,-113/64,95/64,-53/64,57/64,-77/64,77/64,False
primary_rows,1934,cell-0276,,all-64,primary,one_edit_global,64,0,excluded,universal_bound,universal_bound,-17/64,-9/64,-15/64,-11/64,-15/64,-9/64,False
primary_rows,1935,cell-0276,,all-64,primary,current_strict,64,25,input_blocked,,,,,,,,,False
primary_rows,1936,cell-0276,,all-64,primary,current_partial,64,0,unresolved,bound_gap,bound_gap,-47/64,13/64,-15/64,-3/64,-15/64,-3/64,False
primary_rows,1937,cell-0276,,all-64,primary,union_strict,64,36,input_blocked,,,,,,,,,False
primary_rows,1938,cell-0276,,all-64,primary,union_partial,64,1,input_blocked,,,,,,,,,False
primary_rows,1939,cell-0277,,all-64,primary,exact_projection,64,0,excluded,universal_bound,universal_bound,-7/32,-7/32,-7/32,-7/32,-7/32,-7/32,False
primary_rows,1940,cell-0277,,all-64,primary,one_edit_per_image,64,0,unresolved,opposite_worlds,opposite_worlds,-57/32,47/32,-13/16,7/8,-39/32,39/32,False
primary_rows,1941,cell-0277,,all-64,primary,one_edit_global,64,0,excluded,universal_bound,universal_bound,-9/32,-5/32,-1/4,-3/16,-1/4,-5/32,False
primary_rows,1942,cell-0277,,all-64,primary,current_strict,64,25,input_blocked,,,,,,,,,False
primary_rows,1943,cell-0277,,all-64,primary,current_partial,64,0,unresolved,bound_gap,bound_gap,-3/4,3/16,-1/4,-1/16,-1/4,-1/16,False
primary_rows,1944,cell-0277,,all-64,primary,union_strict,64,36,input_blocked,,,,,,,,,False
primary_rows,1945,cell-0277,,all-64,primary,union_partial,64,1,input_blocked,,,,,,,,,False
primary_rows,1946,cell-0278,,all-64,primary,exact_projection,64,0,excluded,universal_bound,universal_bound,-13/64,-13/64,-13/64,-13/64,-13/64,-13/64,False
primary_rows,1947,cell-0278,,all-64,primary,one_edit_per_image,64,0,unresolved,opposite_worlds,opposite_worlds,-113/64,93/64,-51/64,55/64,-77/64,77/64,False
primary_rows,1948,cell-0278,,all-64,primary,one_edit_global,64,0,excluded,universal_bound,universal_bound,-17/64,-9/64,-15/64,-11/64,-15/64,-9/64,False
primary_rows,1949,cell-0278,,all-64,primary,current_strict,64,25,input_blocked,,,,,,,,,False
primary_rows,1950,cell-0278,,all-64,primary,current_partial,64,0,unresolved,bound_gap,bound_gap,-47/64,13/64,-15/64,-3/64,-15/64,-3/64,False
primary_rows,1951,cell-0278,,all-64,primary,union_strict,64,36,input_blocked,,,,,,,,,False
primary_rows,1952,cell-0278,,all-64,primary,union_partial,64,1,input_blocked,,,,,,,,,False
primary_rows,1953,cell-0279,,all-64,primary,exact_projection,64,0,excluded,universal_bound,universal_bound,-7/32,-7/32,-7/32,-7/32,-7/32,-7/32,False
primary_rows,1954,cell-0279,,all-64,primary,one_edit_per_image,64,0,unresolved,opposite_worlds,opposite_worlds,-57/32,23/16,-13/16,27/32,-39/32,19/16,False
primary_rows,1955,cell-0279,,all-64,primary,one_edit_global,64,0,excluded,universal_bound,universal_bound,-9/32,-5/32,-1/4,-3/16,-1/4,-5/32,False
primary_rows,1956,cell-0279,,all-64,primary,current_strict,64,25,input_blocked,,,,,,,,,False
primary_rows,1957,cell-0279,,all-64,primary,current_partial,64,0,unresolved,bound_gap,bound_gap,-23/32,3/16,-1/4,-1/16,-1/4,-1/16,False
primary_rows,1958,cell-0279,,all-64,primary,union_strict,64,36,input_blocked,,,,,,,,,False
primary_rows,1959,cell-0279,,all-64,primary,union_partial,64,1,input_blocked,,,,,,,,,False
primary_rows,1960,cell-0280,,all-64,primary,exact_projection,64,0,excluded,universal_bound,universal_bound,-13/64,-13/64,-13/64,-13/64,-13/64,-13/64,False
primary_rows,1961,cell-0280,,all-64,primary,one_edit_per_image,64,0,unresolved,opposite_worlds,opposite_worlds,-113/64,93/64,-51/64,53/64,-77/64,77/64,False
primary_rows,1962,cell-0280,,all-64,primary,one_edit_global,64,0,excluded,universal_bound,universal_bound,-17/64,-9/64,-15/64,-11/64,-15/64,-9/64,False
primary_rows,1963,cell-0280,,all-64,primary,current_strict,64,25,input_blocked,,,,,,,,,False
primary_rows,1964,cell-0280,,all-64,primary,current_partial,64,0,unresolved,bound_gap,bound_gap,-45/64,13/64,-15/64,-3/64,-15/64,-3/64,False
primary_rows,1965,cell-0280,,all-64,primary,union_strict,64,36,input_blocked,,,,,,,,,False
primary_rows,1966,cell-0280,,all-64,primary,union_partial,64,1,input_blocked,,,,,,,,,False
primary_rows,1967,cell-0281,,all-64,primary,exact_projection,64,0,excluded,universal_bound,universal_bound,-3/16,-3/16,-3/16,-3/16,-3/16,-3/16,False
primary_rows,1968,cell-0281,,all-64,primary,one_edit_per_image,64,0,unresolved,opposite_worlds,opposite_worlds,-7/4,23/16,-25/32,13/16,-19/16,19/16,False
primary_rows,1969,cell-0281,,all-64,primary,one_edit_global,64,0,excluded,universal_bound,universal_bound,-1/4,-1/8,-7/32,-5/32,-7/32,-1/8,False
primary_rows,1970,cell-0281,,all-64,primary,current_strict,64,25,input_blocked,,,,,,,,,False
primary_rows,1971,cell-0281,,all-64,primary,current_partial,64,0,unresolved,bound_gap,bound_gap,-11/16,7/32,-7/32,-1/32,-7/32,-1/32,False
primary_rows,1972,cell-0281,,all-64,primary,union_strict,64,36,input_blocked,,,,,,,,,False
primary_rows,1973,cell-0281,,all-64,primary,union_partial,64,1,input_blocked,,,,,,,,,False
primary_rows,1974,cell-0282,,all-64,primary,exact_projection,64,0,excluded,universal_bound,universal_bound,-11/64,-11/64,-11/64,-11/64,-11/64,-11/64,False
primary_rows,1975,cell-0282,,all-64,primary,one_edit_per_image,64,0,unresolved,opposite_worlds,opposite_worlds,-111/64,93/64,-49/64,53/64,-75/64,77/64,False
primary_rows,1976,cell-0282,,all-64,primary,one_edit_global,64,0,excluded,universal_bound,universal_bound,-15/64,-7/64,-13/64,-9/64,-13/64,-7/64,False
primary_rows,1977,cell-0282,,all-64,primary,current_strict,64,25,input_blocked,,,,,,,,,False
primary_rows,1978,cell-0282,,all-64,primary,current_partial,64,0,unresolved,bound_gap,bound_gap,-43/64,15/64,-13/64,-1/64,-13/64,-1/64,False
primary_rows,1979,cell-0282,,all-64,primary,union_strict,64,36,input_blocked,,,,,,,,,False
primary_rows,1980,cell-0282,,all-64,primary,union_partial,64,1,input_blocked,,,,,,,,,False
primary_rows,1981,cell-0283,,all-64,primary,exact_projection,64,0,excluded,universal_bound,universal_bound,-3/16,-3/16,-3/16,-3/16,-3/16,-3/16,False
primary_rows,1982,cell-0283,,all-64,primary,one_edit_per_image,64,0,unresolved,opposite_worlds,opposite_worlds,-55/32,23/16,-3/4,13/16,-37/32,19/16,False
primary_rows,1983,cell-0283,,all-64,primary,one_edit_global,64,0,excluded,universal_bound,universal_bound,-1/4,-1/8,-7/32,-5/32,-7/32,-1/8,False
primary_rows,1984,cell-0283,,all-64,primary,current_strict,64,25,input_blocked,,,,,,,,,False
primary_rows,1985,cell-0283,,all-64,primary,current_partial,64,0,unresolved,bound_gap,bound_gap,-11/16,7/32,-7/32,-1/32,-7/32,-1/32,False
primary_rows,1986,cell-0283,,all-64,primary,union_strict,64,36,input_blocked,,,,,,,,,False
primary_rows,1987,cell-0283,,all-64,primary,union_partial,64,1,input_blocked,,,,,,,,,False
primary_rows,1988,cell-0284,,all-64,primary,exact_projection,64,0,excluded,universal_bound,universal_bound,-11/64,-11/64,-11/64,-11/64,-11/64,-11/64,False
primary_rows,1989,cell-0284,,all-64,primary,one_edit_per_image,64,0,unresolved,opposite_worlds,opposite_worlds,-109/64,93/64,-47/64,53/64,-73/64,77/64,False
primary_rows,1990,cell-0284,,all-64,primary,one_edit_global,64,0,excluded,universal_bound,universal_bound,-15/64,-7/64,-13/64,-9/64,-13/64,-7/64,False
primary_rows,1991,cell-0284,,all-64,primary,current_strict,64,25,input_blocked,,,,,,,,,False
primary_rows,1992,cell-0284,,all-64,primary,current_partial,64,0,unresolved,bound_gap,bound_gap,-43/64,15/64,-13/64,-1/64,-13/64,-1/64,False
primary_rows,1993,cell-0284,,all-64,primary,union_strict,64,36,input_blocked,,,,,,,,,False
primary_rows,1994,cell-0284,,all-64,primary,union_partial,64,1,input_blocked,,,,,,,,,False
primary_rows,1995,cell-0285,,all-64,primary,exact_projection,64,0,excluded,universal_bound,universal_bound,-3/16,-3/16,-3/16,-3/16,-3/16,-3/16,False
primary_rows,1996,cell-0285,,all-64,primary,one_edit_per_image,64,0,unresolved,opposite_worlds,opposite_worlds,-55/32,23/16,-23/32,13/16,-37/32,19/16,False
primary_rows,1997,cell-0285,,all-64,primary,one_edit_global,64,0,excluded,universal_bound,universal_bound,-1/4,-1/8,-7/32,-5/32,-7/32,-1/8,False
primary_rows,1998,cell-0285,,all-64,primary,current_strict,64,25,input_blocked,,,,,,,,,False
primary_rows,1999,cell-0285,,all-64,primary,current_partial,64,0,unresolved,bound_gap,bound_gap,-11/16,7/32,-7/32,-1/32,-7/32,-1/32,False
primary_rows,2000,cell-0285,,all-64,primary,union_strict,64,36,input_blocked,,,,,,,,,False
primary_rows,2001,cell-0285,,all-64,primary,union_partial,64,1,input_blocked,,,,,,,,,False
primary_rows,2002,cell-0286,,all-64,primary,exact_projection,64,0,excluded,universal_bound,universal_bound,-11/64,-11/64,-11/64,-11/64,-11/64,-11/64,False
primary_rows,2003,cell-0286,,all-64,primary,one_edit_per_image,64,0,unresolved,opposite_worlds,opposite_worlds,-109/64,91/64,-45/64,53/64,-73/64,77/64,False
primary_rows,2004,cell-0286,,all-64,primary,one_edit_global,64,0,excluded,universal_bound,universal_bound,-15/64,-7/64,-13/64,-9/64,-13/64,-7/64,False
primary_rows,2005,cell-0286,,all-64,primary,current_strict,64,25,input_blocked,,,,,,,,,False
primary_rows,2006,cell-0286,,all-64,primary,current_partial,64,0,unresolved,bound_gap,bound_gap,-43/64,15/64,-13/64,-1/64,-13/64,-1/64,False
primary_rows,2007,cell-0286,,all-64,primary,union_strict,64,36,input_blocked,,,,,,,,,False
primary_rows,2008,cell-0286,,all-64,primary,union_partial,64,1,input_blocked,,,,,,,,,False
primary_rows,2009,cell-0287,,all-64,primary,exact_projection,64,0,excluded,universal_bound,universal_bound,-5/32,-5/32,-5/32,-5/32,-5/32,-5/32,False
primary_rows,2010,cell-0287,,all-64,primary,one_edit_per_image,64,0,unresolved,opposite_worlds,opposite_worlds,-27/16,23/16,-23/32,27/32,-9/8,39/32,False
primary_rows,2011,cell-0287,,all-64,primary,one_edit_global,64,0,excluded,universal_bound,universal_bound,-7/32,-3/32,-3/16,-1/8,-3/16,-3/32,False
primary_rows,2012,cell-0287,,all-64,primary,current_strict,64,25,input_blocked,,,,,,,,,False
primary_rows,2013,cell-0287,,all-64,primary,current_partial,64,0,unresolved,bound_gap,bound_gap,-21/32,1/4,-3/16,0/1,-3/16,0/1,False
primary_rows,2014,cell-0287,,all-64,primary,union_strict,64,36,input_blocked,,,,,,,,,False
primary_rows,2015,cell-0287,,all-64,primary,union_partial,64,1,input_blocked,,,,,,,,,False
primary_rows,2016,cell-0288,,all-64,primary,exact_projection,64,0,excluded,universal_bound,universal_bound,-11/64,-11/64,-11/64,-11/64,-11/64,-11/64,False
primary_rows,2017,cell-0288,,all-64,primary,one_edit_per_image,64,0,unresolved,opposite_worlds,opposite_worlds,-107/64,91/64,-47/64,53/64,-73/64,77/64,False
primary_rows,2018,cell-0288,,all-64,primary,one_edit_global,64,0,excluded,universal_bound,universal_bound,-15/64,-7/64,-13/64,-9/64,-13/64,-7/64,False
primary_rows,2019,cell-0288,,all-64,primary,current_strict,64,25,input_blocked,,,,,,,,,False
primary_rows,2020,cell-0288,,all-64,primary,current_partial,64,0,unresolved,bound_gap,bound_gap,-43/64,15/64,-13/64,-1/64,-13/64,-1/64,False
primary_rows,2021,cell-0288,,all-64,primary,union_strict,64,36,input_blocked,,,,,,,,,False
primary_rows,2022,cell-0288,,all-64,primary,union_partial,64,1,input_blocked,,,,,,,,,False
primary_rows,2023,cell-0289,,all-64,primary,exact_projection,64,0,excluded,universal_bound,universal_bound,-3/16,-3/16,-3/16,-3/16,-3/16,-3/16,False
primary_rows,2024,cell-0289,,all-64,primary,one_edit_per_image,64,0,unresolved,opposite_worlds,opposite_worlds,-27/16,45/32,-3/4,13/16,-37/32,19/16,False
primary_rows,2025,cell-0289,,all-64,primary,one_edit_global,64,0,excluded,universal_bound,universal_bound,-1/4,-1/8,-7/32,-5/32,-7/32,-1/8,False
primary_rows,2026,cell-0289,,all-64,primary,current_strict,64,25,input_blocked,,,,,,,,,False
primary_rows,2027,cell-0289,,all-64,primary,current_partial,64,0,unresolved,bound_gap,bound_gap,-11/16,7/32,-7/32,-1/32,-7/32,-1/32,False
primary_rows,2028,cell-0289,,all-64,primary,union_strict,64,36,input_blocked,,,,,,,,,False
primary_rows,2029,cell-0289,,all-64,primary,union_partial,64,1,input_blocked,,,,,,,,,False
primary_rows,2030,cell-0290,,all-64,primary,exact_projection,64,0,excluded,universal_bound,universal_bound,-13/64,-13/64,-13/64,-13/64,-13/64,-13/64,False
primary_rows,2031,cell-0290,,all-64,primary,one_edit_per_image,64,0,unresolved,opposite_worlds,opposite_worlds,-109/64,89/64,-49/64,51/64,-73/64,75/64,False
primary_rows,2032,cell-0290,,all-64,primary,one_edit_global,64,0,excluded,universal_bound,universal_bound,-17/64,-9/64,-15/64,-11/64,-15/64,-9/64,False
primary_rows,2033,cell-0290,,all-64,primary,current_strict,64,25,input_blocked,,,,,,,,,False
primary_rows,2034,cell-0290,,all-64,primary,current_partial,64,0,unresolved,bound_gap,bound_gap,-45/64,13/64,-15/64,-3/64,-15/64,-3/64,False
primary_rows,2035,cell-0290,,all-64,primary,union_strict,64,36,input_blocked,,,,,,,,,False
primary_rows,2036,cell-0290,,all-64,primary,union_partial,64,1,input_blocked,,,,,,,,,False
primary_rows,2037,cell-0291,,all-64,primary,exact_projection,64,0,excluded,universal_bound,universal_bound,-3/16,-3/16,-3/16,-3/16,-3/16,-3/16,False
primary_rows,2038,cell-0291,,all-64,primary,one_edit_per_image,64,0,unresolved,opposite_worlds,opposite_worlds,-27/16,45/32,-3/4,13/16,-9/8,19/16,False
primary_rows,2039,cell-0291,,all-64,primary,one_edit_global,64,0,excluded,universal_bound,universal_bound,-1/4,-1/8,-7/32,-5/32,-7/32,-1/8,False
primary_rows,2040,cell-0291,,all-64,primary,current_strict,64,25,input_blocked,,,,,,,,,False
primary_rows,2041,cell-0291,,all-64,primary,current_partial,64,0,unresolved,bound_gap,bound_gap,-11/16,7/32,-7/32,-1/32,-7/32,-1/32,False
primary_rows,2042,cell-0291,,all-64,primary,union_strict,64,36,input_blocked,,,,,,,,,False
primary_rows,2043,cell-0291,,all-64,primary,union_partial,64,1,input_blocked,,,,,,,,,False
primary_rows,2044,cell-0292,,all-64,primary,exact_projection,64,0,excluded,universal_bound,universal_bound,-13/64,-13/64,-13/64,-13/64,-13/64,-13/64,False
primary_rows,2045,cell-0292,,all-64,primary,one_edit_per_image,64,0,unresolved,opposite_worlds,opposite_worlds,-109/64,89/64,-49/64,51/64,-73/64,75/64,False
primary_rows,2046,cell-0292,,all-64,primary,one_edit_global,64,0,excluded,universal_bound,universal_bound,-17/64,-9/64,-15/64,-11/64,-15/64,-9/64,False
primary_rows,2047,cell-0292,,all-64,primary,current_strict,64,25,input_blocked,,,,,,,,,False
primary_rows,2048,cell-0292,,all-64,primary,current_partial,64,0,unresolved,bound_gap,bound_gap,-43/64,13/64,-15/64,-3/64,-15/64,-3/64,False
primary_rows,2049,cell-0292,,all-64,primary,union_strict,64,36,input_blocked,,,,,,,,,False
primary_rows,2050,cell-0292,,all-64,primary,union_partial,64,1,input_blocked,,,,,,,,,False
primary_rows,2051,cell-0293,,all-64,primary,exact_projection,64,0,excluded,universal_bound,universal_bound,-7/32,-7/32,-7/32,-7/32,-7/32,-7/32,False
primary_rows,2052,cell-0293,,all-64,primary,one_edit_per_image,64,0,unresolved,opposite_worlds,opposite_worlds,-55/32,11/8,-3/4,25/32,-9/8,37/32,False
primary_rows,2053,cell-0293,,all-64,primary,one_edit_global,64,0,excluded,universal_bound,universal_bound,-9/32,-5/32,-1/4,-3/16,-1/4,-5/32,False
primary_rows,2054,cell-0293,,all-64,primary,current_strict,64,25,input_blocked,,,,,,,,,False
primary_rows,2055,cell-0293,,all-64,primary,current_partial,64,0,unresolved,bound_gap,bound_gap,-11/16,3/16,-1/4,-1/16,-1/4,-1/16,False
primary_rows,2056,cell-0293,,all-64,primary,union_strict,64,36,input_blocked,,,,,,,,,False
primary_rows,2057,cell-0293,,all-64,primary,union_partial,64,1,input_blocked,,,,,,,,,False
primary_rows,2058,cell-0294,,all-64,primary,exact_projection,64,0,excluded,universal_bound,universal_bound,-13/64,-13/64,-13/64,-13/64,-13/64,-13/64,False
primary_rows,2059,cell-0294,,all-64,primary,one_edit_per_image,64,0,unresolved,opposite_worlds,opposite_worlds,-109/64,87/64,-47/64,49/64,-71/64,73/64,False
primary_rows,2060,cell-0294,,all-64,primary,one_edit_global,64,0,excluded,universal_bound,universal_bound,-17/64,-9/64,-15/64,-11/64,-15/64,-9/64,False
primary_rows,2061,cell-0294,,all-64,primary,current_strict,64,25,input_blocked,,,,,,,,,False
primary_rows,2062,cell-0294,,all-64,primary,current_partial,64,0,unresolved,bound_gap,bound_gap,-43/64,13/64,-15/64,-3/64,-15/64,-3/64,False
primary_rows,2063,cell-0294,,all-64,primary,union_strict,64,36,input_blocked,,,,,,,,,False
primary_rows,2064,cell-0294,,all-64,primary,union_partial,64,1,input_blocked,,,,,,,,,False
primary_rows,2065,cell-0295,,all-64,primary,exact_projection,64,0,excluded,universal_bound,universal_bound,-3/16,-3/16,-3/16,-3/16,-3/16,-3/16,False
primary_rows,2066,cell-0295,,all-64,primary,one_edit_per_image,64,0,unresolved,opposite_worlds,opposite_worlds,-27/16,11/8,-23/32,25/32,-35/32,37/32,False
primary_rows,2067,cell-0295,,all-64,primary,one_edit_global,64,0,excluded,universal_bound,universal_bound,-1/4,-1/8,-7/32,-5/32,-7/32,-1/8,False
primary_rows,2068,cell-0295,,all-64,primary,current_strict,64,25,input_blocked,,,,,,,,,False
primary_rows,2069,cell-0295,,all-64,primary,current_partial,64,0,unresolved,bound_gap,bound_gap,-21/32,7/32,-7/32,-1/32,-7/32,-1/32,False
primary_rows,2070,cell-0295,,all-64,primary,union_strict,64,36,input_blocked,,,,,,,,,False
primary_rows,2071,cell-0295,,all-64,primary,union_partial,64,1,input_blocked,,,,,,,,,False
primary_rows,2072,cell-0296,,all-64,primary,exact_projection,64,0,excluded,universal_bound,universal_bound,-13/64,-13/64,-13/64,-13/64,-13/64,-13/64,False
primary_rows,2073,cell-0296,,all-64,primary,one_edit_per_image,64,0,unresolved,opposite_worlds,opposite_worlds,-109/64,89/64,-47/64,49/64,-71/64,73/64,False
primary_rows,2074,cell-0296,,all-64,primary,one_edit_global,64,0,excluded,universal_bound,universal_bound,-17/64,-9/64,-15/64,-11/64,-15/64,-9/64,False
primary_rows,2075,cell-0296,,all-64,primary,current_strict,64,25,input_blocked,,,,,,,,,False
primary_rows,2076,cell-0296,,all-64,primary,current_partial,64,0,unresolved,bound_gap,bound_gap,-43/64,13/64,-15/64,-3/64,-15/64,-3/64,False
primary_rows,2077,cell-0296,,all-64,primary,union_strict,64,36,input_blocked,,,,,,,,,False
primary_rows,2078,cell-0296,,all-64,primary,union_partial,64,1,input_blocked,,,,,,,,,False
primary_rows,2079,cell-0297,,all-64,primary,exact_projection,64,0,excluded,universal_bound,universal_bound,-7/32,-7/32,-7/32,-7/32,-7/32,-7/32,False
primary_rows,2080,cell-0297,,all-64,primary,one_edit_per_image,64,0,unresolved,opposite_worlds,opposite_worlds,-55/32,11/8,-23/32,3/4,-35/32,9/8,False
primary_rows,2081,cell-0297,,all-64,primary,one_edit_global,64,0,excluded,universal_bound,universal_bound,-9/32,-5/32,-1/4,-3/16,-1/4,-5/32,False
primary_rows,2082,cell-0297,,all-64,primary,current_strict,64,25,input_blocked,,,,,,,,,False
primary_rows,2083,cell-0297,,all-64,primary,current_partial,64,0,unresolved,bound_gap,bound_gap,-11/16,3/16,-1/4,-1/16,-1/4,-1/16,False
primary_rows,2084,cell-0297,,all-64,primary,union_strict,64,36,input_blocked,,,,,,,,,False
primary_rows,2085,cell-0297,,all-64,primary,union_partial,64,1,input_blocked,,,,,,,,,False
primary_rows,2086,cell-0298,,all-64,primary,exact_projection,64,0,excluded,universal_bound,universal_bound,-15/64,-15/64,-15/64,-15/64,-15/64,-15/64,False
primary_rows,2087,cell-0298,,all-64,primary,one_edit_per_image,64,0,unresolved,opposite_worlds,opposite_worlds,-111/64,87/64,-47/64,47/64,-71/64,71/64,False
primary_rows,2088,cell-0298,,all-64,primary,one_edit_global,64,0,excluded,universal_bound,universal_bound,-19/64,-11/64,-17/64,-13/64,-17/64,-11/64,False
primary_rows,2089,cell-0298,,all-64,primary,current_strict,64,25,input_blocked,,,,,,,,,False
primary_rows,2090,cell-0298,,all-64,primary,current_partial,64,0,unresolved,bound_gap,bound_gap,-45/64,11/64,-17/64,-5/64,-17/64,-5/64,False
primary_rows,2091,cell-0298,,all-64,primary,union_strict,64,36,input_blocked,,,,,,,,,False
primary_rows,2092,cell-0298,,all-64,primary,union_partial,64,1,input_blocked,,,,,,,,,False
primary_rows,2093,cell-0299,,all-64,primary,exact_projection,64,0,excluded,universal_bound,universal_bound,-7/32,-7/32,-7/32,-7/32,-7/32,-7/32,False
primary_rows,2094,cell-0299,,all-64,primary,one_edit_per_image,64,0,unresolved,opposite_worlds,opposite_worlds,-55/32,43/32,-23/32,23/32,-9/8,9/8,False
primary_rows,2095,cell-0299,,all-64,primary,one_edit_global,64,0,excluded,universal_bound,universal_bound,-9/32,-5/32,-1/4,-3/16,-1/4,-5/32,False
primary_rows,2096,cell-0299,,all-64,primary,current_strict,64,25,input_blocked,,,,,,,,,False
primary_rows,2097,cell-0299,,all-64,primary,current_partial,64,0,unresolved,bound_gap,bound_gap,-11/16,3/16,-1/4,-1/16,-1/4,-1/16,False
primary_rows,2098,cell-0299,,all-64,primary,union_strict,64,36,input_blocked,,,,,,,,,False
primary_rows,2099,cell-0299,,all-64,primary,union_partial,64,1,input_blocked,,,,,,,,,False
primary_rows,2100,cell-0300,,all-64,primary,exact_projection,64,0,excluded,universal_bound,universal_bound,-15/64,-15/64,-15/64,-15/64,-15/64,-15/64,False
primary_rows,2101,cell-0300,,all-64,primary,one_edit_per_image,64,0,unresolved,opposite_worlds,opposite_worlds,-111/64,85/64,-47/64,45/64,-73/64,71/64,False
primary_rows,2102,cell-0300,,all-64,primary,one_edit_global,64,0,excluded,universal_bound,universal_bound,-19/64,-11/64,-17/64,-13/64,-17/64,-11/64,False
primary_rows,2103,cell-0300,,all-64,primary,current_strict,64,25,input_blocked,,,,,,,,,False
primary_rows,2104,cell-0300,,all-64,primary,current_partial,64,0,unresolved,bound_gap,bound_gap,-43/64,11/64,-17/64,-5/64,-17/64,-5/64,False
primary_rows,2105,cell-0300,,all-64,primary,union_strict,64,36,input_blocked,,,,,,,,,False
primary_rows,2106,cell-0300,,all-64,primary,union_partial,64,1,input_blocked,,,,,,,,,False
primary_rows,2107,cell-0301,,all-64,primary,exact_projection,64,0,excluded,universal_bound,universal_bound,-1/4,-1/4,-1/4,-1/4,-1/4,-1/4,False
primary_rows,2108,cell-0301,,all-64,primary,one_edit_per_image,64,0,unresolved,opposite_worlds,opposite_worlds,-7/4,43/32,-3/4,11/16,-37/32,35/32,False
primary_rows,2109,cell-0301,,all-64,primary,one_edit_global,64,0,excluded,universal_bound,universal_bound,-5/16,-3/16,-9/32,-7/32,-9/32,-3/16,False
primary_rows,2110,cell-0301,,all-64,primary,current_strict,64,25,input_blocked,,,,,,,,,False
primary_rows,2111,cell-0301,,all-64,primary,current_partial,64,0,unresolved,bound_gap,bound_gap,-11/16,5/32,-9/32,-3/32,-9/32,-3/32,False
primary_rows,2112,cell-0301,,all-64,primary,union_strict,64,36,input_blocked,,,,,,,,,False
primary_rows,2113,cell-0301,,all-64,primary,union_partial,64,1,input_blocked,,,,,,,,,False
primary_rows,2114,cell-0302,,all-64,primary,exact_projection,64,0,excluded,universal_bound,universal_bound,-15/64,-15/64,-15/64,-15/64,-15/64,-15/64,False
primary_rows,2115,cell-0302,,all-64,primary,one_edit_per_image,64,0,unresolved,opposite_worlds,opposite_worlds,-111/64,85/64,-47/64,45/64,-73/64,71/64,False
primary_rows,2116,cell-0302,,all-64,primary,one_edit_global,64,0,excluded,universal_bound,universal_bound,-19/64,-11/64,-17/64,-13/64,-17/64,-11/64,False
primary_rows,2117,cell-0302,,all-64,primary,current_strict,64,25,input_blocked,,,,,,,,,False
primary_rows,2118,cell-0302,,all-64,primary,current_partial,64,0,unresolved,bound_gap,bound_gap,-43/64,9/64,-17/64,-5/64,-17/64,-5/64,False
primary_rows,2119,cell-0302,,all-64,primary,union_strict,64,36,input_blocked,,,,,,,,,False
primary_rows,2120,cell-0302,,all-64,primary,union_partial,64,1,input_blocked,,,,,,,,,False
primary_rows,2121,cell-0303,,all-64,primary,exact_projection,64,0,excluded,universal_bound,universal_bound,-7/32,-7/32,-7/32,-7/32,-7/32,-7/32,False
primary_rows,2122,cell-0303,,all-64,primary,one_edit_per_image,64,0,unresolved,opposite_worlds,opposite_worlds,-55/32,43/32,-3/4,23/32,-37/32,9/8,False
primary_rows,2123,cell-0303,,all-64,primary,one_edit_global,64,0,excluded,universal_bound,universal_bound,-9/32,-5/32,-1/4,-3/16,-1/4,-5/32,False
primary_rows,2124,cell-0303,,all-64,primary,current_strict,64,25,input_blocked,,,,,,,,,False
primary_rows,2125,cell-0303,,all-64,primary,current_partial,64,0,unresolved,bound_gap,bound_gap,-21/32,5/32,-1/4,-1/16,-1/4,-1/16,False
primary_rows,2126,cell-0303,,all-64,primary,union_strict,64,36,input_blocked,,,,,,,,,False
primary_rows,2127,cell-0303,,all-64,primary,union_partial,64,1,input_blocked,,,,,,,,,False
primary_rows,2128,cell-0304,,all-64,primary,exact_projection,64,0,excluded,universal_bound,universal_bound,-15/64,-15/64,-15/64,-15/64,-15/64,-15/64,False
primary_rows,2129,cell-0304,,all-64,primary,one_edit_per_image,64,0,unresolved,opposite_worlds,opposite_worlds,-111/64,85/64,-49/64,45/64,-75/64,71/64,False
primary_rows,2130,cell-0304,,all-64,primary,one_edit_global,64,0,excluded,universal_bound,universal_bound,-19/64,-11/64,-17/64,-13/64,-17/64,-11/64,False
primary_rows,2131,cell-0304,,all-64,primary,current_strict,64,25,input_blocked,,,,,,,,,False
primary_rows,2132,cell-0304,,all-64,primary,current_partial,64,0,unresolved,bound_gap,bound_gap,-41/64,9/64,-17/64,-5/64,-17/64,-5/64,False
primary_rows,2133,cell-0304,,all-64,primary,union_strict,64,36,input_blocked,,,,,,,,,False
primary_rows,2134,cell-0304,,all-64,primary,union_partial,64,1,input_blocked,,,,,,,,,False
primary_rows,2135,cell-0305,,all-64,primary,exact_projection,64,0,excluded,universal_bound,universal_bound,-1/4,-1/4,-1/4,-1/4,-1/4,-1/4,False
primary_rows,2136,cell-0305,,all-64,primary,one_edit_per_image,64,0,unresolved,opposite_worlds,opposite_worlds,-7/4,21/16,-3/4,11/16,-37/32,35/32,False
primary_rows,2137,cell-0305,,all-64,primary,one_edit_global,64,0,excluded,universal_bound,universal_bound,-5/16,-3/16,-9/32,-7/32,-9/32,-3/16,False
primary_rows,2138,cell-0305,,all-64,primary,current_strict,64,25,input_blocked,,,,,,,,,False
primary_rows,2139,cell-0305,,all-64,primary,current_partial,64,0,unresolved,bound_gap,bound_gap,-5/8,1/8,-9/32,-3/32,-9/32,-3/32,False
primary_rows,2140,cell-0305,,all-64,primary,union_strict,64,36,input_blocked,,,,,,,,,False
primary_rows,2141,cell-0305,,all-64,primary,union_partial,64,1,input_blocked,,,,,,,,,False
primary_rows,2142,cell-0306,,all-64,primary,exact_projection,64,0,excluded,universal_bound,universal_bound,-17/64,-17/64,-17/64,-17/64,-17/64,-17/64,False
primary_rows,2143,cell-0306,,all-64,primary,one_edit_per_image,64,0,unresolved,opposite_worlds,opposite_worlds,-111/64,85/64,-49/64,43/64,-75/64,71/64,False
primary_rows,2144,cell-0306,,all-64,primary,one_edit_global,64,0,excluded,universal_bound,universal_bound,-21/64,-13/64,-19/64,-15/64,-19/64,-13/64,False
primary_rows,2145,cell-0306,,all-64,primary,current_strict,64,25,input_blocked,,,,,,,,,False
primary_rows,2146,cell-0306,,all-64,primary,current_partial,64,0,unresolved,bound_gap,bound_gap,-41/64,7/64,-19/64,-7/64,-19/64,-7/64,False
primary_rows,2147,cell-0306,,all-64,primary,union_strict,64,36,input_blocked,,,,,,,,,False
primary_rows,2148,cell-0306,,all-64,primary,union_partial,64,1,input_blocked,,,,,,,,,False
primary_rows,2149,cell-0307,,all-64,primary,exact_projection,64,0,excluded,universal_bound,universal_bound,-1/4,-1/4,-1/4,-1/4,-1/4,-1/4,False
primary_rows,2150,cell-0307,,all-64,primary,one_edit_per_image,64,0,unresolved,opposite_worlds,opposite_worlds,-55/32,43/32,-3/4,21/32,-37/32,35/32,False
primary_rows,2151,cell-0307,,all-64,primary,one_edit_global,64,0,excluded,universal_bound,universal_bound,-5/16,-3/16,-9/32,-7/32,-9/32,-3/16,False
primary_rows,2152,cell-0307,,all-64,primary,current_strict,64,25,input_blocked,,,,,,,,,False
primary_rows,2153,cell-0307,,all-64,primary,current_partial,64,0,unresolved,bound_gap,bound_gap,-5/8,1/8,-9/32,-3/32,-9/32,-3/32,False
primary_rows,2154,cell-0307,,all-64,primary,union_strict,64,36,input_blocked,,,,,,,,,False
primary_rows,2155,cell-0307,,all-64,primary,union_partial,64,1,input_blocked,,,,,,,,,False
primary_rows,2156,cell-0308,,all-64,primary,exact_projection,64,0,excluded,universal_bound,universal_bound,-15/64,-15/64,-15/64,-15/64,-15/64,-15/64,False
primary_rows,2157,cell-0308,,all-64,primary,one_edit_per_image,64,0,unresolved,opposite_worlds,opposite_worlds,-109/64,85/64,-47/64,43/64,-73/64,71/64,False
primary_rows,2158,cell-0308,,all-64,primary,one_edit_global,64,0,excluded,universal_bound,universal_bound,-19/64,-11/64,-17/64,-13/64,-17/64,-11/64,False
primary_rows,2159,cell-0308,,all-64,primary,current_strict,64,25,input_blocked,,,,,,,,,False
primary_rows,2160,cell-0308,,all-64,primary,current_partial,64,0,unresolved,bound_gap,bound_gap,-39/64,9/64,-17/64,-5/64,-17/64,-5/64,False
primary_rows,2161,cell-0308,,all-64,primary,union_strict,64,36,input_blocked,,,,,,,,,False
primary_rows,2162,cell-0308,,all-64,primary,union_partial,64,1,input_blocked,,,,,,,,,False
primary_rows,2163,cell-0309,,all-64,primary,exact_projection,64,0,excluded,universal_bound,universal_bound,-7/32,-7/32,-7/32,-7/32,-7/32,-7/32,False
primary_rows,2164,cell-0309,,all-64,primary,one_edit_per_image,64,0,unresolved,opposite_worlds,opposite_worlds,-27/16,43/32,-23/32,11/16,-9/8,9/8,False
primary_rows,2165,cell-0309,,all-64,primary,one_edit_global,64,0,excluded,universal_bound,universal_bound,-9/32,-5/32,-1/4,-3/16,-1/4,-5/32,False
primary_rows,2166,cell-0309,,all-64,primary,current_strict,64,25,input_blocked,,,,,,,,,False
primary_rows,2167,cell-0309,,all-64,primary,current_partial,64,0,unresolved,bound_gap,bound_gap,-19/32,1/8,-1/4,-3/32,-1/4,-3/32,False
primary_rows,2168,cell-0309,,all-64,primary,union_strict,64,36,input_blocked,,,,,,,,,False
primary_rows,2169,cell-0309,,all-64,primary,union_partial,64,1,input_blocked,,,,,,,,,False
primary_rows,2170,cell-0310,,all-64,primary,exact_projection,64,0,excluded,universal_bound,universal_bound,-13/64,-13/64,-13/64,-13/64,-13/64,-13/64,False
primary_rows,2171,cell-0310,,all-64,primary,one_edit_per_image,64,0,unresolved,opposite_worlds,opposite_worlds,-107/64,87/64,-45/64,45/64,-71/64,73/64,False
primary_rows,2172,cell-0310,,all-64,primary,one_edit_global,64,0,excluded,universal_bound,universal_bound,-17/64,-9/64,-15/64,-11/64,-15/64,-9/64,False
primary_rows,2173,cell-0310,,all-64,primary,current_strict,64,25,input_blocked,,,,,,,,,False
primary_rows,2174,cell-0310,,all-64,primary,current_partial,64,0,unresolved,bound_gap,bound_gap,-37/64,9/64,-15/64,-5/64,-15/64,-5/64,False
primary_rows,2175,cell-0310,,all-64,primary,union_strict,64,36,input_blocked,,,,,,,,,False
primary_rows,2176,cell-0310,,all-64,primary,union_partial,64,1,input_blocked,,,,,,,,,False
primary_rows,2177,cell-0311,,all-64,primary,exact_projection,64,0,excluded,universal_bound,universal_bound,-3/16,-3/16,-3/16,-3/16,-3/16,-3/16,False
primary_rows,2178,cell-0311,,all-64,primary,one_edit_per_image,64,0,unresolved,opposite_worlds,opposite_worlds,-53/32,11/8,-11/16,11/16,-9/8,37/32,False
primary_rows,2179,cell-0311,,all-64,primary,one_edit_global,64,0,excluded,universal_bound,universal_bound,-1/4,-1/8,-7/32,-5/32,-7/32,-1/8,False
primary_rows,2180,cell-0311,,all-64,primary,current_strict,64,25,input_blocked,,,,,,,,,False
primary_rows,2181,cell-0311,,all-64,primary,current_partial,64,0,unresolved,bound_gap,bound_gap,-9/16,5/32,-7/32,-1/16,-7/32,-1/16,False
primary_rows,2182,cell-0311,,all-64,primary,union_strict,64,36,input_blocked,,,,,,,,,False
primary_rows,2183,cell-0311,,all-64,primary,union_partial,64,1,input_blocked,,,,,,,,,False
primary_rows,2184,cell-0312,,all-64,primary,exact_projection,64,0,excluded,universal_bound,universal_bound,-13/64,-13/64,-13/64,-13/64,-13/64,-13/64,False
primary_rows,2185,cell-0312,,all-64,primary,one_edit_per_image,64,0,unresolved,opposite_worlds,opposite_worlds,-107/64,87/64,-45/64,43/64,-73/64,73/64,False
primary_rows,2186,cell-0312,,all-64,primary,one_edit_global,64,0,excluded,universal_bound,universal_bound,-17/64,-9/64,-15/64,-11/64,-15/64,-9/64,False
primary_rows,2187,cell-0312,,all-64,primary,current_strict,64,25,input_blocked,,,,,,,,,False
primary_rows,2188,cell-0312,,all-64,primary,current_partial,64,0,unresolved,bound_gap,bound_gap,-37/64,9/64,-15/64,-5/64,-15/64,-5/64,False
primary_rows,2189,cell-0312,,all-64,primary,union_strict,64,36,input_blocked,,,,,,,,,False
primary_rows,2190,cell-0312,,all-64,primary,union_partial,64,1,input_blocked,,,,,,,,,False
primary_rows,2191,cell-0313,,all-64,primary,exact_projection,64,0,excluded,universal_bound,universal_bound,-3/16,-3/16,-3/16,-3/16,-3/16,-3/16,False
primary_rows,2192,cell-0313,,all-64,primary,one_edit_per_image,64,0,unresolved,opposite_worlds,opposite_worlds,-53/32,43/32,-11/16,21/32,-9/8,9/8,False
primary_rows,2193,cell-0313,,all-64,primary,one_edit_global,64,0,excluded,universal_bound,universal_bound,-1/4,-1/8,-7/32,-5/32,-7/32,-1/8,False
primary_rows,2194,cell-0313,,all-64,primary,current_strict,64,25,input_blocked,,,,,,,,,False
primary_rows,2195,cell-0313,,all-64,primary,current_partial,64,0,unresolved,bound_gap,bound_gap,-9/16,5/32,-7/32,-1/16,-7/32,-1/16,False
primary_rows,2196,cell-0313,,all-64,primary,union_strict,64,36,input_blocked,,,,,,,,,False
primary_rows,2197,cell-0313,,all-64,primary,union_partial,64,1,input_blocked,,,,,,,,,False
primary_rows,2198,cell-0314,,all-64,primary,exact_projection,64,0,excluded,universal_bound,universal_bound,-11/64,-11/64,-11/64,-11/64,-11/64,-11/64,False
primary_rows,2199,cell-0314,,all-64,primary,one_edit_per_image,64,0,unresolved,opposite_worlds,opposite_worlds,-105/64,87/64,-43/64,43/64,-71/64,75/64,False
primary_rows,2200,cell-0314,,all-64,primary,one_edit_global,64,0,excluded,universal_bound,universal_bound,-15/64,-7/64,-13/64,-9/64,-13/64,-7/64,False
primary_rows,2201,cell-0314,,all-64,primary,current_strict,64,25,input_blocked,,,,,,,,,False
primary_rows,2202,cell-0314,,all-64,primary,current_partial,64,0,unresolved,bound_gap,bound_gap,-35/64,11/64,-13/64,-3/64,-13/64,-3/64,False
primary_rows,2203,cell-0314,,all-64,primary,union_strict,64,36,input_blocked,,,,,,,,,False
primary_rows,2204,cell-0314,,all-64,primary,union_partial,64,1,input_blocked,,,,,,,,,False
primary_rows,2205,cell-0315,,all-64,primary,exact_projection,64,0,excluded,universal_bound,universal_bound,-3/16,-3/16,-3/16,-3/16,-3/16,-3/16,False
primary_rows,2206,cell-0315,,all-64,primary,one_edit_per_image,64,0,unresolved,opposite_worlds,opposite_worlds,-13/8,43/32,-21/32,21/32,-35/32,37/32,False
primary_rows,2207,cell-0315,,all-64,primary,one_edit_global,64,0,excluded,universal_bound,universal_bound,-1/4,-1/8,-7/32,-5/32,-7/32,-1/8,False
primary_rows,2208,cell-0315,,all-64,primary,current_strict,64,25,input_blocked,,,,,,,,,False
primary_rows,2209,cell-0315,,all-64,primary,current_partial,64,0,unresolved,bound_gap,bound_gap,-9/16,5/32,-7/32,-1/16,-7/32,-1/16,False
primary_rows,2210,cell-0315,,all-64,primary,union_strict,64,36,input_blocked,,,,,,,,,False
primary_rows,2211,cell-0315,,all-64,primary,union_partial,64,1,input_blocked,,,,,,,,,False
primary_rows,2212,cell-0316,,all-64,primary,exact_projection,64,0,excluded,universal_bound,universal_bound,-13/64,-13/64,-13/64,-13/64,-13/64,-13/64,False
primary_rows,2213,cell-0316,,all-64,primary,one_edit_per_image,64,0,unresolved,opposite_worlds,opposite_worlds,-105/64,85/64,-43/64,41/64,-71/64,73/64,False
primary_rows,2214,cell-0316,,all-64,primary,one_edit_global,64,0,excluded,universal_bound,universal_bound,-17/64,-9/64,-15/64,-11/64,-15/64,-9/64,False
primary_rows,2215,cell-0316,,all-64,primary,current_strict,64,25,input_blocked,,,,,,,,,False
primary_rows,2216,cell-0316,,all-64,primary,current_partial,64,0,unresolved,bound_gap,bound_gap,-37/64,9/64,-15/64,-5/64,-15/64,-5/64,False
primary_rows,2217,cell-0316,,all-64,primary,union_strict,64,36,input_blocked,,,,,,,,,False
primary_rows,2218,cell-0316,,all-64,primary,union_partial,64,1,input_blocked,,,,,,,,,False
primary_rows,2219,cell-0317,,all-64,primary,exact_projection,64,0,excluded,universal_bound,universal_bound,-7/32,-7/32,-7/32,-7/32,-7/32,-7/32,False
primary_rows,2220,cell-0317,,all-64,primary,one_edit_per_image,64,0,unresolved,opposite_worlds,opposite_worlds,-53/32,43/32,-11/16,5/8,-9/8,9/8,False
primary_rows,2221,cell-0317,,all-64,primary,one_edit_global,64,0,excluded,universal_bound,universal_bound,-9/32,-5/32,-1/4,-3/16,-1/4,-5/32,False
primary_rows,2222,cell-0317,,all-64,primary,current_strict,64,25,input_blocked,,,,,,,,,False
primary_rows,2223,cell-0317,,all-64,primary,current_partial,64,0,unresolved,bound_gap,bound_gap,-19/32,1/8,-1/4,-3/32,-1/4,-3/32,False
primary_rows,2224,cell-0317,,all-64,primary,union_strict,64,36,input_blocked,,,,,,,,,False
primary_rows,2225,cell-0317,,all-64,primary,union_partial,64,1,input_blocked,,,,,,,,,False
primary_rows,2226,cell-0318,,all-64,primary,exact_projection,64,0,excluded,universal_bound,universal_bound,-13/64,-13/64,-13/64,-13/64,-13/64,-13/64,False
primary_rows,2227,cell-0318,,all-64,primary,one_edit_per_image,64,0,unresolved,opposite_worlds,opposite_worlds,-105/64,87/64,-43/64,41/64,-71/64,73/64,False
primary_rows,2228,cell-0318,,all-64,primary,one_edit_global,64,0,excluded,universal_bound,universal_bound,-17/64,-9/64,-15/64,-11/64,-15/64,-9/64,False
primary_rows,2229,cell-0318,,all-64,primary,current_strict,64,25,input_blocked,,,,,,,,,False
primary_rows,2230,cell-0318,,all-64,primary,current_partial,64,0,unresolved,bound_gap,bound_gap,-37/64,9/64,-15/64,-5/64,-15/64,-5/64,False
primary_rows,2231,cell-0318,,all-64,primary,union_strict,64,36,input_blocked,,,,,,,,,False
primary_rows,2232,cell-0318,,all-64,primary,union_partial,64,1,input_blocked,,,,,,,,,False
primary_rows,2233,cell-0319,,all-64,primary,exact_projection,64,0,excluded,universal_bound,universal_bound,-3/16,-3/16,-3/16,-3/16,-3/16,-3/16,False
primary_rows,2234,cell-0319,,all-64,primary,one_edit_per_image,64,0,unresolved,opposite_worlds,opposite_worlds,-13/8,11/8,-21/32,5/8,-35/32,9/8,False
primary_rows,2235,cell-0319,,all-64,primary,one_edit_global,64,0,excluded,universal_bound,universal_bound,-1/4,-1/8,-7/32,-5/32,-7/32,-1/8,False
primary_rows,2236,cell-0319,,all-64,primary,current_strict,64,25,input_blocked,,,,,,,,,False
primary_rows,2237,cell-0319,,all-64,primary,current_partial,64,0,unresolved,bound_gap,bound_gap,-9/16,1/8,-7/32,-3/32,-7/32,-3/32,False
primary_rows,2238,cell-0319,,all-64,primary,union_strict,64,36,input_blocked,,,,,,,,,False
primary_rows,2239,cell-0319,,all-64,primary,union_partial,64,1,input_blocked,,,,,,,,,False
primary_rows,2240,cell-0320,,all-64,primary,exact_projection,64,0,excluded,universal_bound,universal_bound,-11/64,-11/64,-11/64,-11/64,-11/64,-11/64,False
primary_rows,2241,cell-0320,,all-64,primary,one_edit_per_image,64,0,unresolved,opposite_worlds,opposite_worlds,-103/64,89/64,-43/64,41/64,-71/64,73/64,False
primary_rows,2242,cell-0320,,all-64,primary,one_edit_global,64,0,excluded,universal_bound,universal_bound,-15/64,-7/64,-13/64,-9/64,-13/64,-7/64,False
primary_rows,2243,cell-0320,,all-64,primary,current_strict,64,25,input_blocked,,,,,,,,,False
primary_rows,2244,cell-0320,,all-64,primary,current_partial,64,0,unresolved,bound_gap,bound_gap,-35/64,9/64,-13/64,-5/64,-13/64,-5/64,False
primary_rows,2245,cell-0320,,all-64,primary,union_strict,64,36,input_blocked,,,,,,,,,False
primary_rows,2246,cell-0320,,all-64,primary,union_partial,64,1,input_blocked,,,,,,,,,False
primary_rows,2247,cell-0321,,all-64,primary,exact_projection,64,0,excluded,universal_bound,universal_bound,-5/32,-5/32,-5/32,-5/32,-5/32,-5/32,False
primary_rows,2248,cell-0321,,all-64,primary,one_edit_per_image,64,0,unresolved,opposite_worlds,opposite_worlds,-51/32,45/32,-11/16,21/32,-9/8,37/32,False
primary_rows,2249,cell-0321,,all-64,primary,one_edit_global,64,0,excluded,universal_bound,universal_bound,-7/32,-3/32,-3/16,-1/8,-3/16,-3/32,False
primary_rows,2250,cell-0321,,all-64,primary,current_strict,64,25,input_blocked,,,,,,,,,False
primary_rows,2251,cell-0321,,all-64,primary,current_partial,64,0,unresolved,bound_gap,bound_gap,-17/32,5/32,-3/16,-1/16,-3/16,-1/16,False
primary_rows,2252,cell-0321,,all-64,primary,union_strict,64,36,input_blocked,,,,,,,,,False
primary_rows,2253,cell-0321,,all-64,primary,union_partial,64,1,input_blocked,,,,,,,,,False
primary_rows,2254,cell-0322,,all-64,primary,exact_projection,64,0,excluded,universal_bound,universal_bound,-9/64,-9/64,-9/64,-9/64,-9/64,-9/64,False
primary_rows,2255,cell-0322,,all-64,primary,one_edit_per_image,64,0,unresolved,opposite_worlds,opposite_worlds,-101/64,91/64,-43/64,43/64,-71/64,77/64,False
primary_rows,2256,cell-0322,,all-64,primary,one_edit_global,64,0,excluded,universal_bound,universal_bound,-13/64,-5/64,-11/64,-7/64,-11/64,-5/64,False
primary_rows,2257,cell-0322,,all-64,primary,current_strict,64,25,input_blocked,,,,,,,,,False
primary_rows,2258,cell-0322,,all-64,primary,current_partial,64,0,unresolved,bound_gap,bound_gap,-33/64,9/64,-11/64,-3/64,-11/64,-3/64,False
primary_rows,2259,cell-0322,,all-64,primary,union_strict,64,36,input_blocked,,,,,,,,,False
primary_rows,2260,cell-0322,,all-64,primary,union_partial,64,1,input_blocked,,,,,,,,,False
primary_rows,2261,cell-0323,,all-64,primary,exact_projection,64,0,excluded,universal_bound,universal_bound,-5/32,-5/32,-5/32,-5/32,-5/32,-5/32,False
primary_rows,2262,cell-0323,,all-64,primary,one_edit_per_image,64,0,unresolved,opposite_worlds,opposite_worlds,-51/32,45/32,-11/16,21/32,-35/32,37/32,False
primary_rows,2263,cell-0323,,all-64,primary,one_edit_global,64,0,excluded,universal_bound,universal_bound,-7/32,-3/32,-3/16,-1/8,-3/16,-3/32,False
primary_rows,2264,cell-0323,,all-64,primary,current_strict,64,25,input_blocked,,,,,,,,,False
primary_rows,2265,cell-0323,,all-64,primary,current_partial,64,0,unresolved,bound_gap,bound_gap,-17/32,1/8,-3/16,-1/16,-3/16,-1/16,False
primary_rows,2266,cell-0323,,all-64,primary,union_strict,64,36,input_blocked,,,,,,,,,False
primary_rows,2267,cell-0323,,all-64,primary,union_partial,64,1,input_blocked,,,,,,,,,False
primary_rows,2268,cell-0324,,all-64,primary,exact_projection,64,0,excluded,universal_bound,universal_bound,-9/64,-9/64,-9/64,-9/64,-9/64,-9/64,False
primary_rows,2269,cell-0324,,all-64,primary,one_edit_per_image,64,0,unresolved,opposite_worlds,opposite_worlds,-101/64,91/64,-43/64,43/64,-69/64,75/64,False
primary_rows,2270,cell-0324,,all-64,primary,one_edit_global,64,0,excluded,universal_bound,universal_bound,-13/64,-5/64,-11/64,-7/64,-11/64,-5/64,False
primary_rows,2271,cell-0324,,all-64,primary,current_strict,64,25,input_blocked,,,,,,,,,False
primary_rows,2272,cell-0324,,all-64,primary,current_partial,64,0,unresolved,bound_gap,bound_gap,-33/64,9/64,-11/64,-3/64,-11/64,-3/64,False
primary_rows,2273,cell-0324,,all-64,primary,union_strict,64,36,input_blocked,,,,,,,,,False
primary_rows,2274,cell-0324,,all-64,primary,union_partial,64,1,input_blocked,,,,,,,,,False
primary_rows,2275,cell-0325,,all-64,primary,exact_projection,64,0,excluded,universal_bound,universal_bound,-1/8,-1/8,-1/8,-1/8,-1/8,-1/8,False
primary_rows,2276,cell-0325,,all-64,primary,one_edit_per_image,64,0,unresolved,opposite_worlds,opposite_worlds,-25/16,45/32,-21/32,11/16,-17/16,19/16,False
primary_rows,2277,cell-0325,,all-64,primary,one_edit_global,64,0,excluded,universal_bound,universal_bound,-3/16,-1/16,-5/32,-3/32,-5/32,-1/16,False
primary_rows,2278,cell-0325,,all-64,primary,current_strict,64,25,input_blocked,,,,,,,,,False
primary_rows,2279,cell-0325,,all-64,primary,current_partial,64,0,unresolved,bound_gap,bound_gap,-1/2,5/32,-5/32,-1/32,-5/32,-1/32,False
primary_rows,2280,cell-0325,,all-64,primary,union_strict,64,36,input_blocked,,,,,,,,,False
primary_rows,2281,cell-0325,,all-64,primary,union_partial,64,1,input_blocked,,,,,,,,,False
primary_rows,2282,cell-0326,,all-64,primary,exact_projection,64,0,excluded,universal_bound,universal_bound,-9/64,-9/64,-9/64,-9/64,-9/64,-9/64,False
primary_rows,2283,cell-0326,,all-64,primary,one_edit_per_image,64,0,unresolved,opposite_worlds,opposite_worlds,-101/64,89/64,-43/64,43/64,-69/64,75/64,False
primary_rows,2284,cell-0326,,all-64,primary,one_edit_global,64,0,excluded,universal_bound,universal_bound,-13/64,-5/64,-11/64,-7/64,-11/64,-5/64,False
primary_rows,2285,cell-0326,,all-64,primary,current_strict,64,25,input_blocked,,,,,,,,,False
primary_rows,2286,cell-0326,,all-64,primary,current_partial,64,0,unresolved,bound_gap,bound_gap,-33/64,9/64,-11/64,-3/64,-11/64,-3/64,False
primary_rows,2287,cell-0326,,all-64,primary,union_strict,64,36,input_blocked,,,,,,,,,False
primary_rows,2288,cell-0326,,all-64,primary,union_partial,64,1,input_blocked,,,,,,,,,False
primary_rows,2289,cell-0327,,all-64,primary,exact_projection,64,0,excluded,universal_bound,universal_bound,-1/8,-1/8,-1/8,-1/8,-1/8,-1/8,False
primary_rows,2290,cell-0327,,all-64,primary,one_edit_per_image,64,0,unresolved,opposite_worlds,opposite_worlds,-25/16,11/8,-21/32,11/16,-35/32,19/16,False
primary_rows,2291,cell-0327,,all-64,primary,one_edit_global,64,0,excluded,universal_bound,universal_bound,-3/16,-1/16,-5/32,-3/32,-5/32,-1/16,False
primary_rows,2292,cell-0327,,all-64,primary,current_strict,64,25,input_blocked,,,,,,,,,False
primary_rows,2293,cell-0327,,all-64,primary,current_partial,64,0,unresolved,bound_gap,bound_gap,-1/2,5/32,-5/32,-1/32,-5/32,-1/32,False
primary_rows,2294,cell-0327,,all-64,primary,union_strict,64,36,input_blocked,,,,,,,,,False
primary_rows,2295,cell-0327,,all-64,primary,union_partial,64,1,input_blocked,,,,,,,,,False
primary_rows,2296,cell-0328,,all-64,primary,exact_projection,64,0,excluded,universal_bound,universal_bound,-9/64,-9/64,-9/64,-9/64,-9/64,-9/64,False
primary_rows,2297,cell-0328,,all-64,primary,one_edit_per_image,64,0,unresolved,opposite_worlds,opposite_worlds,-101/64,87/64,-43/64,45/64,-71/64,77/64,False
primary_rows,2298,cell-0328,,all-64,primary,one_edit_global,64,0,excluded,universal_bound,universal_bound,-13/64,-5/64,-11/64,-7/64,-11/64,-5/64,False
primary_rows,2299,cell-0328,,all-64,primary,current_strict,64,25,input_blocked,,,,,,,,,False
primary_rows,2300,cell-0328,,all-64,primary,current_partial,64,0,unresolved,bound_gap,bound_gap,-33/64,9/64,-11/64,-3/64,-11/64,-3/64,False
primary_rows,2301,cell-0328,,all-64,primary,union_strict,64,36,input_blocked,,,,,,,,,False
primary_rows,2302,cell-0328,,all-64,primary,union_partial,64,1,input_blocked,,,,,,,,,False
primary_rows,2303,cell-0329,,all-64,primary,exact_projection,64,0,excluded,universal_bound,universal_bound,-5/32,-5/32,-5/32,-5/32,-5/32,-5/32,False
primary_rows,2304,cell-0329,,all-64,primary,one_edit_per_image,64,0,unresolved,opposite_worlds,opposite_worlds,-51/32,43/32,-11/16,11/16,-37/32,19/16,False
primary_rows,2305,cell-0329,,all-64,primary,one_edit_global,64,0,excluded,universal_bound,universal_bound,-7/32,-3/32,-3/16,-1/8,-3/16,-3/32,False
primary_rows,2306,cell-0329,,all-64,primary,current_strict,64,25,input_blocked,,,,,,,,,False
primary_rows,2307,cell-0329,,all-64,primary,current_partial,64,0,unresolved,bound_gap,bound_gap,-1/2,1/8,-3/16,-1/16,-3/16,-1/16,False
primary_rows,2308,cell-0329,,all-64,primary,union_strict,64,36,input_blocked,,,,,,,,,False
primary_rows,2309,cell-0329,,all-64,primary,union_partial,64,1,input_blocked,,,,,,,,,False
primary_rows,2310,cell-0330,,all-64,primary,exact_projection,64,0,excluded,universal_bound,universal_bound,-11/64,-11/64,-11/64,-11/64,-11/64,-11/64,False
primary_rows,2311,cell-0330,,all-64,primary,one_edit_per_image,64,0,unresolved,opposite_worlds,opposite_worlds,-103/64,87/64,-45/64,45/64,-75/64,77/64,False
primary_rows,2312,cell-0330,,all-64,primary,one_edit_global,64,0,excluded,universal_bound,universal_bound,-15/64,-7/64,-13/64,-9/64,-13/64,-7/64,False
primary_rows,2313,cell-0330,,all-64,primary,current_strict,64,25,input_blocked,,,,,,,,,False
primary_rows,2314,cell-0330,,all-64,primary,current_partial,64,0,unresolved,bound_gap,bound_gap,-33/64,7/64,-13/64,-5/64,-13/64,-5/64,False
primary_rows,2315,cell-0330,,all-64,primary,union_strict,64,36,input_blocked,,,,,,,,,False
primary_rows,2316,cell-0330,,all-64,primary,union_partial,64,1,input_blocked,,,,,,,,,False
primary_rows,2317,cell-0331,,all-64,primary,exact_projection,64,0,excluded,universal_bound,universal_bound,-3/16,-3/16,-3/16,-3/16,-3/16,-3/16,False
primary_rows,2318,cell-0331,,all-64,primary,one_edit_per_image,64,0,unresolved,opposite_worlds,opposite_worlds,-51/32,43/32,-23/32,11/16,-19/16,19/16,False
primary_rows,2319,cell-0331,,all-64,primary,one_edit_global,64,0,excluded,universal_bound,universal_bound,-1/4,-1/8,-7/32,-5/32,-7/32,-1/8,False
primary_rows,2320,cell-0331,,all-64,primary,current_strict,64,25,input_blocked,,,,,,,,,False
primary_rows,2321,cell-0331,,all-64,primary,current_partial,64,0,unresolved,bound_gap,bound_gap,-17/32,3/32,-7/32,-3/32,-7/32,-3/32,False
primary_rows,2322,cell-0331,,all-64,primary,union_strict,64,36,input_blocked,,,,,,,,,False
primary_rows,2323,cell-0331,,all-64,primary,union_partial,64,1,input_blocked,,,,,,,,,False
primary_rows,2324,cell-0332,,all-64,primary,exact_projection,64,0,excluded,universal_bound,universal_bound,-13/64,-13/64,-13/64,-13/64,-13/64,-13/64,False
primary_rows,2325,cell-0332,,all-64,primary,one_edit_per_image,64,0,unresolved,opposite_worlds,opposite_worlds,-103/64,85/64,-47/64,45/64,-79/64,77/64,False
primary_rows,2326,cell-0332,,all-64,primary,one_edit_global,64,0,excluded,universal_bound,universal_bound,-17/64,-9/64,-15/64,-11/64,-15/64,-9/64,False
primary_rows,2327,cell-0332,,all-64,primary,current_strict,64,25,input_blocked,,,,,,,,,False
primary_rows,2328,cell-0332,,all-64,primary,current_partial,64,0,unresolved,bound_gap,bound_gap,-35/64,5/64,-15/64,-7/64,-15/64,-7/64,False
primary_rows,2329,cell-0332,,all-64,primary,union_strict,64,36,input_blocked,,,,,,,,,False
primary_rows,2330,cell-0332,,all-64,primary,union_partial,64,1,input_blocked,,,,,,,,,False
primary_rows,2331,cell-0333,,all-64,primary,exact_projection,64,0,excluded,universal_bound,universal_bound,-3/16,-3/16,-3/16,-3/16,-3/16,-3/16,False
primary_rows,2332,cell-0333,,all-64,primary,one_edit_per_image,64,0,unresolved,opposite_worlds,opposite_worlds,-51/32,21/16,-23/32,23/32,-39/32,39/32,False
primary_rows,2333,cell-0333,,all-64,primary,one_edit_global,64,0,excluded,universal_bound,universal_bound,-1/4,-1/8,-7/32,-5/32,-7/32,-1/8,False
primary_rows,2334,cell-0333,,all-64,primary,current_strict,64,25,input_blocked,,,,,,,,,False
primary_rows,2335,cell-0333,,all-64,primary,current_partial,64,0,unresolved,bound_gap,bound_gap,-17/32,1/16,-7/32,-1/8,-7/32,-1/8,False
primary_rows,2336,cell-0333,,all-64,primary,union_strict,64,36,input_blocked,,,,,,,,,False
primary_rows,2337,cell-0333,,all-64,primary,union_partial,64,1,input_blocked,,,,,,,,,False
primary_rows,2338,cell-0334,,all-64,primary,exact_projection,64,0,excluded,universal_bound,universal_bound,-11/64,-11/64,-11/64,-11/64,-11/64,-11/64,False
primary_rows,2339,cell-0334,,all-64,primary,one_edit_per_image,64,0,unresolved,opposite_worlds,opposite_worlds,-101/64,85/64,-45/64,47/64,-77/64,79/64,False
primary_rows,2340,cell-0334,,all-64,primary,one_edit_global,64,0,excluded,universal_bound,universal_bound,-15/64,-7/64,-13/64,-9/64,-13/64,-7/64,False
primary_rows,2341,cell-0334,,all-64,primary,current_strict,64,25,input_blocked,,,,,,,,,False
primary_rows,2342,cell-0334,,all-64,primary,current_partial,64,0,unresolved,bound_gap,bound_gap,-33/64,5/64,-13/64,-7/64,-13/64,-7/64,False
primary_rows,2343,cell-0334,,all-64,primary,union_strict,64,36,input_blocked,,,,,,,,,False
primary_rows,2344,cell-0334,,all-64,primary,union_partial,64,1,input_blocked,,,,,,,,,False
primary_rows,2345,cell-0335,,all-64,primary,exact_projection,64,0,excluded,universal_bound,universal_bound,-3/16,-3/16,-3/16,-3/16,-3/16,-3/16,False
primary_rows,2346,cell-0335,,all-64,primary,one_edit_per_image,64,0,unresolved,opposite_worlds,opposite_worlds,-51/32,21/16,-23/32,23/32,-39/32,39/32,False
primary_rows,2347,cell-0335,,all-64,primary,one_edit_global,64,0,excluded,universal_bound,universal_bound,-1/4,-1/8,-7/32,-5/32,-7/32,-1/8,False
primary_rows,2348,cell-0335,,all-64,primary,current_strict,64,25,input_blocked,,,,,,,,,False
primary_rows,2349,cell-0335,,all-64,primary,current_partial,64,0,unresolved,bound_gap,bound_gap,-17/32,1/16,-7/32,-1/8,-7/32,-1/8,False
primary_rows,2350,cell-0335,,all-64,primary,union_strict,64,36,input_blocked,,,,,,,,,False
primary_rows,2351,cell-0335,,all-64,primary,union_partial,64,1,input_blocked,,,,,,,,,False
primary_rows,2352,cell-0336,,all-64,primary,exact_projection,64,0,excluded,universal_bound,universal_bound,-13/64,-13/64,-13/64,-13/64,-13/64,-13/64,False
primary_rows,2353,cell-0336,,all-64,primary,one_edit_per_image,64,0,unresolved,opposite_worlds,opposite_worlds,-103/64,83/64,-47/64,45/64,-79/64,77/64,False
primary_rows,2354,cell-0336,,all-64,primary,one_edit_global,64,0,excluded,universal_bound,universal_bound,-17/64,-9/64,-15/64,-11/64,-15/64,-9/64,False
primary_rows,2355,cell-0336,,all-64,primary,current_strict,64,25,input_blocked,,,,,,,,,False
primary_rows,2356,cell-0336,,all-64,primary,current_partial,64,0,unresolved,bound_gap,bound_gap,-35/64,3/64,-15/64,-9/64,-15/64,-9/64,False
primary_rows,2357,cell-0336,,all-64,primary,union_strict,64,36,input_blocked,,,,,,,,,False
primary_rows,2358,cell-0336,,all-64,primary,union_partial,64,1,input_blocked,,,,,,,,,False
primary_rows,2359,cell-0337,,all-64,primary,exact_projection,64,0,excluded,universal_bound,universal_bound,-7/32,-7/32,-7/32,-7/32,-7/32,-7/32,False
primary_rows,2360,cell-0337,,all-64,primary,one_edit_per_image,64,0,unresolved,opposite_worlds,opposite_worlds,-13/8,41/32,-23/32,11/16,-5/4,19/16,False
primary_rows,2361,cell-0337,,all-64,primary,one_edit_global,64,0,excluded,universal_bound,universal_bound,-9/32,-5/32,-1/4,-3/16,-1/4,-5/32,False
primary_rows,2362,cell-0337,,all-64,primary,current_strict,64,25,input_blocked,,,,,,,,,False
primary_rows,2363,cell-0337,,all-64,primary,current_partial,64,0,unresolved,bound_gap,bound_gap,-17/32,1/32,-7/32,-5/32,-7/32,-5/32,False
primary_rows,2364,cell-0337,,all-64,primary,union_strict,64,36,input_blocked,,,,,,,,,False
primary_rows,2365,cell-0337,,all-64,primary,union_partial,64,1,input_blocked,,,,,,,,,False
primary_rows,2366,cell-0338,,all-64,primary,exact_projection,64,0,excluded,universal_bound,universal_bound,-13/64,-13/64,-13/64,-13/64,-13/64,-13/64,False
primary_rows,2367,cell-0338,,all-64,primary,one_edit_per_image,64,0,unresolved,opposite_worlds,opposite_worlds,-103/64,81/64,-45/64,45/64,-79/64,75/64,False
primary_rows,2368,cell-0338,,all-64,primary,one_edit_global,64,0,excluded,universal_bound,universal_bound,-17/64,-9/64,-15/64,-11/64,-15/64,-9/64,False
primary_rows,2369,cell-0338,,all-64,primary,current_strict,64,25,input_blocked,,,,,,,,,False
primary_rows,2370,cell-0338,,all-64,primary,current_partial,64,0,unresolved,bound_gap,bound_gap,-33/64,3/64,-13/64,-9/64,-13/64,-9/64,False
primary_rows,2371,cell-0338,,all-64,primary,union_strict,64,36,input_blocked,,,,,,,,,False
primary_rows,2372,cell-0338,,all-64,primary,union_partial,64,1,input_blocked,,,,,,,,,False
primary_rows,2373,cell-0339,,all-64,primary,exact_projection,64,0,excluded,universal_bound,universal_bound,-3/16,-3/16,-3/16,-3/16,-3/16,-3/16,False
primary_rows,2374,cell-0339,,all-64,primary,one_edit_per_image,64,0,unresolved,opposite_worlds,opposite_worlds,-51/32,41/32,-11/16,23/32,-39/32,19/16,False
primary_rows,2375,cell-0339,,all-64,primary,one_edit_global,64,0,excluded,universal_bound,universal_bound,-1/4,-1/8,-7/32,-5/32,-7/32,-1/8,False
primary_rows,2376,cell-0339,,all-64,primary,current_strict,64,25,input_blocked,,,,,,,,,False
primary_rows,2377,cell-0339,,all-64,primary,current_partial,64,0,unresolved,bound_gap,bound_gap,-1/2,1/16,-3/16,-1/8,-3/16,-1/8,False
primary_rows,2378,cell-0339,,all-64,primary,union_strict,64,36,input_blocked,,,,,,,,,False
primary_rows,2379,cell-0339,,all-64,primary,union_partial,64,1,input_blocked,,,,,,,,,False
primary_rows,2380,cell-0340,,all-64,primary,exact_projection,64,0,excluded,universal_bound,universal_bound,-11/64,-11/64,-11/64,-11/64,-11/64,-11/64,False
primary_rows,2381,cell-0340,,all-64,primary,one_edit_per_image,64,0,unresolved,opposite_worlds,opposite_worlds,-101/64,81/64,-43/64,45/64,-77/64,75/64,False
primary_rows,2382,cell-0340,,all-64,primary,one_edit_global,64,0,excluded,universal_bound,universal_bound,-15/64,-7/64,-13/64,-9/64,-13/64,-7/64,False
primary_rows,2383,cell-0340,,all-64,primary,current_strict,64,25,input_blocked,,,,,,,,,False
primary_rows,2384,cell-0340,,all-64,primary,current_partial,64,0,unresolved,bound_gap,bound_gap,-31/64,5/64,-11/64,-7/64,-11/64,-7/64,False
primary_rows,2385,cell-0340,,all-64,primary,union_strict,64,36,input_blocked,,,,,,,,,False
primary_rows,2386,cell-0340,,all-64,primary,union_partial,64,1,input_blocked,,,,,,,,,False
primary_rows,2387,cell-0341,,all-64,primary,exact_projection,64,0,excluded,universal_bound,universal_bound,-5/32,-5/32,-5/32,-5/32,-5/32,-5/32,False
primary_rows,2388,cell-0341,,all-64,primary,one_edit_per_image,64,0,unresolved,opposite_worlds,opposite_worlds,-25/16,41/32,-21/32,23/32,-19/16,19/16,False
primary_rows,2389,cell-0341,,all-64,primary,one_edit_global,64,0,excluded,universal_bound,universal_bound,-7/32,-3/32,-3/16,-1/8,-3/16,-3/32,False
primary_rows,2390,cell-0341,,all-64,primary,current_strict,64,25,input_blocked,,,,,,,,,False
primary_rows,2391,cell-0341,,all-64,primary,current_partial,64,0,unresolved,bound_gap,bound_gap,-15/32,1/16,-5/32,-1/8,-5/32,-1/8,False
primary_rows,2392,cell-0341,,all-64,primary,union_strict,64,36,input_blocked,,,,,,,,,False
primary_rows,2393,cell-0341,,all-64,primary,union_partial,64,1,input_blocked,,,,,,,,,False
primary_rows,2394,cell-0342,,all-64,primary,exact_projection,64,0,excluded,universal_bound,universal_bound,-11/64,-11/64,-11/64,-11/64,-11/64,-11/64,False
primary_rows,2395,cell-0342,,all-64,primary,one_edit_per_image,64,0,unresolved,opposite_worlds,opposite_worlds,-99/64,81/64,-43/64,47/64,-75/64,75/64,False
primary_rows,2396,cell-0342,,all-64,primary,one_edit_global,64,0,excluded,universal_bound,universal_bound,-15/64,-7/64,-13/64,-9/64,-13/64,-7/64,False
primary_rows,2397,cell-0342,,all-64,primary,current_strict,64,25,input_blocked,,,,,,,,,False
primary_rows,2398,cell-0342,,all-64,primary,current_partial,64,0,unresolved,bound_gap,bound_gap,-31/64,3/64,-11/64,-9/64,-11/64,-9/64,False
primary_rows,2399,cell-0342,,all-64,primary,union_strict,64,36,input_blocked,,,,,,,,,False
primary_rows,2400,cell-0342,,all-64,primary,union_partial,64,1,input_blocked,,,,,,,,,False
primary_rows,2401,cell-0343,,all-64,primary,exact_projection,64,0,excluded,universal_bound,universal_bound,-5/32,-5/32,-5/32,-5/32,-5/32,-5/32,False
primary_rows,2402,cell-0343,,all-64,primary,one_edit_per_image,64,0,unresolved,opposite_worlds,opposite_worlds,-49/32,41/32,-11/16,3/4,-19/16,19/16,False
primary_rows,2403,cell-0343,,all-64,primary,one_edit_global,64,0,excluded,universal_bound,universal_bound,-7/32,-3/32,-3/16,-1/8,-3/16,-3/32,False
primary_rows,2404,cell-0343,,all-64,primary,current_strict,64,25,input_blocked,,,,,,,,,False
primary_rows,2405,cell-0343,,all-64,primary,current_partial,64,0,unresolved,bound_gap,bound_gap,-15/32,1/16,-5/32,-1/8,-5/32,-1/8,False
primary_rows,2406,cell-0343,,all-64,primary,union_strict,64,36,input_blocked,,,,,,,,,False
primary_rows,2407,cell-0343,,all-64,primary,union_partial,64,1,input_blocked,,,,,,,,,False
primary_rows,2408,cell-0344,,all-64,primary,exact_projection,64,0,excluded,universal_bound,universal_bound,-11/64,-11/64,-11/64,-11/64,-11/64,-11/64,False
primary_rows,2409,cell-0344,,all-64,primary,one_edit_per_image,64,0,unresolved,opposite_worlds,opposite_worlds,-99/64,81/64,-45/64,47/64,-77/64,75/64,False
primary_rows,2410,cell-0344,,all-64,primary,one_edit_global,64,0,excluded,universal_bound,universal_bound,-15/64,-7/64,-13/64,-9/64,-13/64,-7/64,False
primary_rows,2411,cell-0344,,all-64,primary,current_strict,64,25,input_blocked,,,,,,,,,False
primary_rows,2412,cell-0344,,all-64,primary,current_partial,64,0,unresolved,bound_gap,bound_gap,-31/64,3/64,-11/64,-9/64,-11/64,-9/64,False
primary_rows,2413,cell-0344,,all-64,primary,union_strict,64,36,input_blocked,,,,,,,,,False
primary_rows,2414,cell-0344,,all-64,primary,union_partial,64,1,input_blocked,,,,,,,,,False
primary_rows,2415,cell-0345,,all-64,primary,exact_projection,64,0,excluded,universal_bound,universal_bound,-3/16,-3/16,-3/16,-3/16,-3/16,-3/16,False
primary_rows,2416,cell-0345,,all-64,primary,one_edit_per_image,64,0,unresolved,opposite_worlds,opposite_worlds,-49/32,5/4,-11/16,23/32,-19/16,37/32,False
primary_rows,2417,cell-0345,,all-64,primary,one_edit_global,64,0,excluded,universal_bound,universal_bound,-1/4,-1/8,-7/32,-5/32,-7/32,-1/8,False
primary_rows,2418,cell-0345,,all-64,primary,current_strict,64,25,input_blocked,,,,,,,,,False
primary_rows,2419,cell-0345,,all-64,primary,current_partial,64,0,unresolved,bound_gap,bound_gap,-1/2,1/32,-3/16,-5/32,-3/16,-5/32,False
primary_rows,2420,cell-0345,,all-64,primary,union_strict,64,36,input_blocked,,,,,,,,,False
primary_rows,2421,cell-0345,,all-64,primary,union_partial,64,1,input_blocked,,,,,,,,,False
primary_rows,2422,cell-0346,,all-64,primary,exact_projection,64,0,excluded,universal_bound,universal_bound,-13/64,-13/64,-13/64,-13/64,-13/64,-13/64,False
primary_rows,2423,cell-0346,,all-64,primary,one_edit_per_image,64,0,unresolved,opposite_worlds,opposite_worlds,-97/64,79/64,-45/64,45/64,-77/64,73/64,False
primary_rows,2424,cell-0346,,all-64,primary,one_edit_global,64,0,excluded,universal_bound,universal_bound,-17/64,-9/64,-15/64,-11/64,-15/64,-9/64,False
primary_rows,2425,cell-0346,,all-64,primary,current_strict,64,25,input_blocked,,,,,,,,,False
primary_rows,2426,cell-0346,,all-64,primary,current_partial,64,0,unresolved,bound_gap,bound_gap,-33/64,1/64,-13/64,-11/64,-13/64,-11/64,False
primary_rows,2427,cell-0346,,all-64,primary,union_strict,64,36,input_blocked,,,,,,,,,False
primary_rows,2428,cell-0346,,all-64,primary,union_partial,64,1,input_blocked,,,,,,,,,False
primary_rows,2429,cell-0347,,all-64,primary,exact_projection,64,0,excluded,universal_bound,universal_bound,-7/32,-7/32,-7/32,-7/32,-7/32,-7/32,False
primary_rows,2430,cell-0347,,all-64,primary,one_edit_per_image,64,0,unresolved,opposite_worlds,opposite_worlds,-49/32,39/32,-23/32,11/16,-19/16,35/32,False
primary_rows,2431,cell-0347,,all-64,primary,one_edit_global,64,0,excluded,universal_bound,universal_bound,-9/32,-5/32,-1/4,-3/16,-1/4,-5/32,False
primary_rows,2432,cell-0347,,all-64,primary,current_strict,64,25,input_blocked,,,,,,,,,False
primary_rows,2433,cell-0347,,all-64,primary,current_partial,64,0,excluded,universal_bound,universal_bound,-17/32,0/1,-7/32,-3/16,-7/32,-3/16,False
primary_rows,2434,cell-0347,,all-64,primary,union_strict,64,36,input_blocked,,,,,,,,,False
primary_rows,2435,cell-0347,,all-64,primary,union_partial,64,1,input_blocked,,,,,,,,,False
primary_rows,2436,cell-0348,,all-64,primary,exact_projection,64,0,excluded,universal_bound,universal_bound,-13/64,-13/64,-13/64,-13/64,-13/64,-13/64,False
primary_rows,2437,cell-0348,,all-64,primary,one_edit_per_image,64,0,unresolved,opposite_worlds,opposite_worlds,-97/64,79/64,-45/64,43/64,-75/64,69/64,False
primary_rows,2438,cell-0348,,all-64,primary,one_edit_global,64,0,excluded,universal_bound,universal_bound,-17/64,-9/64,-15/64,-11/64,-15/64,-9/64,False
primary_rows,2439,cell-0348,,all-64,primary,current_strict,64,25,input_blocked,,,,,,,,,False
primary_rows,2440,cell-0348,,all-64,primary,current_partial,64,0,unresolved,bound_gap,bound_gap,-33/64,1/64,-13/64,-11/64,-13/64,-11/64,False
primary_rows,2441,cell-0348,,all-64,primary,union_strict,64,36,input_blocked,,,,,,,,,False
primary_rows,2442,cell-0348,,all-64,primary,union_partial,64,1,input_blocked,,,,,,,,,False
primary_rows,2443,cell-0349,,all-64,primary,exact_projection,64,0,excluded,universal_bound,universal_bound,-7/32,-7/32,-7/32,-7/32,-7/32,-7/32,False
primary_rows,2444,cell-0349,,all-64,primary,one_edit_per_image,64,0,unresolved,opposite_worlds,opposite_worlds,-3/2,39/32,-23/32,21/32,-19/16,17/16,False
primary_rows,2445,cell-0349,,all-64,primary,one_edit_global,64,0,excluded,universal_bound,universal_bound,-1/4,-5/32,-1/4,-3/16,-1/4,-5/32,False
primary_rows,2446,cell-0349,,all-64,primary,current_strict,64,25,input_blocked,,,,,,,,,False
primary_rows,2447,cell-0349,,all-64,primary,current_partial,64,0,excluded,universal_bound,universal_bound,-1/2,0/1,-7/32,-3/16,-7/32,-3/16,False
primary_rows,2448,cell-0349,,all-64,primary,union_strict,64,36,input_blocked,,,,,,,,,False
primary_rows,2449,cell-0349,,all-64,primary,union_partial,64,1,input_blocked,,,,,,,,,False
primary_rows,2450,cell-0350,,all-64,primary,exact_projection,64,0,excluded,universal_bound,universal_bound,-15/64,-15/64,-15/64,-15/64,-15/64,-15/64,False
primary_rows,2451,cell-0350,,all-64,primary,one_edit_per_image,64,0,unresolved,opposite_worlds,opposite_worlds,-95/64,77/64,-47/64,43/64,-75/64,67/64,False
primary_rows,2452,cell-0350,,all-64,primary,one_edit_global,64,0,excluded,universal_bound,universal_bound,-17/64,-11/64,-17/64,-13/64,-17/64,-11/64,False
primary_rows,2453,cell-0350,,all-64,primary,current_strict,64,25,input_blocked,,,,,,,,,False
primary_rows,2454,cell-0350,,all-64,primary,current_partial,64,0,excluded,universal_bound,universal_bound,-33/64,-1/64,-15/64,-13/64,-15/64,-13/64,False
primary_rows,2455,cell-0350,,all-64,primary,union_strict,64,36,input_blocked,,,,,,,,,False
primary_rows,2456,cell-0350,,all-64,primary,union_partial,64,1,input_blocked,,,,,,,,,False
primary_rows,2457,cell-0351,,all-64,primary,exact_projection,64,0,excluded,universal_bound,universal_bound,-1/4,-1/4,-1/4,-1/4,-1/4,-1/4,False
primary_rows,2458,cell-0351,,all-64,primary,one_edit_per_image,64,0,unresolved,opposite_worlds,opposite_worlds,-3/2,19/16,-3/4,21/32,-19/16,33/32,False
primary_rows,2459,cell-0351,,all-64,primary,one_edit_global,64,0,excluded,universal_bound,universal_bound,-9/32,-3/16,-9/32,-7/32,-9/32,-3/16,False
primary_rows,2460,cell-0351,,all-64,primary,current_strict,64,25,input_blocked,,,,,,,,,False
primary_rows,2461,cell-0351,,all-64,primary,current_partial,64,0,excluded,universal_bound,universal_bound,-17/32,-1/32,-1/4,-7/32,-1/4,-7/32,False
primary_rows,2462,cell-0351,,all-64,primary,union_strict,64,36,input_blocked,,,,,,,,,False
primary_rows,2463,cell-0351,,all-64,primary,union_partial,64,1,input_blocked,,,,,,,,,False
primary_rows,2464,cell-0352,,all-64,primary,exact_projection,64,0,excluded,universal_bound,universal_bound,-15/64,-15/64,-15/64,-15/64,-15/64,-15/64,False
primary_rows,2465,cell-0352,,all-64,primary,one_edit_per_image,64,0,unresolved,opposite_worlds,opposite_worlds,-95/64,77/64,-49/64,43/64,-77/64,67/64,False
primary_rows,2466,cell-0352,,all-64,primary,one_edit_global,64,0,excluded,universal_bound,universal_bound,-17/64,-11/64,-17/64,-13/64,-17/64,-11/64,False
primary_rows,2467,cell-0352,,all-64,primary,current_strict,64,25,input_blocked,,,,,,,,,False
primary_rows,2468,cell-0352,,all-64,primary,current_partial,64,0,excluded,universal_bound,universal_bound,-33/64,-1/64,-15/64,-13/64,-15/64,-13/64,False
primary_rows,2469,cell-0352,,all-64,primary,union_strict,64,36,input_blocked,,,,,,,,,False
primary_rows,2470,cell-0352,,all-64,primary,union_partial,64,1,input_blocked,,,,,,,,,False
primary_rows,2471,cell-0353,,all-64,primary,exact_projection,64,0,excluded,universal_bound,universal_bound,-1/4,-1/4,-1/4,-1/4,-1/4,-1/4,False
primary_rows,2472,cell-0353,,all-64,primary,one_edit_per_image,64,0,unresolved,opposite_worlds,opposite_worlds,-3/2,19/16,-3/4,21/32,-39/32,17/16,False
primary_rows,2473,cell-0353,,all-64,primary,one_edit_global,64,0,excluded,universal_bound,universal_bound,-9/32,-3/16,-9/32,-7/32,-9/32,-3/16,False
primary_rows,2474,cell-0353,,all-64,primary,current_strict,64,25,input_blocked,,,,,,,,,False
primary_rows,2475,cell-0353,,all-64,primary,current_partial,64,0,excluded,universal_bound,universal_bound,-17/32,-1/32,-1/4,-7/32,-1/4,-7/32,False
primary_rows,2476,cell-0353,,all-64,primary,union_strict,64,36,input_blocked,,,,,,,,,False
primary_rows,2477,cell-0353,,all-64,primary,union_partial,64,1,input_blocked,,,,,,,,,False
primary_rows,2478,cell-0354,,all-64,primary,exact_projection,64,0,excluded,universal_bound,universal_bound,-15/64,-15/64,-15/64,-15/64,-15/64,-15/64,False
primary_rows,2479,cell-0354,,all-64,primary,one_edit_per_image,64,0,unresolved,opposite_worlds,opposite_worlds,-95/64,77/64,-47/64,43/64,-77/64,69/64,False
primary_rows,2480,cell-0354,,all-64,primary,one_edit_global,64,0,excluded,universal_bound,universal_bound,-17/64,-11/64,-17/64,-13/64,-17/64,-11/64,False
primary_rows,2481,cell-0354,,all-64,primary,current_strict,64,25,input_blocked,,,,,,,,,False
primary_rows,2482,cell-0354,,all-64,primary,current_partial,64,0,excluded,universal_bound,universal_bound,-33/64,-1/64,-15/64,-13/64,-15/64,-13/64,False
primary_rows,2483,cell-0354,,all-64,primary,union_strict,64,36,input_blocked,,,,,,,,,False
primary_rows,2484,cell-0354,,all-64,primary,union_partial,64,1,input_blocked,,,,,,,,,False
primary_rows,2485,cell-0355,,all-64,primary,exact_projection,64,0,excluded,universal_bound,universal_bound,-1/4,-1/4,-1/4,-1/4,-1/4,-1/4,False
primary_rows,2486,cell-0355,,all-64,primary,one_edit_per_image,64,0,unresolved,opposite_worlds,opposite_worlds,-47/32,19/16,-23/32,21/32,-19/16,17/16,False
primary_rows,2487,cell-0355,,all-64,primary,one_edit_global,64,0,excluded,universal_bound,universal_bound,-9/32,-3/16,-9/32,-7/32,-9/32,-3/16,False
primary_rows,2488,cell-0355,,all-64,primary,current_strict,64,25,input_blocked,,,,,,,,,False
primary_rows,2489,cell-0355,,all-64,primary,current_partial,64,0,excluded,universal_bound,universal_bound,-1/2,-1/32,-7/32,-7/32,-7/32,-7/32,False
primary_rows,2490,cell-0355,,all-64,primary,union_strict,64,36,input_blocked,,,,,,,,,False
primary_rows,2491,cell-0355,,all-64,primary,union_partial,64,1,input_blocked,,,,,,,,,False
primary_rows,2492,cell-0356,,all-64,primary,exact_projection,64,0,excluded,universal_bound,universal_bound,-15/64,-15/64,-15/64,-15/64,-15/64,-15/64,False
primary_rows,2493,cell-0356,,all-64,primary,one_edit_per_image,64,0,unresolved,opposite_worlds,opposite_worlds,-93/64,75/64,-45/64,41/64,-75/64,67/64,False
primary_rows,2494,cell-0356,,all-64,primary,one_edit_global,64,0,excluded,universal_bound,universal_bound,-17/64,-11/64,-17/64,-13/64,-17/64,-11/64,False
primary_rows,2495,cell-0356,,all-64,primary,current_strict,64,25,input_blocked,,,,,,,,,False
primary_rows,2496,cell-0356,,all-64,primary,current_partial,64,0,excluded,universal_bound,universal_bound,-31/64,-1/64,-13/64,-13/64,-13/64,-13/64,False
primary_rows,2497,cell-0356,,all-64,primary,union_strict,64,36,input_blocked,,,,,,,,,False
primary_rows,2498,cell-0356,,all-64,primary,union_partial,64,1,input_blocked,,,,,,,,,False
primary_rows,2499,cell-0357,,all-64,primary,exact_projection,64,0,excluded,universal_bound,universal_bound,-7/32,-7/32,-7/32,-7/32,-7/32,-7/32,False
primary_rows,2500,cell-0357,,all-64,primary,one_edit_per_image,64,0,unresolved,opposite_worlds,opposite_worlds,-23/16,37/32,-11/16,5/8,-37/32,33/32,False
primary_rows,2501,cell-0357,,all-64,primary,one_edit_global,64,0,excluded,universal_bound,universal_bound,-1/4,-5/32,-1/4,-3/16,-1/4,-5/32,False
primary_rows,2502,cell-0357,,all-64,primary,current_strict,64,25,input_blocked,,,,,,,,,False
primary_rows,2503,cell-0357,,all-64,primary,current_partial,64,0,excluded,universal_bound,universal_bound,-15/32,0/1,-3/16,-3/16,-3/16,-3/16,False
primary_rows,2504,cell-0357,,all-64,primary,union_strict,64,36,input_blocked,,,,,,,,,False
primary_rows,2505,cell-0357,,all-64,primary,union_partial,64,1,input_blocked,,,,,,,,,False
primary_rows,2506,cell-0358,,all-64,primary,exact_projection,64,0,excluded,universal_bound,universal_bound,-13/64,-13/64,-13/64,-13/64,-13/64,-13/64,False
primary_rows,2507,cell-0358,,all-64,primary,one_edit_per_image,64,0,unresolved,opposite_worlds,opposite_worlds,-91/64,75/64,-43/64,41/64,-73/64,67/64,False
primary_rows,2508,cell-0358,,all-64,primary,one_edit_global,64,0,excluded,universal_bound,universal_bound,-15/64,-9/64,-15/64,-11/64,-15/64,-9/64,False
primary_rows,2509,cell-0358,,all-64,primary,current_strict,64,25,input_blocked,,,,,,,,,False
primary_rows,2510,cell-0358,,all-64,primary,current_partial,64,0,unresolved,bound_gap,bound_gap,-29/64,1/64,-11/64,-11/64,-11/64,-11/64,False
primary_rows,2511,cell-0358,,all-64,primary,union_strict,64,36,input_blocked,,,,,,,,,False
primary_rows,2512,cell-0358,,all-64,primary,union_partial,64,1,input_blocked,,,,,,,,,False
primary_rows,2513,cell-0359,,all-64,primary,exact_projection,64,0,excluded,universal_bound,universal_bound,-3/16,-3/16,-3/16,-3/16,-3/16,-3/16,False
primary_rows,2514,cell-0359,,all-64,primary,one_edit_per_image,64,0,unresolved,opposite_worlds,opposite_worlds,-45/32,19/16,-21/32,21/32,-9/8,17/16,False
primary_rows,2515,cell-0359,,all-64,primary,one_edit_global,64,0,excluded,universal_bound,universal_bound,-7/32,-1/8,-7/32,-5/32,-7/32,-1/8,False
primary_rows,2516,cell-0359,,all-64,primary,current_strict,64,25,input_blocked,,,,,,,,,False
primary_rows,2517,cell-0359,,all-64,primary,current_partial,64,0,unresolved,bound_gap,bound_gap,-7/16,1/32,-5/32,-5/32,-5/32,-5/32,False
primary_rows,2518,cell-0359,,all-64,primary,union_strict,64,36,input_blocked,,,,,,,,,False
primary_rows,2519,cell-0359,,all-64,primary,union_partial,64,1,input_blocked,,,,,,,,,False
primary_rows,2520,cell-0360,,all-64,primary,exact_projection,64,0,excluded,universal_bound,universal_bound,-13/64,-13/64,-13/64,-13/64,-13/64,-13/64,False
primary_rows,2521,cell-0360,,all-64,primary,one_edit_per_image,64,0,unresolved,opposite_worlds,opposite_worlds,-91/64,75/64,-41/64,41/64,-73/64,69/64,False
primary_rows,2522,cell-0360,,all-64,primary,one_edit_global,64,0,excluded,universal_bound,universal_bound,-15/64,-9/64,-15/64,-11/64,-15/64,-9/64,False
primary_rows,2523,cell-0360,,all-64,primary,current_strict,64,25,input_blocked,,,,,,,,,False
primary_rows,2524,cell-0360,,all-64,primary,current_partial,64,0,unresolved,bound_gap,bound_gap,-29/64,1/64,-11/64,-11/64,-11/64,-11/64,False
primary_rows,2525,cell-0360,,all-64,primary,union_strict,64,36,input_blocked,,,,,,,,,False
primary_rows,2526,cell-0360,,all-64,primary,union_partial,64,1,input_blocked,,,,,,,,,False
primary_rows,2527,cell-0361,,all-64,primary,exact_projection,64,0,excluded,universal_bound,universal_bound,-3/16,-3/16,-3/16,-3/16,-3/16,-3/16,False
primary_rows,2528,cell-0361,,all-64,primary,one_edit_per_image,64,0,unresolved,opposite_worlds,opposite_worlds,-45/32,19/16,-5/8,21/32,-9/8,35/32,False
primary_rows,2529,cell-0361,,all-64,primary,one_edit_global,64,0,excluded,universal_bound,universal_bound,-7/32,-1/8,-7/32,-5/32,-7/32,-1/8,False
primary_rows,2530,cell-0361,,all-64,primary,current_strict,64,25,input_blocked,,,,,,,,,False
primary_rows,2531,cell-0361,,all-64,primary,current_partial,64,0,unresolved,bound_gap,bound_gap,-7/16,1/32,-5/32,-5/32,-5/32,-5/32,False
primary_rows,2532,cell-0361,,all-64,primary,union_strict,64,36,input_blocked,,,,,,,,,False
primary_rows,2533,cell-0361,,all-64,primary,union_partial,64,1,input_blocked,,,,,,,,,False
primary_rows,2534,cell-0362,,all-64,primary,exact_projection,64,0,excluded,universal_bound,universal_bound,-13/64,-13/64,-13/64,-13/64,-13/64,-13/64,False
primary_rows,2535,cell-0362,,all-64,primary,one_edit_per_image,64,0,unresolved,opposite_worlds,opposite_worlds,-89/64,75/64,-41/64,41/64,-73/64,69/64,False
primary_rows,2536,cell-0362,,all-64,primary,one_edit_global,64,0,excluded,universal_bound,universal_bound,-15/64,-9/64,-15/64,-11/64,-15/64,-9/64,False
primary_rows,2537,cell-0362,,all-64,primary,current_strict,64,25,input_blocked,,,,,,,,,False
primary_rows,2538,cell-0362,,all-64,primary,current_partial,64,0,unresolved,bound_gap,bound_gap,-29/64,1/64,-11/64,-11/64,-11/64,-11/64,False
primary_rows,2539,cell-0362,,all-64,primary,union_strict,64,36,input_blocked,,,,,,,,,False
primary_rows,2540,cell-0362,,all-64,primary,union_partial,64,1,input_blocked,,,,,,,,,False
primary_rows,2541,cell-0363,,all-64,primary,exact_projection,64,0,excluded,universal_bound,universal_bound,-3/16,-3/16,-3/16,-3/16,-3/16,-3/16,False
primary_rows,2542,cell-0363,,all-64,primary,one_edit_per_image,64,0,unresolved,opposite_worlds,opposite_worlds,-11/8,19/16,-5/8,5/8,-9/8,17/16,False
primary_rows,2543,cell-0363,,all-64,primary,one_edit_global,64,0,excluded,universal_bound,universal_bound,-7/32,-1/8,-7/32,-5/32,-7/32,-1/8,False
primary_rows,2544,cell-0363,,all-64,primary,current_strict,64,25,input_blocked,,,,,,,,,False
primary_rows,2545,cell-0363,,all-64,primary,current_partial,64,0,unresolved,bound_gap,bound_gap,-7/16,1/32,-5/32,-5/32,-5/32,-5/32,False
primary_rows,2546,cell-0363,,all-64,primary,union_strict,64,36,input_blocked,,,,,,,,,False
primary_rows,2547,cell-0363,,all-64,primary,union_partial,64,1,input_blocked,,,,,,,,,False
primary_rows,2548,cell-0364,,all-64,primary,exact_projection,64,0,excluded,universal_bound,universal_bound,-11/64,-11/64,-11/64,-11/64,-11/64,-11/64,False
primary_rows,2549,cell-0364,,all-64,primary,one_edit_per_image,64,0,unresolved,opposite_worlds,opposite_worlds,-87/64,77/64,-39/64,39/64,-71/64,69/64,False
primary_rows,2550,cell-0364,,all-64,primary,one_edit_global,64,0,excluded,universal_bound,universal_bound,-13/64,-7/64,-13/64,-9/64,-13/64,-7/64,False
primary_rows,2551,cell-0364,,all-64,primary,current_strict,64,25,input_blocked,,,,,,,,,False
primary_rows,2552,cell-0364,,all-64,primary,current_partial,64,0,unresolved,bound_gap,bound_gap,-27/64,3/64,-9/64,-9/64,-9/64,-9/64,False
primary_rows,2553,cell-0364,,all-64,primary,union_strict,64,36,input_blocked,,,,,,,,,False
primary_rows,2554,cell-0364,,all-64,primary,union_partial,64,1,input_blocked,,,,,,,,,False
primary_rows,2555,cell-0365,,all-64,primary,exact_projection,64,0,excluded,universal_bound,universal_bound,-3/16,-3/16,-3/16,-3/16,-3/16,-3/16,False
primary_rows,2556,cell-0365,,all-64,primary,one_edit_per_image,64,0,unresolved,opposite_worlds,opposite_worlds,-43/32,19/16,-19/32,19/32,-35/32,17/16,False
primary_rows,2557,cell-0365,,all-64,primary,one_edit_global,64,0,excluded,universal_bound,universal_bound,-7/32,-1/8,-7/32,-5/32,-7/32,-1/8,False
primary_rows,2558,cell-0365,,all-64,primary,current_strict,64,25,input_blocked,,,,,,,,,False
primary_rows,2559,cell-0365,,all-64,primary,current_partial,64,0,unresolved,bound_gap,bound_gap,-7/16,1/32,-5/32,-5/32,-5/32,-5/32,False
primary_rows,2560,cell-0365,,all-64,primary,union_strict,64,36,input_blocked,,,,,,,,,False
primary_rows,2561,cell-0365,,all-64,primary,union_partial,64,1,input_blocked,,,,,,,,,False
primary_rows,2562,cell-0366,,all-64,primary,exact_projection,64,0,excluded,universal_bound,universal_bound,-11/64,-11/64,-11/64,-11/64,-11/64,-11/64,False
primary_rows,2563,cell-0366,,all-64,primary,one_edit_per_image,64,0,unresolved,opposite_worlds,opposite_worlds,-85/64,77/64,-37/64,37/64,-71/64,69/64,False
primary_rows,2564,cell-0366,,all-64,primary,one_edit_global,64,0,excluded,universal_bound,universal_bound,-13/64,-7/64,-13/64,-9/64,-13/64,-7/64,False
primary_rows,2565,cell-0366,,all-64,primary,current_strict,64,25,input_blocked,,,,,,,,,False
primary_rows,2566,cell-0366,,all-64,primary,current_partial,64,0,unresolved,bound_gap,bound_gap,-27/64,3/64,-9/64,-9/64,-9/64,-9/64,False
primary_rows,2567,cell-0366,,all-64,primary,union_strict,64,36,input_blocked,,,,,,,,,False
primary_rows,2568,cell-0366,,all-64,primary,union_partial,64,1,input_blocked,,,,,,,,,False
primary_rows,2569,cell-0367,,all-64,primary,exact_projection,64,0,excluded,universal_bound,universal_bound,-5/32,-5/32,-5/32,-5/32,-5/32,-5/32,False
primary_rows,2570,cell-0367,,all-64,primary,one_edit_per_image,64,0,unresolved,opposite_worlds,opposite_worlds,-21/16,39/32,-9/16,9/16,-35/32,17/16,False
primary_rows,2571,cell-0367,,all-64,primary,one_edit_global,64,0,excluded,universal_bound,universal_bound,-3/16,-3/32,-3/16,-1/8,-3/16,-3/32,False
primary_rows,2572,cell-0367,,all-64,primary,current_strict,64,25,input_blocked,,,,,,,,,False
primary_rows,2573,cell-0367,,all-64,primary,current_partial,64,0,unresolved,bound_gap,bound_gap,-13/32,1/16,-1/8,-1/8,-1/8,-1/8,False
primary_rows,2574,cell-0367,,all-64,primary,union_strict,64,36,input_blocked,,,,,,,,,False
primary_rows,2575,cell-0367,,all-64,primary,union_partial,64,1,input_blocked,,,,,,,,,False
primary_rows,2576,cell-0368,,all-64,primary,exact_projection,64,0,excluded,universal_bound,universal_bound,-11/64,-11/64,-11/64,-11/64,-11/64,-11/64,False
primary_rows,2577,cell-0368,,all-64,primary,one_edit_per_image,64,0,unresolved,opposite_worlds,opposite_worlds,-85/64,77/64,-37/64,37/64,-71/64,69/64,False
primary_rows,2578,cell-0368,,all-64,primary,one_edit_global,64,0,excluded,universal_bound,universal_bound,-13/64,-7/64,-13/64,-9/64,-13/64,-7/64,False
primary_rows,2579,cell-0368,,all-64,primary,current_strict,64,25,input_blocked,,,,,,,,,False
primary_rows,2580,cell-0368,,all-64,primary,current_partial,64,0,unresolved,bound_gap,bound_gap,-27/64,3/64,-9/64,-9/64,-9/64,-9/64,False
primary_rows,2581,cell-0368,,all-64,primary,union_strict,64,36,input_blocked,,,,,,,,,False
primary_rows,2582,cell-0368,,all-64,primary,union_partial,64,1,input_blocked,,,,,,,,,False
primary_rows,2583,cell-0369,,all-64,primary,exact_projection,64,0,excluded,universal_bound,universal_bound,-5/32,-5/32,-5/32,-5/32,-5/32,-5/32,False
primary_rows,2584,cell-0369,,all-64,primary,one_edit_per_image,64,0,unresolved,opposite_worlds,opposite_worlds,-21/16,19/16,-19/32,19/32,-35/32,17/16,False
primary_rows,2585,cell-0369,,all-64,primary,one_edit_global,64,0,excluded,universal_bound,universal_bound,-3/16,-3/32,-3/16,-1/8,-3/16,-3/32,False
primary_rows,2586,cell-0369,,all-64,primary,current_strict,64,25,input_blocked,,,,,,,,,False
primary_rows,2587,cell-0369,,all-64,primary,current_partial,64,0,unresolved,bound_gap,bound_gap,-13/32,1/16,-1/8,-1/8,-1/8,-1/8,False
primary_rows,2588,cell-0369,,all-64,primary,union_strict,64,36,input_blocked,,,,,,,,,False
primary_rows,2589,cell-0369,,all-64,primary,union_partial,64,1,input_blocked,,,,,,,,,False
primary_rows,2590,cell-0370,,all-64,primary,exact_projection,64,0,excluded,universal_bound,universal_bound,-11/64,-11/64,-11/64,-11/64,-11/64,-11/64,False
primary_rows,2591,cell-0370,,all-64,primary,one_edit_per_image,64,0,unresolved,opposite_worlds,opposite_worlds,-85/64,75/64,-39/64,39/64,-71/64,69/64,False
primary_rows,2592,cell-0370,,all-64,primary,one_edit_global,64,0,excluded,universal_bound,universal_bound,-13/64,-7/64,-13/64,-9/64,-13/64,-7/64,False
primary_rows,2593,cell-0370,,all-64,primary,current_strict,64,25,input_blocked,,,,,,,,,False
primary_rows,2594,cell-0370,,all-64,primary,current_partial,64,0,unresolved,bound_gap,bound_gap,-27/64,3/64,-9/64,-9/64,-9/64,-9/64,False
primary_rows,2595,cell-0370,,all-64,primary,union_strict,64,36,input_blocked,,,,,,,,,False
primary_rows,2596,cell-0370,,all-64,primary,union_partial,64,1,input_blocked,,,,,,,,,False
primary_rows,2597,cell-0371,,all-64,primary,exact_projection,64,0,excluded,universal_bound,universal_bound,-5/32,-5/32,-5/32,-5/32,-5/32,-5/32,False
primary_rows,2598,cell-0371,,all-64,primary,one_edit_per_image,64,0,unresolved,opposite_worlds,opposite_worlds,-21/16,37/32,-5/8,5/8,-35/32,17/16,False
primary_rows,2599,cell-0371,,all-64,primary,one_edit_global,64,0,excluded,universal_bound,universal_bound,-3/16,-3/32,-3/16,-1/8,-3/16,-3/32,False
primary_rows,2600,cell-0371,,all-64,primary,current_strict,64,25,input_blocked,,,,,,,,,False
primary_rows,2601,cell-0371,,all-64,primary,current_partial,64,0,unresolved,bound_gap,bound_gap,-13/32,1/16,-1/8,-1/8,-1/8,-1/8,False
primary_rows,2602,cell-0371,,all-64,primary,union_strict,64,36,input_blocked,,,,,,,,,False
primary_rows,2603,cell-0371,,all-64,primary,union_partial,64,1,input_blocked,,,,,,,,,False
primary_rows,2604,cell-0372,,all-64,primary,exact_projection,64,0,excluded,universal_bound,universal_bound,-9/64,-9/64,-9/64,-9/64,-9/64,-9/64,False
primary_rows,2605,cell-0372,,all-64,primary,one_edit_per_image,64,0,unresolved,opposite_worlds,opposite_worlds,-83/64,73/64,-39/64,41/64,-69/64,67/64,False
primary_rows,2606,cell-0372,,all-64,primary,one_edit_global,64,0,excluded,universal_bound,universal_bound,-11/64,-5/64,-11/64,-7/64,-11/64,-5/64,False
primary_rows,2607,cell-0372,,all-64,primary,current_strict,64,25,input_blocked,,,,,,,,,False
primary_rows,2608,cell-0372,,all-64,primary,current_partial,64,0,unresolved,bound_gap,bound_gap,-25/64,5/64,-7/64,-7/64,-7/64,-7/64,False
primary_rows,2609,cell-0372,,all-64,primary,union_strict,64,36,input_blocked,,,,,,,,,False
primary_rows,2610,cell-0372,,all-64,primary,union_partial,64,1,input_blocked,,,,,,,,,False
primary_rows,2611,cell-0373,,all-64,primary,exact_projection,64,0,excluded,universal_bound,universal_bound,-1/8,-1/8,-1/8,-1/8,-1/8,-1/8,False
primary_rows,2612,cell-0373,,all-64,primary,one_edit_per_image,64,0,unresolved,opposite_worlds,opposite_worlds,-41/32,37/32,-19/32,21/32,-17/16,17/16,False
primary_rows,2613,cell-0373,,all-64,primary,one_edit_global,64,0,excluded,universal_bound,universal_bound,-5/32,-1/16,-5/32,-3/32,-5/32,-1/16,False
primary_rows,2614,cell-0373,,all-64,primary,current_strict,64,25,input_blocked,,,,,,,,,False
primary_rows,2615,cell-0373,,all-64,primary,current_partial,64,0,unresolved,bound_gap,bound_gap,-3/8,3/32,-3/32,-3/32,-3/32,-3/32,False
primary_rows,2616,cell-0373,,all-64,primary,union_strict,64,36,input_blocked,,,,,,,,,False
primary_rows,2617,cell-0373,,all-64,primary,union_partial,64,1,input_blocked,,,,,,,,,False
primary_rows,2618,cell-0374,,all-64,primary,exact_projection,64,0,excluded,universal_bound,universal_bound,-7/64,-7/64,-7/64,-7/64,-7/64,-7/64,False
primary_rows,2619,cell-0374,,all-64,primary,one_edit_per_image,64,0,unresolved,opposite_worlds,opposite_worlds,-81/64,75/64,-37/64,41/64,-67/64,67/64,False
primary_rows,2620,cell-0374,,all-64,primary,one_edit_global,64,0,excluded,universal_bound,universal_bound,-9/64,-3/64,-9/64,-5/64,-9/64,-3/64,False
primary_rows,2621,cell-0374,,all-64,primary,current_strict,64,25,input_blocked,,,,,,,,,False
primary_rows,2622,cell-0374,,all-64,primary,current_partial,64,0,unresolved,bound_gap,bound_gap,-23/64,7/64,-5/64,-5/64,-5/64,-5/64,False
primary_rows,2623,cell-0374,,all-64,primary,union_strict,64,36,input_blocked,,,,,,,,,False
primary_rows,2624,cell-0374,,all-64,primary,union_partial,64,1,input_blocked,,,,,,,,,False
primary_rows,2625,cell-0375,,all-64,primary,exact_projection,64,0,excluded,universal_bound,universal_bound,-1/8,-1/8,-1/8,-1/8,-1/8,-1/8,False
primary_rows,2626,cell-0375,,all-64,primary,one_edit_per_image,64,0,unresolved,opposite_worlds,opposite_worlds,-41/32,37/32,-19/32,5/8,-33/32,1/1,False
primary_rows,2627,cell-0375,,all-64,primary,one_edit_global,64,0,excluded,universal_bound,universal_bound,-5/32,-1/16,-5/32,-3/32,-5/32,-1/16,False
primary_rows,2628,cell-0375,,all-64,primary,current_strict,64,25,input_blocked,,,,,,,,,False
primary_rows,2629,cell-0375,,all-64,primary,current_partial,64,0,unresolved,bound_gap,bound_gap,-3/8,3/32,-3/32,-3/32,-3/32,-3/32,False
primary_rows,2630,cell-0375,,all-64,primary,union_strict,64,36,input_blocked,,,,,,,,,False
primary_rows,2631,cell-0375,,all-64,primary,union_partial,64,1,input_blocked,,,,,,,,,False
primary_rows,2632,cell-0376,,all-64,primary,exact_projection,64,0,excluded,universal_bound,universal_bound,-7/64,-7/64,-7/64,-7/64,-7/64,-7/64,False
primary_rows,2633,cell-0376,,all-64,primary,one_edit_per_image,64,0,unresolved,opposite_worlds,opposite_worlds,-81/64,75/64,-37/64,39/64,-65/64,63/64,False
primary_rows,2634,cell-0376,,all-64,primary,one_edit_global,64,0,excluded,universal_bound,universal_bound,-9/64,-3/64,-9/64,-5/64,-9/64,-3/64,False
primary_rows,2635,cell-0376,,all-64,primary,current_strict,64,25,input_blocked,,,,,,,,,False
primary_rows,2636,cell-0376,,all-64,primary,current_partial,64,0,unresolved,bound_gap,bound_gap,-23/64,7/64,-5/64,-5/64,-5/64,-5/64,False
primary_rows,2637,cell-0376,,all-64,primary,union_strict,64,36,input_blocked,,,,,,,,,False
primary_rows,2638,cell-0376,,all-64,primary,union_partial,64,1,input_blocked,,,,,,,,,False
primary_rows,2639,cell-0377,,all-64,primary,exact_projection,64,0,excluded,universal_bound,universal_bound,-3/32,-3/32,-3/32,-3/32,-3/32,-3/32,False
primary_rows,2640,cell-0377,,all-64,primary,one_edit_per_image,64,0,unresolved,opposite_worlds,opposite_worlds,-5/4,37/32,-19/32,5/8,-33/32,1/1,False
primary_rows,2641,cell-0377,,all-64,primary,one_edit_global,64,0,excluded,universal_bound,universal_bound,-1/8,-1/32,-1/8,-1/16,-1/8,-1/32,False
primary_rows,2642,cell-0377,,all-64,primary,current_strict,64,25,input_blocked,,,,,,,,,False
primary_rows,2643,cell-0377,,all-64,primary,current_partial,64,0,unresolved,bound_gap,bound_gap,-11/32,1/8,-1/16,-1/16,-1/16,-1/16,False
primary_rows,2644,cell-0377,,all-64,primary,union_strict,64,36,input_blocked,,,,,,,,,False
primary_rows,2645,cell-0377,,all-64,primary,union_partial,64,1,input_blocked,,,,,,,,,False
primary_rows,2646,cell-0378,,all-64,primary,exact_projection,64,0,excluded,universal_bound,universal_bound,-5/64,-5/64,-5/64,-5/64,-5/64,-5/64,False
primary_rows,2647,cell-0378,,all-64,primary,one_edit_per_image,64,0,unresolved,opposite_worlds,opposite_worlds,-79/64,75/64,-37/64,39/64,-67/64,65/64,False
primary_rows,2648,cell-0378,,all-64,primary,one_edit_global,64,0,excluded,universal_bound,universal_bound,-7/64,-1/64,-7/64,-3/64,-7/64,-1/64,False
primary_rows,2649,cell-0378,,all-64,primary,current_strict,64,25,input_blocked,,,,,,,,,False
primary_rows,2650,cell-0378,,all-64,primary,current_partial,64,0,unresolved,bound_gap,bound_gap,-21/64,9/64,-3/64,-3/64,-3/64,-3/64,False
primary_rows,2651,cell-0378,,all-64,primary,union_strict,64,36,input_blocked,,,,,,,,,False
primary_rows,2652,cell-0378,,all-64,primary,union_partial,64,1,input_blocked,,,,,,,,,False
primary_rows,2653,cell-0379,,all-64,primary,exact_projection,64,0,excluded,universal_bound,universal_bound,-3/32,-3/32,-3/32,-3/32,-3/32,-3/32,False
primary_rows,2654,cell-0379,,all-64,primary,one_edit_per_image,64,0,unresolved,opposite_worlds,opposite_worlds,-39/32,37/32,-9/16,19/32,-33/32,1/1,False
primary_rows,2655,cell-0379,,all-64,primary,one_edit_global,64,0,excluded,universal_bound,universal_bound,-1/8,-1/32,-1/8,-1/16,-1/8,-1/32,False
primary_rows,2656,cell-0379,,all-64,primary,current_strict,64,25,input_blocked,,,,,,,,,False
primary_rows,2657,cell-0379,,all-64,primary,current_partial,64,0,unresolved,bound_gap,bound_gap,-11/32,1/8,-1/16,-1/16,-1/16,-1/16,False
primary_rows,2658,cell-0379,,all-64,primary,union_strict,64,36,input_blocked,,,,,,,,,False
primary_rows,2659,cell-0379,,all-64,primary,union_partial,64,1,input_blocked,,,,,,,,,False
primary_rows,2660,cell-0380,,all-64,primary,exact_projection,64,0,excluded,universal_bound,universal_bound,-5/64,-5/64,-5/64,-5/64,-5/64,-5/64,False
primary_rows,2661,cell-0380,,all-64,primary,one_edit_per_image,64,0,unresolved,opposite_worlds,opposite_worlds,-77/64,75/64,-35/64,37/64,-63/64,63/64,False
primary_rows,2662,cell-0380,,all-64,primary,one_edit_global,64,0,excluded,universal_bound,universal_bound,-7/64,-1/64,-7/64,-3/64,-7/64,-1/64,False
primary_rows,2663,cell-0380,,all-64,primary,current_strict,64,25,input_blocked,,,,,,,,,False
primary_rows,2664,cell-0380,,all-64,primary,current_partial,64,0,unresolved,bound_gap,bound_gap,-21/64,7/64,-5/64,-5/64,-5/64,-5/64,False
primary_rows,2665,cell-0380,,all-64,primary,union_strict,64,36,input_blocked,,,,,,,,,False
primary_rows,2666,cell-0380,,all-64,primary,union_partial,64,1,input_blocked,,,,,,,,,False
primary_rows,2667,cell-0381,,all-64,primary,exact_projection,64,0,excluded,universal_bound,universal_bound,-3/32,-3/32,-3/32,-3/32,-3/32,-3/32,False
primary_rows,2668,cell-0381,,all-64,primary,one_edit_per_image,64,0,unresolved,opposite_worlds,opposite_worlds,-39/32,37/32,-9/16,9/16,-31/32,15/16,False
primary_rows,2669,cell-0381,,all-64,primary,one_edit_global,64,0,excluded,universal_bound,universal_bound,-1/8,-1/32,-1/8,-1/16,-1/8,-1/32,False
primary_rows,2670,cell-0381,,all-64,primary,current_strict,64,25,input_blocked,,,,,,,,,False
primary_rows,2671,cell-0381,,all-64,primary,current_partial,64,0,unresolved,bound_gap,bound_gap,-11/32,3/32,-3/32,-3/32,-3/32,-3/32,False
primary_rows,2672,cell-0381,,all-64,primary,union_strict,64,36,input_blocked,,,,,,,,,False
primary_rows,2673,cell-0381,,all-64,primary,union_partial,64,1,input_blocked,,,,,,,,,False
primary_rows,2674,cell-0382,,all-64,primary,exact_projection,64,0,excluded,universal_bound,universal_bound,-7/64,-7/64,-7/64,-7/64,-7/64,-7/64,False
primary_rows,2675,cell-0382,,all-64,primary,one_edit_per_image,64,0,unresolved,opposite_worlds,opposite_worlds,-77/64,73/64,-35/64,35/64,-61/64,59/64,False
primary_rows,2676,cell-0382,,all-64,primary,one_edit_global,64,0,excluded,universal_bound,universal_bound,-9/64,-3/64,-9/64,-5/64,-9/64,-3/64,False
primary_rows,2677,cell-0382,,all-64,primary,current_strict,64,25,input_blocked,,,,,,,,,False
primary_rows,2678,cell-0382,,all-64,primary,current_partial,64,0,unresolved,bound_gap,bound_gap,-21/64,5/64,-7/64,-7/64,-7/64,-7/64,False
primary_rows,2679,cell-0382,,all-64,primary,union_strict,64,36,input_blocked,,,,,,,,,False
primary_rows,2680,cell-0382,,all-64,primary,union_partial,64,1,input_blocked,,,,,,,,,False
primary_rows,2681,cell-0383,,all-64,primary,exact_projection,64,0,excluded,universal_bound,universal_bound,-1/8,-1/8,-1/8,-1/8,-1/8,-1/8,False
primary_rows,2682,cell-0383,,all-64,primary,one_edit_per_image,64,0,unresolved,opposite_worlds,opposite_worlds,-39/32,9/8,-9/16,9/16,-31/32,15/16,False
primary_rows,2683,cell-0383,,all-64,primary,one_edit_global,64,0,excluded,universal_bound,universal_bound,-5/32,-1/16,-5/32,-3/32,-5/32,-1/16,False
primary_rows,2684,cell-0383,,all-64,primary,current_strict,64,25,input_blocked,,,,,,,,,False
primary_rows,2685,cell-0383,,all-64,primary,current_partial,64,0,unresolved,bound_gap,bound_gap,-11/32,1/16,-1/8,-1/8,-1/8,-1/8,False
primary_rows,2686,cell-0383,,all-64,primary,union_strict,64,36,input_blocked,,,,,,,,,False
primary_rows,2687,cell-0383,,all-64,primary,union_partial,64,1,input_blocked,,,,,,,,,False
primary_rows,2688,cell-0384,,all-64,primary,exact_projection,64,0,excluded,universal_bound,universal_bound,-7/64,-7/64,-7/64,-7/64,-7/64,-7/64,False
primary_rows,2689,cell-0384,,all-64,primary,one_edit_per_image,64,0,unresolved,opposite_worlds,opposite_worlds,-77/64,73/64,-35/64,35/64,-63/64,61/64,False
primary_rows,2690,cell-0384,,all-64,primary,one_edit_global,64,0,excluded,universal_bound,universal_bound,-9/64,-3/64,-9/64,-5/64,-9/64,-3/64,False
primary_rows,2691,cell-0384,,all-64,primary,current_strict,64,25,input_blocked,,,,,,,,,False
primary_rows,2692,cell-0384,,all-64,primary,current_partial,64,0,unresolved,bound_gap,bound_gap,-21/64,5/64,-7/64,-7/64,-7/64,-7/64,False
primary_rows,2693,cell-0384,,all-64,primary,union_strict,64,36,input_blocked,,,,,,,,,False
primary_rows,2694,cell-0384,,all-64,primary,union_partial,64,1,input_blocked,,,,,,,,,False
primary_rows,2695,cell-0385,,all-64,primary,exact_projection,64,0,excluded,universal_bound,universal_bound,-3/32,-3/32,-3/32,-3/32,-3/32,-3/32,False
primary_rows,2696,cell-0385,,all-64,primary,one_edit_per_image,64,0,unresolved,opposite_worlds,opposite_worlds,-39/32,9/8,-9/16,9/16,-1/1,31/32,False
primary_rows,2697,cell-0385,,all-64,primary,one_edit_global,64,0,excluded,universal_bound,universal_bound,-5/32,-1/32,-1/8,-1/16,-1/8,-1/32,False
primary_rows,2698,cell-0385,,all-64,primary,current_strict,64,25,input_blocked,,,,,,,,,False
primary_rows,2699,cell-0385,,all-64,primary,current_partial,64,0,unresolved,bound_gap,bound_gap,-5/16,1/16,-1/8,-1/8,-1/8,-1/8,False
primary_rows,2700,cell-0385,,all-64,primary,union_strict,64,36,input_blocked,,,,,,,,,False
primary_rows,2701,cell-0385,,all-64,primary,union_partial,64,1,input_blocked,,,,,,,,,False
primary_rows,2702,cell-0386,,all-64,primary,exact_projection,64,0,excluded,universal_bound,universal_bound,-7/64,-7/64,-7/64,-7/64,-7/64,-7/64,False
primary_rows,2703,cell-0386,,all-64,primary,one_edit_per_image,64,0,unresolved,opposite_worlds,opposite_worlds,-79/64,71/64,-37/64,37/64,-67/64,63/64,False
primary_rows,2704,cell-0386,,all-64,primary,one_edit_global,64,0,excluded,universal_bound,universal_bound,-11/64,-3/64,-9/64,-5/64,-9/64,-3/64,False
primary_rows,2705,cell-0386,,all-64,primary,current_strict,64,25,input_blocked,,,,,,,,,False
primary_rows,2706,cell-0386,,all-64,primary,current_partial,64,0,unresolved,bound_gap,bound_gap,-21/64,3/64,-9/64,-9/64,-9/64,-9/64,False
primary_rows,2707,cell-0386,,all-64,primary,union_strict,64,36,input_blocked,,,,,,,,,False
primary_rows,2708,cell-0386,,all-64,primary,union_partial,64,1,input_blocked,,,,,,,,,False
primary_rows,2709,cell-0387,,all-64,primary,exact_projection,64,0,excluded,universal_bound,universal_bound,-3/32,-3/32,-3/32,-3/32,-3/32,-3/32,False
primary_rows,2710,cell-0387,,all-64,primary,one_edit_per_image,64,0,unresolved,opposite_worlds,opposite_worlds,-39/32,35/32,-9/16,9/16,-33/32,31/32,False
primary_rows,2711,cell-0387,,all-64,primary,one_edit_global,64,0,excluded,universal_bound,universal_bound,-5/32,-1/32,-1/8,-1/16,-1/8,-1/32,False
primary_rows,2712,cell-0387,,all-64,primary,current_strict,64,25,input_blocked,,,,,,,,,False
primary_rows,2713,cell-0387,,all-64,primary,current_partial,64,0,unresolved,bound_gap,bound_gap,-5/16,1/16,-1/8,-1/8,-1/8,-1/8,False
primary_rows,2714,cell-0387,,all-64,primary,union_strict,64,36,input_blocked,,,,,,,,,False
primary_rows,2715,cell-0387,,all-64,primary,union_partial,64,1,input_blocked,,,,,,,,,False
primary_rows,2716,cell-0388,,all-64,primary,exact_projection,64,0,excluded,universal_bound,universal_bound,-5/64,-5/64,-5/64,-5/64,-5/64,-5/64,False
primary_rows,2717,cell-0388,,all-64,primary,one_edit_per_image,64,0,unresolved,opposite_worlds,opposite_worlds,-77/64,71/64,-35/64,37/64,-65/64,63/64,False
primary_rows,2718,cell-0388,,all-64,primary,one_edit_global,64,0,excluded,universal_bound,universal_bound,-9/64,-1/64,-7/64,-3/64,-7/64,-1/64,False
primary_rows,2719,cell-0388,,all-64,primary,current_strict,64,25,input_blocked,,,,,,,,,False
primary_rows,2720,cell-0388,,all-64,primary,current_partial,64,0,unresolved,bound_gap,bound_gap,-19/64,5/64,-7/64,-7/64,-7/64,-7/64,False
primary_rows,2721,cell-0388,,all-64,primary,union_strict,64,36,input_blocked,,,,,,,,,False
primary_rows,2722,cell-0388,,all-64,primary,union_partial,64,1,input_blocked,,,,,,,,,False
primary_rows,2723,cell-0389,,all-64,primary,exact_projection,64,0,excluded,universal_bound,universal_bound,-3/32,-3/32,-3/32,-3/32,-3/32,-3/32,False
primary_rows,2724,cell-0389,,all-64,primary,one_edit_per_image,64,0,unresolved,opposite_worlds,opposite_worlds,-39/32,9/8,-9/16,9/16,-33/32,31/32,False
primary_rows,2725,cell-0389,,all-64,primary,one_edit_global,64,0,excluded,universal_bound,universal_bound,-5/32,-1/32,-1/8,-1/16,-1/8,-1/32,False
primary_rows,2726,cell-0389,,all-64,primary,current_strict,64,25,input_blocked,,,,,,,,,False
primary_rows,2727,cell-0389,,all-64,primary,current_partial,64,0,unresolved,bound_gap,bound_gap,-5/16,1/16,-1/8,-1/8,-1/8,-1/8,False
primary_rows,2728,cell-0389,,all-64,primary,union_strict,64,36,input_blocked,,,,,,,,,False
primary_rows,2729,cell-0389,,all-64,primary,union_partial,64,1,input_blocked,,,,,,,,,False
primary_rows,2730,cell-0390,,all-64,primary,exact_projection,64,0,excluded,universal_bound,universal_bound,-7/64,-7/64,-7/64,-7/64,-7/64,-7/64,False
primary_rows,2731,cell-0390,,all-64,primary,one_edit_per_image,64,0,unresolved,opposite_worlds,opposite_worlds,-77/64,71/64,-37/64,37/64,-65/64,61/64,False
primary_rows,2732,cell-0390,,all-64,primary,one_edit_global,64,0,excluded,universal_bound,universal_bound,-11/64,-3/64,-9/64,-5/64,-9/64,-3/64,False
primary_rows,2733,cell-0390,,all-64,primary,current_strict,64,25,input_blocked,,,,,,,,,False
primary_rows,2734,cell-0390,,all-64,primary,current_partial,64,0,unresolved,bound_gap,bound_gap,-21/64,3/64,-9/64,-9/64,-9/64,-9/64,False
primary_rows,2735,cell-0390,,all-64,primary,union_strict,64,36,input_blocked,,,,,,,,,False
primary_rows,2736,cell-0390,,all-64,primary,union_partial,64,1,input_blocked,,,,,,,,,False
primary_rows,2737,cell-0391,,all-64,primary,exact_projection,64,0,excluded,universal_bound,universal_bound,-3/32,-3/32,-3/32,-3/32,-3/32,-3/32,False
primary_rows,2738,cell-0391,,all-64,primary,one_edit_per_image,64,0,unresolved,opposite_worlds,opposite_worlds,-19/16,35/32,-9/16,9/16,-1/1,15/16,False
primary_rows,2739,cell-0391,,all-64,primary,one_edit_global,64,0,excluded,universal_bound,universal_bound,-5/32,-1/32,-1/8,-1/16,-1/8,-1/32,False
primary_rows,2740,cell-0391,,all-64,primary,current_strict,64,25,input_blocked,,,,,,,,,False
primary_rows,2741,cell-0391,,all-64,primary,current_partial,64,0,unresolved,bound_gap,bound_gap,-5/16,1/16,-1/8,-1/8,-1/8,-1/8,False
primary_rows,2742,cell-0391,,all-64,primary,union_strict,64,36,input_blocked,,,,,,,,,False
primary_rows,2743,cell-0391,,all-64,primary,union_partial,64,1,input_blocked,,,,,,,,,False
primary_rows,2744,cell-0392,,all-64,primary,exact_projection,64,0,excluded,universal_bound,universal_bound,-5/64,-5/64,-5/64,-5/64,-5/64,-5/64,False
primary_rows,2745,cell-0392,,all-64,primary,one_edit_per_image,64,0,unresolved,opposite_worlds,opposite_worlds,-75/64,69/64,-35/64,37/64,-63/64,61/64,False
primary_rows,2746,cell-0392,,all-64,primary,one_edit_global,64,0,excluded,universal_bound,universal_bound,-9/64,-1/64,-7/64,-3/64,-7/64,-1/64,False
primary_rows,2747,cell-0392,,all-64,primary,current_strict,64,25,input_blocked,,,,,,,,,False
primary_rows,2748,cell-0392,,all-64,primary,current_partial,64,0,unresolved,bound_gap,bound_gap,-19/64,5/64,-7/64,-7/64,-7/64,-7/64,False
primary_rows,2749,cell-0392,,all-64,primary,union_strict,64,36,input_blocked,,,,,,,,,False
primary_rows,2750,cell-0392,,all-64,primary,union_partial,64,1,input_blocked,,,,,,,,,False
primary_rows,2751,cell-0393,,all-64,primary,exact_projection,64,0,excluded,universal_bound,universal_bound,-3/32,-3/32,-3/32,-3/32,-3/32,-3/32,False
primary_rows,2752,cell-0393,,all-64,primary,one_edit_per_image,64,0,unresolved,opposite_worlds,opposite_worlds,-19/16,17/16,-17/32,9/16,-31/32,15/16,False
primary_rows,2753,cell-0393,,all-64,primary,one_edit_global,64,0,excluded,universal_bound,universal_bound,-5/32,-1/32,-1/8,-1/16,-1/8,-1/32,False
primary_rows,2754,cell-0393,,all-64,primary,current_strict,64,25,input_blocked,,,,,,,,,False
primary_rows,2755,cell-0393,,all-64,primary,current_partial,64,0,unresolved,bound_gap,bound_gap,-5/16,1/16,-1/8,-1/8,-1/8,-1/8,False
primary_rows,2756,cell-0393,,all-64,primary,union_strict,64,36,input_blocked,,,,,,,,,False
primary_rows,2757,cell-0393,,all-64,primary,union_partial,64,1,input_blocked,,,,,,,,,False
primary_rows,2758,cell-0394,,all-64,primary,exact_projection,64,0,excluded,universal_bound,universal_bound,-5/64,-5/64,-5/64,-5/64,-5/64,-5/64,False
primary_rows,2759,cell-0394,,all-64,primary,one_edit_per_image,64,0,unresolved,opposite_worlds,opposite_worlds,-75/64,69/64,-33/64,37/64,-61/64,61/64,False
primary_rows,2760,cell-0394,,all-64,primary,one_edit_global,64,0,excluded,universal_bound,universal_bound,-9/64,-1/64,-7/64,-3/64,-7/64,-1/64,False
primary_rows,2761,cell-0394,,all-64,primary,current_strict,64,25,input_blocked,,,,,,,,,False
primary_rows,2762,cell-0394,,all-64,primary,current_partial,64,0,unresolved,bound_gap,bound_gap,-19/64,5/64,-7/64,-7/64,-7/64,-7/64,False
primary_rows,2763,cell-0394,,all-64,primary,union_strict,64,36,input_blocked,,,,,,,,,False
primary_rows,2764,cell-0394,,all-64,primary,union_partial,64,1,input_blocked,,,,,,,,,False
primary_rows,2765,cell-0395,,all-64,primary,exact_projection,64,0,excluded,universal_bound,universal_bound,-3/32,-3/32,-3/32,-3/32,-3/32,-3/32,False
primary_rows,2766,cell-0395,,all-64,primary,one_edit_per_image,64,0,unresolved,opposite_worlds,opposite_worlds,-19/16,17/16,-17/32,9/16,-31/32,15/16,False
primary_rows,2767,cell-0395,,all-64,primary,one_edit_global,64,0,excluded,universal_bound,universal_bound,-5/32,-1/32,-1/8,-1/16,-1/8,-1/32,False
primary_rows,2768,cell-0395,,all-64,primary,current_strict,64,25,input_blocked,,,,,,,,,False
primary_rows,2769,cell-0395,,all-64,primary,current_partial,64,0,unresolved,bound_gap,bound_gap,-5/16,1/16,-1/8,-1/8,-1/8,-1/8,False
primary_rows,2770,cell-0395,,all-64,primary,union_strict,64,36,input_blocked,,,,,,,,,False
primary_rows,2771,cell-0395,,all-64,primary,union_partial,64,1,input_blocked,,,,,,,,,False
primary_rows,2772,cell-0396,,all-64,primary,exact_projection,64,0,excluded,universal_bound,universal_bound,-5/64,-5/64,-5/64,-5/64,-5/64,-5/64,False
primary_rows,2773,cell-0396,,all-64,primary,one_edit_per_image,64,0,unresolved,opposite_worlds,opposite_worlds,-75/64,69/64,-33/64,35/64,-61/64,61/64,False
primary_rows,2774,cell-0396,,all-64,primary,one_edit_global,64,0,excluded,universal_bound,universal_bound,-9/64,-1/64,-7/64,-3/64,-7/64,-1/64,False
primary_rows,2775,cell-0396,,all-64,primary,current_strict,64,25,input_blocked,,,,,,,,,False
primary_rows,2776,cell-0396,,all-64,primary,current_partial,64,0,unresolved,bound_gap,bound_gap,-19/64,5/64,-7/64,-7/64,-7/64,-7/64,False
primary_rows,2777,cell-0396,,all-64,primary,union_strict,64,36,input_blocked,,,,,,,,,False
primary_rows,2778,cell-0396,,all-64,primary,union_partial,64,1,input_blocked,,,,,,,,,False
primary_rows,2779,cell-0397,,all-64,primary,exact_projection,64,0,excluded,universal_bound,universal_bound,-3/32,-3/32,-3/32,-3/32,-3/32,-3/32,False
primary_rows,2780,cell-0397,,all-64,primary,one_edit_per_image,64,0,unresolved,opposite_worlds,opposite_worlds,-37/32,17/16,-17/32,17/32,-31/32,15/16,False
primary_rows,2781,cell-0397,,all-64,primary,one_edit_global,64,0,excluded,universal_bound,universal_bound,-1/8,-1/32,-1/8,-1/16,-1/8,-1/32,False
primary_rows,2782,cell-0397,,all-64,primary,current_strict,64,25,input_blocked,,,,,,,,,False
primary_rows,2783,cell-0397,,all-64,primary,current_partial,64,0,unresolved,bound_gap,bound_gap,-9/32,1/16,-1/8,-1/8,-1/8,-1/8,False
primary_rows,2784,cell-0397,,all-64,primary,union_strict,64,36,input_blocked,,,,,,,,,False
primary_rows,2785,cell-0397,,all-64,primary,union_partial,64,1,input_blocked,,,,,,,,,False
primary_rows,2786,cell-0398,,all-64,primary,exact_projection,64,0,excluded,universal_bound,universal_bound,-7/64,-7/64,-7/64,-7/64,-7/64,-7/64,False
primary_rows,2787,cell-0398,,all-64,primary,one_edit_per_image,64,0,unresolved,opposite_worlds,opposite_worlds,-75/64,67/64,-35/64,33/64,-63/64,59/64,False
primary_rows,2788,cell-0398,,all-64,primary,one_edit_global,64,0,excluded,universal_bound,universal_bound,-9/64,-3/64,-9/64,-5/64,-9/64,-3/64,False
primary_rows,2789,cell-0398,,all-64,primary,current_strict,64,25,input_blocked,,,,,,,,,False
primary_rows,2790,cell-0398,,all-64,primary,current_partial,64,0,unresolved,bound_gap,bound_gap,-19/64,3/64,-9/64,-9/64,-9/64,-9/64,False
primary_rows,2791,cell-0398,,all-64,primary,union_strict,64,36,input_blocked,,,,,,,,,False
primary_rows,2792,cell-0398,,all-64,primary,union_partial,64,1,input_blocked,,,,,,,,,False
primary_rows,2793,cell-0399,,all-64,primary,exact_projection,64,0,excluded,universal_bound,universal_bound,-1/8,-1/8,-1/8,-1/8,-1/8,-1/8,False
primary_rows,2794,cell-0399,,all-64,primary,one_edit_per_image,64,0,unresolved,opposite_worlds,opposite_worlds,-19/16,33/32,-17/32,1/2,-1/1,15/16,False
primary_rows,2795,cell-0399,,all-64,primary,one_edit_global,64,0,excluded,universal_bound,universal_bound,-5/32,-1/16,-5/32,-3/32,-5/32,-1/16,False
primary_rows,2796,cell-0399,,all-64,primary,current_strict,64,25,input_blocked,,,,,,,,,False
primary_rows,2797,cell-0399,,all-64,primary,current_partial,64,0,unresolved,bound_gap,bound_gap,-5/16,1/32,-5/32,-5/32,-5/32,-5/32,False
primary_rows,2798,cell-0399,,all-64,primary,union_strict,64,36,input_blocked,,,,,,,,,False
primary_rows,2799,cell-0399,,all-64,primary,union_partial,64,1,input_blocked,,,,,,,,,False
primary_rows,2800,cell-0400,,all-64,primary,exact_projection,64,0,excluded,universal_bound,universal_bound,-9/64,-9/64,-9/64,-9/64,-9/64,-9/64,False
primary_rows,2801,cell-0400,,all-64,primary,one_edit_per_image,64,0,unresolved,opposite_worlds,opposite_worlds,-75/64,65/64,-33/64,31/64,-63/64,59/64,False
primary_rows,2802,cell-0400,,all-64,primary,one_edit_global,64,0,excluded,universal_bound,universal_bound,-11/64,-5/64,-11/64,-7/64,-11/64,-5/64,False
primary_rows,2803,cell-0400,,all-64,primary,current_strict,64,25,input_blocked,,,,,,,,,False
primary_rows,2804,cell-0400,,all-64,primary,current_partial,64,0,unresolved,bound_gap,bound_gap,-21/64,1/64,-11/64,-11/64,-11/64,-11/64,False
primary_rows,2805,cell-0400,,all-64,primary,union_strict,64,36,input_blocked,,,,,,,,,False
primary_rows,2806,cell-0400,,all-64,primary,union_partial,64,1,input_blocked,,,,,,,,,False
primary_rows,2807,cell-0401,,all-64,primary,exact_projection,64,0,excluded,universal_bound,universal_bound,-1/8,-1/8,-1/8,-1/8,-1/8,-1/8,False
primary_rows,2808,cell-0401,,all-64,primary,one_edit_per_image,64,0,unresolved,opposite_worlds,opposite_worlds,-37/32,1/1,-1/2,15/32,-31/32,29/32,False
primary_rows,2809,cell-0401,,all-64,primary,one_edit_global,64,0,excluded,universal_bound,universal_bound,-5/32,-1/16,-5/32,-3/32,-5/32,-1/16,False
primary_rows,2810,cell-0401,,all-64,primary,current_strict,64,25,input_blocked,,,,,,,,,False
primary_rows,2811,cell-0401,,all-64,primary,current_partial,64,0,unresolved,bound_gap,bound_gap,-5/16,1/32,-5/32,-5/32,-5/32,-5/32,False
primary_rows,2812,cell-0401,,all-64,primary,union_strict,64,36,input_blocked,,,,,,,,,False
primary_rows,2813,cell-0401,,all-64,primary,union_partial,64,1,input_blocked,,,,,,,,,False
primary_rows,2814,cell-0402,,all-64,primary,exact_projection,64,0,excluded,universal_bound,universal_bound,-7/64,-7/64,-7/64,-7/64,-7/64,-7/64,False
primary_rows,2815,cell-0402,,all-64,primary,one_edit_per_image,64,0,unresolved,opposite_worlds,opposite_worlds,-73/64,63/64,-31/64,29/64,-61/64,57/64,False
primary_rows,2816,cell-0402,,all-64,primary,one_edit_global,64,0,excluded,universal_bound,universal_bound,-9/64,-3/64,-9/64,-5/64,-9/64,-3/64,False
primary_rows,2817,cell-0402,,all-64,primary,current_strict,64,25,input_blocked,,,,,,,,,False
primary_rows,2818,cell-0402,,all-64,primary,current_partial,64,0,unresolved,bound_gap,bound_gap,-19/64,3/64,-9/64,-9/64,-9/64,-9/64,False
primary_rows,2819,cell-0402,,all-64,primary,union_strict,64,36,input_blocked,,,,,,,,,False
primary_rows,2820,cell-0402,,all-64,primary,union_partial,64,1,input_blocked,,,,,,,,,False
primary_rows,2821,cell-0403,,all-64,primary,exact_projection,64,0,excluded,universal_bound,universal_bound,-1/8,-1/8,-1/8,-1/8,-1/8,-1/8,False
primary_rows,2822,cell-0403,,all-64,primary,one_edit_per_image,64,0,unresolved,opposite_worlds,opposite_worlds,-37/32,31/32,-1/2,7/16,-31/32,7/8,False
primary_rows,2823,cell-0403,,all-64,primary,one_edit_global,64,0,excluded,universal_bound,universal_bound,-5/32,-1/16,-5/32,-3/32,-5/32,-1/16,False
primary_rows,2824,cell-0403,,all-64,primary,current_strict,64,25,input_blocked,,,,,,,,,False
primary_rows,2825,cell-0403,,all-64,primary,current_partial,64,0,unresolved,bound_gap,bound_gap,-5/16,1/32,-5/32,-5/32,-5/32,-5/32,False
primary_rows,2826,cell-0403,,all-64,primary,union_strict,64,36,input_blocked,,,,,,,,,False
primary_rows,2827,cell-0403,,all-64,primary,union_partial,64,1,input_blocked,,,,,,,,,False
primary_rows,2828,cell-0404,,all-64,primary,exact_projection,64,0,excluded,universal_bound,universal_bound,-7/64,-7/64,-7/64,-7/64,-7/64,-7/64,False
primary_rows,2829,cell-0404,,all-64,primary,one_edit_per_image,64,0,unresolved,opposite_worlds,opposite_worlds,-73/64,61/64,-31/64,27/64,-61/64,55/64,False
primary_rows,2830,cell-0404,,all-64,primary,one_edit_global,64,0,excluded,universal_bound,universal_bound,-9/64,-3/64,-9/64,-5/64,-9/64,-3/64,False
primary_rows,2831,cell-0404,,all-64,primary,current_strict,64,25,input_blocked,,,,,,,,,False
primary_rows,2832,cell-0404,,all-64,primary,current_partial,64,0,unresolved,bound_gap,bound_gap,-19/64,3/64,-9/64,-9/64,-9/64,-9/64,False
primary_rows,2833,cell-0404,,all-64,primary,union_strict,64,36,input_blocked,,,,,,,,,False
primary_rows,2834,cell-0404,,all-64,primary,union_partial,64,1,input_blocked,,,,,,,,,False
primary_rows,2835,cell-0405,,all-64,primary,exact_projection,64,0,excluded,universal_bound,universal_bound,-1/8,-1/8,-1/8,-1/8,-1/8,-1/8,False
primary_rows,2836,cell-0405,,all-64,primary,one_edit_per_image,64,0,unresolved,opposite_worlds,opposite_worlds,-37/32,15/16,-1/2,7/16,-1/1,7/8,False
primary_rows,2837,cell-0405,,all-64,primary,one_edit_global,64,0,excluded,universal_bound,universal_bound,-5/32,-1/16,-5/32,-3/32,-5/32,-1/16,False
primary_rows,2838,cell-0405,,all-64,primary,current_strict,64,25,input_blocked,,,,,,,,,False
primary_rows,2839,cell-0405,,all-64,primary,current_partial,64,0,unresolved,bound_gap,bound_gap,-9/32,1/32,-1/8,-1/8,-1/8,-1/8,False
primary_rows,2840,cell-0405,,all-64,primary,union_strict,64,36,input_blocked,,,,,,,,,False
primary_rows,2841,cell-0405,,all-64,primary,union_partial,64,1,input_blocked,,,,,,,,,False
primary_rows,2842,cell-0406,,all-64,primary,exact_projection,64,0,excluded,universal_bound,universal_bound,-7/64,-7/64,-7/64,-7/64,-7/64,-7/64,False
primary_rows,2843,cell-0406,,all-64,primary,one_edit_per_image,64,0,unresolved,opposite_worlds,opposite_worlds,-73/64,59/64,-31/64,27/64,-63/64,55/64,False
primary_rows,2844,cell-0406,,all-64,primary,one_edit_global,64,0,excluded,universal_bound,universal_bound,-9/64,-3/64,-9/64,-5/64,-9/64,-3/64,False
primary_rows,2845,cell-0406,,all-64,primary,current_strict,64,25,input_blocked,,,,,,,,,False
primary_rows,2846,cell-0406,,all-64,primary,current_partial,64,0,unresolved,bound_gap,bound_gap,-17/64,3/64,-7/64,-7/64,-7/64,-7/64,False
primary_rows,2847,cell-0406,,all-64,primary,union_strict,64,36,input_blocked,,,,,,,,,False
primary_rows,2848,cell-0406,,all-64,primary,union_partial,64,1,input_blocked,,,,,,,,,False
primary_rows,2849,cell-0407,,all-64,primary,exact_projection,64,0,excluded,universal_bound,universal_bound,-1/8,-1/8,-1/8,-1/8,-1/8,-1/8,False
primary_rows,2850,cell-0407,,all-64,primary,one_edit_per_image,64,0,unresolved,opposite_worlds,opposite_worlds,-37/32,29/32,-15/32,13/32,-31/32,27/32,False
primary_rows,2851,cell-0407,,all-64,primary,one_edit_global,64,0,excluded,universal_bound,universal_bound,-5/32,-1/16,-5/32,-3/32,-5/32,-1/16,False
primary_rows,2852,cell-0407,,all-64,primary,current_strict,64,25,input_blocked,,,,,,,,,False
primary_rows,2853,cell-0407,,all-64,primary,current_partial,64,0,unresolved,bound_gap,bound_gap,-9/32,1/32,-1/8,-1/8,-1/8,-1/8,False
primary_rows,2854,cell-0407,,all-64,primary,union_strict,64,36,input_blocked,,,,,,,,,False
primary_rows,2855,cell-0407,,all-64,primary,union_partial,64,1,input_blocked,,,,,,,,,False
primary_rows,2856,cell-0408,,all-64,primary,exact_projection,64,0,excluded,universal_bound,universal_bound,-7/64,-7/64,-7/64,-7/64,-7/64,-7/64,False
primary_rows,2857,cell-0408,,all-64,primary,one_edit_per_image,64,0,unresolved,opposite_worlds,opposite_worlds,-73/64,57/64,-31/64,27/64,-63/64,55/64,False
primary_rows,2858,cell-0408,,all-64,primary,one_edit_global,64,0,excluded,universal_bound,universal_bound,-9/64,-3/64,-9/64,-5/64,-9/64,-3/64,False
primary_rows,2859,cell-0408,,all-64,primary,current_strict,64,25,input_blocked,,,,,,,,,False
primary_rows,2860,cell-0408,,all-64,primary,current_partial,64,0,unresolved,bound_gap,bound_gap,-17/64,1/64,-9/64,-9/64,-9/64,-9/64,False
primary_rows,2861,cell-0408,,all-64,primary,union_strict,64,36,input_blocked,,,,,,,,,False
primary_rows,2862,cell-0408,,all-64,primary,union_partial,64,1,input_blocked,,,,,,,,,False
primary_rows,2863,cell-0409,,all-64,primary,exact_projection,64,0,excluded,universal_bound,universal_bound,-1/8,-1/8,-1/8,-1/8,-1/8,-1/8,False
primary_rows,2864,cell-0409,,all-64,primary,one_edit_per_image,64,0,unresolved,opposite_worlds,opposite_worlds,-9/8,7/8,-1/2,13/32,-1/1,27/32,False
primary_rows,2865,cell-0409,,all-64,primary,one_edit_global,64,0,excluded,universal_bound,universal_bound,-5/32,-1/16,-5/32,-3/32,-5/32,-1/16,False
primary_rows,2866,cell-0409,,all-64,primary,current_strict,64,25,input_blocked,,,,,,,,,False
primary_rows,2867,cell-0409,,all-64,primary,current_partial,64,0,excluded,universal_bound,universal_bound,-9/32,0/1,-5/32,-5/32,-5/32,-5/32,False
primary_rows,2868,cell-0409,,all-64,primary,union_strict,64,36,input_blocked,,,,,,,,,False
primary_rows,2869,cell-0409,,all-64,primary,union_partial,64,1,input_blocked,,,,,,,,,False
primary_rows,2870,cell-0410,,all-64,primary,exact_projection,64,0,excluded,universal_bound,universal_bound,-9/64,-9/64,-9/64,-9/64,-9/64,-9/64,False
primary_rows,2871,cell-0410,,all-64,primary,one_edit_per_image,64,0,unresolved,opposite_worlds,opposite_worlds,-73/64,55/64,-33/64,25/64,-65/64,53/64,False
primary_rows,2872,cell-0410,,all-64,primary,one_edit_global,64,0,excluded,universal_bound,universal_bound,-11/64,-5/64,-11/64,-7/64,-11/64,-5/64,False
primary_rows,2873,cell-0410,,all-64,primary,current_strict,64,25,input_blocked,,,,,,,,,False
primary_rows,2874,cell-0410,,all-64,primary,current_partial,64,0,excluded,universal_bound,universal_bound,-19/64,-1/64,-11/64,-11/64,-11/64,-11/64,False
primary_rows,2875,cell-0410,,all-64,primary,union_strict,64,36,input_blocked,,,,,,,,,False
primary_rows,2876,cell-0410,,all-64,primary,union_partial,64,1,input_blocked,,,,,,,,,False
primary_rows,2877,cell-0411,,all-64,primary,exact_projection,64,0,excluded,universal_bound,universal_bound,-1/8,-1/8,-1/8,-1/8,-1/8,-1/8,False
primary_rows,2878,cell-0411,,all-64,primary,one_edit_per_image,64,0,unresolved,opposite_worlds,opposite_worlds,-9/8,7/8,-17/32,13/32,-33/32,27/32,False
primary_rows,2879,cell-0411,,all-64,primary,one_edit_global,64,0,excluded,universal_bound,universal_bound,-5/32,-1/16,-5/32,-3/32,-5/32,-1/16,False
primary_rows,2880,cell-0411,,all-64,primary,current_strict,64,25,input_blocked,,,,,,,,,False
primary_rows,2881,cell-0411,,all-64,primary,current_partial,64,0,excluded,universal_bound,universal_bound,-9/32,0/1,-5/32,-5/32,-5/32,-5/32,False
primary_rows,2882,cell-0411,,all-64,primary,union_strict,64,36,input_blocked,,,,,,,,,False
primary_rows,2883,cell-0411,,all-64,primary,union_partial,64,1,input_blocked,,,,,,,,,False
primary_rows,2884,cell-0412,,all-64,primary,exact_projection,64,0,excluded,universal_bound,universal_bound,-7/64,-7/64,-7/64,-7/64,-7/64,-7/64,False
primary_rows,2885,cell-0412,,all-64,primary,one_edit_per_image,64,0,unresolved,opposite_worlds,opposite_worlds,-71/64,55/64,-33/64,25/64,-65/64,53/64,False
primary_rows,2886,cell-0412,,all-64,primary,one_edit_global,64,0,excluded,universal_bound,universal_bound,-9/64,-3/64,-9/64,-5/64,-9/64,-3/64,False
primary_rows,2887,cell-0412,,all-64,primary,current_strict,64,25,input_blocked,,,,,,,,,False
primary_rows,2888,cell-0412,,all-64,primary,current_partial,64,0,unresolved,bound_gap,bound_gap,-17/64,1/64,-9/64,-9/64,-9/64,-9/64,False
primary_rows,2889,cell-0412,,all-64,primary,union_strict,64,36,input_blocked,,,,,,,,,False
primary_rows,2890,cell-0412,,all-64,primary,union_partial,64,1,input_blocked,,,,,,,,,False
primary_rows,2891,cell-0413,,all-64,primary,exact_projection,64,0,excluded,universal_bound,universal_bound,-3/32,-3/32,-3/32,-3/32,-3/32,-3/32,False
primary_rows,2892,cell-0413,,all-64,primary,one_edit_per_image,64,0,unresolved,opposite_worlds,opposite_worlds,-35/32,7/8,-1/2,13/32,-33/32,7/8,False
primary_rows,2893,cell-0413,,all-64,primary,one_edit_global,64,0,excluded,universal_bound,universal_bound,-1/8,-1/32,-1/8,-1/16,-1/8,-1/32,False
primary_rows,2894,cell-0413,,all-64,primary,current_strict,64,25,input_blocked,,,,,,,,,False
primary_rows,2895,cell-0413,,all-64,primary,current_partial,64,0,unresolved,bound_gap,bound_gap,-1/4,1/32,-1/8,-1/8,-1/8,-1/8,False
primary_rows,2896,cell-0413,,all-64,primary,union_strict,64,36,input_blocked,,,,,,,,,False
primary_rows,2897,cell-0413,,all-64,primary,union_partial,64,1,input_blocked,,,,,,,,,False
primary_rows,2898,cell-0414,,all-64,primary,exact_projection,64,0,excluded,universal_bound,universal_bound,-5/64,-5/64,-5/64,-5/64,-5/64,-5/64,False
primary_rows,2899,cell-0414,,all-64,primary,one_edit_per_image,64,0,unresolved,opposite_worlds,opposite_worlds,-69/64,57/64,-33/64,27/64,-67/64,57/64,False
primary_rows,2900,cell-0414,,all-64,primary,one_edit_global,64,0,excluded,universal_bound,universal_bound,-7/64,-1/64,-7/64,-3/64,-7/64,-1/64,False
primary_rows,2901,cell-0414,,all-64,primary,current_strict,64,25,input_blocked,,,,,,,,,False
primary_rows,2902,cell-0414,,all-64,primary,current_partial,64,0,unresolved,bound_gap,bound_gap,-15/64,3/64,-7/64,-7/64,-7/64,-7/64,False
primary_rows,2903,cell-0414,,all-64,primary,union_strict,64,36,input_blocked,,,,,,,,,False
primary_rows,2904,cell-0414,,all-64,primary,union_partial,64,1,input_blocked,,,,,,,,,False
primary_rows,2905,cell-0415,,all-64,primary,exact_projection,64,0,excluded,universal_bound,universal_bound,-3/32,-3/32,-3/32,-3/32,-3/32,-3/32,False
primary_rows,2906,cell-0415,,all-64,primary,one_edit_per_image,64,0,unresolved,opposite_worlds,opposite_worlds,-17/16,7/8,-1/2,13/32,-33/32,7/8,False
primary_rows,2907,cell-0415,,all-64,primary,one_edit_global,64,0,excluded,universal_bound,universal_bound,-1/8,-1/32,-1/8,-1/16,-1/8,-1/32,False
primary_rows,2908,cell-0415,,all-64,primary,current_strict,64,25,input_blocked,,,,,,,,,False
primary_rows,2909,cell-0415,,all-64,primary,current_partial,64,0,unresolved,bound_gap,bound_gap,-1/4,1/32,-1/8,-1/8,-1/8,-1/8,False
primary_rows,2910,cell-0415,,all-64,primary,union_strict,64,36,input_blocked,,,,,,,,,False
primary_rows,2911,cell-0415,,all-64,primary,union_partial,64,1,input_blocked,,,,,,,,,False
primary_rows,2912,cell-0416,,all-64,primary,exact_projection,64,0,excluded,universal_bound,universal_bound,-7/64,-7/64,-7/64,-7/64,-7/64,-7/64,False
primary_rows,2913,cell-0416,,all-64,primary,one_edit_per_image,64,0,unresolved,opposite_worlds,opposite_worlds,-67/64,55/64,-31/64,25/64,-65/64,55/64,False
primary_rows,2914,cell-0416,,all-64,primary,one_edit_global,64,0,excluded,universal_bound,universal_bound,-9/64,-3/64,-9/64,-5/64,-9/64,-3/64,False
primary_rows,2915,cell-0416,,all-64,primary,current_strict,64,25,input_blocked,,,,,,,,,False
primary_rows,2916,cell-0416,,all-64,primary,current_partial,64,0,unresolved,bound_gap,bound_gap,-17/64,1/64,-9/64,-9/64,-9/64,-9/64,False
primary_rows,2917,cell-0416,,all-64,primary,union_strict,64,36,input_blocked,,,,,,,,,False
primary_rows,2918,cell-0416,,all-64,primary,union_partial,64,1,input_blocked,,,,,,,,,False
primary_rows,2919,cell-0417,,all-64,primary,exact_projection,64,0,excluded,universal_bound,universal_bound,-3/32,-3/32,-3/32,-3/32,-3/32,-3/32,False
primary_rows,2920,cell-0417,,all-64,primary,one_edit_per_image,64,0,unresolved,opposite_worlds,opposite_worlds,-33/32,7/8,-15/32,3/8,-33/32,7/8,False
primary_rows,2921,cell-0417,,all-64,primary,one_edit_global,64,0,excluded,universal_bound,universal_bound,-1/8,-1/32,-1/8,-1/16,-1/8,-1/32,False
primary_rows,2922,cell-0417,,all-64,primary,current_strict,64,25,input_blocked,,,,,,,,,False
primary_rows,2923,cell-0417,,all-64,primary,current_partial,64,0,unresolved,bound_gap,bound_gap,-1/4,1/32,-1/8,-1/8,-1/8,-1/8,False
primary_rows,2924,cell-0417,,all-64,primary,union_strict,64,36,input_blocked,,,,,,,,,False
primary_rows,2925,cell-0417,,all-64,primary,union_partial,64,1,input_blocked,,,,,,,,,False
primary_rows,2926,cell-0418,,all-64,primary,exact_projection,64,0,excluded,universal_bound,universal_bound,-7/64,-7/64,-7/64,-7/64,-7/64,-7/64,False
primary_rows,2927,cell-0418,,all-64,primary,one_edit_per_image,64,0,unresolved,opposite_worlds,opposite_worlds,-65/64,55/64,-31/64,23/64,-65/64,55/64,False
primary_rows,2928,cell-0418,,all-64,primary,one_edit_global,64,0,excluded,universal_bound,universal_bound,-9/64,-3/64,-9/64,-5/64,-9/64,-3/64,False
primary_rows,2929,cell-0418,,all-64,primary,current_strict,64,25,input_blocked,,,,,,,,,False
primary_rows,2930,cell-0418,,all-64,primary,current_partial,64,0,unresolved,bound_gap,bound_gap,-17/64,1/64,-9/64,-9/64,-9/64,-9/64,False
primary_rows,2931,cell-0418,,all-64,primary,union_strict,64,36,input_blocked,,,,,,,,,False
primary_rows,2932,cell-0418,,all-64,primary,union_partial,64,1,input_blocked,,,,,,,,,False
primary_rows,2933,cell-0419,,all-64,primary,exact_projection,64,0,excluded,universal_bound,universal_bound,-3/32,-3/32,-3/32,-3/32,-3/32,-3/32,False
primary_rows,2934,cell-0419,,all-64,primary,one_edit_per_image,64,0,unresolved,opposite_worlds,opposite_worlds,-1/1,7/8,-15/32,3/8,-1/1,7/8,False
primary_rows,2935,cell-0419,,all-64,primary,one_edit_global,64,0,excluded,universal_bound,universal_bound,-1/8,-1/32,-1/8,-1/16,-1/8,-1/32,False
primary_rows,2936,cell-0419,,all-64,primary,current_strict,64,25,input_blocked,,,,,,,,,False
primary_rows,2937,cell-0419,,all-64,primary,current_partial,64,0,unresolved,bound_gap,bound_gap,-1/4,1/32,-1/8,-1/8,-1/8,-1/8,False
primary_rows,2938,cell-0419,,all-64,primary,union_strict,64,36,input_blocked,,,,,,,,,False
primary_rows,2939,cell-0419,,all-64,primary,union_partial,64,1,input_blocked,,,,,,,,,False
primary_rows,2940,cell-0420,,all-64,primary,exact_projection,64,0,excluded,universal_bound,universal_bound,-5/64,-5/64,-5/64,-5/64,-5/64,-5/64,False
primary_rows,2941,cell-0420,,all-64,primary,one_edit_per_image,64,0,unresolved,opposite_worlds,opposite_worlds,-63/64,57/64,-29/64,25/64,-63/64,57/64,False
primary_rows,2942,cell-0420,,all-64,primary,one_edit_global,64,0,excluded,universal_bound,universal_bound,-7/64,-1/64,-7/64,-3/64,-7/64,-1/64,False
primary_rows,2943,cell-0420,,all-64,primary,current_strict,64,25,input_blocked,,,,,,,,,False
primary_rows,2944,cell-0420,,all-64,primary,current_partial,64,0,unresolved,bound_gap,bound_gap,-15/64,3/64,-7/64,-7/64,-7/64,-7/64,False
primary_rows,2945,cell-0420,,all-64,primary,union_strict,64,36,input_blocked,,,,,,,,,False
primary_rows,2946,cell-0420,,all-64,primary,union_partial,64,1,input_blocked,,,,,,,,,False
primary_rows,2947,cell-0421,,all-64,primary,exact_projection,64,0,excluded,universal_bound,universal_bound,-1/16,-1/16,-1/16,-1/16,-1/16,-1/16,False
primary_rows,2948,cell-0421,,all-64,primary,one_edit_per_image,64,0,unresolved,opposite_worlds,opposite_worlds,-31/32,29/32,-7/16,13/32,-31/32,29/32,False
primary_rows,2949,cell-0421,,all-64,primary,one_edit_global,64,0,excluded,universal_bound,universal_bound,-3/32,0/1,-3/32,-1/32,-3/32,0/1,False
primary_rows,2950,cell-0421,,all-64,primary,current_strict,64,25,input_blocked,,,,,,,,,False
primary_rows,2951,cell-0421,,all-64,primary,current_partial,64,0,unresolved,bound_gap,bound_gap,-7/32,1/16,-3/32,-3/32,-3/32,-3/32,False
primary_rows,2952,cell-0421,,all-64,primary,union_strict,64,36,input_blocked,,,,,,,,,False
primary_rows,2953,cell-0421,,all-64,primary,union_partial,64,1,input_blocked,,,,,,,,,False
primary_rows,2954,cell-0422,,all-64,primary,exact_projection,64,0,excluded,universal_bound,universal_bound,-3/64,-3/64,-3/64,-3/64,-3/64,-3/64,False
primary_rows,2955,cell-0422,,all-64,primary,one_edit_per_image,64,0,unresolved,opposite_worlds,opposite_worlds,-61/64,59/64,-27/64,25/64,-61/64,59/64,False
primary_rows,2956,cell-0422,,all-64,primary,one_edit_global,64,0,unresolved,bound_gap,opposite_worlds,-5/64,1/64,-5/64,-1/64,-5/64,1/64,True
primary_rows,2957,cell-0422,,all-64,primary,current_strict,64,25,input_blocked,,,,,,,,,False
primary_rows,2958,cell-0422,,all-64,primary,current_partial,64,0,unresolved,bound_gap,bound_gap,-13/64,5/64,-5/64,-5/64,-5/64,-5/64,False
primary_rows,2959,cell-0422,,all-64,primary,union_strict,64,36,input_blocked,,,,,,,,,False
primary_rows,2960,cell-0422,,all-64,primary,union_partial,64,1,input_blocked,,,,,,,,,False
primary_rows,2961,cell-0423,,all-64,primary,exact_projection,64,0,excluded,universal_bound,universal_bound,-1/16,-1/16,-1/16,-1/16,-1/16,-1/16,False
primary_rows,2962,cell-0423,,all-64,primary,one_edit_per_image,64,0,unresolved,opposite_worlds,opposite_worlds,-15/16,29/32,-13/32,3/8,-15/16,29/32,False
primary_rows,2963,cell-0423,,all-64,primary,one_edit_global,64,0,excluded,universal_bound,universal_bound,-3/32,0/1,-3/32,-1/32,-3/32,0/1,False
primary_rows,2964,cell-0423,,all-64,primary,current_strict,64,25,input_blocked,,,,,,,,,False
primary_rows,2965,cell-0423,,all-64,primary,current_partial,64,0,unresolved,bound_gap,bound_gap,-7/32,1/16,-3/32,-3/32,-3/32,-3/32,False
primary_rows,2966,cell-0423,,all-64,primary,union_strict,64,36,input_blocked,,,,,,,,,False
primary_rows,2967,cell-0423,,all-64,primary,union_partial,64,1,input_blocked,,,,,,,,,False
primary_rows,2968,cell-0424,,all-64,primary,exact_projection,64,0,excluded,universal_bound,universal_bound,-5/64,-5/64,-5/64,-5/64,-5/64,-5/64,False
primary_rows,2969,cell-0424,,all-64,primary,one_edit_per_image,64,0,unresolved,opposite_worlds,opposite_worlds,-59/64,57/64,-27/64,25/64,-59/64,57/64,False
primary_rows,2970,cell-0424,,all-64,primary,one_edit_global,64,0,excluded,universal_bound,universal_bound,-7/64,-1/64,-7/64,-3/64,-7/64,-1/64,False
primary_rows,2971,cell-0424,,all-64,primary,current_strict,64,25,input_blocked,,,,,,,,,False
primary_rows,2972,cell-0424,,all-64,primary,current_partial,64,0,unresolved,bound_gap,bound_gap,-15/64,3/64,-7/64,-7/64,-7/64,-7/64,False
primary_rows,2973,cell-0424,,all-64,primary,union_strict,64,36,input_blocked,,,,,,,,,False
primary_rows,2974,cell-0424,,all-64,primary,union_partial,64,1,input_blocked,,,,,,,,,False
primary_rows,2975,cell-0425,,all-64,primary,exact_projection,64,0,excluded,universal_bound,universal_bound,-3/32,-3/32,-3/32,-3/32,-3/32,-3/32,False
primary_rows,2976,cell-0425,,all-64,primary,one_edit_per_image,64,0,unresolved,opposite_worlds,opposite_worlds,-29/32,7/8,-7/16,3/8,-29/32,7/8,False
primary_rows,2977,cell-0425,,all-64,primary,one_edit_global,64,0,excluded,universal_bound,universal_bound,-1/8,-1/32,-1/8,-1/16,-1/8,-1/32,False
primary_rows,2978,cell-0425,,all-64,primary,current_strict,64,25,input_blocked,,,,,,,,,False
primary_rows,2979,cell-0425,,all-64,primary,current_partial,64,0,unresolved,bound_gap,bound_gap,-1/4,1/32,-1/8,-1/8,-1/8,-1/8,False
primary_rows,2980,cell-0425,,all-64,primary,union_strict,64,36,input_blocked,,,,,,,,,False
primary_rows,2981,cell-0425,,all-64,primary,union_partial,64,1,input_blocked,,,,,,,,,False
primary_rows,2982,cell-0426,,all-64,primary,exact_projection,64,0,excluded,universal_bound,universal_bound,-5/64,-5/64,-5/64,-5/64,-5/64,-5/64,False
primary_rows,2983,cell-0426,,all-64,primary,one_edit_per_image,64,0,unresolved,opposite_worlds,opposite_worlds,-57/64,55/64,-27/64,23/64,-57/64,55/64,False
primary_rows,2984,cell-0426,,all-64,primary,one_edit_global,64,0,excluded,universal_bound,universal_bound,-7/64,-1/64,-7/64,-3/64,-7/64,-1/64,False
primary_rows,2985,cell-0426,,all-64,primary,current_strict,64,25,input_blocked,,,,,,,,,False
primary_rows,2986,cell-0426,,all-64,primary,current_partial,64,0,unresolved,bound_gap,bound_gap,-15/64,3/64,-7/64,-7/64,-7/64,-7/64,False
primary_rows,2987,cell-0426,,all-64,primary,union_strict,64,36,input_blocked,,,,,,,,,False
primary_rows,2988,cell-0426,,all-64,primary,union_partial,64,1,input_blocked,,,,,,,,,False
primary_rows,2989,cell-0427,,all-64,primary,exact_projection,64,0,excluded,universal_bound,universal_bound,-1/16,-1/16,-1/16,-1/16,-1/16,-1/16,False
primary_rows,2990,cell-0427,,all-64,primary,one_edit_per_image,64,0,unresolved,opposite_worlds,opposite_worlds,-7/8,7/8,-13/32,3/8,-7/8,7/8,False
primary_rows,2991,cell-0427,,all-64,primary,one_edit_global,64,0,excluded,universal_bound,universal_bound,-3/32,0/1,-3/32,-1/32,-3/32,0/1,False
primary_rows,2992,cell-0427,,all-64,primary,current_strict,64,25,input_blocked,,,,,,,,,False
primary_rows,2993,cell-0427,,all-64,primary,current_partial,64,0,unresolved,bound_gap,bound_gap,-7/32,1/16,-3/32,-3/32,-3/32,-3/32,False
primary_rows,2994,cell-0427,,all-64,primary,union_strict,64,36,input_blocked,,,,,,,,,False
primary_rows,2995,cell-0427,,all-64,primary,union_partial,64,1,input_blocked,,,,,,,,,False
primary_rows,2996,cell-0428,,all-64,primary,exact_projection,64,0,excluded,universal_bound,universal_bound,-5/64,-5/64,-5/64,-5/64,-5/64,-5/64,False
primary_rows,2997,cell-0428,,all-64,primary,one_edit_per_image,64,0,unresolved,opposite_worlds,opposite_worlds,-57/64,55/64,-27/64,25/64,-57/64,55/64,False
primary_rows,2998,cell-0428,,all-64,primary,one_edit_global,64,0,excluded,universal_bound,universal_bound,-7/64,-1/64,-7/64,-3/64,-7/64,-1/64,False
primary_rows,2999,cell-0428,,all-64,primary,current_strict,64,25,input_blocked,,,,,,,,,False
primary_rows,3000,cell-0428,,all-64,primary,current_partial,64,0,unresolved,bound_gap,bound_gap,-15/64,3/64,-7/64,-7/64,-7/64,-7/64,False
primary_rows,3001,cell-0428,,all-64,primary,union_strict,64,36,input_blocked,,,,,,,,,False
primary_rows,3002,cell-0428,,all-64,primary,union_partial,64,1,input_blocked,,,,,,,,,False
primary_rows,3003,cell-0429,,all-64,primary,exact_projection,64,0,excluded,universal_bound,universal_bound,-3/32,-3/32,-3/32,-3/32,-3/32,-3/32,False
primary_rows,3004,cell-0429,,all-64,primary,one_edit_per_image,64,0,unresolved,opposite_worlds,opposite_worlds,-29/32,27/32,-7/16,13/32,-29/32,27/32,False
primary_rows,3005,cell-0429,,all-64,primary,one_edit_global,64,0,excluded,universal_bound,universal_bound,-1/8,-1/32,-1/8,-1/16,-1/8,-1/32,False
primary_rows,3006,cell-0429,,all-64,primary,current_strict,64,25,input_blocked,,,,,,,,,False
primary_rows,3007,cell-0429,,all-64,primary,current_partial,64,0,unresolved,bound_gap,bound_gap,-1/4,1/32,-1/8,-1/8,-1/8,-1/8,False
primary_rows,3008,cell-0429,,all-64,primary,union_strict,64,36,input_blocked,,,,,,,,,False
primary_rows,3009,cell-0429,,all-64,primary,union_partial,64,1,input_blocked,,,,,,,,,False
primary_rows,3010,cell-0430,,all-64,primary,exact_projection,64,0,excluded,universal_bound,universal_bound,-5/64,-5/64,-5/64,-5/64,-5/64,-5/64,False
primary_rows,3011,cell-0430,,all-64,primary,one_edit_per_image,64,0,unresolved,opposite_worlds,opposite_worlds,-57/64,55/64,-27/64,27/64,-57/64,55/64,False
primary_rows,3012,cell-0430,,all-64,primary,one_edit_global,64,0,excluded,universal_bound,universal_bound,-7/64,-1/64,-7/64,-3/64,-7/64,-1/64,False
primary_rows,3013,cell-0430,,all-64,primary,current_strict,64,25,input_blocked,,,,,,,,,False
primary_rows,3014,cell-0430,,all-64,primary,current_partial,64,0,unresolved,bound_gap,bound_gap,-15/64,3/64,-7/64,-7/64,-7/64,-7/64,False
primary_rows,3015,cell-0430,,all-64,primary,union_strict,64,36,input_blocked,,,,,,,,,False
primary_rows,3016,cell-0430,,all-64,primary,union_partial,64,1,input_blocked,,,,,,,,,False
primary_rows,3017,cell-0431,,all-64,primary,exact_projection,64,0,excluded,universal_bound,universal_bound,-1/16,-1/16,-1/16,-1/16,-1/16,-1/16,False
primary_rows,3018,cell-0431,,all-64,primary,one_edit_per_image,64,0,unresolved,opposite_worlds,opposite_worlds,-7/8,27/32,-13/32,13/32,-7/8,27/32,False
primary_rows,3019,cell-0431,,all-64,primary,one_edit_global,64,0,excluded,universal_bound,universal_bound,-3/32,0/1,-3/32,-1/32,-3/32,0/1,False
primary_rows,3020,cell-0431,,all-64,primary,current_strict,64,25,input_blocked,,,,,,,,,False
primary_rows,3021,cell-0431,,all-64,primary,current_partial,64,0,unresolved,bound_gap,bound_gap,-7/32,1/16,-3/32,-3/32,-3/32,-3/32,False
primary_rows,3022,cell-0431,,all-64,primary,union_strict,64,36,input_blocked,,,,,,,,,False
primary_rows,3023,cell-0431,,all-64,primary,union_partial,64,1,input_blocked,,,,,,,,,False
primary_rows,3024,cell-0432,,all-64,primary,exact_projection,64,0,excluded,universal_bound,universal_bound,-3/64,-3/64,-3/64,-3/64,-3/64,-3/64,False
primary_rows,3025,cell-0432,,all-64,primary,one_edit_per_image,64,0,unresolved,opposite_worlds,opposite_worlds,-55/64,53/64,-25/64,27/64,-55/64,53/64,False
primary_rows,3026,cell-0432,,all-64,primary,one_edit_global,64,0,unresolved,bound_gap,opposite_worlds,-5/64,1/64,-5/64,-1/64,-5/64,1/64,True
primary_rows,3027,cell-0432,,all-64,primary,current_strict,64,25,input_blocked,,,,,,,,,False
primary_rows,3028,cell-0432,,all-64,primary,current_partial,64,0,unresolved,bound_gap,bound_gap,-13/64,5/64,-5/64,-5/64,-5/64,-5/64,False
primary_rows,3029,cell-0432,,all-64,primary,union_strict,64,36,input_blocked,,,,,,,,,False
primary_rows,3030,cell-0432,,all-64,primary,union_partial,64,1,input_blocked,,,,,,,,,False
primary_rows,3031,cell-0433,,all-64,primary,exact_projection,64,0,excluded,universal_bound,universal_bound,-1/16,-1/16,-1/16,-1/16,-1/16,-1/16,False
primary_rows,3032,cell-0433,,all-64,primary,one_edit_per_image,64,0,unresolved,opposite_worlds,opposite_worlds,-7/8,13/16,-3/8,13/32,-7/8,13/16,False
primary_rows,3033,cell-0433,,all-64,primary,one_edit_global,64,0,excluded,universal_bound,universal_bound,-3/32,0/1,-3/32,-1/32,-3/32,0/1,False
primary_rows,3034,cell-0433,,all-64,primary,current_strict,64,25,input_blocked,,,,,,,,,False
primary_rows,3035,cell-0433,,all-64,primary,current_partial,64,0,unresolved,bound_gap,bound_gap,-7/32,1/16,-3/32,-3/32,-3/32,-3/32,False
primary_rows,3036,cell-0433,,all-64,primary,union_strict,64,36,input_blocked,,,,,,,,,False
primary_rows,3037,cell-0433,,all-64,primary,union_partial,64,1,input_blocked,,,,,,,,,False
primary_rows,3038,cell-0434,,all-64,primary,exact_projection,64,0,excluded,universal_bound,universal_bound,-5/64,-5/64,-5/64,-5/64,-5/64,-5/64,False
primary_rows,3039,cell-0434,,all-64,primary,one_edit_per_image,64,0,unresolved,opposite_worlds,opposite_worlds,-55/64,51/64,-23/64,25/64,-55/64,51/64,False
primary_rows,3040,cell-0434,,all-64,primary,one_edit_global,64,0,excluded,universal_bound,universal_bound,-7/64,-1/64,-7/64,-3/64,-7/64,-1/64,False
primary_rows,3041,cell-0434,,all-64,primary,current_strict,64,25,input_blocked,,,,,,,,,False
primary_rows,3042,cell-0434,,all-64,primary,current_partial,64,0,unresolved,bound_gap,bound_gap,-15/64,3/64,-7/64,-7/64,-7/64,-7/64,False
primary_rows,3043,cell-0434,,all-64,primary,union_strict,64,36,input_blocked,,,,,,,,,False
primary_rows,3044,cell-0434,,all-64,primary,union_partial,64,1,input_blocked,,,,,,,,,False
primary_rows,3045,cell-0435,,all-64,primary,exact_projection,64,0,excluded,universal_bound,universal_bound,-1/16,-1/16,-1/16,-1/16,-1/16,-1/16,False
primary_rows,3046,cell-0435,,all-64,primary,one_edit_per_image,64,0,unresolved,opposite_worlds,opposite_worlds,-27/32,13/16,-11/32,3/8,-13/16,25/32,False
primary_rows,3047,cell-0435,,all-64,primary,one_edit_global,64,0,excluded,universal_bound,universal_bound,-3/32,0/1,-3/32,-1/32,-3/32,0/1,False
primary_rows,3048,cell-0435,,all-64,primary,current_strict,64,25,input_blocked,,,,,,,,,False
primary_rows,3049,cell-0435,,all-64,primary,current_partial,64,0,unresolved,bound_gap,bound_gap,-7/32,1/32,-1/8,-1/8,-1/8,-1/8,False
primary_rows,3050,cell-0435,,all-64,primary,union_strict,64,36,input_blocked,,,,,,,,,False
primary_rows,3051,cell-0435,,all-64,primary,union_partial,64,1,input_blocked,,,,,,,,,False
primary_rows,3052,cell-0436,,all-64,primary,exact_projection,64,0,excluded,universal_bound,universal_bound,-5/64,-5/64,-5/64,-5/64,-5/64,-5/64,False
primary_rows,3053,cell-0436,,all-64,primary,one_edit_per_image,64,0,unresolved,opposite_worlds,opposite_worlds,-55/64,51/64,-21/64,23/64,-51/64,49/64,False
primary_rows,3054,cell-0436,,all-64,primary,one_edit_global,64,0,excluded,universal_bound,universal_bound,-7/64,-1/64,-7/64,-3/64,-7/64,-1/64,False
primary_rows,3055,cell-0436,,all-64,primary,current_strict,64,25,input_blocked,,,,,,,,,False
primary_rows,3056,cell-0436,,all-64,primary,current_partial,64,0,unresolved,bound_gap,bound_gap,-15/64,1/64,-9/64,-9/64,-9/64,-9/64,False
primary_rows,3057,cell-0436,,all-64,primary,union_strict,64,36,input_blocked,,,,,,,,,False
primary_rows,3058,cell-0436,,all-64,primary,union_partial,64,1,input_blocked,,,,,,,,,False
primary_rows,3059,cell-0437,,all-64,primary,exact_projection,64,0,excluded,universal_bound,universal_bound,-3/32,-3/32,-3/32,-3/32,-3/32,-3/32,False
primary_rows,3060,cell-0437,,all-64,primary,one_edit_per_image,64,0,unresolved,opposite_worlds,opposite_worlds,-27/32,25/32,-11/32,3/8,-13/16,25/32,False
primary_rows,3061,cell-0437,,all-64,primary,one_edit_global,64,0,excluded,universal_bound,universal_bound,-1/8,-1/32,-1/8,-1/16,-1/8,-1/32,False
primary_rows,3062,cell-0437,,all-64,primary,current_strict,64,25,input_blocked,,,,,,,,,False
primary_rows,3063,cell-0437,,all-64,primary,current_partial,64,0,excluded,universal_bound,universal_bound,-7/32,0/1,-1/8,-1/8,-1/8,-1/8,False
primary_rows,3064,cell-0437,,all-64,primary,union_strict,64,36,input_blocked,,,,,,,,,False
primary_rows,3065,cell-0437,,all-64,primary,union_partial,64,1,input_blocked,,,,,,,,,False
primary_rows,3066,cell-0438,,all-64,primary,exact_projection,64,0,excluded,universal_bound,universal_bound,-5/64,-5/64,-5/64,-5/64,-5/64,-5/64,False
primary_rows,3067,cell-0438,,all-64,primary,one_edit_per_image,64,0,unresolved,opposite_worlds,opposite_worlds,-53/64,49/64,-21/64,23/64,-51/64,49/64,False
primary_rows,3068,cell-0438,,all-64,primary,one_edit_global,64,0,excluded,universal_bound,universal_bound,-7/64,-1/64,-7/64,-3/64,-7/64,-1/64,False
primary_rows,3069,cell-0438,,all-64,primary,current_strict,64,25,input_blocked,,,,,,,,,False
primary_rows,3070,cell-0438,,all-64,primary,current_partial,64,0,unresolved,bound_gap,bound_gap,-13/64,1/64,-7/64,-7/64,-7/64,-7/64,False
primary_rows,3071,cell-0438,,all-64,primary,union_strict,64,36,input_blocked,,,,,,,,,False
primary_rows,3072,cell-0438,,all-64,primary,union_partial,64,1,input_blocked,,,,,,,,,False
primary_rows,3073,cell-0439,,all-64,primary,exact_projection,64,0,excluded,universal_bound,universal_bound,-3/32,-3/32,-3/32,-3/32,-3/32,-3/32,False
primary_rows,3074,cell-0439,,all-64,primary,one_edit_per_image,64,0,unresolved,opposite_worlds,opposite_worlds,-27/32,3/4,-11/32,11/32,-13/16,3/4,False
primary_rows,3075,cell-0439,,all-64,primary,one_edit_global,64,0,excluded,universal_bound,universal_bound,-1/8,-1/32,-1/8,-1/16,-1/8,-1/32,False
primary_rows,3076,cell-0439,,all-64,primary,current_strict,64,25,input_blocked,,,,,,,,,False
primary_rows,3077,cell-0439,,all-64,primary,current_partial,64,0,excluded,universal_bound,universal_bound,-7/32,0/1,-1/8,-1/8,-1/8,-1/8,False
primary_rows,3078,cell-0439,,all-64,primary,union_strict,64,36,input_blocked,,,,,,,,,False
primary_rows,3079,cell-0439,,all-64,primary,union_partial,64,1,input_blocked,,,,,,,,,False
primary_rows,3080,cell-0440,,all-64,primary,exact_projection,64,0,excluded,universal_bound,universal_bound,-5/64,-5/64,-5/64,-5/64,-5/64,-5/64,False
primary_rows,3081,cell-0440,,all-64,primary,one_edit_per_image,64,0,unresolved,opposite_worlds,opposite_worlds,-53/64,47/64,-21/64,21/64,-51/64,47/64,False
primary_rows,3082,cell-0440,,all-64,primary,one_edit_global,64,0,excluded,universal_bound,universal_bound,-7/64,-1/64,-7/64,-3/64,-7/64,-1/64,False
primary_rows,3083,cell-0440,,all-64,primary,current_strict,64,25,input_blocked,,,,,,,,,False
primary_rows,3084,cell-0440,,all-64,primary,current_partial,64,0,excluded,universal_bound,universal_bound,-13/64,-1/64,-9/64,-9/64,-9/64,-9/64,False
primary_rows,3085,cell-0440,,all-64,primary,union_strict,64,36,input_blocked,,,,,,,,,False
primary_rows,3086,cell-0440,,all-64,primary,union_partial,64,1,input_blocked,,,,,,,,,False
primary_rows,3087,cell-0441,,all-64,primary,exact_projection,64,0,excluded,universal_bound,universal_bound,-3/32,-3/32,-3/32,-3/32,-3/32,-3/32,False
primary_rows,3088,cell-0441,,all-64,primary,one_edit_per_image,64,0,unresolved,opposite_worlds,opposite_worlds,-13/16,23/32,-5/16,5/16,-25/32,23/32,False
primary_rows,3089,cell-0441,,all-64,primary,one_edit_global,64,0,excluded,universal_bound,universal_bound,-1/8,-1/32,-1/8,-1/16,-1/8,-1/32,False
primary_rows,3090,cell-0441,,all-64,primary,current_strict,64,25,input_blocked,,,,,,,,,False
primary_rows,3091,cell-0441,,all-64,primary,current_partial,64,0,excluded,universal_bound,universal_bound,-3/16,-1/32,-1/8,-1/8,-1/8,-1/8,False
primary_rows,3092,cell-0441,,all-64,primary,union_strict,64,36,input_blocked,,,,,,,,,False
primary_rows,3093,cell-0441,,all-64,primary,union_partial,64,1,input_blocked,,,,,,,,,False
primary_rows,3094,cell-0442,,all-64,primary,exact_projection,64,0,excluded,universal_bound,universal_bound,-5/64,-5/64,-5/64,-5/64,-5/64,-5/64,False
primary_rows,3095,cell-0442,,all-64,primary,one_edit_per_image,64,0,unresolved,opposite_worlds,opposite_worlds,-51/64,45/64,-19/64,19/64,-49/64,45/64,False
primary_rows,3096,cell-0442,,all-64,primary,one_edit_global,64,0,excluded,universal_bound,universal_bound,-7/64,-1/64,-7/64,-3/64,-7/64,-1/64,False
primary_rows,3097,cell-0442,,all-64,primary,current_strict,64,25,input_blocked,,,,,,,,,False
primary_rows,3098,cell-0442,,all-64,primary,current_partial,64,0,excluded,universal_bound,universal_bound,-11/64,-1/64,-7/64,-7/64,-7/64,-7/64,False
primary_rows,3099,cell-0442,,all-64,primary,union_strict,64,36,input_blocked,,,,,,,,,False
primary_rows,3100,cell-0442,,all-64,primary,union_partial,64,1,input_blocked,,,,,,,,,False
primary_rows,3101,cell-0443,,all-64,primary,exact_projection,64,0,excluded,universal_bound,universal_bound,-3/32,-3/32,-3/32,-3/32,-3/32,-3/32,False
primary_rows,3102,cell-0443,,all-64,primary,one_edit_per_image,64,0,unresolved,opposite_worlds,opposite_worlds,-25/32,11/16,-9/32,9/32,-3/4,11/16,False
primary_rows,3103,cell-0443,,all-64,primary,one_edit_global,64,0,excluded,universal_bound,universal_bound,-1/8,-1/32,-1/8,-1/16,-1/8,-1/32,False
primary_rows,3104,cell-0443,,all-64,primary,current_strict,64,25,input_blocked,,,,,,,,,False
primary_rows,3105,cell-0443,,all-64,primary,current_partial,64,0,excluded,universal_bound,universal_bound,-3/16,-1/32,-1/8,-1/8,-1/8,-1/8,False
primary_rows,3106,cell-0443,,all-64,primary,union_strict,64,36,input_blocked,,,,,,,,,False
primary_rows,3107,cell-0443,,all-64,primary,union_partial,64,1,input_blocked,,,,,,,,,False
primary_rows,3108,cell-0444,,all-64,primary,exact_projection,64,0,excluded,universal_bound,universal_bound,-7/64,-7/64,-7/64,-7/64,-7/64,-7/64,False
primary_rows,3109,cell-0444,,all-64,primary,one_edit_per_image,64,0,unresolved,opposite_worlds,opposite_worlds,-49/64,43/64,-19/64,17/64,-47/64,43/64,False
primary_rows,3110,cell-0444,,all-64,primary,one_edit_global,64,0,excluded,universal_bound,universal_bound,-9/64,-3/64,-9/64,-5/64,-9/64,-3/64,False
primary_rows,3111,cell-0444,,all-64,primary,current_strict,64,25,input_blocked,,,,,,,,,False
primary_rows,3112,cell-0444,,all-64,primary,current_partial,64,0,excluded,universal_bound,universal_bound,-11/64,-3/64,-9/64,-9/64,-9/64,-9/64,False
primary_rows,3113,cell-0444,,all-64,primary,union_strict,64,36,input_blocked,,,,,,,,,False
primary_rows,3114,cell-0444,,all-64,primary,union_partial,64,1,input_blocked,,,,,,,,,False
primary_rows,3115,cell-0445,,all-64,primary,exact_projection,64,0,excluded,universal_bound,universal_bound,-1/8,-1/8,-1/8,-1/8,-1/8,-1/8,False
primary_rows,3116,cell-0445,,all-64,primary,one_edit_per_image,64,0,unresolved,opposite_worlds,opposite_worlds,-3/4,21/32,-9/32,1/4,-23/32,21/32,False
primary_rows,3117,cell-0445,,all-64,primary,one_edit_global,64,0,excluded,universal_bound,universal_bound,-5/32,-1/16,-5/32,-3/32,-5/32,-1/16,False
primary_rows,3118,cell-0445,,all-64,primary,current_strict,64,25,input_blocked,,,,,,,,,False
primary_rows,3119,cell-0445,,all-64,primary,current_partial,64,0,excluded,universal_bound,universal_bound,-5/32,-1/16,-1/8,-1/8,-1/8,-1/8,False
primary_rows,3120,cell-0445,,all-64,primary,union_strict,64,36,input_blocked,,,,,,,,,False
primary_rows,3121,cell-0445,,all-64,primary,union_partial,64,1,input_blocked,,,,,,,,,False
primary_rows,3122,cell-0446,,all-64,primary,exact_projection,64,0,excluded,universal_bound,universal_bound,-7/64,-7/64,-7/64,-7/64,-7/64,-7/64,False
primary_rows,3123,cell-0446,,all-64,primary,one_edit_per_image,64,0,unresolved,opposite_worlds,opposite_worlds,-47/64,43/64,-17/64,15/64,-47/64,43/64,False
primary_rows,3124,cell-0446,,all-64,primary,one_edit_global,64,0,excluded,universal_bound,universal_bound,-9/64,-3/64,-9/64,-5/64,-9/64,-3/64,False
primary_rows,3125,cell-0446,,all-64,primary,current_strict,64,25,input_blocked,,,,,,,,,False
primary_rows,3126,cell-0446,,all-64,primary,current_partial,64,0,excluded,universal_bound,universal_bound,-9/64,-3/64,-7/64,-7/64,-7/64,-7/64,False
primary_rows,3127,cell-0446,,all-64,primary,union_strict,64,36,input_blocked,,,,,,,,,False
primary_rows,3128,cell-0446,,all-64,primary,union_partial,64,1,input_blocked,,,,,,,,,False
primary_rows,3129,cell-0447,,all-64,primary,exact_projection,64,0,excluded,universal_bound,universal_bound,-3/32,-3/32,-3/32,-3/32,-3/32,-3/32,False
primary_rows,3130,cell-0447,,all-64,primary,one_edit_per_image,64,0,unresolved,opposite_worlds,opposite_worlds,-23/32,11/16,-1/4,7/32,-23/32,11/16,False
primary_rows,3131,cell-0447,,all-64,primary,one_edit_global,64,0,excluded,universal_bound,universal_bound,-1/8,-1/32,-1/8,-1/16,-1/8,-1/32,False
primary_rows,3132,cell-0447,,all-64,primary,current_strict,64,25,input_blocked,,,,,,,,,False
primary_rows,3133,cell-0447,,all-64,primary,current_partial,64,0,excluded,universal_bound,universal_bound,-1/8,-1/32,-3/32,-3/32,-3/32,-3/32,False
primary_rows,3134,cell-0447,,all-64,primary,union_strict,64,36,input_blocked,,,,,,,,,False
primary_rows,3135,cell-0447,,all-64,primary,union_partial,64,1,input_blocked,,,,,,,,,False
primary_rows,3136,cell-0448,,all-64,primary,exact_projection,64,0,excluded,universal_bound,universal_bound,-5/64,-5/64,-5/64,-5/64,-5/64,-5/64,False
primary_rows,3137,cell-0448,,all-64,primary,one_edit_per_image,64,0,unresolved,opposite_worlds,opposite_worlds,-45/64,43/64,-15/64,13/64,-45/64,43/64,False
primary_rows,3138,cell-0448,,all-64,primary,one_edit_global,64,0,excluded,universal_bound,universal_bound,-7/64,-1/64,-7/64,-3/64,-7/64,-1/64,False
primary_rows,3139,cell-0448,,all-64,primary,current_strict,64,25,input_blocked,,,,,,,,,False
primary_rows,3140,cell-0448,,all-64,primary,current_partial,64,0,excluded,universal_bound,universal_bound,-7/64,-1/64,-5/64,-5/64,-5/64,-5/64,False
primary_rows,3141,cell-0448,,all-64,primary,union_strict,64,36,input_blocked,,,,,,,,,False
primary_rows,3142,cell-0448,,all-64,primary,union_partial,64,1,input_blocked,,,,,,,,,False
primary_rows,3143,cell-0449,,all-64,primary,exact_projection,64,0,excluded,universal_bound,universal_bound,-1/16,-1/16,-1/16,-1/16,-1/16,-1/16,False
primary_rows,3144,cell-0449,,all-64,primary,one_edit_per_image,64,0,unresolved,opposite_worlds,opposite_worlds,-11/16,21/32,-7/32,3/16,-11/16,21/32,False
primary_rows,3145,cell-0449,,all-64,primary,one_edit_global,64,0,excluded,universal_bound,universal_bound,-3/32,0/1,-3/32,-1/32,-3/32,0/1,False
primary_rows,3146,cell-0449,,all-64,primary,current_strict,64,25,input_blocked,,,,,,,,,False
primary_rows,3147,cell-0449,,all-64,primary,current_partial,64,0,excluded,universal_bound,universal_bound,-3/32,0/1,-1/16,-1/16,-1/16,-1/16,False
primary_rows,3148,cell-0449,,all-64,primary,union_strict,64,36,input_blocked,,,,,,,,,False
primary_rows,3149,cell-0449,,all-64,primary,union_partial,64,1,input_blocked,,,,,,,,,False
primary_rows,3150,cell-0450,,all-64,primary,exact_projection,64,0,excluded,universal_bound,universal_bound,-5/64,-5/64,-5/64,-5/64,-5/64,-5/64,False
primary_rows,3151,cell-0450,,all-64,primary,one_edit_per_image,64,0,unresolved,opposite_worlds,opposite_worlds,-43/64,41/64,-15/64,13/64,-43/64,41/64,False
primary_rows,3152,cell-0450,,all-64,primary,one_edit_global,64,0,excluded,universal_bound,universal_bound,-7/64,-1/64,-7/64,-3/64,-7/64,-1/64,False
primary_rows,3153,cell-0450,,all-64,primary,current_strict,64,25,input_blocked,,,,,,,,,False
primary_rows,3154,cell-0450,,all-64,primary,current_partial,64,0,excluded,universal_bound,universal_bound,-7/64,-1/64,-5/64,-5/64,-5/64,-5/64,False
primary_rows,3155,cell-0450,,all-64,primary,union_strict,64,36,input_blocked,,,,,,,,,False
primary_rows,3156,cell-0450,,all-64,primary,union_partial,64,1,input_blocked,,,,,,,,,False
primary_rows,3157,cell-0451,,all-64,primary,exact_projection,64,0,excluded,universal_bound,universal_bound,-3/32,-3/32,-3/32,-3/32,-3/32,-3/32,False
primary_rows,3158,cell-0451,,all-64,primary,one_edit_per_image,64,0,unresolved,opposite_worlds,opposite_worlds,-11/16,5/8,-1/4,7/32,-11/16,5/8,False
primary_rows,3159,cell-0451,,all-64,primary,one_edit_global,64,0,excluded,universal_bound,universal_bound,-1/8,-1/32,-1/8,-1/16,-1/8,-1/32,False
primary_rows,3160,cell-0451,,all-64,primary,current_strict,64,25,input_blocked,,,,,,,,,False
primary_rows,3161,cell-0451,,all-64,primary,current_partial,64,0,excluded,universal_bound,universal_bound,-1/8,-1/32,-3/32,-3/32,-3/32,-3/32,False
primary_rows,3162,cell-0451,,all-64,primary,union_strict,64,36,input_blocked,,,,,,,,,False
primary_rows,3163,cell-0451,,all-64,primary,union_partial,64,1,input_blocked,,,,,,,,,False
primary_rows,3164,cell-0452,,all-64,primary,exact_projection,64,0,excluded,universal_bound,universal_bound,-5/64,-5/64,-5/64,-5/64,-5/64,-5/64,False
primary_rows,3165,cell-0452,,all-64,primary,one_edit_per_image,64,0,unresolved,opposite_worlds,opposite_worlds,-43/64,41/64,-15/64,13/64,-43/64,41/64,False
primary_rows,3166,cell-0452,,all-64,primary,one_edit_global,64,0,excluded,universal_bound,universal_bound,-7/64,-1/64,-7/64,-3/64,-7/64,-1/64,False
primary_rows,3167,cell-0452,,all-64,primary,current_strict,64,25,input_blocked,,,,,,,,,False
primary_rows,3168,cell-0452,,all-64,primary,current_partial,64,0,excluded,universal_bound,universal_bound,-7/64,-1/64,-5/64,-5/64,-5/64,-5/64,False
primary_rows,3169,cell-0452,,all-64,primary,union_strict,64,36,input_blocked,,,,,,,,,False
primary_rows,3170,cell-0452,,all-64,primary,union_partial,64,1,input_blocked,,,,,,,,,False
primary_rows,3171,cell-0453,,all-64,primary,exact_projection,64,0,excluded,universal_bound,universal_bound,-1/16,-1/16,-1/16,-1/16,-1/16,-1/16,False
primary_rows,3172,cell-0453,,all-64,primary,one_edit_per_image,64,0,unresolved,opposite_worlds,opposite_worlds,-21/32,5/8,-7/32,3/16,-21/32,5/8,False
primary_rows,3173,cell-0453,,all-64,primary,one_edit_global,64,0,excluded,universal_bound,universal_bound,-3/32,0/1,-3/32,-1/32,-3/32,0/1,False
primary_rows,3174,cell-0453,,all-64,primary,current_strict,64,25,input_blocked,,,,,,,,,False
primary_rows,3175,cell-0453,,all-64,primary,current_partial,64,0,excluded,universal_bound,universal_bound,-3/32,0/1,-1/16,-1/16,-1/16,-1/16,False
primary_rows,3176,cell-0453,,all-64,primary,union_strict,64,36,input_blocked,,,,,,,,,False
primary_rows,3177,cell-0453,,all-64,primary,union_partial,64,1,input_blocked,,,,,,,,,False
primary_rows,3178,cell-0454,,all-64,primary,exact_projection,64,0,excluded,universal_bound,universal_bound,-3/64,-3/64,-3/64,-3/64,-3/64,-3/64,False
primary_rows,3179,cell-0454,,all-64,primary,one_edit_per_image,64,0,unresolved,opposite_worlds,opposite_worlds,-41/64,39/64,-13/64,11/64,-41/64,39/64,False
primary_rows,3180,cell-0454,,all-64,primary,one_edit_global,64,0,unresolved,bound_gap,opposite_worlds,-5/64,1/64,-5/64,-1/64,-5/64,1/64,True
primary_rows,3181,cell-0454,,all-64,primary,current_strict,64,25,input_blocked,,,,,,,,,False
primary_rows,3182,cell-0454,,all-64,primary,current_partial,64,0,unresolved,bound_gap,bound_gap,-5/64,1/64,-3/64,-3/64,-3/64,-3/64,False
primary_rows,3183,cell-0454,,all-64,primary,union_strict,64,36,input_blocked,,,,,,,,,False
primary_rows,3184,cell-0454,,all-64,primary,union_partial,64,1,input_blocked,,,,,,,,,False
primary_rows,3185,cell-0455,,all-64,primary,exact_projection,64,0,excluded,universal_bound,universal_bound,-1/16,-1/16,-1/16,-1/16,-1/16,-1/16,False
primary_rows,3186,cell-0455,,all-64,primary,one_edit_per_image,64,0,unresolved,opposite_worlds,opposite_worlds,-21/32,19/32,-7/32,3/16,-5/8,19/32,False
primary_rows,3187,cell-0455,,all-64,primary,one_edit_global,64,0,excluded,universal_bound,universal_bound,-3/32,0/1,-3/32,-1/32,-3/32,0/1,False
primary_rows,3188,cell-0455,,all-64,primary,current_strict,64,25,input_blocked,,,,,,,,,False
primary_rows,3189,cell-0455,,all-64,primary,current_partial,64,0,excluded,universal_bound,universal_bound,-3/32,0/1,-1/16,-1/16,-1/16,-1/16,False
primary_rows,3190,cell-0455,,all-64,primary,union_strict,64,36,input_blocked,,,,,,,,,False
primary_rows,3191,cell-0455,,all-64,primary,union_partial,64,1,input_blocked,,,,,,,,,False
primary_rows,3192,cell-0456,,all-64,primary,exact_projection,64,0,excluded,universal_bound,universal_bound,-3/64,-3/64,-3/64,-3/64,-3/64,-3/64,False
primary_rows,3193,cell-0456,,all-64,primary,one_edit_per_image,64,0,unresolved,opposite_worlds,opposite_worlds,-41/64,39/64,-13/64,11/64,-41/64,39/64,False
primary_rows,3194,cell-0456,,all-64,primary,one_edit_global,64,0,unresolved,bound_gap,opposite_worlds,-5/64,1/64,-5/64,-1/64,-5/64,1/64,True
primary_rows,3195,cell-0456,,all-64,primary,current_strict,64,25,input_blocked,,,,,,,,,False
primary_rows,3196,cell-0456,,all-64,primary,current_partial,64,0,unresolved,bound_gap,bound_gap,-5/64,1/64,-3/64,-3/64,-3/64,-3/64,False
primary_rows,3197,cell-0456,,all-64,primary,union_strict,64,36,input_blocked,,,,,,,,,False
primary_rows,3198,cell-0456,,all-64,primary,union_partial,64,1,input_blocked,,,,,,,,,False
primary_rows,3199,cell-0457,,all-64,primary,exact_projection,64,0,excluded,universal_bound,universal_bound,-1/32,-1/32,-1/32,-1/32,-1/32,-1/32,False
primary_rows,3200,cell-0457,,all-64,primary,one_edit_per_image,64,0,unresolved,opposite_worlds,opposite_worlds,-5/8,19/32,-3/16,5/32,-5/8,19/32,False
primary_rows,3201,cell-0457,,all-64,primary,one_edit_global,64,0,unresolved,bound_gap,opposite_worlds,-1/16,1/32,-1/16,0/1,-1/16,1/32,True
primary_rows,3202,cell-0457,,all-64,primary,current_strict,64,25,input_blocked,,,,,,,,,False
primary_rows,3203,cell-0457,,all-64,primary,current_partial,64,0,unresolved,bound_gap,bound_gap,-1/16,1/32,-1/32,-1/32,-1/32,-1/32,False
primary_rows,3204,cell-0457,,all-64,primary,union_strict,64,36,input_blocked,,,,,,,,,False
primary_rows,3205,cell-0457,,all-64,primary,union_partial,64,1,input_blocked,,,,,,,,,False
primary_rows,3206,cell-0458,,all-64,primary,exact_projection,64,0,excluded,universal_bound,universal_bound,-1/64,-1/64,-1/64,-1/64,-1/64,-1/64,False
primary_rows,3207,cell-0458,,all-64,primary,one_edit_per_image,64,0,unresolved,opposite_worlds,opposite_worlds,-39/64,37/64,-13/64,11/64,-39/64,37/64,False
primary_rows,3208,cell-0458,,all-64,primary,one_edit_global,64,0,unresolved,opposite_worlds,opposite_worlds,-3/64,3/64,-3/64,1/64,-3/64,3/64,False
primary_rows,3209,cell-0458,,all-64,primary,current_strict,64,25,input_blocked,,,,,,,,,False
primary_rows,3210,cell-0458,,all-64,primary,current_partial,64,0,unresolved,bound_gap,bound_gap,-3/64,3/64,-1/64,-1/64,-1/64,-1/64,False
primary_rows,3211,cell-0458,,all-64,primary,union_strict,64,36,input_blocked,,,,,,,,,False
primary_rows,3212,cell-0458,,all-64,primary,union_partial,64,1,input_blocked,,,,,,,,,False
primary_rows,3213,cell-0459,,all-64,primary,exact_projection,64,0,excluded,universal_bound,universal_bound,-1/32,-1/32,-1/32,-1/32,-1/32,-1/32,False
primary_rows,3214,cell-0459,,all-64,primary,one_edit_per_image,64,0,unresolved,opposite_worlds,opposite_worlds,-5/8,9/16,-7/32,3/16,-5/8,9/16,False
primary_rows,3215,cell-0459,,all-64,primary,one_edit_global,64,0,unresolved,bound_gap,opposite_worlds,-1/16,1/32,-1/16,0/1,-1/16,1/32,True
primary_rows,3216,cell-0459,,all-64,primary,current_strict,64,25,input_blocked,,,,,,,,,False
primary_rows,3217,cell-0459,,all-64,primary,current_partial,64,0,unresolved,bound_gap,bound_gap,-1/16,1/32,-1/32,-1/32,-1/32,-1/32,False
primary_rows,3218,cell-0459,,all-64,primary,union_strict,64,36,input_blocked,,,,,,,,,False
primary_rows,3219,cell-0459,,all-64,primary,union_partial,64,1,input_blocked,,,,,,,,,False
primary_rows,3220,cell-0460,,all-64,primary,exact_projection,64,0,excluded,universal_bound,universal_bound,-1/64,-1/64,-1/64,-1/64,-1/64,-1/64,False
primary_rows,3221,cell-0460,,all-64,primary,one_edit_per_image,64,0,unresolved,opposite_worlds,opposite_worlds,-39/64,35/64,-13/64,13/64,-39/64,35/64,False
primary_rows,3222,cell-0460,,all-64,primary,one_edit_global,64,0,unresolved,opposite_worlds,opposite_worlds,-3/64,3/64,-3/64,1/64,-3/64,3/64,False
primary_rows,3223,cell-0460,,all-64,primary,current_strict,64,25,input_blocked,,,,,,,,,False
primary_rows,3224,cell-0460,,all-64,primary,current_partial,64,0,unresolved,bound_gap,bound_gap,-3/64,3/64,-1/64,-1/64,-1/64,-1/64,False
primary_rows,3225,cell-0460,,all-64,primary,union_strict,64,36,input_blocked,,,,,,,,,False
primary_rows,3226,cell-0460,,all-64,primary,union_partial,64,1,input_blocked,,,,,,,,,False
primary_rows,3227,cell-0461,,all-64,primary,exact_projection,64,0,excluded,universal_bound,universal_bound,0/1,0/1,0/1,0/1,0/1,0/1,False
primary_rows,3228,cell-0461,,all-64,primary,one_edit_per_image,64,0,unresolved,opposite_worlds,opposite_worlds,-19/32,17/32,-3/16,7/32,-19/32,17/32,False
primary_rows,3229,cell-0461,,all-64,primary,one_edit_global,64,0,unresolved,opposite_worlds,opposite_worlds,-1/32,1/32,-1/32,1/32,-1/32,1/32,False
primary_rows,3230,cell-0461,,all-64,primary,current_strict,64,25,input_blocked,,,,,,,,,False
primary_rows,3231,cell-0461,,all-64,primary,current_partial,64,0,unresolved,bound_gap,bound_gap,-1/32,1/32,0/1,0/1,0/1,0/1,False
primary_rows,3232,cell-0461,,all-64,primary,union_strict,64,36,input_blocked,,,,,,,,,False
primary_rows,3233,cell-0461,,all-64,primary,union_partial,64,1,input_blocked,,,,,,,,,False
primary_rows,3234,cell-0462,,all-64,primary,exact_projection,64,0,supported,universal_bound,universal_bound,1/64,1/64,1/64,1/64,1/64,1/64,False
primary_rows,3235,cell-0462,,all-64,primary,one_edit_per_image,64,0,unresolved,opposite_worlds,opposite_worlds,-37/64,33/64,-13/64,15/64,-37/64,33/64,False
primary_rows,3236,cell-0462,,all-64,primary,one_edit_global,64,0,unresolved,opposite_worlds,opposite_worlds,-1/64,3/64,-1/64,3/64,-1/64,3/64,False
primary_rows,3237,cell-0462,,all-64,primary,current_strict,64,25,input_blocked,,,,,,,,,False
primary_rows,3238,cell-0462,,all-64,primary,current_partial,64,0,unresolved,bound_gap,bound_gap,-1/64,3/64,1/64,1/64,1/64,1/64,False
primary_rows,3239,cell-0462,,all-64,primary,union_strict,64,36,input_blocked,,,,,,,,,False
primary_rows,3240,cell-0462,,all-64,primary,union_partial,64,1,input_blocked,,,,,,,,,False
primary_rows,3241,cell-0463,,all-64,primary,exact_projection,64,0,supported,universal_bound,universal_bound,1/32,1/32,1/32,1/32,1/32,1/32,False
primary_rows,3242,cell-0463,,all-64,primary,one_edit_per_image,64,0,unresolved,opposite_worlds,opposite_worlds,-9/16,17/32,-3/16,7/32,-17/32,1/2,False
primary_rows,3243,cell-0463,,all-64,primary,one_edit_global,64,0,unresolved,opposite_worlds,opposite_worlds,0/1,1/16,0/1,1/16,0/1,1/16,False
primary_rows,3244,cell-0463,,all-64,primary,current_strict,64,25,input_blocked,,,,,,,,,False
primary_rows,3245,cell-0463,,all-64,primary,current_partial,64,0,unresolved,bound_gap,bound_gap,0/1,1/16,1/32,1/32,1/32,1/32,False
primary_rows,3246,cell-0463,,all-64,primary,union_strict,64,36,input_blocked,,,,,,,,,False
primary_rows,3247,cell-0463,,all-64,primary,union_partial,64,1,input_blocked,,,,,,,,,False
primary_rows,3248,cell-0464,,all-64,primary,exact_projection,64,0,supported,universal_bound,universal_bound,1/64,1/64,1/64,1/64,1/64,1/64,False
primary_rows,3249,cell-0464,,all-64,primary,one_edit_per_image,64,0,unresolved,opposite_worlds,opposite_worlds,-35/64,33/64,-13/64,15/64,-33/64,31/64,False
primary_rows,3250,cell-0464,,all-64,primary,one_edit_global,64,0,unresolved,opposite_worlds,opposite_worlds,-1/64,3/64,-1/64,3/64,-1/64,3/64,False
primary_rows,3251,cell-0464,,all-64,primary,current_strict,64,25,input_blocked,,,,,,,,,False
primary_rows,3252,cell-0464,,all-64,primary,current_partial,64,0,unresolved,bound_gap,bound_gap,-1/64,3/64,1/64,1/64,1/64,1/64,False
primary_rows,3253,cell-0464,,all-64,primary,union_strict,64,36,input_blocked,,,,,,,,,False
primary_rows,3254,cell-0464,,all-64,primary,union_partial,64,1,input_blocked,,,,,,,,,False
primary_rows,3255,cell-0465,,all-64,primary,exact_projection,64,0,excluded,universal_bound,universal_bound,0/1,0/1,0/1,0/1,0/1,0/1,False
primary_rows,3256,cell-0465,,all-64,primary,one_edit_per_image,64,0,unresolved,opposite_worlds,opposite_worlds,-9/16,1/2,-7/32,1/4,-1/2,15/32,False
primary_rows,3257,cell-0465,,all-64,primary,one_edit_global,64,0,unresolved,opposite_worlds,opposite_worlds,-1/32,1/32,-1/32,1/32,-1/32,1/32,False
primary_rows,3258,cell-0465,,all-64,primary,current_strict,64,25,input_blocked,,,,,,,,,False
primary_rows,3259,cell-0465,,all-64,primary,current_partial,64,0,unresolved,bound_gap,bound_gap,0/1,1/32,1/32,1/32,1/32,1/32,False
primary_rows,3260,cell-0465,,all-64,primary,union_strict,64,36,input_blocked,,,,,,,,,False
primary_rows,3261,cell-0465,,all-64,primary,union_partial,64,1,input_blocked,,,,,,,,,False
primary_rows,3262,cell-0466,,all-64,primary,exact_projection,64,0,supported,universal_bound,universal_bound,1/64,1/64,1/64,1/64,1/64,1/64,False
primary_rows,3263,cell-0466,,all-64,primary,one_edit_per_image,64,0,unresolved,opposite_worlds,opposite_worlds,-35/64,31/64,-15/64,17/64,-31/64,29/64,False
primary_rows,3264,cell-0466,,all-64,primary,one_edit_global,64,0,unresolved,opposite_worlds,opposite_worlds,-1/64,3/64,-1/64,3/64,-1/64,3/64,False
primary_rows,3265,cell-0466,,all-64,primary,current_strict,64,25,input_blocked,,,,,,,,,False
primary_rows,3266,cell-0466,,all-64,primary,current_partial,64,0,supported,universal_bound,universal_bound,1/64,3/64,3/64,3/64,3/64,3/64,False
primary_rows,3267,cell-0466,,all-64,primary,union_strict,64,36,input_blocked,,,,,,,,,False
primary_rows,3268,cell-0466,,all-64,primary,union_partial,64,1,input_blocked,,,,,,,,,False
primary_rows,3269,cell-0467,,all-64,primary,exact_projection,64,0,supported,universal_bound,universal_bound,1/32,1/32,1/32,1/32,1/32,1/32,False
primary_rows,3270,cell-0467,,all-64,primary,one_edit_per_image,64,0,unresolved,opposite_worlds,opposite_worlds,-17/32,15/32,-7/32,1/4,-15/32,7/16,False
primary_rows,3271,cell-0467,,all-64,primary,one_edit_global,64,0,unresolved,opposite_worlds,opposite_worlds,0/1,1/16,0/1,1/16,0/1,1/16,False
primary_rows,3272,cell-0467,,all-64,primary,current_strict,64,25,input_blocked,,,,,,,,,False
primary_rows,3273,cell-0467,,all-64,primary,current_partial,64,0,supported,universal_bound,universal_bound,1/32,1/16,1/16,1/16,1/16,1/16,False
primary_rows,3274,cell-0467,,all-64,primary,union_strict,64,36,input_blocked,,,,,,,,,False
primary_rows,3275,cell-0467,,all-64,primary,union_partial,64,1,input_blocked,,,,,,,,,False
primary_rows,3276,cell-0468,,all-64,primary,exact_projection,64,0,supported,universal_bound,universal_bound,1/64,1/64,1/64,1/64,1/64,1/64,False
primary_rows,3277,cell-0468,,all-64,primary,one_edit_per_image,64,0,unresolved,opposite_worlds,opposite_worlds,-33/64,29/64,-13/64,15/64,-29/64,27/64,False
primary_rows,3278,cell-0468,,all-64,primary,one_edit_global,64,0,unresolved,opposite_worlds,opposite_worlds,-1/64,3/64,-1/64,3/64,-1/64,3/64,False
primary_rows,3279,cell-0468,,all-64,primary,current_strict,64,25,input_blocked,,,,,,,,,False
primary_rows,3280,cell-0468,,all-64,primary,current_partial,64,0,supported,universal_bound,universal_bound,1/64,3/64,3/64,3/64,3/64,3/64,False
primary_rows,3281,cell-0468,,all-64,primary,union_strict,64,36,input_blocked,,,,,,,,,False
primary_rows,3282,cell-0468,,all-64,primary,union_partial,64,1,input_blocked,,,,,,,,,False
primary_rows,3283,cell-0469,,all-64,primary,exact_projection,64,0,supported,universal_bound,universal_bound,1/32,1/32,1/32,1/32,1/32,1/32,False
primary_rows,3284,cell-0469,,all-64,primary,one_edit_per_image,64,0,unresolved,opposite_worlds,opposite_worlds,-1/2,7/16,-7/32,1/4,-7/16,13/32,False
primary_rows,3285,cell-0469,,all-64,primary,one_edit_global,64,0,unresolved,opposite_worlds,opposite_worlds,0/1,1/16,0/1,1/16,0/1,1/16,False
primary_rows,3286,cell-0469,,all-64,primary,current_strict,64,25,input_blocked,,,,,,,,,False
primary_rows,3287,cell-0469,,all-64,primary,current_partial,64,0,supported,universal_bound,universal_bound,1/32,1/16,1/16,1/16,1/16,1/16,False
primary_rows,3288,cell-0469,,all-64,primary,union_strict,64,36,input_blocked,,,,,,,,,False
primary_rows,3289,cell-0469,,all-64,primary,union_partial,64,1,input_blocked,,,,,,,,,False
primary_rows,3290,cell-0470,,all-64,primary,exact_projection,64,0,supported,universal_bound,universal_bound,1/64,1/64,1/64,1/64,1/64,1/64,False
primary_rows,3291,cell-0470,,all-64,primary,one_edit_per_image,64,0,unresolved,opposite_worlds,opposite_worlds,-31/64,27/64,-13/64,15/64,-27/64,25/64,False
primary_rows,3292,cell-0470,,all-64,primary,one_edit_global,64,0,unresolved,opposite_worlds,opposite_worlds,-1/64,3/64,-1/64,3/64,-1/64,3/64,False
primary_rows,3293,cell-0470,,all-64,primary,current_strict,64,25,input_blocked,,,,,,,,,False
primary_rows,3294,cell-0470,,all-64,primary,current_partial,64,0,supported,universal_bound,universal_bound,1/64,3/64,3/64,3/64,3/64,3/64,False
primary_rows,3295,cell-0470,,all-64,primary,union_strict,64,36,input_blocked,,,,,,,,,False
primary_rows,3296,cell-0470,,all-64,primary,union_partial,64,1,input_blocked,,,,,,,,,False
primary_rows,3297,cell-0471,,all-64,primary,exact_projection,64,0,supported,universal_bound,universal_bound,1/32,1/32,1/32,1/32,1/32,1/32,False
primary_rows,3298,cell-0471,,all-64,primary,one_edit_per_image,64,0,unresolved,opposite_worlds,opposite_worlds,-15/32,7/16,-7/32,1/4,-13/32,13/32,False
primary_rows,3299,cell-0471,,all-64,primary,one_edit_global,64,0,unresolved,opposite_worlds,opposite_worlds,0/1,1/16,0/1,1/16,0/1,1/16,False
primary_rows,3300,cell-0471,,all-64,primary,current_strict,64,25,input_blocked,,,,,,,,,False
primary_rows,3301,cell-0471,,all-64,primary,current_partial,64,0,supported,universal_bound,universal_bound,1/32,1/16,1/16,1/16,1/16,1/16,False
primary_rows,3302,cell-0471,,all-64,primary,union_strict,64,36,input_blocked,,,,,,,,,False
primary_rows,3303,cell-0471,,all-64,primary,union_partial,64,1,input_blocked,,,,,,,,,False
primary_rows,3304,cell-0472,,all-64,primary,exact_projection,64,0,supported,universal_bound,universal_bound,1/64,1/64,1/64,1/64,1/64,1/64,False
primary_rows,3305,cell-0472,,all-64,primary,one_edit_per_image,64,0,unresolved,opposite_worlds,opposite_worlds,-29/64,27/64,-13/64,15/64,-25/64,25/64,False
primary_rows,3306,cell-0472,,all-64,primary,one_edit_global,64,0,unresolved,opposite_worlds,opposite_worlds,-1/64,3/64,-1/64,3/64,-1/64,3/64,False
primary_rows,3307,cell-0472,,all-64,primary,current_strict,64,25,input_blocked,,,,,,,,,False
primary_rows,3308,cell-0472,,all-64,primary,current_partial,64,0,supported,universal_bound,universal_bound,1/64,3/64,3/64,3/64,3/64,3/64,False
primary_rows,3309,cell-0472,,all-64,primary,union_strict,64,36,input_blocked,,,,,,,,,False
primary_rows,3310,cell-0472,,all-64,primary,union_partial,64,1,input_blocked,,,,,,,,,False
primary_rows,3311,cell-0473,,all-64,primary,exact_projection,64,0,supported,universal_bound,universal_bound,1/32,1/32,1/32,1/32,1/32,1/32,False
primary_rows,3312,cell-0473,,all-64,primary,one_edit_per_image,64,0,unresolved,opposite_worlds,opposite_worlds,-7/16,13/32,-3/16,7/32,-3/8,3/8,False
primary_rows,3313,cell-0473,,all-64,primary,one_edit_global,64,0,unresolved,opposite_worlds,opposite_worlds,0/1,1/16,0/1,1/16,0/1,1/16,False
primary_rows,3314,cell-0473,,all-64,primary,current_strict,64,25,input_blocked,,,,,,,,,False
primary_rows,3315,cell-0473,,all-64,primary,current_partial,64,0,supported,universal_bound,universal_bound,1/32,1/16,1/16,1/16,1/16,1/16,False
primary_rows,3316,cell-0473,,all-64,primary,union_strict,64,36,input_blocked,,,,,,,,,False
primary_rows,3317,cell-0473,,all-64,primary,union_partial,64,1,input_blocked,,,,,,,,,False
primary_rows,3318,cell-0474,,all-64,primary,exact_projection,64,0,supported,universal_bound,universal_bound,1/64,1/64,1/64,1/64,1/64,1/64,False
primary_rows,3319,cell-0474,,all-64,primary,one_edit_per_image,64,0,unresolved,opposite_worlds,opposite_worlds,-29/64,25/64,-13/64,13/64,-25/64,23/64,False
primary_rows,3320,cell-0474,,all-64,primary,one_edit_global,64,0,unresolved,opposite_worlds,opposite_worlds,-1/64,3/64,-1/64,3/64,-1/64,3/64,False
primary_rows,3321,cell-0474,,all-64,primary,current_strict,64,25,input_blocked,,,,,,,,,False
primary_rows,3322,cell-0474,,all-64,primary,current_partial,64,0,supported,universal_bound,universal_bound,1/64,3/64,3/64,3/64,3/64,3/64,False
primary_rows,3323,cell-0474,,all-64,primary,union_strict,64,36,input_blocked,,,,,,,,,False
primary_rows,3324,cell-0474,,all-64,primary,union_partial,64,1,input_blocked,,,,,,,,,False
primary_rows,3325,cell-0475,,all-64,primary,exact_projection,64,0,excluded,universal_bound,universal_bound,0/1,0/1,0/1,0/1,0/1,0/1,False
primary_rows,3326,cell-0475,,all-64,primary,one_edit_per_image,64,0,unresolved,opposite_worlds,opposite_worlds,-7/16,3/8,-3/16,3/16,-3/8,11/32,False
primary_rows,3327,cell-0475,,all-64,primary,one_edit_global,64,0,unresolved,opposite_worlds,opposite_worlds,-1/32,1/32,-1/32,1/32,-1/32,1/32,False
primary_rows,3328,cell-0475,,all-64,primary,current_strict,64,25,input_blocked,,,,,,,,,False
primary_rows,3329,cell-0475,,all-64,primary,current_partial,64,0,unresolved,bound_gap,bound_gap,0/1,1/32,1/32,1/32,1/32,1/32,False
primary_rows,3330,cell-0475,,all-64,primary,union_strict,64,36,input_blocked,,,,,,,,,False
primary_rows,3331,cell-0475,,all-64,primary,union_partial,64,1,input_blocked,,,,,,,,,False
primary_rows,3332,cell-0476,,all-64,primary,exact_projection,64,0,excluded,universal_bound,universal_bound,-1/64,-1/64,-1/64,-1/64,-1/64,-1/64,False
primary_rows,3333,cell-0476,,all-64,primary,one_edit_per_image,64,0,unresolved,opposite_worlds,opposite_worlds,-29/64,23/64,-13/64,11/64,-25/64,21/64,False
primary_rows,3334,cell-0476,,all-64,primary,one_edit_global,64,0,unresolved,opposite_worlds,opposite_worlds,-3/64,1/64,-3/64,1/64,-3/64,1/64,False
primary_rows,3335,cell-0476,,all-64,primary,current_strict,64,25,input_blocked,,,,,,,,,False
primary_rows,3336,cell-0476,,all-64,primary,current_partial,64,0,unresolved,bound_gap,bound_gap,-1/64,1/64,1/64,1/64,1/64,1/64,False
primary_rows,3337,cell-0476,,all-64,primary,union_strict,64,36,input_blocked,,,,,,,,,False
primary_rows,3338,cell-0476,,all-64,primary,union_partial,64,1,input_blocked,,,,,,,,,False
primary_rows,3339,cell-0477,,all-64,primary,exact_projection,64,0,excluded,universal_bound,universal_bound,-1/32,-1/32,-1/32,-1/32,-1/32,-1/32,False
primary_rows,3340,cell-0477,,all-64,primary,one_edit_per_image,64,0,unresolved,opposite_worlds,opposite_worlds,-15/32,11/32,-3/16,5/32,-3/8,5/16,False
primary_rows,3341,cell-0477,,all-64,primary,one_edit_global,64,0,excluded,universal_bound,universal_bound,-1/16,0/1,-1/16,0/1,-1/16,0/1,False
primary_rows,3342,cell-0477,,all-64,primary,current_strict,64,25,input_blocked,,,,,,,,,False
primary_rows,3343,cell-0477,,all-64,primary,current_partial,64,0,excluded,universal_bound,universal_bound,-1/32,0/1,0/1,0/1,0/1,0/1,False
primary_rows,3344,cell-0477,,all-64,primary,union_strict,64,36,input_blocked,,,,,,,,,False
primary_rows,3345,cell-0477,,all-64,primary,union_partial,64,1,input_blocked,,,,,,,,,False
primary_rows,3346,cell-0478,,all-64,primary,exact_projection,64,0,excluded,universal_bound,universal_bound,-1/64,-1/64,-1/64,-1/64,-1/64,-1/64,False
primary_rows,3347,cell-0478,,all-64,primary,one_edit_per_image,64,0,unresolved,opposite_worlds,opposite_worlds,-29/64,23/64,-11/64,11/64,-23/64,21/64,False
primary_rows,3348,cell-0478,,all-64,primary,one_edit_global,64,0,unresolved,opposite_worlds,opposite_worlds,-3/64,1/64,-3/64,1/64,-3/64,1/64,False
primary_rows,3349,cell-0478,,all-64,primary,current_strict,64,25,input_blocked,,,,,,,,,False
primary_rows,3350,cell-0478,,all-64,primary,current_partial,64,0,unresolved,bound_gap,bound_gap,-1/64,1/64,1/64,1/64,1/64,1/64,False
primary_rows,3351,cell-0478,,all-64,primary,union_strict,64,36,input_blocked,,,,,,,,,False
primary_rows,3352,cell-0478,,all-64,primary,union_partial,64,1,input_blocked,,,,,,,,,False
primary_rows,3353,cell-0479,,all-64,primary,exact_projection,64,0,excluded,universal_bound,universal_bound,-1/32,-1/32,-1/32,-1/32,-1/32,-1/32,False
primary_rows,3354,cell-0479,,all-64,primary,one_edit_per_image,64,0,unresolved,opposite_worlds,opposite_worlds,-7/16,11/32,-5/32,5/32,-11/32,5/16,False
primary_rows,3355,cell-0479,,all-64,primary,one_edit_global,64,0,excluded,universal_bound,universal_bound,-1/16,0/1,-1/16,0/1,-1/16,0/1,False
primary_rows,3356,cell-0479,,all-64,primary,current_strict,64,25,input_blocked,,,,,,,,,False
primary_rows,3357,cell-0479,,all-64,primary,current_partial,64,0,excluded,universal_bound,universal_bound,-1/32,0/1,0/1,0/1,0/1,0/1,False
primary_rows,3358,cell-0479,,all-64,primary,union_strict,64,36,input_blocked,,,,,,,,,False
primary_rows,3359,cell-0479,,all-64,primary,union_partial,64,1,input_blocked,,,,,,,,,False
primary_rows,3360,cell-0480,,all-64,primary,exact_projection,64,0,excluded,universal_bound,universal_bound,-1/64,-1/64,-1/64,-1/64,-1/64,-1/64,False
primary_rows,3361,cell-0480,,all-64,primary,one_edit_per_image,64,0,unresolved,opposite_worlds,opposite_worlds,-27/64,23/64,-11/64,11/64,-23/64,21/64,False
primary_rows,3362,cell-0480,,all-64,primary,one_edit_global,64,0,unresolved,opposite_worlds,opposite_worlds,-3/64,1/64,-3/64,1/64,-3/64,1/64,False
primary_rows,3363,cell-0480,,all-64,primary,current_strict,64,25,input_blocked,,,,,,,,,False
primary_rows,3364,cell-0480,,all-64,primary,current_partial,64,0,unresolved,bound_gap,bound_gap,-1/64,1/64,1/64,1/64,1/64,1/64,False
primary_rows,3365,cell-0480,,all-64,primary,union_strict,64,36,input_blocked,,,,,,,,,False
primary_rows,3366,cell-0480,,all-64,primary,union_partial,64,1,input_blocked,,,,,,,,,False
primary_rows,3367,cell-0481,,all-64,primary,exact_projection,64,0,excluded,universal_bound,universal_bound,0/1,0/1,0/1,0/1,0/1,0/1,False
primary_rows,3368,cell-0481,,all-64,primary,one_edit_per_image,64,0,unresolved,opposite_worlds,opposite_worlds,-13/32,11/32,-5/32,5/32,-11/32,5/16,False
primary_rows,3369,cell-0481,,all-64,primary,one_edit_global,64,0,unresolved,opposite_worlds,opposite_worlds,-1/32,1/32,-1/32,1/32,-1/32,1/32,False
primary_rows,3370,cell-0481,,all-64,primary,current_strict,64,25,input_blocked,,,,,,,,,False
primary_rows,3371,cell-0481,,all-64,primary,current_partial,64,0,unresolved,bound_gap,bound_gap,0/1,1/32,1/32,1/32,1/32,1/32,False
primary_rows,3372,cell-0481,,all-64,primary,union_strict,64,36,input_blocked,,,,,,,,,False
primary_rows,3373,cell-0481,,all-64,primary,union_partial,64,1,input_blocked,,,,,,,,,False
primary_rows,3374,cell-0482,,all-64,primary,exact_projection,64,0,supported,universal_bound,universal_bound,1/64,1/64,1/64,1/64,1/64,1/64,False
primary_rows,3375,cell-0482,,all-64,primary,one_edit_per_image,64,0,unresolved,opposite_worlds,opposite_worlds,-25/64,21/64,-11/64,11/64,-21/64,19/64,False
primary_rows,3376,cell-0482,,all-64,primary,one_edit_global,64,0,unresolved,opposite_worlds,opposite_worlds,-1/64,3/64,-1/64,3/64,-1/64,3/64,False
primary_rows,3377,cell-0482,,all-64,primary,current_strict,64,25,input_blocked,,,,,,,,,False
primary_rows,3378,cell-0482,,all-64,primary,current_partial,64,0,supported,universal_bound,universal_bound,1/64,3/64,3/64,3/64,3/64,3/64,False
primary_rows,3379,cell-0482,,all-64,primary,union_strict,64,36,input_blocked,,,,,,,,,False
primary_rows,3380,cell-0482,,all-64,primary,union_partial,64,1,input_blocked,,,,,,,,,False
primary_rows,3381,cell-0483,,all-64,primary,exact_projection,64,0,excluded,universal_bound,universal_bound,0/1,0/1,0/1,0/1,0/1,0/1,False
primary_rows,3382,cell-0483,,all-64,primary,one_edit_per_image,64,0,unresolved,opposite_worlds,opposite_worlds,-13/32,5/16,-3/16,3/16,-5/16,9/32,False
primary_rows,3383,cell-0483,,all-64,primary,one_edit_global,64,0,unresolved,opposite_worlds,opposite_worlds,-1/32,1/32,-1/32,1/32,-1/32,1/32,False
primary_rows,3384,cell-0483,,all-64,primary,current_strict,64,25,input_blocked,,,,,,,,,False
primary_rows,3385,cell-0483,,all-64,primary,current_partial,64,0,unresolved,bound_gap,bound_gap,0/1,1/32,1/32,1/32,1/32,1/32,False
primary_rows,3386,cell-0483,,all-64,primary,union_strict,64,36,input_blocked,,,,,,,,,False
primary_rows,3387,cell-0483,,all-64,primary,union_partial,64,1,input_blocked,,,,,,,,,False
primary_rows,3388,cell-0484,,all-64,primary,exact_projection,64,0,excluded,universal_bound,universal_bound,-1/64,-1/64,-1/64,-1/64,-1/64,-1/64,False
primary_rows,3389,cell-0484,,all-64,primary,one_edit_per_image,64,0,unresolved,opposite_worlds,opposite_worlds,-27/64,19/64,-13/64,13/64,-19/64,17/64,False
primary_rows,3390,cell-0484,,all-64,primary,one_edit_global,64,0,unresolved,opposite_worlds,opposite_worlds,-3/64,1/64,-3/64,1/64,-3/64,1/64,False
primary_rows,3391,cell-0484,,all-64,primary,current_strict,64,25,input_blocked,,,,,,,,,False
primary_rows,3392,cell-0484,,all-64,primary,current_partial,64,0,unresolved,bound_gap,bound_gap,-1/64,1/64,1/64,1/64,1/64,1/64,False
primary_rows,3393,cell-0484,,all-64,primary,union_strict,64,36,input_blocked,,,,,,,,,False
primary_rows,3394,cell-0484,,all-64,primary,union_partial,64,1,input_blocked,,,,,,,,,False
primary_rows,3395,cell-0485,,all-64,primary,exact_projection,64,0,excluded,universal_bound,universal_bound,-1/32,-1/32,-1/32,-1/32,-1/32,-1/32,False
primary_rows,3396,cell-0485,,all-64,primary,one_edit_per_image,64,0,unresolved,opposite_worlds,opposite_worlds,-13/32,9/32,-3/16,3/16,-9/32,1/4,False
primary_rows,3397,cell-0485,,all-64,primary,one_edit_global,64,0,excluded,universal_bound,universal_bound,-1/16,0/1,-1/16,0/1,-1/16,0/1,False
primary_rows,3398,cell-0485,,all-64,primary,current_strict,64,25,input_blocked,,,,,,,,,False
primary_rows,3399,cell-0485,,all-64,primary,current_partial,64,0,excluded,universal_bound,universal_bound,-1/32,0/1,0/1,0/1,0/1,0/1,False
primary_rows,3400,cell-0485,,all-64,primary,union_strict,64,36,input_blocked,,,,,,,,,False
primary_rows,3401,cell-0485,,all-64,primary,union_partial,64,1,input_blocked,,,,,,,,,False
primary_rows,3402,cell-0486,,all-64,primary,exact_projection,64,0,excluded,universal_bound,universal_bound,-1/64,-1/64,-1/64,-1/64,-1/64,-1/64,False
primary_rows,3403,cell-0486,,all-64,primary,one_edit_per_image,64,0,unresolved,opposite_worlds,opposite_worlds,-25/64,19/64,-11/64,11/64,-17/64,17/64,False
primary_rows,3404,cell-0486,,all-64,primary,one_edit_global,64,0,unresolved,opposite_worlds,opposite_worlds,-3/64,1/64,-3/64,1/64,-3/64,1/64,False
primary_rows,3405,cell-0486,,all-64,primary,current_strict,64,25,input_blocked,,,,,,,,,False
primary_rows,3406,cell-0486,,all-64,primary,current_partial,64,0,unresolved,bound_gap,bound_gap,-1/64,1/64,1/64,1/64,1/64,1/64,False
primary_rows,3407,cell-0486,,all-64,primary,union_strict,64,36,input_blocked,,,,,,,,,False
primary_rows,3408,cell-0486,,all-64,primary,union_partial,64,1,input_blocked,,,,,,,,,False
primary_rows,3409,cell-0487,,all-64,primary,exact_projection,64,0,excluded,universal_bound,universal_bound,0/1,0/1,0/1,0/1,0/1,0/1,False
primary_rows,3410,cell-0487,,all-64,primary,one_edit_per_image,64,0,unresolved,opposite_worlds,opposite_worlds,-3/8,5/16,-5/32,5/32,-9/32,9/32,False
primary_rows,3411,cell-0487,,all-64,primary,one_edit_global,64,0,unresolved,opposite_worlds,opposite_worlds,-1/32,1/32,-1/32,1/32,-1/32,1/32,False
primary_rows,3412,cell-0487,,all-64,primary,current_strict,64,25,input_blocked,,,,,,,,,False
primary_rows,3413,cell-0487,,all-64,primary,current_partial,64,0,excluded,universal_bound,universal_bound,0/1,0/1,0/1,0/1,0/1,0/1,False
primary_rows,3414,cell-0487,,all-64,primary,union_strict,64,36,input_blocked,,,,,,,,,False
primary_rows,3415,cell-0487,,all-64,primary,union_partial,64,1,input_blocked,,,,,,,,,False
primary_rows,3416,cell-0488,,all-64,primary,exact_projection,64,0,supported,universal_bound,universal_bound,1/64,1/64,1/64,1/64,1/64,1/64,False
primary_rows,3417,cell-0488,,all-64,primary,one_edit_per_image,64,0,unresolved,opposite_worlds,opposite_worlds,-23/64,21/64,-9/64,11/64,-17/64,19/64,False
primary_rows,3418,cell-0488,,all-64,primary,one_edit_global,64,0,unresolved,opposite_worlds,opposite_worlds,-1/64,3/64,-1/64,3/64,-1/64,3/64,False
primary_rows,3419,cell-0488,,all-64,primary,current_strict,64,25,input_blocked,,,,,,,,,False
primary_rows,3420,cell-0488,,all-64,primary,current_partial,64,0,supported,universal_bound,universal_bound,1/64,1/64,1/64,1/64,1/64,1/64,False
primary_rows,3421,cell-0488,,all-64,primary,union_strict,64,36,input_blocked,,,,,,,,,False
primary_rows,3422,cell-0488,,all-64,primary,union_partial,64,1,input_blocked,,,,,,,,,False
primary_rows,3423,cell-0489,,all-64,primary,exact_projection,64,0,excluded,universal_bound,universal_bound,0/1,0/1,0/1,0/1,0/1,0/1,False
primary_rows,3424,cell-0489,,all-64,primary,one_edit_per_image,64,0,unresolved,opposite_worlds,opposite_worlds,-11/32,5/16,-1/8,5/32,-1/4,9/32,False
primary_rows,3425,cell-0489,,all-64,primary,one_edit_global,64,0,unresolved,opposite_worlds,opposite_worlds,-1/32,1/32,-1/32,1/32,-1/32,1/32,False
primary_rows,3426,cell-0489,,all-64,primary,current_strict,64,25,input_blocked,,,,,,,,,False
primary_rows,3427,cell-0489,,all-64,primary,current_partial,64,0,excluded,universal_bound,universal_bound,0/1,0/1,0/1,0/1,0/1,0/1,False
primary_rows,3428,cell-0489,,all-64,primary,union_strict,64,36,input_blocked,,,,,,,,,False
primary_rows,3429,cell-0489,,all-64,primary,union_partial,64,1,input_blocked,,,,,,,,,False
primary_rows,3430,cell-0490,,all-64,primary,exact_projection,64,0,supported,universal_bound,universal_bound,1/64,1/64,1/64,1/64,1/64,1/64,False
primary_rows,3431,cell-0490,,all-64,primary,one_edit_per_image,64,0,unresolved,opposite_worlds,opposite_worlds,-21/64,19/64,-9/64,11/64,-17/64,19/64,False
primary_rows,3432,cell-0490,,all-64,primary,one_edit_global,64,0,unresolved,opposite_worlds,opposite_worlds,-1/64,3/64,-1/64,3/64,-1/64,3/64,False
primary_rows,3433,cell-0490,,all-64,primary,current_strict,64,25,input_blocked,,,,,,,,,False
primary_rows,3434,cell-0490,,all-64,primary,current_partial,64,0,supported,universal_bound,universal_bound,1/64,1/64,1/64,1/64,1/64,1/64,False
primary_rows,3435,cell-0490,,all-64,primary,union_strict,64,36,input_blocked,,,,,,,,,False
primary_rows,3436,cell-0490,,all-64,primary,union_partial,64,1,input_blocked,,,,,,,,,False
primary_rows,3437,cell-0491,,all-64,primary,exact_projection,64,0,excluded,universal_bound,universal_bound,0/1,0/1,0/1,0/1,0/1,0/1,False
primary_rows,3438,cell-0491,,all-64,primary,one_edit_per_image,64,0,unresolved,opposite_worlds,opposite_worlds,-5/16,9/32,-1/8,5/32,-1/4,9/32,False
primary_rows,3439,cell-0491,,all-64,primary,one_edit_global,64,0,unresolved,opposite_worlds,opposite_worlds,-1/32,1/32,-1/32,1/32,-1/32,1/32,False
primary_rows,3440,cell-0491,,all-64,primary,current_strict,64,25,input_blocked,,,,,,,,,False
primary_rows,3441,cell-0491,,all-64,primary,current_partial,64,0,excluded,universal_bound,universal_bound,0/1,0/1,0/1,0/1,0/1,0/1,False
primary_rows,3442,cell-0491,,all-64,primary,union_strict,64,36,input_blocked,,,,,,,,,False
primary_rows,3443,cell-0491,,all-64,primary,union_partial,64,1,input_blocked,,,,,,,,,False
primary_rows,3444,cell-0492,,all-64,primary,exact_projection,64,0,excluded,universal_bound,universal_bound,-1/64,-1/64,-1/64,-1/64,-1/64,-1/64,False
primary_rows,3445,cell-0492,,all-64,primary,one_edit_per_image,64,0,unresolved,opposite_worlds,opposite_worlds,-19/64,17/64,-9/64,11/64,-15/64,17/64,False
primary_rows,3446,cell-0492,,all-64,primary,one_edit_global,64,0,unresolved,opposite_worlds,opposite_worlds,-3/64,1/64,-3/64,1/64,-3/64,1/64,False
primary_rows,3447,cell-0492,,all-64,primary,current_strict,64,25,input_blocked,,,,,,,,,False
primary_rows,3448,cell-0492,,all-64,primary,current_partial,64,0,excluded,universal_bound,universal_bound,-1/64,-1/64,-1/64,-1/64,-1/64,-1/64,False
primary_rows,3449,cell-0492,,all-64,primary,union_strict,64,36,input_blocked,,,,,,,,,False
primary_rows,3450,cell-0492,,all-64,primary,union_partial,64,1,input_blocked,,,,,,,,,False
primary_rows,3451,cell-0493,,all-64,primary,exact_projection,64,0,excluded,universal_bound,universal_bound,0/1,0/1,0/1,0/1,0/1,0/1,False
primary_rows,3452,cell-0493,,all-64,primary,one_edit_per_image,64,0,unresolved,opposite_worlds,opposite_worlds,-9/32,1/4,-1/8,5/32,-7/32,1/4,False
primary_rows,3453,cell-0493,,all-64,primary,one_edit_global,64,0,unresolved,opposite_worlds,opposite_worlds,-1/32,1/32,-1/32,1/32,-1/32,1/32,False
primary_rows,3454,cell-0493,,all-64,primary,current_strict,64,25,input_blocked,,,,,,,,,False
primary_rows,3455,cell-0493,,all-64,primary,current_partial,64,0,excluded,universal_bound,universal_bound,0/1,0/1,0/1,0/1,0/1,0/1,False
primary_rows,3456,cell-0493,,all-64,primary,union_strict,64,36,input_blocked,,,,,,,,,False
primary_rows,3457,cell-0493,,all-64,primary,union_partial,64,1,input_blocked,,,,,,,,,False
primary_rows,3458,cell-0494,,all-64,primary,exact_projection,64,0,excluded,universal_bound,universal_bound,-1/64,-1/64,-1/64,-1/64,-1/64,-1/64,False
primary_rows,3459,cell-0494,,all-64,primary,one_edit_per_image,64,0,unresolved,opposite_worlds,opposite_worlds,-17/64,15/64,-7/64,9/64,-13/64,15/64,False
primary_rows,3460,cell-0494,,all-64,primary,one_edit_global,64,0,unresolved,opposite_worlds,opposite_worlds,-3/64,1/64,-3/64,1/64,-3/64,1/64,False
primary_rows,3461,cell-0494,,all-64,primary,current_strict,64,25,input_blocked,,,,,,,,,False
primary_rows,3462,cell-0494,,all-64,primary,current_partial,64,0,excluded,universal_bound,universal_bound,-1/64,-1/64,-1/64,-1/64,-1/64,-1/64,False
primary_rows,3463,cell-0494,,all-64,primary,union_strict,64,36,input_blocked,,,,,,,,,False
primary_rows,3464,cell-0494,,all-64,primary,union_partial,64,1,input_blocked,,,,,,,,,False
primary_rows,3465,cell-0495,,all-64,primary,exact_projection,64,0,excluded,universal_bound,universal_bound,-1/32,-1/32,-1/32,-1/32,-1/32,-1/32,False
primary_rows,3466,cell-0495,,all-64,primary,one_edit_per_image,64,0,unresolved,opposite_worlds,opposite_worlds,-9/32,7/32,-1/8,1/8,-7/32,7/32,False
primary_rows,3467,cell-0495,,all-64,primary,one_edit_global,64,0,excluded,universal_bound,universal_bound,-1/16,0/1,-1/16,0/1,-1/16,0/1,False
primary_rows,3468,cell-0495,,all-64,primary,current_strict,64,25,input_blocked,,,,,,,,,False
primary_rows,3469,cell-0495,,all-64,primary,current_partial,64,0,excluded,universal_bound,universal_bound,-1/32,-1/32,-1/32,-1/32,-1/32,-1/32,False
primary_rows,3470,cell-0495,,all-64,primary,union_strict,64,36,input_blocked,,,,,,,,,False
primary_rows,3471,cell-0495,,all-64,primary,union_partial,64,1,input_blocked,,,,,,,,,False
primary_rows,3472,cell-0496,,all-64,primary,exact_projection,64,0,excluded,universal_bound,universal_bound,-3/64,-3/64,-3/64,-3/64,-3/64,-3/64,False
primary_rows,3473,cell-0496,,all-64,primary,one_edit_per_image,64,0,unresolved,opposite_worlds,opposite_worlds,-19/64,13/64,-9/64,9/64,-13/64,13/64,False
primary_rows,3474,cell-0496,,all-64,primary,one_edit_global,64,0,excluded,universal_bound,universal_bound,-5/64,-1/64,-5/64,-1/64,-5/64,-1/64,False
primary_rows,3475,cell-0496,,all-64,primary,current_strict,64,25,input_blocked,,,,,,,,,False
primary_rows,3476,cell-0496,,all-64,primary,current_partial,64,0,excluded,universal_bound,universal_bound,-3/64,-3/64,-3/64,-3/64,-3/64,-3/64,False
primary_rows,3477,cell-0496,,all-64,primary,union_strict,64,36,input_blocked,,,,,,,,,False
primary_rows,3478,cell-0496,,all-64,primary,union_partial,64,1,input_blocked,,,,,,,,,False
primary_rows,3479,cell-0497,,all-64,primary,exact_projection,64,0,excluded,universal_bound,universal_bound,-1/32,-1/32,-1/32,-1/32,-1/32,-1/32,False
primary_rows,3480,cell-0497,,all-64,primary,one_edit_per_image,64,0,unresolved,opposite_worlds,opposite_worlds,-9/32,7/32,-1/8,1/8,-3/16,3/16,False
primary_rows,3481,cell-0497,,all-64,primary,one_edit_global,64,0,excluded,universal_bound,universal_bound,-1/16,0/1,-1/16,0/1,-1/16,0/1,False
primary_rows,3482,cell-0497,,all-64,primary,current_strict,64,25,input_blocked,,,,,,,,,False
primary_rows,3483,cell-0497,,all-64,primary,current_partial,64,0,excluded,universal_bound,universal_bound,-1/32,-1/32,-1/32,-1/32,-1/32,-1/32,False
primary_rows,3484,cell-0497,,all-64,primary,union_strict,64,36,input_blocked,,,,,,,,,False
primary_rows,3485,cell-0497,,all-64,primary,union_partial,64,1,input_blocked,,,,,,,,,False
primary_rows,3486,cell-0498,,all-64,primary,exact_projection,64,0,excluded,universal_bound,universal_bound,-1/64,-1/64,-1/64,-1/64,-1/64,-1/64,False
primary_rows,3487,cell-0498,,all-64,primary,one_edit_per_image,64,0,unresolved,opposite_worlds,opposite_worlds,-17/64,13/64,-9/64,9/64,-13/64,13/64,False
primary_rows,3488,cell-0498,,all-64,primary,one_edit_global,64,0,unresolved,opposite_worlds,opposite_worlds,-3/64,1/64,-3/64,1/64,-3/64,1/64,False
primary_rows,3489,cell-0498,,all-64,primary,current_strict,64,25,input_blocked,,,,,,,,,False
primary_rows,3490,cell-0498,,all-64,primary,current_partial,64,0,excluded,universal_bound,universal_bound,-1/64,-1/64,-1/64,-1/64,-1/64,-1/64,False
primary_rows,3491,cell-0498,,all-64,primary,union_strict,64,36,input_blocked,,,,,,,,,False
primary_rows,3492,cell-0498,,all-64,primary,union_partial,64,1,input_blocked,,,,,,,,,False
primary_rows,3493,cell-0499,,all-64,primary,exact_projection,64,0,excluded,universal_bound,universal_bound,-1/32,-1/32,-1/32,-1/32,-1/32,-1/32,False
primary_rows,3494,cell-0499,,all-64,primary,one_edit_per_image,64,0,unresolved,opposite_worlds,opposite_worlds,-1/4,3/16,-5/32,1/8,-7/32,3/16,False
primary_rows,3495,cell-0499,,all-64,primary,one_edit_global,64,0,excluded,universal_bound,universal_bound,-1/16,0/1,-1/16,0/1,-1/16,0/1,False
primary_rows,3496,cell-0499,,all-64,primary,current_strict,64,25,input_blocked,,,,,,,,,False
primary_rows,3497,cell-0499,,all-64,primary,current_partial,64,0,excluded,universal_bound,universal_bound,-1/32,-1/32,-1/32,-1/32,-1/32,-1/32,False
primary_rows,3498,cell-0499,,all-64,primary,union_strict,64,36,input_blocked,,,,,,,,,False
primary_rows,3499,cell-0499,,all-64,primary,union_partial,64,1,input_blocked,,,,,,,,,False
primary_rows,3500,cell-0500,,all-64,primary,exact_projection,64,0,excluded,universal_bound,universal_bound,-1/64,-1/64,-1/64,-1/64,-1/64,-1/64,False
primary_rows,3501,cell-0500,,all-64,primary,one_edit_per_image,64,0,unresolved,opposite_worlds,opposite_worlds,-15/64,11/64,-9/64,7/64,-13/64,11/64,False
primary_rows,3502,cell-0500,,all-64,primary,one_edit_global,64,0,unresolved,opposite_worlds,opposite_worlds,-3/64,1/64,-3/64,1/64,-3/64,1/64,False
primary_rows,3503,cell-0500,,all-64,primary,current_strict,64,25,input_blocked,,,,,,,,,False
primary_rows,3504,cell-0500,,all-64,primary,current_partial,64,0,excluded,universal_bound,universal_bound,-1/64,-1/64,-1/64,-1/64,-1/64,-1/64,False
primary_rows,3505,cell-0500,,all-64,primary,union_strict,64,36,input_blocked,,,,,,,,,False
primary_rows,3506,cell-0500,,all-64,primary,union_partial,64,1,input_blocked,,,,,,,,,False
primary_rows,3507,cell-0501,,all-64,primary,exact_projection,64,0,excluded,universal_bound,universal_bound,0/1,0/1,0/1,0/1,0/1,0/1,False
primary_rows,3508,cell-0501,,all-64,primary,one_edit_per_image,64,0,unresolved,opposite_worlds,opposite_worlds,-7/32,3/16,-5/32,1/8,-7/32,3/16,False
primary_rows,3509,cell-0501,,all-64,primary,one_edit_global,64,0,unresolved,opposite_worlds,opposite_worlds,-1/32,1/32,-1/32,1/32,-1/32,1/32,False
primary_rows,3510,cell-0501,,all-64,primary,current_strict,64,25,input_blocked,,,,,,,,,False
primary_rows,3511,cell-0501,,all-64,primary,current_partial,64,0,excluded,universal_bound,universal_bound,0/1,0/1,0/1,0/1,0/1,0/1,False
primary_rows,3512,cell-0501,,all-64,primary,union_strict,64,36,input_blocked,,,,,,,,,False
primary_rows,3513,cell-0501,,all-64,primary,union_partial,64,1,input_blocked,,,,,,,,,False
primary_rows,3514,cell-0502,,all-64,primary,exact_projection,64,0,supported,universal_bound,universal_bound,1/64,1/64,1/64,1/64,1/64,1/64,False
primary_rows,3515,cell-0502,,all-64,primary,one_edit_per_image,64,0,unresolved,opposite_worlds,opposite_worlds,-13/64,11/64,-9/64,7/64,-13/64,11/64,False
primary_rows,3516,cell-0502,,all-64,primary,one_edit_global,64,0,unresolved,opposite_worlds,opposite_worlds,-1/64,3/64,-1/64,3/64,-1/64,3/64,False
primary_rows,3517,cell-0502,,all-64,primary,current_strict,64,25,input_blocked,,,,,,,,,False
primary_rows,3518,cell-0502,,all-64,primary,current_partial,64,0,supported,universal_bound,universal_bound,1/64,1/64,1/64,1/64,1/64,1/64,False
primary_rows,3519,cell-0502,,all-64,primary,union_strict,64,36,input_blocked,,,,,,,,,False
primary_rows,3520,cell-0502,,all-64,primary,union_partial,64,1,input_blocked,,,,,,,,,False
primary_rows,3521,cell-0503,,all-64,primary,exact_projection,64,0,supported,universal_bound,universal_bound,1/32,1/32,1/32,1/32,1/32,1/32,False
primary_rows,3522,cell-0503,,all-64,primary,one_edit_per_image,64,0,unresolved,opposite_worlds,opposite_worlds,-3/16,3/16,-1/8,1/8,-3/16,3/16,False
primary_rows,3523,cell-0503,,all-64,primary,one_edit_global,64,0,unresolved,opposite_worlds,opposite_worlds,0/1,1/16,0/1,1/16,0/1,1/16,False
primary_rows,3524,cell-0503,,all-64,primary,current_strict,64,25,input_blocked,,,,,,,,,False
primary_rows,3525,cell-0503,,all-64,primary,current_partial,64,0,supported,universal_bound,universal_bound,1/32,1/32,1/32,1/32,1/32,1/32,False
primary_rows,3526,cell-0503,,all-64,primary,union_strict,64,36,input_blocked,,,,,,,,,False
primary_rows,3527,cell-0503,,all-64,primary,union_partial,64,1,input_blocked,,,,,,,,,False
primary_rows,3528,cell-0504,,all-64,primary,exact_projection,64,0,supported,universal_bound,universal_bound,1/64,1/64,1/64,1/64,1/64,1/64,False
primary_rows,3529,cell-0504,,all-64,primary,one_edit_per_image,64,0,unresolved,opposite_worlds,opposite_worlds,-11/64,11/64,-7/64,7/64,-11/64,11/64,False
primary_rows,3530,cell-0504,,all-64,primary,one_edit_global,64,0,unresolved,opposite_worlds,opposite_worlds,-1/64,3/64,-1/64,3/64,-1/64,3/64,False
primary_rows,3531,cell-0504,,all-64,primary,current_strict,64,25,input_blocked,,,,,,,,,False
primary_rows,3532,cell-0504,,all-64,primary,current_partial,64,0,supported,universal_bound,universal_bound,1/64,1/64,1/64,1/64,1/64,1/64,False
primary_rows,3533,cell-0504,,all-64,primary,union_strict,64,36,input_blocked,,,,,,,,,False
primary_rows,3534,cell-0504,,all-64,primary,union_partial,64,1,input_blocked,,,,,,,,,False
primary_rows,3535,cell-0505,,all-64,primary,exact_projection,64,0,excluded,universal_bound,universal_bound,0/1,0/1,0/1,0/1,0/1,0/1,False
primary_rows,3536,cell-0505,,all-64,primary,one_edit_per_image,64,0,unresolved,opposite_worlds,opposite_worlds,-5/32,5/32,-3/32,3/32,-5/32,5/32,False
primary_rows,3537,cell-0505,,all-64,primary,one_edit_global,64,0,unresolved,opposite_worlds,opposite_worlds,-1/32,1/32,-1/32,1/32,-1/32,1/32,False
primary_rows,3538,cell-0505,,all-64,primary,current_strict,64,25,input_blocked,,,,,,,,,False
primary_rows,3539,cell-0505,,all-64,primary,current_partial,64,0,excluded,universal_bound,universal_bound,0/1,0/1,0/1,0/1,0/1,0/1,False
primary_rows,3540,cell-0505,,all-64,primary,union_strict,64,36,input_blocked,,,,,,,,,False
primary_rows,3541,cell-0505,,all-64,primary,union_partial,64,1,input_blocked,,,,,,,,,False
primary_rows,3542,cell-0506,,all-64,primary,exact_projection,64,0,supported,universal_bound,universal_bound,1/64,1/64,1/64,1/64,1/64,1/64,False
primary_rows,3543,cell-0506,,all-64,primary,one_edit_per_image,64,0,unresolved,opposite_worlds,opposite_worlds,-9/64,9/64,-5/64,5/64,-9/64,9/64,False
primary_rows,3544,cell-0506,,all-64,primary,one_edit_global,64,0,unresolved,opposite_worlds,opposite_worlds,-1/64,3/64,-1/64,3/64,-1/64,3/64,False
primary_rows,3545,cell-0506,,all-64,primary,current_strict,64,25,input_blocked,,,,,,,,,False
primary_rows,3546,cell-0506,,all-64,primary,current_partial,64,0,supported,universal_bound,universal_bound,1/64,1/64,1/64,1/64,1/64,1/64,False
primary_rows,3547,cell-0506,,all-64,primary,union_strict,64,36,input_blocked,,,,,,,,,False
primary_rows,3548,cell-0506,,all-64,primary,union_partial,64,1,input_blocked,,,,,,,,,False
primary_rows,3549,cell-0507,,all-64,primary,exact_projection,64,0,supported,universal_bound,universal_bound,1/32,1/32,1/32,1/32,1/32,1/32,False
primary_rows,3550,cell-0507,,all-64,primary,one_edit_per_image,64,0,unresolved,opposite_worlds,opposite_worlds,-1/8,1/8,-1/16,1/16,-1/8,1/8,False
primary_rows,3551,cell-0507,,all-64,primary,one_edit_global,64,0,unresolved,opposite_worlds,opposite_worlds,0/1,1/16,0/1,1/16,0/1,1/16,False
primary_rows,3552,cell-0507,,all-64,primary,current_strict,64,25,input_blocked,,,,,,,,,False
primary_rows,3553,cell-0507,,all-64,primary,current_partial,64,0,supported,universal_bound,universal_bound,1/32,1/32,1/32,1/32,1/32,1/32,False
primary_rows,3554,cell-0507,,all-64,primary,union_strict,64,36,input_blocked,,,,,,,,,False
primary_rows,3555,cell-0507,,all-64,primary,union_partial,64,1,input_blocked,,,,,,,,,False
primary_rows,3556,cell-0508,,all-64,primary,exact_projection,64,0,supported,universal_bound,universal_bound,3/64,3/64,3/64,3/64,3/64,3/64,False
primary_rows,3557,cell-0508,,all-64,primary,one_edit_per_image,64,0,unresolved,opposite_worlds,opposite_worlds,-7/64,7/64,-3/64,3/64,-7/64,7/64,False
primary_rows,3558,cell-0508,,all-64,primary,one_edit_global,64,0,supported,universal_bound,universal_bound,1/64,5/64,1/64,3/64,1/64,5/64,False
primary_rows,3559,cell-0508,,all-64,primary,current_strict,64,25,input_blocked,,,,,,,,,False
primary_rows,3560,cell-0508,,all-64,primary,current_partial,64,0,supported,universal_bound,universal_bound,3/64,3/64,3/64,3/64,3/64,3/64,False
primary_rows,3561,cell-0508,,all-64,primary,union_strict,64,36,input_blocked,,,,,,,,,False
primary_rows,3562,cell-0508,,all-64,primary,union_partial,64,1,input_blocked,,,,,,,,,False
primary_rows,3563,cell-0509,,all-64,primary,exact_projection,64,0,supported,universal_bound,universal_bound,1/32,1/32,1/32,1/32,1/32,1/32,False
primary_rows,3564,cell-0509,,all-64,primary,one_edit_per_image,64,0,unresolved,opposite_worlds,opposite_worlds,-3/32,3/32,-1/32,1/32,-3/32,3/32,False
primary_rows,3565,cell-0509,,all-64,primary,one_edit_global,64,0,unresolved,opposite_worlds,opposite_worlds,0/1,1/16,0/1,1/32,0/1,1/16,False
primary_rows,3566,cell-0509,,all-64,primary,current_strict,64,25,input_blocked,,,,,,,,,False
primary_rows,3567,cell-0509,,all-64,primary,current_partial,64,0,supported,universal_bound,universal_bound,1/32,1/32,1/32,1/32,1/32,1/32,False
primary_rows,3568,cell-0509,,all-64,primary,union_strict,64,36,input_blocked,,,,,,,,,False
primary_rows,3569,cell-0509,,all-64,primary,union_partial,64,1,input_blocked,,,,,,,,,False
primary_rows,3570,cell-0510,,all-64,primary,exact_projection,64,0,supported,universal_bound,universal_bound,3/64,3/64,3/64,3/64,3/64,3/64,False
primary_rows,3571,cell-0510,,all-64,primary,one_edit_per_image,64,0,unresolved,opposite_worlds,opposite_worlds,-5/64,5/64,-3/64,3/64,-5/64,5/64,False
primary_rows,3572,cell-0510,,all-64,primary,one_edit_global,64,0,supported,universal_bound,universal_bound,1/64,5/64,1/64,3/64,1/64,5/64,False
primary_rows,3573,cell-0510,,all-64,primary,current_strict,64,25,input_blocked,,,,,,,,,False
primary_rows,3574,cell-0510,,all-64,primary,current_partial,64,0,supported,universal_bound,universal_bound,3/64,3/64,3/64,3/64,3/64,3/64,False
primary_rows,3575,cell-0510,,all-64,primary,union_strict,64,36,input_blocked,,,,,,,,,False
primary_rows,3576,cell-0510,,all-64,primary,union_partial,64,1,input_blocked,,,,,,,,,False
primary_rows,3577,cell-0511,,all-64,primary,exact_projection,64,0,supported,universal_bound,universal_bound,1/32,1/32,1/32,1/32,1/32,1/32,False
primary_rows,3578,cell-0511,,all-64,primary,one_edit_per_image,64,0,unresolved,opposite_worlds,opposite_worlds,-1/16,1/16,-1/16,1/16,-1/16,1/16,False
primary_rows,3579,cell-0511,,all-64,primary,one_edit_global,64,0,unresolved,opposite_worlds,opposite_worlds,0/1,1/16,0/1,1/16,0/1,1/16,False
primary_rows,3580,cell-0511,,all-64,primary,current_strict,64,25,input_blocked,,,,,,,,,False
primary_rows,3581,cell-0511,,all-64,primary,current_partial,64,0,supported,universal_bound,universal_bound,1/32,1/32,1/32,1/32,1/32,1/32,False
primary_rows,3582,cell-0511,,all-64,primary,union_strict,64,36,input_blocked,,,,,,,,,False
primary_rows,3583,cell-0511,,all-64,primary,union_partial,64,1,input_blocked,,,,,,,,,False
primary_rows,3584,cell-0512,,all-64,primary,exact_projection,64,0,supported,universal_bound,universal_bound,1/64,1/64,1/64,1/64,1/64,1/64,False
primary_rows,3585,cell-0512,,all-64,primary,one_edit_per_image,64,0,unresolved,opposite_worlds,opposite_worlds,-3/64,3/64,-3/64,3/64,-3/64,3/64,False
primary_rows,3586,cell-0512,,all-64,primary,one_edit_global,64,0,unresolved,opposite_worlds,opposite_worlds,-1/64,3/64,-1/64,3/64,-1/64,3/64,False
primary_rows,3587,cell-0512,,all-64,primary,current_strict,64,25,input_blocked,,,,,,,,,False
primary_rows,3588,cell-0512,,all-64,primary,current_partial,64,0,supported,universal_bound,universal_bound,1/64,1/64,1/64,1/64,1/64,1/64,False
primary_rows,3589,cell-0512,,all-64,primary,union_strict,64,36,input_blocked,,,,,,,,,False
primary_rows,3590,cell-0512,,all-64,primary,union_partial,64,1,input_blocked,,,,,,,,,False
primary_rows,3591,cell-0513,,all-64,primary,exact_projection,64,0,supported,universal_bound,universal_bound,1/32,1/32,1/32,1/32,1/32,1/32,False
primary_rows,3592,cell-0513,,all-64,primary,one_edit_per_image,64,0,unresolved,opposite_worlds,opposite_worlds,-1/32,1/32,-1/32,1/32,-1/32,1/32,False
primary_rows,3593,cell-0513,,all-64,primary,one_edit_global,64,0,unresolved,opposite_worlds,opposite_worlds,0/1,1/32,0/1,1/32,0/1,1/32,False
primary_rows,3594,cell-0513,,all-64,primary,current_strict,64,25,input_blocked,,,,,,,,,False
primary_rows,3595,cell-0513,,all-64,primary,current_partial,64,0,supported,universal_bound,universal_bound,1/32,1/32,1/32,1/32,1/32,1/32,False
primary_rows,3596,cell-0513,,all-64,primary,union_strict,64,36,input_blocked,,,,,,,,,False
primary_rows,3597,cell-0513,,all-64,primary,union_partial,64,1,input_blocked,,,,,,,,,False
primary_rows,3598,cell-0514,,all-64,primary,exact_projection,64,0,supported,universal_bound,universal_bound,1/64,1/64,1/64,1/64,1/64,1/64,False
primary_rows,3599,cell-0514,,all-64,primary,one_edit_per_image,64,0,unresolved,opposite_worlds,opposite_worlds,-1/64,1/64,-1/64,1/64,-1/64,1/64,False
primary_rows,3600,cell-0514,,all-64,primary,one_edit_global,64,0,unresolved,opposite_worlds,opposite_worlds,-1/64,1/64,-1/64,1/64,-1/64,1/64,False
primary_rows,3601,cell-0514,,all-64,primary,current_strict,64,25,input_blocked,,,,,,,,,False
primary_rows,3602,cell-0514,,all-64,primary,current_partial,64,0,supported,universal_bound,universal_bound,1/64,1/64,1/64,1/64,1/64,1/64,False
primary_rows,3603,cell-0514,,all-64,primary,union_strict,64,36,input_blocked,,,,,,,,,False
primary_rows,3604,cell-0514,,all-64,primary,union_partial,64,1,input_blocked,,,,,,,,,False
primary_rows,3605,cell-0515,,all-64,primary,exact_projection,64,0,excluded,universal_bound,universal_bound,0/1,0/1,0/1,0/1,0/1,0/1,False
primary_rows,3606,cell-0515,,all-64,primary,one_edit_per_image,64,0,excluded,universal_bound,universal_bound,0/1,0/1,0/1,0/1,0/1,0/1,False
primary_rows,3607,cell-0515,,all-64,primary,one_edit_global,64,0,excluded,universal_bound,universal_bound,0/1,0/1,0/1,0/1,0/1,0/1,False
primary_rows,3608,cell-0515,,all-64,primary,current_strict,64,25,input_blocked,,,,,,,,,False
primary_rows,3609,cell-0515,,all-64,primary,current_partial,64,0,excluded,universal_bound,universal_bound,0/1,0/1,0/1,0/1,0/1,0/1,False
primary_rows,3610,cell-0515,,all-64,primary,union_strict,64,36,input_blocked,,,,,,,,,False
primary_rows,3611,cell-0515,,all-64,primary,union_partial,64,1,input_blocked,,,,,,,,,False
primary_rows,3612,cell-0516,,all-64,primary,exact_projection,64,0,excluded,universal_bound,universal_bound,0/1,0/1,0/1,0/1,0/1,0/1,False
primary_rows,3613,cell-0516,,all-64,primary,one_edit_per_image,64,0,excluded,universal_bound,universal_bound,0/1,0/1,0/1,0/1,0/1,0/1,False
primary_rows,3614,cell-0516,,all-64,primary,one_edit_global,64,0,excluded,universal_bound,universal_bound,0/1,0/1,0/1,0/1,0/1,0/1,False
primary_rows,3615,cell-0516,,all-64,primary,current_strict,64,25,input_blocked,,,,,,,,,False
primary_rows,3616,cell-0516,,all-64,primary,current_partial,64,0,excluded,universal_bound,universal_bound,0/1,0/1,0/1,0/1,0/1,0/1,False
primary_rows,3617,cell-0516,,all-64,primary,union_strict,64,36,input_blocked,,,,,,,,,False
primary_rows,3618,cell-0516,,all-64,primary,union_partial,64,1,input_blocked,,,,,,,,,False
anchor_rows,0,,1/4,image-00,singleton,exact_projection,1,0,supported,universal_bound,universal_bound,2/1,2/1,2/1,2/1,2/1,2/1,False
anchor_rows,1,,1/4,image-00,singleton,one_edit_per_image,1,0,unresolved,opposite_worlds,opposite_worlds,0/1,4/1,0/1,4/1,0/1,4/1,False
anchor_rows,2,,1/4,image-00,singleton,one_edit_global,1,0,unresolved,opposite_worlds,opposite_worlds,0/1,4/1,0/1,4/1,0/1,4/1,False
anchor_rows,3,,1/4,image-00,singleton,current_strict,1,0,supported,universal_bound,universal_bound,2/1,2/1,2/1,2/1,2/1,2/1,False
anchor_rows,4,,1/4,image-00,singleton,current_partial,1,0,supported,universal_bound,universal_bound,2/1,2/1,2/1,2/1,2/1,2/1,False
anchor_rows,5,,1/4,image-00,singleton,union_strict,1,0,supported,universal_bound,universal_bound,2/1,2/1,2/1,2/1,2/1,2/1,False
anchor_rows,6,,1/4,image-00,singleton,union_partial,1,0,supported,universal_bound,universal_bound,2/1,2/1,2/1,2/1,2/1,2/1,False
anchor_rows,7,,1/4,image-01,singleton,exact_projection,1,0,supported,universal_bound,universal_bound,3/1,3/1,3/1,3/1,3/1,3/1,False
anchor_rows,8,,1/4,image-01,singleton,one_edit_per_image,1,0,supported,universal_bound,universal_bound,1/1,7/1,1/1,7/1,1/1,7/1,False
anchor_rows,9,,1/4,image-01,singleton,one_edit_global,1,0,supported,universal_bound,universal_bound,1/1,7/1,1/1,7/1,1/1,7/1,False
anchor_rows,10,,1/4,image-01,singleton,current_strict,1,0,supported,universal_bound,universal_bound,3/1,3/1,3/1,3/1,3/1,3/1,False
anchor_rows,11,,1/4,image-01,singleton,current_partial,1,0,supported,universal_bound,universal_bound,3/1,3/1,3/1,3/1,3/1,3/1,False
anchor_rows,12,,1/4,image-01,singleton,union_strict,1,0,supported,universal_bound,universal_bound,3/1,3/1,3/1,3/1,3/1,3/1,False
anchor_rows,13,,1/4,image-01,singleton,union_partial,1,0,supported,universal_bound,universal_bound,3/1,3/1,3/1,3/1,3/1,3/1,False
anchor_rows,14,,1/4,image-02,singleton,exact_projection,1,0,supported,universal_bound,universal_bound,2/1,2/1,2/1,2/1,2/1,2/1,False
anchor_rows,15,,1/4,image-02,singleton,one_edit_per_image,1,0,unresolved,opposite_worlds,opposite_worlds,0/1,6/1,0/1,6/1,0/1,6/1,False
anchor_rows,16,,1/4,image-02,singleton,one_edit_global,1,0,unresolved,opposite_worlds,opposite_worlds,0/1,6/1,0/1,6/1,0/1,6/1,False
anchor_rows,17,,1/4,image-02,singleton,current_strict,1,0,supported,universal_bound,universal_bound,2/1,2/1,2/1,2/1,2/1,2/1,False
anchor_rows,18,,1/4,image-02,singleton,current_partial,1,0,supported,universal_bound,universal_bound,2/1,2/1,2/1,2/1,2/1,2/1,False
anchor_rows,19,,1/4,image-02,singleton,union_strict,1,0,supported,universal_bound,universal_bound,2/1,2/1,2/1,2/1,2/1,2/1,False
anchor_rows,20,,1/4,image-02,singleton,union_partial,1,0,supported,universal_bound,universal_bound,2/1,2/1,2/1,2/1,2/1,2/1,False
anchor_rows,21,,1/4,image-03,singleton,exact_projection,1,0,excluded,universal_bound,universal_bound,0/1,0/1,0/1,0/1,0/1,0/1,False
anchor_rows,22,,1/4,image-03,singleton,one_edit_per_image,1,0,excluded,universal_bound,universal_bound,-2/1,0/1,-2/1,0/1,-2/1,0/1,False
anchor_rows,23,,1/4,image-03,singleton,one_edit_global,1,0,excluded,universal_bound,universal_bound,-2/1,0/1,-2/1,0/1,-2/1,0/1,False
anchor_rows,24,,1/4,image-03,singleton,current_strict,1,0,excluded,universal_bound,universal_bound,0/1,0/1,0/1,0/1,0/1,0/1,False
anchor_rows,25,,1/4,image-03,singleton,current_partial,1,0,excluded,universal_bound,universal_bound,0/1,0/1,0/1,0/1,0/1,0/1,False
anchor_rows,26,,1/4,image-03,singleton,union_strict,1,0,excluded,universal_bound,universal_bound,0/1,0/1,0/1,0/1,0/1,0/1,False
anchor_rows,27,,1/4,image-03,singleton,union_partial,1,0,excluded,universal_bound,universal_bound,0/1,0/1,0/1,0/1,0/1,0/1,False
anchor_rows,28,,1/4,image-04,singleton,exact_projection,1,0,excluded,universal_bound,universal_bound,0/1,0/1,0/1,0/1,0/1,0/1,False
anchor_rows,29,,1/4,image-04,singleton,one_edit_per_image,1,0,unresolved,opposite_worlds,opposite_worlds,-2/1,2/1,-2/1,2/1,-2/1,2/1,False
anchor_rows,30,,1/4,image-04,singleton,one_edit_global,1,0,unresolved,opposite_worlds,opposite_worlds,-2/1,2/1,-2/1,2/1,-2/1,2/1,False
anchor_rows,31,,1/4,image-04,singleton,current_strict,1,0,excluded,universal_bound,universal_bound,0/1,0/1,0/1,0/1,0/1,0/1,False
anchor_rows,32,,1/4,image-04,singleton,current_partial,1,0,excluded,universal_bound,universal_bound,0/1,0/1,0/1,0/1,0/1,0/1,False
anchor_rows,33,,1/4,image-04,singleton,union_strict,1,1,input_blocked,,,,,,,,,False
anchor_rows,34,,1/4,image-04,singleton,union_partial,1,0,unresolved,opposite_worlds,opposite_worlds,-2/1,2/1,-2/1,2/1,-2/1,2/1,False
anchor_rows,35,,1/4,image-05,singleton,exact_projection,1,0,excluded,universal_bound,universal_bound,0/1,0/1,0/1,0/1,0/1,0/1,False
anchor_rows,36,,1/4,image-05,singleton,one_edit_per_image,1,0,unresolved,opposite_worlds,opposite_worlds,-2/1,2/1,-2/1,2/1,-2/1,2/1,False
anchor_rows,37,,1/4,image-05,singleton,one_edit_global,1,0,unresolved,opposite_worlds,opposite_worlds,-2/1,2/1,-2/1,2/1,-2/1,2/1,False
anchor_rows,38,,1/4,image-05,singleton,current_strict,1,0,excluded,universal_bound,universal_bound,0/1,0/1,0/1,0/1,0/1,0/1,False
anchor_rows,39,,1/4,image-05,singleton,current_partial,1,0,excluded,universal_bound,universal_bound,0/1,0/1,0/1,0/1,0/1,0/1,False
anchor_rows,40,,1/4,image-05,singleton,union_strict,1,1,input_blocked,,,,,,,,,False
anchor_rows,41,,1/4,image-05,singleton,union_partial,1,0,unresolved,opposite_worlds,opposite_worlds,-2/1,2/1,-2/1,2/1,-2/1,2/1,False
anchor_rows,42,,1/4,image-06,singleton,exact_projection,1,0,excluded,universal_bound,universal_bound,0/1,0/1,0/1,0/1,0/1,0/1,False
anchor_rows,43,,1/4,image-06,singleton,one_edit_per_image,1,0,unresolved,opposite_worlds,opposite_worlds,-2/1,2/1,-2/1,2/1,-2/1,2/1,False
anchor_rows,44,,1/4,image-06,singleton,one_edit_global,1,0,unresolved,opposite_worlds,opposite_worlds,-2/1,2/1,-2/1,2/1,-2/1,2/1,False
anchor_rows,45,,1/4,image-06,singleton,current_strict,1,0,excluded,universal_bound,universal_bound,0/1,0/1,0/1,0/1,0/1,0/1,False
anchor_rows,46,,1/4,image-06,singleton,current_partial,1,0,excluded,universal_bound,universal_bound,0/1,0/1,0/1,0/1,0/1,0/1,False
anchor_rows,47,,1/4,image-06,singleton,union_strict,1,0,excluded,universal_bound,universal_bound,0/1,0/1,0/1,0/1,0/1,0/1,False
anchor_rows,48,,1/4,image-06,singleton,union_partial,1,0,excluded,universal_bound,universal_bound,0/1,0/1,0/1,0/1,0/1,0/1,False
anchor_rows,49,,1/4,image-07,singleton,exact_projection,1,0,supported,universal_bound,universal_bound,1/1,1/1,1/1,1/1,1/1,1/1,False
anchor_rows,50,,1/4,image-07,singleton,one_edit_per_image,1,0,unresolved,opposite_worlds,opposite_worlds,-1/1,3/1,-1/1,3/1,-1/1,3/1,False
anchor_rows,51,,1/4,image-07,singleton,one_edit_global,1,0,unresolved,opposite_worlds,opposite_worlds,-1/1,3/1,-1/1,3/1,-1/1,3/1,False
anchor_rows,52,,1/4,image-07,singleton,current_strict,1,0,supported,universal_bound,universal_bound,1/1,1/1,1/1,1/1,1/1,1/1,False
anchor_rows,53,,1/4,image-07,singleton,current_partial,1,0,supported,universal_bound,universal_bound,1/1,1/1,1/1,1/1,1/1,1/1,False
anchor_rows,54,,1/4,image-07,singleton,union_strict,1,0,supported,universal_bound,universal_bound,1/1,1/1,1/1,1/1,1/1,1/1,False
anchor_rows,55,,1/4,image-07,singleton,union_partial,1,0,supported,universal_bound,universal_bound,1/1,1/1,1/1,1/1,1/1,1/1,False
anchor_rows,56,,1/4,image-08,singleton,exact_projection,1,0,excluded,universal_bound,universal_bound,0/1,0/1,0/1,0/1,0/1,0/1,False
anchor_rows,57,,1/4,image-08,singleton,one_edit_per_image,1,0,unresolved,opposite_worlds,opposite_worlds,-4/1,4/1,-4/1,4/1,-4/1,4/1,False
anchor_rows,58,,1/4,image-08,singleton,one_edit_global,1,0,unresolved,opposite_worlds,opposite_worlds,-4/1,4/1,-4/1,4/1,-4/1,4/1,False
anchor_rows,59,,1/4,image-08,singleton,current_strict,1,0,excluded,universal_bound,universal_bound,0/1,0/1,0/1,0/1,0/1,0/1,False
anchor_rows,60,,1/4,image-08,singleton,current_partial,1,0,excluded,universal_bound,universal_bound,0/1,0/1,0/1,0/1,0/1,0/1,False
anchor_rows,61,,1/4,image-08,singleton,union_strict,1,1,input_blocked,,,,,,,,,False
anchor_rows,62,,1/4,image-08,singleton,union_partial,1,0,unresolved,opposite_worlds,opposite_worlds,-2/1,2/1,-2/1,2/1,-2/1,2/1,False
anchor_rows,63,,1/4,image-09,singleton,exact_projection,1,0,excluded,universal_bound,universal_bound,-1/1,-1/1,-1/1,-1/1,-1/1,-1/1,False
anchor_rows,64,,1/4,image-09,singleton,one_edit_per_image,1,0,unresolved,opposite_worlds,opposite_worlds,-3/1,1/1,-3/1,1/1,-3/1,1/1,False
anchor_rows,65,,1/4,image-09,singleton,one_edit_global,1,0,unresolved,opposite_worlds,opposite_worlds,-3/1,1/1,-3/1,1/1,-3/1,1/1,False
anchor_rows,66,,1/4,image-09,singleton,current_strict,1,1,input_blocked,,,,,,,,,False
anchor_rows,67,,1/4,image-09,singleton,current_partial,1,0,unresolved,opposite_worlds,opposite_worlds,-5/1,3/1,-5/1,3/1,-5/1,3/1,False
anchor_rows,68,,1/4,image-09,singleton,union_strict,1,1,input_blocked,,,,,,,,,False
anchor_rows,69,,1/4,image-09,singleton,union_partial,1,0,unresolved,opposite_worlds,opposite_worlds,-7/1,5/1,-5/1,5/1,-5/1,5/1,False
anchor_rows,70,,1/4,image-10,singleton,exact_projection,1,0,supported,universal_bound,universal_bound,2/1,2/1,2/1,2/1,2/1,2/1,False
anchor_rows,71,,1/4,image-10,singleton,one_edit_per_image,1,0,unresolved,opposite_worlds,opposite_worlds,0/1,4/1,0/1,4/1,0/1,4/1,False
anchor_rows,72,,1/4,image-10,singleton,one_edit_global,1,0,unresolved,opposite_worlds,opposite_worlds,0/1,4/1,0/1,4/1,0/1,4/1,False
anchor_rows,73,,1/4,image-10,singleton,current_strict,1,0,supported,universal_bound,universal_bound,2/1,2/1,2/1,2/1,2/1,2/1,False
anchor_rows,74,,1/4,image-10,singleton,current_partial,1,0,supported,universal_bound,universal_bound,2/1,2/1,2/1,2/1,2/1,2/1,False
anchor_rows,75,,1/4,image-10,singleton,union_strict,1,0,supported,universal_bound,universal_bound,2/1,2/1,2/1,2/1,2/1,2/1,False
anchor_rows,76,,1/4,image-10,singleton,union_partial,1,0,supported,universal_bound,universal_bound,2/1,2/1,2/1,2/1,2/1,2/1,False
anchor_rows,77,,1/4,image-11,singleton,exact_projection,1,0,supported,universal_bound,universal_bound,4/1,4/1,4/1,4/1,4/1,4/1,False
anchor_rows,78,,1/4,image-11,singleton,one_edit_per_image,1,0,supported,universal_bound,universal_bound,2/1,6/1,2/1,6/1,2/1,6/1,False
anchor_rows,79,,1/4,image-11,singleton,one_edit_global,1,0,supported,universal_bound,universal_bound,2/1,6/1,2/1,6/1,2/1,6/1,False
anchor_rows,80,,1/4,image-11,singleton,current_strict,1,1,input_blocked,,,,,,,,,False
anchor_rows,81,,1/4,image-11,singleton,current_partial,1,0,supported,universal_bound,universal_bound,2/1,6/1,2/1,4/1,2/1,4/1,False
anchor_rows,82,,1/4,image-11,singleton,union_strict,1,1,input_blocked,,,,,,,,,False
anchor_rows,83,,1/4,image-11,singleton,union_partial,1,0,unresolved,opposite_worlds,opposite_worlds,0/1,8/1,0/1,4/1,0/1,4/1,False
anchor_rows,84,,1/4,image-12,singleton,exact_projection,1,0,excluded,universal_bound,universal_bound,-1/1,-1/1,-1/1,-1/1,-1/1,-1/1,False
anchor_rows,85,,1/4,image-12,singleton,one_edit_per_image,1,0,unresolved,opposite_worlds,opposite_worlds,-3/1,3/1,-3/1,3/1,-3/1,3/1,False
anchor_rows,86,,1/4,image-12,singleton,one_edit_global,1,0,unresolved,opposite_worlds,opposite_worlds,-3/1,3/1,-3/1,3/1,-3/1,3/1,False
anchor_rows,87,,1/4,image-12,singleton,current_strict,1,0,excluded,universal_bound,universal_bound,-1/1,-1/1,-1/1,-1/1,-1/1,-1/1,False
anchor_rows,88,,1/4,image-12,singleton,current_partial,1,0,excluded,universal_bound,universal_bound,-1/1,-1/1,-1/1,-1/1,-1/1,-1/1,False
anchor_rows,89,,1/4,image-12,singleton,union_strict,1,0,excluded,universal_bound,universal_bound,-1/1,-1/1,-1/1,-1/1,-1/1,-1/1,False
anchor_rows,90,,1/4,image-12,singleton,union_partial,1,0,excluded,universal_bound,universal_bound,-1/1,-1/1,-1/1,-1/1,-1/1,-1/1,False
anchor_rows,91,,1/4,image-13,singleton,exact_projection,1,0,supported,universal_bound,universal_bound,9/1,9/1,9/1,9/1,9/1,9/1,False
anchor_rows,92,,1/4,image-13,singleton,one_edit_per_image,1,0,supported,universal_bound,universal_bound,7/1,11/1,7/1,11/1,7/1,11/1,False
anchor_rows,93,,1/4,image-13,singleton,one_edit_global,1,0,supported,universal_bound,universal_bound,7/1,11/1,7/1,11/1,7/1,11/1,False
anchor_rows,94,,1/4,image-13,singleton,current_strict,1,1,input_blocked,,,,,,,,,False
anchor_rows,95,,1/4,image-13,singleton,current_partial,1,0,unresolved,opposite_worlds,opposite_worlds,-3/1,13/1,-3/1,11/1,-3/1,11/1,False
anchor_rows,96,,1/4,image-13,singleton,union_strict,1,1,input_blocked,,,,,,,,,False
anchor_rows,97,,1/4,image-13,singleton,union_partial,1,0,unresolved,opposite_worlds,opposite_worlds,-13/1,13/1,-11/1,11/1,-11/1,11/1,False
anchor_rows,98,,1/4,image-14,singleton,exact_projection,1,0,excluded,universal_bound,universal_bound,0/1,0/1,0/1,0/1,0/1,0/1,False
anchor_rows,99,,1/4,image-14,singleton,one_edit_per_image,1,0,unresolved,opposite_worlds,opposite_worlds,-2/1,2/1,-2/1,2/1,-2/1,2/1,False
anchor_rows,100,,1/4,image-14,singleton,one_edit_global,1,0,unresolved,opposite_worlds,opposite_worlds,-2/1,2/1,-2/1,2/1,-2/1,2/1,False
anchor_rows,101,,1/4,image-14,singleton,current_strict,1,1,input_blocked,,,,,,,,,False
anchor_rows,102,,1/4,image-14,singleton,current_partial,1,0,excluded,universal_bound,universal_bound,0/1,0/1,0/1,0/1,0/1,0/1,False
anchor_rows,103,,1/4,image-14,singleton,union_strict,1,1,input_blocked,,,,,,,,,False
anchor_rows,104,,1/4,image-14,singleton,union_partial,1,0,excluded,universal_bound,universal_bound,0/1,0/1,0/1,0/1,0/1,0/1,False
anchor_rows,105,,1/4,image-15,singleton,exact_projection,1,0,supported,universal_bound,universal_bound,1/1,1/1,1/1,1/1,1/1,1/1,False
anchor_rows,106,,1/4,image-15,singleton,one_edit_per_image,1,0,unresolved,opposite_worlds,opposite_worlds,-1/1,3/1,-1/1,3/1,-1/1,3/1,False
anchor_rows,107,,1/4,image-15,singleton,one_edit_global,1,0,unresolved,opposite_worlds,opposite_worlds,-1/1,3/1,-1/1,3/1,-1/1,3/1,False
anchor_rows,108,,1/4,image-15,singleton,current_strict,1,0,supported,universal_bound,universal_bound,1/1,1/1,1/1,1/1,1/1,1/1,False
anchor_rows,109,,1/4,image-15,singleton,current_partial,1,0,supported,universal_bound,universal_bound,1/1,1/1,1/1,1/1,1/1,1/1,False
anchor_rows,110,,1/4,image-15,singleton,union_strict,1,0,supported,universal_bound,universal_bound,1/1,1/1,1/1,1/1,1/1,1/1,False
anchor_rows,111,,1/4,image-15,singleton,union_partial,1,0,supported,universal_bound,universal_bound,1/1,1/1,1/1,1/1,1/1,1/1,False
anchor_rows,112,,1/4,image-16,singleton,exact_projection,1,0,excluded,universal_bound,universal_bound,-1/1,-1/1,-1/1,-1/1,-1/1,-1/1,False
anchor_rows,113,,1/4,image-16,singleton,one_edit_per_image,1,0,unresolved,opposite_worlds,opposite_worlds,-3/1,3/1,-3/1,3/1,-3/1,3/1,False
anchor_rows,114,,1/4,image-16,singleton,one_edit_global,1,0,unresolved,opposite_worlds,opposite_worlds,-3/1,3/1,-3/1,3/1,-3/1,3/1,False
anchor_rows,115,,1/4,image-16,singleton,current_strict,1,0,excluded,universal_bound,universal_bound,-1/1,-1/1,-1/1,-1/1,-1/1,-1/1,False
anchor_rows,116,,1/4,image-16,singleton,current_partial,1,0,excluded,universal_bound,universal_bound,-1/1,-1/1,-1/1,-1/1,-1/1,-1/1,False
anchor_rows,117,,1/4,image-16,singleton,union_strict,1,0,excluded,universal_bound,universal_bound,-1/1,-1/1,-1/1,-1/1,-1/1,-1/1,False
anchor_rows,118,,1/4,image-16,singleton,union_partial,1,0,excluded,universal_bound,universal_bound,-1/1,-1/1,-1/1,-1/1,-1/1,-1/1,False
anchor_rows,119,,1/4,image-17,singleton,exact_projection,1,0,excluded,universal_bound,universal_bound,0/1,0/1,0/1,0/1,0/1,0/1,False
anchor_rows,120,,1/4,image-17,singleton,one_edit_per_image,1,0,unresolved,opposite_worlds,opposite_worlds,-2/1,2/1,-2/1,2/1,-2/1,2/1,False
anchor_rows,121,,1/4,image-17,singleton,one_edit_global,1,0,unresolved,opposite_worlds,opposite_worlds,-2/1,2/1,-2/1,2/1,-2/1,2/1,False
anchor_rows,122,,1/4,image-17,singleton,current_strict,1,0,excluded,universal_bound,universal_bound,0/1,0/1,0/1,0/1,0/1,0/1,False
anchor_rows,123,,1/4,image-17,singleton,current_partial,1,0,excluded,universal_bound,universal_bound,0/1,0/1,0/1,0/1,0/1,0/1,False
anchor_rows,124,,1/4,image-17,singleton,union_strict,1,0,excluded,universal_bound,universal_bound,0/1,0/1,0/1,0/1,0/1,0/1,False
anchor_rows,125,,1/4,image-17,singleton,union_partial,1,0,excluded,universal_bound,universal_bound,0/1,0/1,0/1,0/1,0/1,0/1,False
anchor_rows,126,,1/4,image-18,singleton,exact_projection,1,0,excluded,universal_bound,universal_bound,0/1,0/1,0/1,0/1,0/1,0/1,False
anchor_rows,127,,1/4,image-18,singleton,one_edit_per_image,1,0,unresolved,opposite_worlds,opposite_worlds,-2/1,2/1,-2/1,2/1,-2/1,2/1,False
anchor_rows,128,,1/4,image-18,singleton,one_edit_global,1,0,unresolved,opposite_worlds,opposite_worlds,-2/1,2/1,-2/1,2/1,-2/1,2/1,False
anchor_rows,129,,1/4,image-18,singleton,current_strict,1,1,input_blocked,,,,,,,,,False
anchor_rows,130,,1/4,image-18,singleton,current_partial,1,0,unresolved,opposite_worlds,opposite_worlds,-2/1,2/1,-2/1,2/1,-2/1,2/1,False
anchor_rows,131,,1/4,image-18,singleton,union_strict,1,1,input_blocked,,,,,,,,,False
anchor_rows,132,,1/4,image-18,singleton,union_partial,1,0,unresolved,opposite_worlds,opposite_worlds,-2/1,2/1,-2/1,2/1,-2/1,2/1,False
anchor_rows,133,,1/4,image-19,singleton,exact_projection,1,0,supported,universal_bound,universal_bound,2/1,2/1,2/1,2/1,2/1,2/1,False
anchor_rows,134,,1/4,image-19,singleton,one_edit_per_image,1,0,unresolved,opposite_worlds,opposite_worlds,0/1,4/1,0/1,4/1,0/1,4/1,False
anchor_rows,135,,1/4,image-19,singleton,one_edit_global,1,0,unresolved,opposite_worlds,opposite_worlds,0/1,4/1,0/1,4/1,0/1,4/1,False
anchor_rows,136,,1/4,image-19,singleton,current_strict,1,0,supported,universal_bound,universal_bound,2/1,2/1,2/1,2/1,2/1,2/1,False
anchor_rows,137,,1/4,image-19,singleton,current_partial,1,0,supported,universal_bound,universal_bound,2/1,2/1,2/1,2/1,2/1,2/1,False
anchor_rows,138,,1/4,image-19,singleton,union_strict,1,0,supported,universal_bound,universal_bound,2/1,2/1,2/1,2/1,2/1,2/1,False
anchor_rows,139,,1/4,image-19,singleton,union_partial,1,0,supported,universal_bound,universal_bound,2/1,2/1,2/1,2/1,2/1,2/1,False
anchor_rows,140,,1/4,image-20,singleton,exact_projection,1,0,excluded,universal_bound,universal_bound,0/1,0/1,0/1,0/1,0/1,0/1,False
anchor_rows,141,,1/4,image-20,singleton,one_edit_per_image,1,0,unresolved,opposite_worlds,opposite_worlds,-2/1,2/1,-2/1,2/1,-2/1,2/1,False
anchor_rows,142,,1/4,image-20,singleton,one_edit_global,1,0,unresolved,opposite_worlds,opposite_worlds,-2/1,2/1,-2/1,2/1,-2/1,2/1,False
anchor_rows,143,,1/4,image-20,singleton,current_strict,1,0,excluded,universal_bound,universal_bound,0/1,0/1,0/1,0/1,0/1,0/1,False
anchor_rows,144,,1/4,image-20,singleton,current_partial,1,0,excluded,universal_bound,universal_bound,0/1,0/1,0/1,0/1,0/1,0/1,False
anchor_rows,145,,1/4,image-20,singleton,union_strict,1,0,excluded,universal_bound,universal_bound,0/1,0/1,0/1,0/1,0/1,0/1,False
anchor_rows,146,,1/4,image-20,singleton,union_partial,1,0,excluded,universal_bound,universal_bound,0/1,0/1,0/1,0/1,0/1,0/1,False
anchor_rows,147,,1/4,image-21,singleton,exact_projection,1,0,supported,universal_bound,universal_bound,1/1,1/1,1/1,1/1,1/1,1/1,False
anchor_rows,148,,1/4,image-21,singleton,one_edit_per_image,1,0,unresolved,opposite_worlds,opposite_worlds,-1/1,3/1,-1/1,3/1,-1/1,3/1,False
anchor_rows,149,,1/4,image-21,singleton,one_edit_global,1,0,unresolved,opposite_worlds,opposite_worlds,-1/1,3/1,-1/1,3/1,-1/1,3/1,False
anchor_rows,150,,1/4,image-21,singleton,current_strict,1,0,supported,universal_bound,universal_bound,1/1,1/1,1/1,1/1,1/1,1/1,False
anchor_rows,151,,1/4,image-21,singleton,current_partial,1,0,supported,universal_bound,universal_bound,1/1,1/1,1/1,1/1,1/1,1/1,False
anchor_rows,152,,1/4,image-21,singleton,union_strict,1,1,input_blocked,,,,,,,,,False
anchor_rows,153,,1/4,image-21,singleton,union_partial,1,0,unresolved,opposite_worlds,opposite_worlds,-1/1,1/1,-1/1,1/1,-1/1,1/1,False
anchor_rows,154,,1/4,image-22,singleton,exact_projection,1,0,excluded,universal_bound,universal_bound,0/1,0/1,0/1,0/1,0/1,0/1,False
anchor_rows,155,,1/4,image-22,singleton,one_edit_per_image,1,0,unresolved,opposite_worlds,opposite_worlds,-2/1,2/1,-2/1,2/1,-2/1,2/1,False
anchor_rows,156,,1/4,image-22,singleton,one_edit_global,1,0,unresolved,opposite_worlds,opposite_worlds,-2/1,2/1,-2/1,2/1,-2/1,2/1,False
anchor_rows,157,,1/4,image-22,singleton,current_strict,1,1,input_blocked,,,,,,,,,False
anchor_rows,158,,1/4,image-22,singleton,current_partial,1,0,excluded,universal_bound,universal_bound,-2/1,0/1,-2/1,0/1,-2/1,0/1,False
anchor_rows,159,,1/4,image-22,singleton,union_strict,1,1,input_blocked,,,,,,,,,False
anchor_rows,160,,1/4,image-22,singleton,union_partial,1,0,excluded,universal_bound,universal_bound,-2/1,0/1,-2/1,0/1,-2/1,0/1,False
anchor_rows,161,,1/4,image-23,singleton,exact_projection,1,0,excluded,universal_bound,universal_bound,0/1,0/1,0/1,0/1,0/1,0/1,False
anchor_rows,162,,1/4,image-23,singleton,one_edit_per_image,1,0,excluded,universal_bound,universal_bound,0/1,0/1,0/1,0/1,0/1,0/1,False
anchor_rows,163,,1/4,image-23,singleton,one_edit_global,1,0,excluded,universal_bound,universal_bound,0/1,0/1,0/1,0/1,0/1,0/1,False
anchor_rows,164,,1/4,image-23,singleton,current_strict,1,0,excluded,universal_bound,universal_bound,0/1,0/1,0/1,0/1,0/1,0/1,False
anchor_rows,165,,1/4,image-23,singleton,current_partial,1,0,excluded,universal_bound,universal_bound,0/1,0/1,0/1,0/1,0/1,0/1,False
anchor_rows,166,,1/4,image-23,singleton,union_strict,1,1,input_blocked,,,,,,,,,False
anchor_rows,167,,1/4,image-23,singleton,union_partial,1,0,excluded,universal_bound,universal_bound,0/1,0/1,0/1,0/1,0/1,0/1,False
anchor_rows,168,,1/4,image-24,singleton,exact_projection,1,0,excluded,universal_bound,universal_bound,0/1,0/1,0/1,0/1,0/1,0/1,False
anchor_rows,169,,1/4,image-24,singleton,one_edit_per_image,1,0,unresolved,opposite_worlds,opposite_worlds,-2/1,2/1,-2/1,2/1,-2/1,2/1,False
anchor_rows,170,,1/4,image-24,singleton,one_edit_global,1,0,unresolved,opposite_worlds,opposite_worlds,-2/1,2/1,-2/1,2/1,-2/1,2/1,False
anchor_rows,171,,1/4,image-24,singleton,current_strict,1,0,excluded,universal_bound,universal_bound,0/1,0/1,0/1,0/1,0/1,0/1,False
anchor_rows,172,,1/4,image-24,singleton,current_partial,1,0,excluded,universal_bound,universal_bound,0/1,0/1,0/1,0/1,0/1,0/1,False
anchor_rows,173,,1/4,image-24,singleton,union_strict,1,0,excluded,universal_bound,universal_bound,0/1,0/1,0/1,0/1,0/1,0/1,False
anchor_rows,174,,1/4,image-24,singleton,union_partial,1,0,excluded,universal_bound,universal_bound,0/1,0/1,0/1,0/1,0/1,0/1,False
anchor_rows,175,,1/4,image-25,singleton,exact_projection,1,0,excluded,universal_bound,universal_bound,-1/1,-1/1,-1/1,-1/1,-1/1,-1/1,False
anchor_rows,176,,1/4,image-25,singleton,one_edit_per_image,1,0,unresolved,opposite_worlds,opposite_worlds,-3/1,1/1,-3/1,1/1,-3/1,1/1,False
anchor_rows,177,,1/4,image-25,singleton,one_edit_global,1,0,unresolved,opposite_worlds,opposite_worlds,-3/1,1/1,-3/1,1/1,-3/1,1/1,False
anchor_rows,178,,1/4,image-25,singleton,current_strict,1,0,excluded,universal_bound,universal_bound,-1/1,-1/1,-1/1,-1/1,-1/1,-1/1,False
anchor_rows,179,,1/4,image-25,singleton,current_partial,1,0,excluded,universal_bound,universal_bound,-1/1,-1/1,-1/1,-1/1,-1/1,-1/1,False
anchor_rows,180,,1/4,image-25,singleton,union_strict,1,1,input_blocked,,,,,,,,,False
anchor_rows,181,,1/4,image-25,singleton,union_partial,1,0,unresolved,opposite_worlds,opposite_worlds,-1/1,1/1,-1/1,1/1,-1/1,1/1,False
anchor_rows,182,,1/4,image-26,singleton,exact_projection,1,0,excluded,universal_bound,universal_bound,-3/1,-3/1,-3/1,-3/1,-3/1,-3/1,False
anchor_rows,183,,1/4,image-26,singleton,one_edit_per_image,1,0,unresolved,opposite_worlds,opposite_worlds,-7/1,1/1,-7/1,1/1,-7/1,1/1,False
anchor_rows,184,,1/4,image-26,singleton,one_edit_global,1,0,unresolved,opposite_worlds,opposite_worlds,-7/1,1/1,-7/1,1/1,-7/1,1/1,False
anchor_rows,185,,1/4,image-26,singleton,current_strict,1,0,excluded,universal_bound,universal_bound,-3/1,-3/1,-3/1,-3/1,-3/1,-3/1,False
anchor_rows,186,,1/4,image-26,singleton,current_partial,1,0,excluded,universal_bound,universal_bound,-3/1,-3/1,-3/1,-3/1,-3/1,-3/1,False
anchor_rows,187,,1/4,image-26,singleton,union_strict,1,0,excluded,universal_bound,universal_bound,-3/1,-3/1,-3/1,-3/1,-3/1,-3/1,False
anchor_rows,188,,1/4,image-26,singleton,union_partial,1,0,excluded,universal_bound,universal_bound,-3/1,-3/1,-3/1,-3/1,-3/1,-3/1,False
anchor_rows,189,,1/4,image-27,singleton,exact_projection,1,0,excluded,universal_bound,universal_bound,-1/1,-1/1,-1/1,-1/1,-1/1,-1/1,False
anchor_rows,190,,1/4,image-27,singleton,one_edit_per_image,1,0,unresolved,opposite_worlds,opposite_worlds,-3/1,1/1,-3/1,1/1,-3/1,1/1,False
anchor_rows,191,,1/4,image-27,singleton,one_edit_global,1,0,unresolved,opposite_worlds,opposite_worlds,-3/1,1/1,-3/1,1/1,-3/1,1/1,False
anchor_rows,192,,1/4,image-27,singleton,current_strict,1,1,input_blocked,,,,,,,,,False
anchor_rows,193,,1/4,image-27,singleton,current_partial,1,0,excluded,universal_bound,universal_bound,-1/1,-1/1,-1/1,-1/1,-1/1,-1/1,False
anchor_rows,194,,1/4,image-27,singleton,union_strict,1,1,input_blocked,,,,,,,,,False
anchor_rows,195,,1/4,image-27,singleton,union_partial,1,0,excluded,universal_bound,universal_bound,-1/1,-1/1,-1/1,-1/1,-1/1,-1/1,False
anchor_rows,196,,1/4,image-28,singleton,exact_projection,1,0,supported,universal_bound,universal_bound,2/1,2/1,2/1,2/1,2/1,2/1,False
anchor_rows,197,,1/4,image-28,singleton,one_edit_per_image,1,0,unresolved,opposite_worlds,opposite_worlds,-2/1,2/1,-2/1,2/1,-2/1,2/1,False
anchor_rows,198,,1/4,image-28,singleton,one_edit_global,1,0,unresolved,opposite_worlds,opposite_worlds,-2/1,2/1,-2/1,2/1,-2/1,2/1,False
anchor_rows,199,,1/4,image-28,singleton,current_strict,1,1,input_blocked,,,,,,,,,False
anchor_rows,200,,1/4,image-28,singleton,current_partial,1,0,unresolved,opposite_worlds,opposite_worlds,-2/1,2/1,-2/1,2/1,-2/1,2/1,False
anchor_rows,201,,1/4,image-28,singleton,union_strict,1,1,input_blocked,,,,,,,,,False
anchor_rows,202,,1/4,image-28,singleton,union_partial,1,0,unresolved,opposite_worlds,opposite_worlds,-2/1,2/1,-2/1,2/1,-2/1,2/1,False
anchor_rows,203,,1/4,image-29,singleton,exact_projection,1,0,supported,universal_bound,universal_bound,1/1,1/1,1/1,1/1,1/1,1/1,False
anchor_rows,204,,1/4,image-29,singleton,one_edit_per_image,1,0,unresolved,opposite_worlds,opposite_worlds,-1/1,5/1,-1/1,5/1,-1/1,5/1,False
anchor_rows,205,,1/4,image-29,singleton,one_edit_global,1,0,unresolved,opposite_worlds,opposite_worlds,-1/1,5/1,-1/1,5/1,-1/1,5/1,False
anchor_rows,206,,1/4,image-29,singleton,current_strict,1,1,input_blocked,,,,,,,,,False
anchor_rows,207,,1/4,image-29,singleton,current_partial,1,0,supported,universal_bound,universal_bound,1/1,5/1,1/1,5/1,1/1,5/1,False
anchor_rows,208,,1/4,image-29,singleton,union_strict,1,1,input_blocked,,,,,,,,,False
anchor_rows,209,,1/4,image-29,singleton,union_partial,1,0,unresolved,opposite_worlds,opposite_worlds,-1/1,7/1,-1/1,7/1,-1/1,7/1,False
anchor_rows,210,,1/4,image-30,singleton,exact_projection,1,0,excluded,universal_bound,universal_bound,0/1,0/1,0/1,0/1,0/1,0/1,False
anchor_rows,211,,1/4,image-30,singleton,one_edit_per_image,1,0,unresolved,opposite_worlds,opposite_worlds,-2/1,4/1,-2/1,4/1,-2/1,4/1,False
anchor_rows,212,,1/4,image-30,singleton,one_edit_global,1,0,unresolved,opposite_worlds,opposite_worlds,-2/1,4/1,-2/1,4/1,-2/1,4/1,False
anchor_rows,213,,1/4,image-30,singleton,current_strict,1,1,input_blocked,,,,,,,,,False
anchor_rows,214,,1/4,image-30,singleton,current_partial,1,0,unresolved,opposite_worlds,opposite_worlds,-4/1,4/1,-4/1,4/1,-4/1,4/1,False
anchor_rows,215,,1/4,image-30,singleton,union_strict,1,1,input_blocked,,,,,,,,,False
anchor_rows,216,,1/4,image-30,singleton,union_partial,1,0,unresolved,opposite_worlds,opposite_worlds,-6/1,4/1,-6/1,4/1,-6/1,4/1,False
anchor_rows,217,,1/4,image-31,singleton,exact_projection,1,0,supported,universal_bound,universal_bound,2/1,2/1,2/1,2/1,2/1,2/1,False
anchor_rows,218,,1/4,image-31,singleton,one_edit_per_image,1,0,unresolved,opposite_worlds,opposite_worlds,0/1,4/1,0/1,4/1,0/1,4/1,False
anchor_rows,219,,1/4,image-31,singleton,one_edit_global,1,0,unresolved,opposite_worlds,opposite_worlds,0/1,4/1,0/1,4/1,0/1,4/1,False
anchor_rows,220,,1/4,image-31,singleton,current_strict,1,1,input_blocked,,,,,,,,,False
anchor_rows,221,,1/4,image-31,singleton,current_partial,1,0,unresolved,opposite_worlds,opposite_worlds,-2/1,4/1,-2/1,2/1,-2/1,2/1,False
anchor_rows,222,,1/4,image-31,singleton,union_strict,1,1,input_blocked,,,,,,,,,False
anchor_rows,223,,1/4,image-31,singleton,union_partial,1,0,unresolved,opposite_worlds,opposite_worlds,-4/1,4/1,-2/1,2/1,-2/1,2/1,False
anchor_rows,224,,1/4,image-32,singleton,exact_projection,1,0,supported,universal_bound,universal_bound,1/1,1/1,1/1,1/1,1/1,1/1,False
anchor_rows,225,,1/4,image-32,singleton,one_edit_per_image,1,0,unresolved,opposite_worlds,opposite_worlds,-1/1,3/1,-1/1,3/1,-1/1,3/1,False
anchor_rows,226,,1/4,image-32,singleton,one_edit_global,1,0,unresolved,opposite_worlds,opposite_worlds,-1/1,3/1,-1/1,3/1,-1/1,3/1,False
anchor_rows,227,,1/4,image-32,singleton,current_strict,1,0,supported,universal_bound,universal_bound,1/1,1/1,1/1,1/1,1/1,1/1,False
anchor_rows,228,,1/4,image-32,singleton,current_partial,1,0,supported,universal_bound,universal_bound,1/1,1/1,1/1,1/1,1/1,1/1,False
anchor_rows,229,,1/4,image-32,singleton,union_strict,1,0,supported,universal_bound,universal_bound,1/1,1/1,1/1,1/1,1/1,1/1,False
anchor_rows,230,,1/4,image-32,singleton,union_partial,1,0,supported,universal_bound,universal_bound,1/1,1/1,1/1,1/1,1/1,1/1,False
anchor_rows,231,,1/4,image-33,singleton,exact_projection,1,0,supported,universal_bound,universal_bound,4/1,4/1,4/1,4/1,4/1,4/1,False
anchor_rows,232,,1/4,image-33,singleton,one_edit_per_image,1,0,supported,universal_bound,universal_bound,2/1,6/1,2/1,6/1,2/1,6/1,False
anchor_rows,233,,1/4,image-33,singleton,one_edit_global,1,0,supported,universal_bound,universal_bound,2/1,6/1,2/1,6/1,2/1,6/1,False
anchor_rows,234,,1/4,image-33,singleton,current_strict,1,1,input_blocked,,,,,,,,,False
anchor_rows,235,,1/4,image-33,singleton,current_partial,1,0,supported,universal_bound,universal_bound,2/1,6/1,2/1,6/1,2/1,6/1,False
anchor_rows,236,,1/4,image-33,singleton,union_strict,1,1,input_blocked,,,,,,,,,False
anchor_rows,237,,1/4,image-33,singleton,union_partial,1,0,supported,universal_bound,universal_bound,2/1,6/1,2/1,6/1,2/1,6/1,False
anchor_rows,238,,1/4,image-34,singleton,exact_projection,1,0,supported,universal_bound,universal_bound,1/1,1/1,1/1,1/1,1/1,1/1,False
anchor_rows,239,,1/4,image-34,singleton,one_edit_per_image,1,0,unresolved,opposite_worlds,opposite_worlds,-1/1,3/1,-1/1,3/1,-1/1,3/1,False
anchor_rows,240,,1/4,image-34,singleton,one_edit_global,1,0,unresolved,opposite_worlds,opposite_worlds,-1/1,3/1,-1/1,3/1,-1/1,3/1,False
anchor_rows,241,,1/4,image-34,singleton,current_strict,1,0,supported,universal_bound,universal_bound,1/1,1/1,1/1,1/1,1/1,1/1,False
anchor_rows,242,,1/4,image-34,singleton,current_partial,1,0,supported,universal_bound,universal_bound,1/1,1/1,1/1,1/1,1/1,1/1,False
anchor_rows,243,,1/4,image-34,singleton,union_strict,1,1,input_blocked,,,,,,,,,False
anchor_rows,244,,1/4,image-34,singleton,union_partial,1,0,unresolved,opposite_worlds,opposite_worlds,-1/1,1/1,-1/1,1/1,-1/1,1/1,False
anchor_rows,245,,1/4,image-35,singleton,exact_projection,1,0,excluded,universal_bound,universal_bound,0/1,0/1,0/1,0/1,0/1,0/1,False
anchor_rows,246,,1/4,image-35,singleton,one_edit_per_image,1,0,unresolved,opposite_worlds,opposite_worlds,-2/1,2/1,-2/1,2/1,-2/1,2/1,False
anchor_rows,247,,1/4,image-35,singleton,one_edit_global,1,0,unresolved,opposite_worlds,opposite_worlds,-2/1,2/1,-2/1,2/1,-2/1,2/1,False
anchor_rows,248,,1/4,image-35,singleton,current_strict,1,0,excluded,universal_bound,universal_bound,0/1,0/1,0/1,0/1,0/1,0/1,False
anchor_rows,249,,1/4,image-35,singleton,current_partial,1,0,excluded,universal_bound,universal_bound,0/1,0/1,0/1,0/1,0/1,0/1,False
anchor_rows,250,,1/4,image-35,singleton,union_strict,1,0,excluded,universal_bound,universal_bound,0/1,0/1,0/1,0/1,0/1,0/1,False
anchor_rows,251,,1/4,image-35,singleton,union_partial,1,0,excluded,universal_bound,universal_bound,0/1,0/1,0/1,0/1,0/1,0/1,False
anchor_rows,252,,1/4,image-36,singleton,exact_projection,1,0,supported,universal_bound,universal_bound,1/1,1/1,1/1,1/1,1/1,1/1,False
anchor_rows,253,,1/4,image-36,singleton,one_edit_per_image,1,0,unresolved,opposite_worlds,opposite_worlds,-1/1,1/1,-1/1,1/1,-1/1,1/1,False
anchor_rows,254,,1/4,image-36,singleton,one_edit_global,1,0,unresolved,opposite_worlds,opposite_worlds,-1/1,1/1,-1/1,1/1,-1/1,1/1,False
anchor_rows,255,,1/4,image-36,singleton,current_strict,1,0,supported,universal_bound,universal_bound,1/1,1/1,1/1,1/1,1/1,1/1,False
anchor_rows,256,,1/4,image-36,singleton,current_partial,1,0,supported,universal_bound,universal_bound,1/1,1/1,1/1,1/1,1/1,1/1,False
anchor_rows,257,,1/4,image-36,singleton,union_strict,1,0,supported,universal_bound,universal_bound,1/1,1/1,1/1,1/1,1/1,1/1,False
anchor_rows,258,,1/4,image-36,singleton,union_partial,1,0,supported,universal_bound,universal_bound,1/1,1/1,1/1,1/1,1/1,1/1,False
anchor_rows,259,,1/4,image-37,singleton,exact_projection,1,0,excluded,universal_bound,universal_bound,-1/1,-1/1,-1/1,-1/1,-1/1,-1/1,False
anchor_rows,260,,1/4,image-37,singleton,one_edit_per_image,1,0,unresolved,opposite_worlds,opposite_worlds,-3/1,3/1,-3/1,3/1,-3/1,3/1,False
anchor_rows,261,,1/4,image-37,singleton,one_edit_global,1,0,unresolved,opposite_worlds,opposite_worlds,-3/1,3/1,-3/1,3/1,-3/1,3/1,False
anchor_rows,262,,1/4,image-37,singleton,current_strict,1,1,input_blocked,,,,,,,,,False
anchor_rows,263,,1/4,image-37,singleton,current_partial,1,0,unresolved,opposite_worlds,opposite_worlds,-3/1,3/1,-3/1,3/1,-3/1,3/1,False
anchor_rows,264,,1/4,image-37,singleton,union_strict,1,1,input_blocked,,,,,,,,,False
anchor_rows,265,,1/4,image-37,singleton,union_partial,1,0,unresolved,opposite_worlds,opposite_worlds,-3/1,3/1,-3/1,3/1,-3/1,3/1,False
anchor_rows,266,,1/4,image-38,singleton,exact_projection,1,0,supported,universal_bound,universal_bound,1/1,1/1,1/1,1/1,1/1,1/1,False
anchor_rows,267,,1/4,image-38,singleton,one_edit_per_image,1,0,unresolved,opposite_worlds,opposite_worlds,-1/1,3/1,-1/1,3/1,-1/1,3/1,False
anchor_rows,268,,1/4,image-38,singleton,one_edit_global,1,0,unresolved,opposite_worlds,opposite_worlds,-1/1,3/1,-1/1,3/1,-1/1,3/1,False
anchor_rows,269,,1/4,image-38,singleton,current_strict,1,1,input_blocked,,,,,,,,,False
anchor_rows,270,,1/4,image-38,singleton,current_partial,1,0,unresolved,opposite_worlds,opposite_worlds,-1/1,3/1,-1/1,3/1,-1/1,3/1,False
anchor_rows,271,,1/4,image-38,singleton,union_strict,1,1,input_blocked,,,,,,,,,False
anchor_rows,272,,1/4,image-38,singleton,union_partial,1,0,unresolved,opposite_worlds,opposite_worlds,-1/1,3/1,-1/1,3/1,-1/1,3/1,False
anchor_rows,273,,1/4,image-39,singleton,exact_projection,1,0,excluded,universal_bound,universal_bound,-1/1,-1/1,-1/1,-1/1,-1/1,-1/1,False
anchor_rows,274,,1/4,image-39,singleton,one_edit_per_image,1,0,unresolved,opposite_worlds,opposite_worlds,-3/1,1/1,-3/1,1/1,-3/1,1/1,False
anchor_rows,275,,1/4,image-39,singleton,one_edit_global,1,0,unresolved,opposite_worlds,opposite_worlds,-3/1,1/1,-3/1,1/1,-3/1,1/1,False
anchor_rows,276,,1/4,image-39,singleton,current_strict,1,1,input_blocked,,,,,,,,,False
anchor_rows,277,,1/4,image-39,singleton,current_partial,1,0,unresolved,opposite_worlds,opposite_worlds,-3/1,3/1,-3/1,3/1,-3/1,3/1,False
anchor_rows,278,,1/4,image-39,singleton,union_strict,1,1,input_blocked,,,,,,,,,False
anchor_rows,279,,1/4,image-39,singleton,union_partial,1,0,unresolved,opposite_worlds,opposite_worlds,-3/1,3/1,-3/1,3/1,-3/1,3/1,False
anchor_rows,280,,1/4,image-40,singleton,exact_projection,1,0,excluded,universal_bound,universal_bound,0/1,0/1,0/1,0/1,0/1,0/1,False
anchor_rows,281,,1/4,image-40,singleton,one_edit_per_image,1,0,unresolved,opposite_worlds,opposite_worlds,-2/1,4/1,-2/1,4/1,-2/1,4/1,False
anchor_rows,282,,1/4,image-40,singleton,one_edit_global,1,0,unresolved,opposite_worlds,opposite_worlds,-2/1,4/1,-2/1,4/1,-2/1,4/1,False
anchor_rows,283,,1/4,image-40,singleton,current_strict,1,0,excluded,universal_bound,universal_bound,0/1,0/1,0/1,0/1,0/1,0/1,False
anchor_rows,284,,1/4,image-40,singleton,current_partial,1,0,excluded,universal_bound,universal_bound,0/1,0/1,0/1,0/1,0/1,0/1,False
anchor_rows,285,,1/4,image-40,singleton,union_strict,1,1,input_blocked,,,,,,,,,False
anchor_rows,286,,1/4,image-40,singleton,union_partial,1,0,unresolved,opposite_worlds,opposite_worlds,-2/1,2/1,-2/1,2/1,-2/1,2/1,False
anchor_rows,287,,1/4,image-41,singleton,exact_projection,1,0,supported,universal_bound,universal_bound,1/1,1/1,1/1,1/1,1/1,1/1,False
anchor_rows,288,,1/4,image-41,singleton,one_edit_per_image,1,0,unresolved,opposite_worlds,opposite_worlds,-1/1,3/1,-1/1,3/1,-1/1,3/1,False
anchor_rows,289,,1/4,image-41,singleton,one_edit_global,1,0,unresolved,opposite_worlds,opposite_worlds,-1/1,3/1,-1/1,3/1,-1/1,3/1,False
anchor_rows,290,,1/4,image-41,singleton,current_strict,1,1,input_blocked,,,,,,,,,False
anchor_rows,291,,1/4,image-41,singleton,current_partial,1,0,unresolved,opposite_worlds,opposite_worlds,-1/1,1/1,-1/1,1/1,-1/1,1/1,False
anchor_rows,292,,1/4,image-41,singleton,union_strict,1,1,input_blocked,,,,,,,,,False
anchor_rows,293,,1/4,image-41,singleton,union_partial,1,0,unresolved,opposite_worlds,opposite_worlds,-1/1,1/1,-1/1,1/1,-1/1,1/1,False
anchor_rows,294,,1/4,image-42,singleton,exact_projection,1,0,excluded,universal_bound,universal_bound,0/1,0/1,0/1,0/1,0/1,0/1,False
anchor_rows,295,,1/4,image-42,singleton,one_edit_per_image,1,0,excluded,universal_bound,universal_bound,0/1,0/1,0/1,0/1,0/1,0/1,False
anchor_rows,296,,1/4,image-42,singleton,one_edit_global,1,0,excluded,universal_bound,universal_bound,0/1,0/1,0/1,0/1,0/1,0/1,False
anchor_rows,297,,1/4,image-42,singleton,current_strict,1,0,excluded,universal_bound,universal_bound,0/1,0/1,0/1,0/1,0/1,0/1,False
anchor_rows,298,,1/4,image-42,singleton,current_partial,1,0,excluded,universal_bound,universal_bound,0/1,0/1,0/1,0/1,0/1,0/1,False
anchor_rows,299,,1/4,image-42,singleton,union_strict,1,1,input_blocked,,,,,,,,,False
anchor_rows,300,,1/4,image-42,singleton,union_partial,1,0,excluded,universal_bound,universal_bound,0/1,0/1,0/1,0/1,0/1,0/1,False
anchor_rows,301,,1/4,image-43,singleton,exact_projection,1,0,excluded,universal_bound,universal_bound,-1/1,-1/1,-1/1,-1/1,-1/1,-1/1,False
anchor_rows,302,,1/4,image-43,singleton,one_edit_per_image,1,0,unresolved,opposite_worlds,opposite_worlds,-3/1,1/1,-3/1,1/1,-3/1,1/1,False
anchor_rows,303,,1/4,image-43,singleton,one_edit_global,1,0,unresolved,opposite_worlds,opposite_worlds,-3/1,1/1,-3/1,1/1,-3/1,1/1,False
anchor_rows,304,,1/4,image-43,singleton,current_strict,1,1,input_blocked,,,,,,,,,False
anchor_rows,305,,1/4,image-43,singleton,current_partial,1,0,unresolved,opposite_worlds,opposite_worlds,-5/1,3/1,-1/1,1/1,-1/1,1/1,False
anchor_rows,306,,1/4,image-43,singleton,union_strict,1,1,input_blocked,,,,,,,,,False
anchor_rows,307,,1/4,image-43,singleton,union_partial,1,0,unresolved,opposite_worlds,opposite_worlds,-5/1,3/1,-1/1,1/1,-1/1,1/1,False
anchor_rows,308,,1/4,image-44,singleton,exact_projection,1,0,supported,universal_bound,universal_bound,1/1,1/1,1/1,1/1,1/1,1/1,False
anchor_rows,309,,1/4,image-44,singleton,one_edit_per_image,1,0,unresolved,opposite_worlds,opposite_worlds,-1/1,1/1,-1/1,1/1,-1/1,1/1,False
anchor_rows,310,,1/4,image-44,singleton,one_edit_global,1,0,unresolved,opposite_worlds,opposite_worlds,-1/1,1/1,-1/1,1/1,-1/1,1/1,False
anchor_rows,311,,1/4,image-44,singleton,current_strict,1,0,supported,universal_bound,universal_bound,1/1,1/1,1/1,1/1,1/1,1/1,False
anchor_rows,312,,1/4,image-44,singleton,current_partial,1,0,supported,universal_bound,universal_bound,1/1,1/1,1/1,1/1,1/1,1/1,False
anchor_rows,313,,1/4,image-44,singleton,union_strict,1,0,supported,universal_bound,universal_bound,1/1,1/1,1/1,1/1,1/1,1/1,False
anchor_rows,314,,1/4,image-44,singleton,union_partial,1,0,supported,universal_bound,universal_bound,1/1,1/1,1/1,1/1,1/1,1/1,False
anchor_rows,315,,1/4,image-45,singleton,exact_projection,1,0,supported,universal_bound,universal_bound,1/1,1/1,1/1,1/1,1/1,1/1,False
anchor_rows,316,,1/4,image-45,singleton,one_edit_per_image,1,0,unresolved,opposite_worlds,opposite_worlds,-1/1,3/1,-1/1,3/1,-1/1,3/1,False
anchor_rows,317,,1/4,image-45,singleton,one_edit_global,1,0,unresolved,opposite_worlds,opposite_worlds,-1/1,3/1,-1/1,3/1,-1/1,3/1,False
anchor_rows,318,,1/4,image-45,singleton,current_strict,1,1,input_blocked,,,,,,,,,False
anchor_rows,319,,1/4,image-45,singleton,current_partial,1,0,unresolved,opposite_worlds,opposite_worlds,-1/1,3/1,-1/1,1/1,-1/1,1/1,False
anchor_rows,320,,1/4,image-45,singleton,union_strict,1,1,input_blocked,,,,,,,,,False
anchor_rows,321,,1/4,image-45,singleton,union_partial,1,0,unresolved,opposite_worlds,opposite_worlds,-1/1,3/1,-1/1,1/1,-1/1,1/1,False
anchor_rows,322,,1/4,image-46,singleton,exact_projection,1,0,excluded,universal_bound,universal_bound,-1/1,-1/1,-1/1,-1/1,-1/1,-1/1,False
anchor_rows,323,,1/4,image-46,singleton,one_edit_per_image,1,0,unresolved,opposite_worlds,opposite_worlds,-1/1,1/1,-1/1,1/1,-1/1,1/1,False
anchor_rows,324,,1/4,image-46,singleton,one_edit_global,1,0,unresolved,opposite_worlds,opposite_worlds,-1/1,1/1,-1/1,1/1,-1/1,1/1,False
anchor_rows,325,,1/4,image-46,singleton,current_strict,1,0,excluded,universal_bound,universal_bound,-1/1,-1/1,-1/1,-1/1,-1/1,-1/1,False
anchor_rows,326,,1/4,image-46,singleton,current_partial,1,0,excluded,universal_bound,universal_bound,-1/1,-1/1,-1/1,-1/1,-1/1,-1/1,False
anchor_rows,327,,1/4,image-46,singleton,union_strict,1,1,input_blocked,,,,,,,,,False
anchor_rows,328,,1/4,image-46,singleton,union_partial,1,0,unresolved,opposite_worlds,opposite_worlds,-1/1,1/1,-1/1,1/1,-1/1,1/1,False
anchor_rows,329,,1/4,image-47,singleton,exact_projection,1,0,excluded,universal_bound,universal_bound,0/1,0/1,0/1,0/1,0/1,0/1,False
anchor_rows,330,,1/4,image-47,singleton,one_edit_per_image,1,0,excluded,universal_bound,universal_bound,0/1,0/1,0/1,0/1,0/1,0/1,False
anchor_rows,331,,1/4,image-47,singleton,one_edit_global,1,0,excluded,universal_bound,universal_bound,0/1,0/1,0/1,0/1,0/1,0/1,False
anchor_rows,332,,1/4,image-47,singleton,current_strict,1,0,excluded,universal_bound,universal_bound,0/1,0/1,0/1,0/1,0/1,0/1,False
anchor_rows,333,,1/4,image-47,singleton,current_partial,1,0,excluded,universal_bound,universal_bound,0/1,0/1,0/1,0/1,0/1,0/1,False
anchor_rows,334,,1/4,image-47,singleton,union_strict,1,0,excluded,universal_bound,universal_bound,0/1,0/1,0/1,0/1,0/1,0/1,False
anchor_rows,335,,1/4,image-47,singleton,union_partial,1,0,excluded,universal_bound,universal_bound,0/1,0/1,0/1,0/1,0/1,0/1,False
anchor_rows,336,,1/4,image-48,singleton,exact_projection,1,0,supported,universal_bound,universal_bound,1/1,1/1,1/1,1/1,1/1,1/1,False
anchor_rows,337,,1/4,image-48,singleton,one_edit_per_image,1,0,unresolved,opposite_worlds,opposite_worlds,-1/1,3/1,-1/1,3/1,-1/1,3/1,False
anchor_rows,338,,1/4,image-48,singleton,one_edit_global,1,0,unresolved,opposite_worlds,opposite_worlds,-1/1,3/1,-1/1,3/1,-1/1,3/1,False
anchor_rows,339,,1/4,image-48,singleton,current_strict,1,0,supported,universal_bound,universal_bound,1/1,1/1,1/1,1/1,1/1,1/1,False
anchor_rows,340,,1/4,image-48,singleton,current_partial,1,0,supported,universal_bound,universal_bound,1/1,1/1,1/1,1/1,1/1,1/1,False
anchor_rows,341,,1/4,image-48,singleton,union_strict,1,0,supported,universal_bound,universal_bound,1/1,1/1,1/1,1/1,1/1,1/1,False
anchor_rows,342,,1/4,image-48,singleton,union_partial,1,0,supported,universal_bound,universal_bound,1/1,1/1,1/1,1/1,1/1,1/1,False
anchor_rows,343,,1/4,image-49,singleton,exact_projection,1,0,excluded,universal_bound,universal_bound,0/1,0/1,0/1,0/1,0/1,0/1,False
anchor_rows,344,,1/4,image-49,singleton,one_edit_per_image,1,0,unresolved,opposite_worlds,opposite_worlds,-2/1,2/1,-2/1,2/1,-2/1,2/1,False
anchor_rows,345,,1/4,image-49,singleton,one_edit_global,1,0,unresolved,opposite_worlds,opposite_worlds,-2/1,2/1,-2/1,2/1,-2/1,2/1,False
anchor_rows,346,,1/4,image-49,singleton,current_strict,1,0,excluded,universal_bound,universal_bound,0/1,0/1,0/1,0/1,0/1,0/1,False
anchor_rows,347,,1/4,image-49,singleton,current_partial,1,0,excluded,universal_bound,universal_bound,0/1,0/1,0/1,0/1,0/1,0/1,False
anchor_rows,348,,1/4,image-49,singleton,union_strict,1,0,excluded,universal_bound,universal_bound,0/1,0/1,0/1,0/1,0/1,0/1,False
anchor_rows,349,,1/4,image-49,singleton,union_partial,1,0,excluded,universal_bound,universal_bound,0/1,0/1,0/1,0/1,0/1,0/1,False
anchor_rows,350,,1/4,image-50,singleton,exact_projection,1,0,supported,universal_bound,universal_bound,2/1,2/1,2/1,2/1,2/1,2/1,False
anchor_rows,351,,1/4,image-50,singleton,one_edit_per_image,1,0,unresolved,opposite_worlds,opposite_worlds,0/1,4/1,0/1,4/1,0/1,4/1,False
anchor_rows,352,,1/4,image-50,singleton,one_edit_global,1,0,unresolved,opposite_worlds,opposite_worlds,0/1,4/1,0/1,4/1,0/1,4/1,False
anchor_rows,353,,1/4,image-50,singleton,current_strict,1,0,supported,universal_bound,universal_bound,2/1,2/1,2/1,2/1,2/1,2/1,False
anchor_rows,354,,1/4,image-50,singleton,current_partial,1,0,supported,universal_bound,universal_bound,2/1,2/1,2/1,2/1,2/1,2/1,False
anchor_rows,355,,1/4,image-50,singleton,union_strict,1,0,supported,universal_bound,universal_bound,2/1,2/1,2/1,2/1,2/1,2/1,False
anchor_rows,356,,1/4,image-50,singleton,union_partial,1,0,supported,universal_bound,universal_bound,2/1,2/1,2/1,2/1,2/1,2/1,False
anchor_rows,357,,1/4,image-51,singleton,exact_projection,1,0,excluded,universal_bound,universal_bound,0/1,0/1,0/1,0/1,0/1,0/1,False
anchor_rows,358,,1/4,image-51,singleton,one_edit_per_image,1,0,unresolved,opposite_worlds,opposite_worlds,-2/1,2/1,-2/1,2/1,-2/1,2/1,False
anchor_rows,359,,1/4,image-51,singleton,one_edit_global,1,0,unresolved,opposite_worlds,opposite_worlds,-2/1,2/1,-2/1,2/1,-2/1,2/1,False
anchor_rows,360,,1/4,image-51,singleton,current_strict,1,0,excluded,universal_bound,universal_bound,0/1,0/1,0/1,0/1,0/1,0/1,False
anchor_rows,361,,1/4,image-51,singleton,current_partial,1,0,excluded,universal_bound,universal_bound,0/1,0/1,0/1,0/1,0/1,0/1,False
anchor_rows,362,,1/4,image-51,singleton,union_strict,1,0,excluded,universal_bound,universal_bound,0/1,0/1,0/1,0/1,0/1,0/1,False
anchor_rows,363,,1/4,image-51,singleton,union_partial,1,0,excluded,universal_bound,universal_bound,0/1,0/1,0/1,0/1,0/1,0/1,False
anchor_rows,364,,1/4,image-52,singleton,exact_projection,1,0,supported,universal_bound,universal_bound,1/1,1/1,1/1,1/1,1/1,1/1,False
anchor_rows,365,,1/4,image-52,singleton,one_edit_per_image,1,0,unresolved,opposite_worlds,opposite_worlds,-1/1,3/1,-1/1,3/1,-1/1,3/1,False
anchor_rows,366,,1/4,image-52,singleton,one_edit_global,1,0,unresolved,opposite_worlds,opposite_worlds,-1/1,3/1,-1/1,3/1,-1/1,3/1,False
anchor_rows,367,,1/4,image-52,singleton,current_strict,1,1,input_blocked,,,,,,,,,False
anchor_rows,368,,1/4,image-52,singleton,current_partial,1,0,unresolved,opposite_worlds,opposite_worlds,-1/1,3/1,-1/1,3/1,-1/1,3/1,False
anchor_rows,369,,1/4,image-52,singleton,union_strict,1,1,input_blocked,,,,,,,,,False
anchor_rows,370,,1/4,image-52,singleton,union_partial,1,0,unresolved,opposite_worlds,opposite_worlds,-3/1,5/1,-3/1,5/1,-3/1,5/1,False
anchor_rows,371,,1/4,image-53,singleton,exact_projection,1,0,excluded,universal_bound,universal_bound,0/1,0/1,0/1,0/1,0/1,0/1,False
anchor_rows,372,,1/4,image-53,singleton,one_edit_per_image,1,0,excluded,universal_bound,universal_bound,0/1,0/1,0/1,0/1,0/1,0/1,False
anchor_rows,373,,1/4,image-53,singleton,one_edit_global,1,0,excluded,universal_bound,universal_bound,0/1,0/1,0/1,0/1,0/1,0/1,False
anchor_rows,374,,1/4,image-53,singleton,current_strict,1,0,excluded,universal_bound,universal_bound,0/1,0/1,0/1,0/1,0/1,0/1,False
anchor_rows,375,,1/4,image-53,singleton,current_partial,1,0,excluded,universal_bound,universal_bound,0/1,0/1,0/1,0/1,0/1,0/1,False
anchor_rows,376,,1/4,image-53,singleton,union_strict,1,0,excluded,universal_bound,universal_bound,0/1,0/1,0/1,0/1,0/1,0/1,False
anchor_rows,377,,1/4,image-53,singleton,union_partial,1,0,excluded,universal_bound,universal_bound,0/1,0/1,0/1,0/1,0/1,0/1,False
anchor_rows,378,,1/4,image-54,singleton,exact_projection,1,0,excluded,universal_bound,universal_bound,0/1,0/1,0/1,0/1,0/1,0/1,False
anchor_rows,379,,1/4,image-54,singleton,one_edit_per_image,1,0,unresolved,opposite_worlds,opposite_worlds,-2/1,2/1,-2/1,2/1,-2/1,2/1,False
anchor_rows,380,,1/4,image-54,singleton,one_edit_global,1,0,unresolved,opposite_worlds,opposite_worlds,-2/1,2/1,-2/1,2/1,-2/1,2/1,False
anchor_rows,381,,1/4,image-54,singleton,current_strict,1,1,input_blocked,,,,,,,,,False
anchor_rows,382,,1/4,image-54,singleton,current_partial,1,0,excluded,universal_bound,universal_bound,0/1,0/1,0/1,0/1,0/1,0/1,False
anchor_rows,383,,1/4,image-54,singleton,union_strict,1,1,input_blocked,,,,,,,,,False
anchor_rows,384,,1/4,image-54,singleton,union_partial,1,0,excluded,universal_bound,universal_bound,0/1,0/1,0/1,0/1,0/1,0/1,False
anchor_rows,385,,1/4,image-55,singleton,exact_projection,1,0,excluded,universal_bound,universal_bound,-2/1,-2/1,-2/1,-2/1,-2/1,-2/1,False
anchor_rows,386,,1/4,image-55,singleton,one_edit_per_image,1,0,excluded,universal_bound,universal_bound,-4/1,0/1,-4/1,0/1,-4/1,0/1,False
anchor_rows,387,,1/4,image-55,singleton,one_edit_global,1,0,excluded,universal_bound,universal_bound,-4/1,0/1,-4/1,0/1,-4/1,0/1,False
anchor_rows,388,,1/4,image-55,singleton,current_strict,1,1,input_blocked,,,,,,,,,False
anchor_rows,389,,1/4,image-55,singleton,current_partial,1,0,excluded,universal_bound,universal_bound,-2/1,-2/1,-2/1,-2/1,-2/1,-2/1,False
anchor_rows,390,,1/4,image-55,singleton,union_strict,1,1,input_blocked,,,,,,,,,False
anchor_rows,391,,1/4,image-55,singleton,union_partial,1,0,excluded,universal_bound,universal_bound,-2/1,-2/1,-2/1,-2/1,-2/1,-2/1,False
anchor_rows,392,,1/4,image-56,singleton,exact_projection,1,0,excluded,universal_bound,universal_bound,0/1,0/1,0/1,0/1,0/1,0/1,False
anchor_rows,393,,1/4,image-56,singleton,one_edit_per_image,1,0,unresolved,opposite_worlds,opposite_worlds,-2/1,2/1,-2/1,2/1,-2/1,2/1,False
anchor_rows,394,,1/4,image-56,singleton,one_edit_global,1,0,unresolved,opposite_worlds,opposite_worlds,-2/1,2/1,-2/1,2/1,-2/1,2/1,False
anchor_rows,395,,1/4,image-56,singleton,current_strict,1,0,excluded,universal_bound,universal_bound,0/1,0/1,0/1,0/1,0/1,0/1,False
anchor_rows,396,,1/4,image-56,singleton,current_partial,1,0,excluded,universal_bound,universal_bound,0/1,0/1,0/1,0/1,0/1,0/1,False
anchor_rows,397,,1/4,image-56,singleton,union_strict,1,0,excluded,universal_bound,universal_bound,0/1,0/1,0/1,0/1,0/1,0/1,False
anchor_rows,398,,1/4,image-56,singleton,union_partial,1,0,excluded,universal_bound,universal_bound,0/1,0/1,0/1,0/1,0/1,0/1,False
anchor_rows,399,,1/4,image-57,singleton,exact_projection,1,0,supported,universal_bound,universal_bound,2/1,2/1,2/1,2/1,2/1,2/1,False
anchor_rows,400,,1/4,image-57,singleton,one_edit_per_image,1,0,unresolved,opposite_worlds,opposite_worlds,0/1,4/1,0/1,4/1,0/1,4/1,False
anchor_rows,401,,1/4,image-57,singleton,one_edit_global,1,0,unresolved,opposite_worlds,opposite_worlds,0/1,4/1,0/1,4/1,0/1,4/1,False
anchor_rows,402,,1/4,image-57,singleton,current_strict,1,1,input_blocked,,,,,,,,,False
anchor_rows,403,,1/4,image-57,singleton,current_partial,1,0,unresolved,opposite_worlds,opposite_worlds,0/1,4/1,0/1,2/1,0/1,2/1,False
anchor_rows,404,,1/4,image-57,singleton,union_strict,1,1,input_blocked,,,,,,,,,False
anchor_rows,405,,1/4,image-57,singleton,union_partial,1,0,unresolved,opposite_worlds,opposite_worlds,-2/1,4/1,-2/1,2/1,-2/1,2/1,False
anchor_rows,406,,1/4,image-58,singleton,exact_projection,1,0,supported,universal_bound,universal_bound,1/1,1/1,1/1,1/1,1/1,1/1,False
anchor_rows,407,,1/4,image-58,singleton,one_edit_per_image,1,0,unresolved,opposite_worlds,opposite_worlds,-1/1,3/1,-1/1,3/1,-1/1,3/1,False
anchor_rows,408,,1/4,image-58,singleton,one_edit_global,1,0,unresolved,opposite_worlds,opposite_worlds,-1/1,3/1,-1/1,3/1,-1/1,3/1,False
anchor_rows,409,,1/4,image-58,singleton,current_strict,1,0,supported,universal_bound,universal_bound,1/1,1/1,1/1,1/1,1/1,1/1,False
anchor_rows,410,,1/4,image-58,singleton,current_partial,1,0,supported,universal_bound,universal_bound,1/1,1/1,1/1,1/1,1/1,1/1,False
anchor_rows,411,,1/4,image-58,singleton,union_strict,1,0,supported,universal_bound,universal_bound,1/1,1/1,1/1,1/1,1/1,1/1,False
anchor_rows,412,,1/4,image-58,singleton,union_partial,1,0,supported,universal_bound,universal_bound,1/1,1/1,1/1,1/1,1/1,1/1,False
anchor_rows,413,,1/4,image-59,singleton,exact_projection,1,0,supported,universal_bound,universal_bound,1/1,1/1,1/1,1/1,1/1,1/1,False
anchor_rows,414,,1/4,image-59,singleton,one_edit_per_image,1,0,unresolved,opposite_worlds,opposite_worlds,-1/1,3/1,-1/1,3/1,-1/1,3/1,False
anchor_rows,415,,1/4,image-59,singleton,one_edit_global,1,0,unresolved,opposite_worlds,opposite_worlds,-1/1,3/1,-1/1,3/1,-1/1,3/1,False
anchor_rows,416,,1/4,image-59,singleton,current_strict,1,1,input_blocked,,,,,,,,,False
anchor_rows,417,,1/4,image-59,singleton,current_partial,1,0,unresolved,opposite_worlds,opposite_worlds,-1/1,1/1,-1/1,1/1,-1/1,1/1,False
anchor_rows,418,,1/4,image-59,singleton,union_strict,1,1,input_blocked,,,,,,,,,False
anchor_rows,419,,1/4,image-59,singleton,union_partial,1,0,unresolved,opposite_worlds,opposite_worlds,-1/1,1/1,-1/1,1/1,-1/1,1/1,False
anchor_rows,420,,1/4,image-60,singleton,exact_projection,1,0,excluded,universal_bound,universal_bound,-3/1,-3/1,-3/1,-3/1,-3/1,-3/1,False
anchor_rows,421,,1/4,image-60,singleton,one_edit_per_image,1,0,unresolved,opposite_worlds,opposite_worlds,-5/1,1/1,-5/1,1/1,-5/1,1/1,False
anchor_rows,422,,1/4,image-60,singleton,one_edit_global,1,0,unresolved,opposite_worlds,opposite_worlds,-5/1,1/1,-5/1,1/1,-5/1,1/1,False
anchor_rows,423,,1/4,image-60,singleton,current_strict,1,0,excluded,universal_bound,universal_bound,-3/1,-3/1,-3/1,-3/1,-3/1,-3/1,False
anchor_rows,424,,1/4,image-60,singleton,current_partial,1,0,excluded,universal_bound,universal_bound,-3/1,-3/1,-3/1,-3/1,-3/1,-3/1,False
anchor_rows,425,,1/4,image-60,singleton,union_strict,1,1,input_blocked,,,,,,,,,False
anchor_rows,426,,1/4,image-60,singleton,union_partial,1,0,excluded,universal_bound,universal_bound,-5/1,-1/1,-5/1,-1/1,-5/1,-1/1,False
anchor_rows,427,,1/4,image-61,singleton,exact_projection,1,0,supported,universal_bound,universal_bound,1/1,1/1,1/1,1/1,1/1,1/1,False
anchor_rows,428,,1/4,image-61,singleton,one_edit_per_image,1,0,unresolved,opposite_worlds,opposite_worlds,-3/1,3/1,-3/1,3/1,-3/1,3/1,False
anchor_rows,429,,1/4,image-61,singleton,one_edit_global,1,0,unresolved,opposite_worlds,opposite_worlds,-3/1,3/1,-3/1,3/1,-3/1,3/1,False
anchor_rows,430,,1/4,image-61,singleton,current_strict,1,1,input_blocked,,,,,,,,,False
anchor_rows,431,,1/4,image-61,singleton,current_partial,1,0,unresolved,opposite_worlds,opposite_worlds,-1/1,3/1,-1/1,3/1,-1/1,3/1,False
anchor_rows,432,,1/4,image-61,singleton,union_strict,1,1,input_blocked,,,,,,,,,False
anchor_rows,433,,1/4,image-61,singleton,union_partial,1,0,unresolved,opposite_worlds,opposite_worlds,-1/1,3/1,-1/1,3/1,-1/1,3/1,False
anchor_rows,434,,1/4,image-62,singleton,exact_projection,1,0,supported,universal_bound,universal_bound,3/1,3/1,3/1,3/1,3/1,3/1,False
anchor_rows,435,,1/4,image-62,singleton,one_edit_per_image,1,0,supported,universal_bound,universal_bound,1/1,7/1,1/1,7/1,1/1,7/1,False
anchor_rows,436,,1/4,image-62,singleton,one_edit_global,1,0,supported,universal_bound,universal_bound,1/1,7/1,1/1,7/1,1/1,7/1,False
anchor_rows,437,,1/4,image-62,singleton,current_strict,1,1,input_blocked,,,,,,,,,False
anchor_rows,438,,1/4,image-62,singleton,current_partial,1,0,unresolved,opposite_worlds,opposite_worlds,-19/1,19/1,-7/1,5/1,-7/1,5/1,False
anchor_rows,439,,1/4,image-62,singleton,union_strict,1,1,input_blocked,,,,,,,,,False
anchor_rows,440,,1/4,image-62,singleton,union_partial,1,1,input_blocked,,,,,,,,,False
anchor_rows,441,,1/4,image-63,singleton,exact_projection,1,0,excluded,universal_bound,universal_bound,-1/1,-1/1,-1/1,-1/1,-1/1,-1/1,False
anchor_rows,442,,1/4,image-63,singleton,one_edit_per_image,1,0,unresolved,opposite_worlds,opposite_worlds,-3/1,1/1,-3/1,1/1,-3/1,1/1,False
anchor_rows,443,,1/4,image-63,singleton,one_edit_global,1,0,unresolved,opposite_worlds,opposite_worlds,-3/1,1/1,-3/1,1/1,-3/1,1/1,False
anchor_rows,444,,1/4,image-63,singleton,current_strict,1,0,excluded,universal_bound,universal_bound,-1/1,-1/1,-1/1,-1/1,-1/1,-1/1,False
anchor_rows,445,,1/4,image-63,singleton,current_partial,1,0,excluded,universal_bound,universal_bound,-1/1,-1/1,-1/1,-1/1,-1/1,-1/1,False
anchor_rows,446,,1/4,image-63,singleton,union_strict,1,0,excluded,universal_bound,universal_bound,-1/1,-1/1,-1/1,-1/1,-1/1,-1/1,False
anchor_rows,447,,1/4,image-63,singleton,union_partial,1,0,excluded,universal_bound,universal_bound,-1/1,-1/1,-1/1,-1/1,-1/1,-1/1,False
anchor_rows,448,,1/4,block-00,block,exact_projection,8,0,supported,universal_bound,universal_bound,1/1,1/1,1/1,1/1,1/1,1/1,False
anchor_rows,449,,1/4,block-00,block,one_edit_per_image,8,0,unresolved,opposite_worlds,opposite_worlds,-1/1,13/4,-1/1,13/4,-1/1,13/4,False
anchor_rows,450,,1/4,block-00,block,one_edit_global,8,0,supported,universal_bound,universal_bound,3/4,3/2,3/4,3/2,3/4,3/2,False
anchor_rows,451,,1/4,block-00,block,current_strict,8,0,supported,universal_bound,universal_bound,1/1,1/1,1/1,1/1,1/1,1/1,False
anchor_rows,452,,1/4,block-00,block,current_partial,8,0,supported,universal_bound,universal_bound,1/1,1/1,1/1,1/1,1/1,1/1,False
anchor_rows,453,,1/4,block-00,block,union_strict,8,2,input_blocked,,,,,,,,,False
anchor_rows,454,,1/4,block-00,block,union_partial,8,0,supported,universal_bound,universal_bound,1/2,3/2,1/2,3/2,1/2,3/2,False
anchor_rows,455,,1/4,block-01,block,exact_projection,8,0,supported,universal_bound,universal_bound,7/4,7/4,7/4,7/4,7/4,7/4,False
anchor_rows,456,,1/4,block-01,block,one_edit_per_image,8,0,unresolved,opposite_worlds,opposite_worlds,-1/2,17/4,-1/2,17/4,-1/2,17/4,False
anchor_rows,457,,1/4,block-01,block,one_edit_global,8,0,supported,universal_bound,universal_bound,5/4,9/4,5/4,9/4,5/4,9/4,False
anchor_rows,458,,1/4,block-01,block,current_strict,8,4,input_blocked,,,,,,,,,False
anchor_rows,459,,1/4,block-01,block,current_partial,8,0,unresolved,opposite_worlds,opposite_worlds,-1/2,3/1,-1/2,5/2,-1/2,5/2,False
anchor_rows,460,,1/4,block-01,block,union_strict,8,5,input_blocked,,,,,,,,,False
anchor_rows,461,,1/4,block-01,block,union_partial,8,0,unresolved,opposite_worlds,opposite_worlds,-5/2,15/4,-2/1,3/1,-2/1,3/1,False
anchor_rows,462,,1/4,block-02,block,exact_projection,8,0,supported,universal_bound,universal_bound,1/4,1/4,1/4,1/4,1/4,1/4,False
anchor_rows,463,,1/4,block-02,block,one_edit_per_image,8,0,unresolved,opposite_worlds,opposite_worlds,-3/2,9/4,-3/2,9/4,-3/2,9/4,False
anchor_rows,464,,1/4,block-02,block,one_edit_global,8,0,unresolved,opposite_worlds,opposite_worlds,0/1,3/4,0/1,3/4,0/1,3/4,False
anchor_rows,465,,1/4,block-02,block,current_strict,8,2,input_blocked,,,,,,,,,False
anchor_rows,466,,1/4,block-02,block,current_partial,8,0,unresolved,opposite_worlds,opposite_worlds,-1/4,1/2,-1/4,1/2,-1/4,1/2,False
anchor_rows,467,,1/4,block-02,block,union_strict,8,4,input_blocked,,,,,,,,,False
anchor_rows,468,,1/4,block-02,block,union_partial,8,0,unresolved,opposite_worlds,opposite_worlds,-1/2,1/2,-1/2,1/2,-1/2,1/2,False
anchor_rows,469,,1/4,block-03,block,exact_projection,8,0,excluded,universal_bound,universal_bound,0/1,0/1,0/1,0/1,0/1,0/1,False
anchor_rows,470,,1/4,block-03,block,one_edit_per_image,8,0,unresolved,opposite_worlds,opposite_worlds,-5/2,5/2,-5/2,5/2,-5/2,5/2,False
anchor_rows,471,,1/4,block-03,block,one_edit_global,8,0,unresolved,opposite_worlds,opposite_worlds,-1/2,1/2,-1/2,1/2,-1/2,1/2,False
anchor_rows,472,,1/4,block-03,block,current_strict,8,5,input_blocked,,,,,,,,,False
anchor_rows,473,,1/4,block-03,block,current_partial,8,0,unresolved,opposite_worlds,opposite_worlds,-3/2,5/4,-3/2,1/1,-3/2,1/1,False
anchor_rows,474,,1/4,block-03,block,union_strict,8,6,input_blocked,,,,,,,,,False
anchor_rows,475,,1/4,block-03,block,union_partial,8,0,unresolved,opposite_worlds,opposite_worlds,-9/4,7/4,-2/1,3/2,-2/1,3/2,False
anchor_rows,476,,1/4,block-04,block,exact_projection,8,0,supported,universal_bound,universal_bound,3/4,3/4,3/4,3/4,3/4,3/4,False
anchor_rows,477,,1/4,block-04,block,one_edit_per_image,8,0,unresolved,opposite_worlds,opposite_worlds,-5/4,11/4,-5/4,11/4,-5/4,11/4,False
anchor_rows,478,,1/4,block-04,block,one_edit_global,8,0,supported,universal_bound,universal_bound,1/2,5/4,1/2,5/4,1/2,5/4,False
anchor_rows,479,,1/4,block-04,block,current_strict,8,4,input_blocked,,,,,,,,,False
anchor_rows,480,,1/4,block-04,block,current_partial,8,0,unresolved,opposite_worlds,opposite_worlds,-1/4,9/4,-1/4,9/4,-1/4,9/4,False
anchor_rows,481,,1/4,block-04,block,union_strict,8,5,input_blocked,,,,,,,,,False
anchor_rows,482,,1/4,block-04,block,union_partial,8,0,unresolved,opposite_worlds,opposite_worlds,-1/2,9/4,-1/2,9/4,-1/2,9/4,False
anchor_rows,483,,1/4,block-05,block,exact_projection,8,0,supported,universal_bound,universal_bound,1/8,1/8,1/8,1/8,1/8,1/8,False
anchor_rows,484,,1/4,block-05,block,one_edit_per_image,8,0,unresolved,opposite_worlds,opposite_worlds,-9/8,13/8,-9/8,13/8,-9/8,13/8,False
anchor_rows,485,,1/4,block-05,block,one_edit_global,8,0,unresolved,opposite_worlds,opposite_worlds,-1/8,5/8,-1/8,5/8,-1/8,5/8,False
anchor_rows,486,,1/4,block-05,block,current_strict,8,3,input_blocked,,,,,,,,,False
anchor_rows,487,,1/4,block-05,block,current_partial,8,0,unresolved,opposite_worlds,opposite_worlds,-7/8,7/8,-3/8,3/8,-3/8,3/8,False
anchor_rows,488,,1/4,block-05,block,union_strict,8,6,input_blocked,,,,,,,,,False
anchor_rows,489,,1/4,block-05,block,union_partial,8,0,unresolved,opposite_worlds,opposite_worlds,-9/8,11/8,-5/8,7/8,-5/8,7/8,False
anchor_rows,490,,1/4,block-06,block,exact_projection,8,0,supported,universal_bound,universal_bound,1/4,1/4,1/4,1/4,1/4,1/4,False
anchor_rows,491,,1/4,block-06,block,one_edit_per_image,8,0,unresolved,opposite_worlds,opposite_worlds,-3/2,2/1,-3/2,2/1,-3/2,2/1,False
anchor_rows,492,,1/4,block-06,block,one_edit_global,8,0,unresolved,opposite_worlds,opposite_worlds,0/1,1/2,0/1,1/2,0/1,1/2,False
anchor_rows,493,,1/4,block-06,block,current_strict,8,3,input_blocked,,,,,,,,,False
anchor_rows,494,,1/4,block-06,block,current_partial,8,0,unresolved,opposite_worlds,opposite_worlds,0/1,1/2,0/1,1/2,0/1,1/2,False
anchor_rows,495,,1/4,block-06,block,union_strict,8,3,input_blocked,,,,,,,,,False
anchor_rows,496,,1/4,block-06,block,union_partial,8,0,unresolved,opposite_worlds,opposite_worlds,-1/4,3/4,-1/4,3/4,-1/4,3/4,False
anchor_rows,497,,1/4,block-07,block,exact_projection,8,0,supported,universal_bound,universal_bound,1/2,1/2,1/2,1/2,1/2,1/2,False
anchor_rows,498,,1/4,block-07,block,one_edit_per_image,8,0,unresolved,opposite_worlds,opposite_worlds,-7/4,3/1,-7/4,3/1,-7/4,3/1,False
anchor_rows,499,,1/4,block-07,block,one_edit_global,8,0,unresolved,opposite_worlds,opposite_worlds,0/1,1/1,0/1,1/1,0/1,1/1,False
anchor_rows,500,,1/4,block-07,block,current_strict,8,4,input_blocked,,,,,,,,,False
anchor_rows,501,,1/4,block-07,block,current_partial,8,0,unresolved,opposite_worlds,opposite_worlds,-3/1,3/1,-3/2,1/1,-3/2,1/1,False
anchor_rows,502,,1/4,block-07,block,union_strict,8,5,input_blocked,,,,,,,,,False
anchor_rows,503,,1/4,block-07,block,union_partial,8,1,input_blocked,,,,,,,,,False
anchor_rows,504,,1/4,all-64,primary,exact_projection,64,0,supported,universal_bound,universal_bound,37/64,37/64,37/64,37/64,37/64,37/64,False
anchor_rows,505,,1/4,all-64,primary,one_edit_per_image,64,0,unresolved,opposite_worlds,opposite_worlds,-89/64,173/64,-89/64,173/64,-89/64,173/64,False
anchor_rows,506,,1/4,all-64,primary,one_edit_global,64,0,supported,universal_bound,universal_bound,33/64,41/64,33/64,41/64,33/64,41/64,False
anchor_rows,507,,1/4,all-64,primary,current_strict,64,25,input_blocked,,,,,,,,,False
anchor_rows,508,,1/4,all-64,primary,current_partial,64,0,unresolved,opposite_worlds,opposite_worlds,-43/64,99/64,-27/64,73/64,-27/64,73/64,False
anchor_rows,509,,1/4,all-64,primary,union_strict,64,36,input_blocked,,,,,,,,,False
anchor_rows,510,,1/4,all-64,primary,union_partial,64,1,input_blocked,,,,,,,,,False
anchor_rows,511,,7/20,image-00,singleton,exact_projection,1,0,excluded,universal_bound,universal_bound,0/1,0/1,0/1,0/1,0/1,0/1,False
anchor_rows,512,,7/20,image-00,singleton,one_edit_per_image,1,0,unresolved,opposite_worlds,opposite_worlds,-2/1,2/1,0/1,2/1,0/1,2/1,False
anchor_rows,513,,7/20,image-00,singleton,one_edit_global,1,0,unresolved,opposite_worlds,opposite_worlds,-2/1,2/1,0/1,2/1,0/1,2/1,False
anchor_rows,514,,7/20,image-00,singleton,current_strict,1,0,excluded,universal_bound,universal_bound,0/1,0/1,0/1,0/1,0/1,0/1,False
anchor_rows,515,,7/20,image-00,singleton,current_partial,1,0,excluded,universal_bound,universal_bound,0/1,0/1,0/1,0/1,0/1,0/1,False
anchor_rows,516,,7/20,image-00,singleton,union_strict,1,0,excluded,universal_bound,universal_bound,0/1,0/1,0/1,0/1,0/1,0/1,False
anchor_rows,517,,7/20,image-00,singleton,union_partial,1,0,excluded,universal_bound,universal_bound,0/1,0/1,0/1,0/1,0/1,0/1,False
anchor_rows,518,,7/20,image-01,singleton,exact_projection,1,0,supported,universal_bound,universal_bound,2/1,2/1,2/1,2/1,2/1,2/1,False
anchor_rows,519,,7/20,image-01,singleton,one_edit_per_image,1,0,unresolved,opposite_worlds,opposite_worlds,-2/1,6/1,0/1,4/1,0/1,4/1,False
anchor_rows,520,,7/20,image-01,singleton,one_edit_global,1,0,unresolved,opposite_worlds,opposite_worlds,-2/1,6/1,0/1,4/1,0/1,4/1,False
anchor_rows,521,,7/20,image-01,singleton,current_strict,1,0,supported,universal_bound,universal_bound,2/1,2/1,2/1,2/1,2/1,2/1,False
anchor_rows,522,,7/20,image-01,singleton,current_partial,1,0,supported,universal_bound,universal_bound,2/1,2/1,2/1,2/1,2/1,2/1,False
anchor_rows,523,,7/20,image-01,singleton,union_strict,1,0,supported,universal_bound,universal_bound,2/1,2/1,2/1,2/1,2/1,2/1,False
anchor_rows,524,,7/20,image-01,singleton,union_partial,1,0,supported,universal_bound,universal_bound,2/1,2/1,2/1,2/1,2/1,2/1,False
anchor_rows,525,,7/20,image-02,singleton,exact_projection,1,0,supported,universal_bound,universal_bound,1/1,1/1,1/1,1/1,1/1,1/1,False
anchor_rows,526,,7/20,image-02,singleton,one_edit_per_image,1,0,unresolved,opposite_worlds,opposite_worlds,-1/1,3/1,-1/1,3/1,-1/1,3/1,False
anchor_rows,527,,7/20,image-02,singleton,one_edit_global,1,0,unresolved,opposite_worlds,opposite_worlds,-1/1,3/1,-1/1,3/1,-1/1,3/1,False
anchor_rows,528,,7/20,image-02,singleton,current_strict,1,0,supported,universal_bound,universal_bound,1/1,1/1,1/1,1/1,1/1,1/1,False
anchor_rows,529,,7/20,image-02,singleton,current_partial,1,0,supported,universal_bound,universal_bound,1/1,1/1,1/1,1/1,1/1,1/1,False
anchor_rows,530,,7/20,image-02,singleton,union_strict,1,0,supported,universal_bound,universal_bound,1/1,1/1,1/1,1/1,1/1,1/1,False
anchor_rows,531,,7/20,image-02,singleton,union_partial,1,0,supported,universal_bound,universal_bound,1/1,1/1,1/1,1/1,1/1,1/1,False
anchor_rows,532,,7/20,image-03,singleton,exact_projection,1,0,excluded,universal_bound,universal_bound,0/1,0/1,0/1,0/1,0/1,0/1,False
anchor_rows,533,,7/20,image-03,singleton,one_edit_per_image,1,0,excluded,universal_bound,universal_bound,-2/1,0/1,-2/1,0/1,-2/1,0/1,False
anchor_rows,534,,7/20,image-03,singleton,one_edit_global,1,0,excluded,universal_bound,universal_bound,-2/1,0/1,-2/1,0/1,-2/1,0/1,False
anchor_rows,535,,7/20,image-03,singleton,current_strict,1,0,excluded,universal_bound,universal_bound,0/1,0/1,0/1,0/1,0/1,0/1,False
anchor_rows,536,,7/20,image-03,singleton,current_partial,1,0,excluded,universal_bound,universal_bound,0/1,0/1,0/1,0/1,0/1,0/1,False
anchor_rows,537,,7/20,image-03,singleton,union_strict,1,0,excluded,universal_bound,universal_bound,0/1,0/1,0/1,0/1,0/1,0/1,False
anchor_rows,538,,7/20,image-03,singleton,union_partial,1,0,excluded,universal_bound,universal_bound,0/1,0/1,0/1,0/1,0/1,0/1,False
anchor_rows,539,,7/20,image-04,singleton,exact_projection,1,0,excluded,universal_bound,universal_bound,0/1,0/1,0/1,0/1,0/1,0/1,False
anchor_rows,540,,7/20,image-04,singleton,one_edit_per_image,1,0,unresolved,opposite_worlds,opposite_worlds,-2/1,2/1,-2/1,2/1,-2/1,2/1,False
anchor_rows,541,,7/20,image-04,singleton,one_edit_global,1,0,unresolved,opposite_worlds,opposite_worlds,-2/1,2/1,-2/1,2/1,-2/1,2/1,False
anchor_rows,542,,7/20,image-04,singleton,current_strict,1,0,excluded,universal_bound,universal_bound,0/1,0/1,0/1,0/1,0/1,0/1,False
anchor_rows,543,,7/20,image-04,singleton,current_partial,1,0,excluded,universal_bound,universal_bound,0/1,0/1,0/1,0/1,0/1,0/1,False
anchor_rows,544,,7/20,image-04,singleton,union_strict,1,1,input_blocked,,,,,,,,,False
anchor_rows,545,,7/20,image-04,singleton,union_partial,1,0,unresolved,opposite_worlds,opposite_worlds,-2/1,2/1,-2/1,2/1,-2/1,2/1,False
anchor_rows,546,,7/20,image-05,singleton,exact_projection,1,0,excluded,universal_bound,universal_bound,0/1,0/1,0/1,0/1,0/1,0/1,False
anchor_rows,547,,7/20,image-05,singleton,one_edit_per_image,1,0,unresolved,opposite_worlds,opposite_worlds,-2/1,2/1,-2/1,2/1,-2/1,2/1,False
anchor_rows,548,,7/20,image-05,singleton,one_edit_global,1,0,unresolved,opposite_worlds,opposite_worlds,-2/1,2/1,-2/1,2/1,-2/1,2/1,False
anchor_rows,549,,7/20,image-05,singleton,current_strict,1,0,excluded,universal_bound,universal_bound,0/1,0/1,0/1,0/1,0/1,0/1,False
anchor_rows,550,,7/20,image-05,singleton,current_partial,1,0,excluded,universal_bound,universal_bound,0/1,0/1,0/1,0/1,0/1,0/1,False
anchor_rows,551,,7/20,image-05,singleton,union_strict,1,1,input_blocked,,,,,,,,,False
anchor_rows,552,,7/20,image-05,singleton,union_partial,1,0,unresolved,opposite_worlds,opposite_worlds,-2/1,2/1,-2/1,2/1,-2/1,2/1,False
anchor_rows,553,,7/20,image-06,singleton,exact_projection,1,0,excluded,universal_bound,universal_bound,0/1,0/1,0/1,0/1,0/1,0/1,False
anchor_rows,554,,7/20,image-06,singleton,one_edit_per_image,1,0,unresolved,opposite_worlds,opposite_worlds,-2/1,2/1,-2/1,2/1,-2/1,2/1,False
anchor_rows,555,,7/20,image-06,singleton,one_edit_global,1,0,unresolved,opposite_worlds,opposite_worlds,-2/1,2/1,-2/1,2/1,-2/1,2/1,False
anchor_rows,556,,7/20,image-06,singleton,current_strict,1,0,excluded,universal_bound,universal_bound,0/1,0/1,0/1,0/1,0/1,0/1,False
anchor_rows,557,,7/20,image-06,singleton,current_partial,1,0,excluded,universal_bound,universal_bound,0/1,0/1,0/1,0/1,0/1,0/1,False
anchor_rows,558,,7/20,image-06,singleton,union_strict,1,0,excluded,universal_bound,universal_bound,0/1,0/1,0/1,0/1,0/1,0/1,False
anchor_rows,559,,7/20,image-06,singleton,union_partial,1,0,excluded,universal_bound,universal_bound,0/1,0/1,0/1,0/1,0/1,0/1,False
anchor_rows,560,,7/20,image-07,singleton,exact_projection,1,0,excluded,universal_bound,universal_bound,-1/1,-1/1,-1/1,-1/1,-1/1,-1/1,False
anchor_rows,561,,7/20,image-07,singleton,one_edit_per_image,1,0,unresolved,opposite_worlds,opposite_worlds,-3/1,1/1,-1/1,1/1,-3/1,1/1,False
anchor_rows,562,,7/20,image-07,singleton,one_edit_global,1,0,unresolved,opposite_worlds,opposite_worlds,-3/1,1/1,-1/1,1/1,-3/1,1/1,False
anchor_rows,563,,7/20,image-07,singleton,current_strict,1,0,excluded,universal_bound,universal_bound,-1/1,-1/1,-1/1,-1/1,-1/1,-1/1,False
anchor_rows,564,,7/20,image-07,singleton,current_partial,1,0,excluded,universal_bound,universal_bound,-1/1,-1/1,-1/1,-1/1,-1/1,-1/1,False
anchor_rows,565,,7/20,image-07,singleton,union_strict,1,0,excluded,universal_bound,universal_bound,-1/1,-1/1,-1/1,-1/1,-1/1,-1/1,False
anchor_rows,566,,7/20,image-07,singleton,union_partial,1,0,excluded,universal_bound,universal_bound,-1/1,-1/1,-1/1,-1/1,-1/1,-1/1,False
anchor_rows,567,,7/20,image-08,singleton,exact_projection,1,0,excluded,universal_bound,universal_bound,-1/1,-1/1,-1/1,-1/1,-1/1,-1/1,False
anchor_rows,568,,7/20,image-08,singleton,one_edit_per_image,1,0,unresolved,opposite_worlds,opposite_worlds,-3/1,1/1,-3/1,1/1,-3/1,1/1,False
anchor_rows,569,,7/20,image-08,singleton,one_edit_global,1,0,unresolved,opposite_worlds,opposite_worlds,-3/1,1/1,-3/1,1/1,-3/1,1/1,False
anchor_rows,570,,7/20,image-08,singleton,current_strict,1,0,excluded,universal_bound,universal_bound,-1/1,-1/1,-1/1,-1/1,-1/1,-1/1,False
anchor_rows,571,,7/20,image-08,singleton,current_partial,1,0,excluded,universal_bound,universal_bound,-1/1,-1/1,-1/1,-1/1,-1/1,-1/1,False
anchor_rows,572,,7/20,image-08,singleton,union_strict,1,1,input_blocked,,,,,,,,,False
anchor_rows,573,,7/20,image-08,singleton,union_partial,1,0,excluded,universal_bound,universal_bound,-3/1,-1/1,-3/1,-1/1,-3/1,-1/1,False
anchor_rows,574,,7/20,image-09,singleton,exact_projection,1,0,excluded,universal_bound,universal_bound,-1/1,-1/1,-1/1,-1/1,-1/1,-1/1,False
anchor_rows,575,,7/20,image-09,singleton,one_edit_per_image,1,0,unresolved,opposite_worlds,opposite_worlds,-3/1,1/1,-1/1,1/1,-1/1,1/1,False
anchor_rows,576,,7/20,image-09,singleton,one_edit_global,1,0,unresolved,opposite_worlds,opposite_worlds,-3/1,1/1,-1/1,1/1,-1/1,1/1,False
anchor_rows,577,,7/20,image-09,singleton,current_strict,1,1,input_blocked,,,,,,,,,False
anchor_rows,578,,7/20,image-09,singleton,current_partial,1,0,unresolved,opposite_worlds,opposite_worlds,-5/1,3/1,-3/1,3/1,-3/1,3/1,False
anchor_rows,579,,7/20,image-09,singleton,union_strict,1,1,input_blocked,,,,,,,,,False
anchor_rows,580,,7/20,image-09,singleton,union_partial,1,0,unresolved,opposite_worlds,opposite_worlds,-7/1,5/1,-3/1,3/1,-3/1,3/1,False
anchor_rows,581,,7/20,image-10,singleton,exact_projection,1,0,supported,universal_bound,universal_bound,1/1,1/1,1/1,1/1,1/1,1/1,False
anchor_rows,582,,7/20,image-10,singleton,one_edit_per_image,1,0,unresolved,bound_gap,opposite_worlds,-1/1,3/1,1/1,1/1,-1/1,3/1,True
anchor_rows,583,,7/20,image-10,singleton,one_edit_global,1,0,unresolved,bound_gap,opposite_worlds,-1/1,3/1,1/1,1/1,-1/1,3/1,True
anchor_rows,584,,7/20,image-10,singleton,current_strict,1,0,supported,universal_bound,universal_bound,1/1,1/1,1/1,1/1,1/1,1/1,False
anchor_rows,585,,7/20,image-10,singleton,current_partial,1,0,supported,universal_bound,universal_bound,1/1,1/1,1/1,1/1,1/1,1/1,False
anchor_rows,586,,7/20,image-10,singleton,union_strict,1,0,supported,universal_bound,universal_bound,1/1,1/1,1/1,1/1,1/1,1/1,False
anchor_rows,587,,7/20,image-10,singleton,union_partial,1,0,supported,universal_bound,universal_bound,1/1,1/1,1/1,1/1,1/1,1/1,False
anchor_rows,588,,7/20,image-11,singleton,exact_projection,1,0,supported,universal_bound,universal_bound,1/1,1/1,1/1,1/1,1/1,1/1,False
anchor_rows,589,,7/20,image-11,singleton,one_edit_per_image,1,0,unresolved,bound_gap,opposite_worlds,-1/1,3/1,1/1,3/1,-1/1,3/1,True
anchor_rows,590,,7/20,image-11,singleton,one_edit_global,1,0,unresolved,bound_gap,opposite_worlds,-1/1,3/1,1/1,3/1,-1/1,3/1,True
anchor_rows,591,,7/20,image-11,singleton,current_strict,1,1,input_blocked,,,,,,,,,False
anchor_rows,592,,7/20,image-11,singleton,current_partial,1,0,unresolved,bound_gap,bound_gap,-1/1,3/1,1/1,1/1,1/1,1/1,False
anchor_rows,593,,7/20,image-11,singleton,union_strict,1,1,input_blocked,,,,,,,,,False
anchor_rows,594,,7/20,image-11,singleton,union_partial,1,0,unresolved,bound_gap,bound_gap,-3/1,5/1,1/1,1/1,1/1,1/1,False
anchor_rows,595,,7/20,image-12,singleton,exact_projection,1,0,excluded,universal_bound,universal_bound,-1/1,-1/1,-1/1,-1/1,-1/1,-1/1,False
anchor_rows,596,,7/20,image-12,singleton,one_edit_per_image,1,0,unresolved,opposite_worlds,opposite_worlds,-3/1,3/1,-3/1,1/1,-3/1,1/1,False
anchor_rows,597,,7/20,image-12,singleton,one_edit_global,1,0,unresolved,opposite_worlds,opposite_worlds,-3/1,3/1,-3/1,1/1,-3/1,1/1,False
anchor_rows,598,,7/20,image-12,singleton,current_strict,1,0,excluded,universal_bound,universal_bound,-1/1,-1/1,-1/1,-1/1,-1/1,-1/1,False
anchor_rows,599,,7/20,image-12,singleton,current_partial,1,0,excluded,universal_bound,universal_bound,-1/1,-1/1,-1/1,-1/1,-1/1,-1/1,False
anchor_rows,600,,7/20,image-12,singleton,union_strict,1,0,excluded,universal_bound,universal_bound,-1/1,-1/1,-1/1,-1/1,-1/1,-1/1,False
anchor_rows,601,,7/20,image-12,singleton,union_partial,1,0,excluded,universal_bound,universal_bound,-1/1,-1/1,-1/1,-1/1,-1/1,-1/1,False
anchor_rows,602,,7/20,image-13,singleton,exact_projection,1,0,supported,universal_bound,universal_bound,3/1,3/1,3/1,3/1,3/1,3/1,False
anchor_rows,603,,7/20,image-13,singleton,one_edit_per_image,1,0,unresolved,bound_gap,opposite_worlds,-1/1,5/1,1/1,5/1,-1/1,5/1,True
anchor_rows,604,,7/20,image-13,singleton,one_edit_global,1,0,unresolved,bound_gap,opposite_worlds,-1/1,5/1,1/1,5/1,-1/1,5/1,True
anchor_rows,605,,7/20,image-13,singleton,current_strict,1,1,input_blocked,,,,,,,,,False
anchor_rows,606,,7/20,image-13,singleton,current_partial,1,0,unresolved,opposite_worlds,opposite_worlds,-5/1,3/1,-5/1,1/1,-5/1,1/1,False
anchor_rows,607,,7/20,image-13,singleton,union_strict,1,1,input_blocked,,,,,,,,,False
anchor_rows,608,,7/20,image-13,singleton,union_partial,1,0,unresolved,opposite_worlds,opposite_worlds,-5/1,3/1,-5/1,1/1,-5/1,1/1,False
anchor_rows,609,,7/20,image-14,singleton,exact_projection,1,0,excluded,universal_bound,universal_bound,0/1,0/1,0/1,0/1,0/1,0/1,False
anchor_rows,610,,7/20,image-14,singleton,one_edit_per_image,1,0,unresolved,opposite_worlds,opposite_worlds,-2/1,2/1,-2/1,2/1,-2/1,2/1,False
anchor_rows,611,,7/20,image-14,singleton,one_edit_global,1,0,unresolved,opposite_worlds,opposite_worlds,-2/1,2/1,-2/1,2/1,-2/1,2/1,False
anchor_rows,612,,7/20,image-14,singleton,current_strict,1,1,input_blocked,,,,,,,,,False
anchor_rows,613,,7/20,image-14,singleton,current_partial,1,0,excluded,universal_bound,universal_bound,0/1,0/1,0/1,0/1,0/1,0/1,False
anchor_rows,614,,7/20,image-14,singleton,union_strict,1,1,input_blocked,,,,,,,,,False
anchor_rows,615,,7/20,image-14,singleton,union_partial,1,0,excluded,universal_bound,universal_bound,0/1,0/1,0/1,0/1,0/1,0/1,False
anchor_rows,616,,7/20,image-15,singleton,exact_projection,1,0,excluded,universal_bound,universal_bound,0/1,0/1,0/1,0/1,0/1,0/1,False
anchor_rows,617,,7/20,image-15,singleton,one_edit_per_image,1,0,unresolved,opposite_worlds,opposite_worlds,-2/1,2/1,0/1,2/1,-2/1,2/1,False
anchor_rows,618,,7/20,image-15,singleton,one_edit_global,1,0,unresolved,opposite_worlds,opposite_worlds,-2/1,2/1,0/1,2/1,-2/1,2/1,False
anchor_rows,619,,7/20,image-15,singleton,current_strict,1,0,excluded,universal_bound,universal_bound,0/1,0/1,0/1,0/1,0/1,0/1,False
anchor_rows,620,,7/20,image-15,singleton,current_partial,1,0,excluded,universal_bound,universal_bound,0/1,0/1,0/1,0/1,0/1,0/1,False
anchor_rows,621,,7/20,image-15,singleton,union_strict,1,0,excluded,universal_bound,universal_bound,0/1,0/1,0/1,0/1,0/1,0/1,False
anchor_rows,622,,7/20,image-15,singleton,union_partial,1,0,excluded,universal_bound,universal_bound,0/1,0/1,0/1,0/1,0/1,0/1,False
anchor_rows,623,,7/20,image-16,singleton,exact_projection,1,0,excluded,universal_bound,universal_bound,0/1,0/1,0/1,0/1,0/1,0/1,False
anchor_rows,624,,7/20,image-16,singleton,one_edit_per_image,1,0,unresolved,opposite_worlds,opposite_worlds,-2/1,2/1,-2/1,2/1,-2/1,2/1,False
anchor_rows,625,,7/20,image-16,singleton,one_edit_global,1,0,unresolved,opposite_worlds,opposite_worlds,-2/1,2/1,-2/1,2/1,-2/1,2/1,False
anchor_rows,626,,7/20,image-16,singleton,current_strict,1,0,excluded,universal_bound,universal_bound,0/1,0/1,0/1,0/1,0/1,0/1,False
anchor_rows,627,,7/20,image-16,singleton,current_partial,1,0,excluded,universal_bound,universal_bound,0/1,0/1,0/1,0/1,0/1,0/1,False
anchor_rows,628,,7/20,image-16,singleton,union_strict,1,0,excluded,universal_bound,universal_bound,0/1,0/1,0/1,0/1,0/1,0/1,False
anchor_rows,629,,7/20,image-16,singleton,union_partial,1,0,excluded,universal_bound,universal_bound,0/1,0/1,0/1,0/1,0/1,0/1,False
anchor_rows,630,,7/20,image-17,singleton,exact_projection,1,0,excluded,universal_bound,universal_bound,0/1,0/1,0/1,0/1,0/1,0/1,False
anchor_rows,631,,7/20,image-17,singleton,one_edit_per_image,1,0,unresolved,opposite_worlds,opposite_worlds,-2/1,2/1,-2/1,2/1,-2/1,2/1,False
anchor_rows,632,,7/20,image-17,singleton,one_edit_global,1,0,unresolved,opposite_worlds,opposite_worlds,-2/1,2/1,-2/1,2/1,-2/1,2/1,False
anchor_rows,633,,7/20,image-17,singleton,current_strict,1,0,excluded,universal_bound,universal_bound,0/1,0/1,0/1,0/1,0/1,0/1,False
anchor_rows,634,,7/20,image-17,singleton,current_partial,1,0,excluded,universal_bound,universal_bound,0/1,0/1,0/1,0/1,0/1,0/1,False
anchor_rows,635,,7/20,image-17,singleton,union_strict,1,0,excluded,universal_bound,universal_bound,0/1,0/1,0/1,0/1,0/1,0/1,False
anchor_rows,636,,7/20,image-17,singleton,union_partial,1,0,excluded,universal_bound,universal_bound,0/1,0/1,0/1,0/1,0/1,0/1,False
anchor_rows,637,,7/20,image-18,singleton,exact_projection,1,0,excluded,universal_bound,universal_bound,0/1,0/1,0/1,0/1,0/1,0/1,False
anchor_rows,638,,7/20,image-18,singleton,one_edit_per_image,1,0,excluded,universal_bound,universal_bound,0/1,0/1,0/1,0/1,0/1,0/1,False
anchor_rows,639,,7/20,image-18,singleton,one_edit_global,1,0,excluded,universal_bound,universal_bound,0/1,0/1,0/1,0/1,0/1,0/1,False
anchor_rows,640,,7/20,image-18,singleton,current_strict,1,1,input_blocked,,,,,,,,,False
anchor_rows,641,,7/20,image-18,singleton,current_partial,1,0,excluded,universal_bound,universal_bound,0/1,0/1,0/1,0/1,0/1,0/1,False
anchor_rows,642,,7/20,image-18,singleton,union_strict,1,1,input_blocked,,,,,,,,,False
anchor_rows,643,,7/20,image-18,singleton,union_partial,1,0,excluded,universal_bound,universal_bound,0/1,0/1,0/1,0/1,0/1,0/1,False
anchor_rows,644,,7/20,image-19,singleton,exact_projection,1,0,supported,universal_bound,universal_bound,1/1,1/1,1/1,1/1,1/1,1/1,False
anchor_rows,645,,7/20,image-19,singleton,one_edit_per_image,1,0,unresolved,opposite_worlds,opposite_worlds,-1/1,3/1,-1/1,3/1,-1/1,3/1,False
anchor_rows,646,,7/20,image-19,singleton,one_edit_global,1,0,unresolved,opposite_worlds,opposite_worlds,-1/1,3/1,-1/1,3/1,-1/1,3/1,False
anchor_rows,647,,7/20,image-19,singleton,current_strict,1,0,supported,universal_bound,universal_bound,1/1,1/1,1/1,1/1,1/1,1/1,False
anchor_rows,648,,7/20,image-19,singleton,current_partial,1,0,supported,universal_bound,universal_bound,1/1,1/1,1/1,1/1,1/1,1/1,False
anchor_rows,649,,7/20,image-19,singleton,union_strict,1,0,supported,universal_bound,universal_bound,1/1,1/1,1/1,1/1,1/1,1/1,False
anchor_rows,650,,7/20,image-19,singleton,union_partial,1,0,supported,universal_bound,universal_bound,1/1,1/1,1/1,1/1,1/1,1/1,False
anchor_rows,651,,7/20,image-20,singleton,exact_projection,1,0,excluded,universal_bound,universal_bound,0/1,0/1,0/1,0/1,0/1,0/1,False
anchor_rows,652,,7/20,image-20,singleton,one_edit_per_image,1,0,unresolved,opposite_worlds,opposite_worlds,-2/1,2/1,-2/1,2/1,-2/1,2/1,False
anchor_rows,653,,7/20,image-20,singleton,one_edit_global,1,0,unresolved,opposite_worlds,opposite_worlds,-2/1,2/1,-2/1,2/1,-2/1,2/1,False
anchor_rows,654,,7/20,image-20,singleton,current_strict,1,0,excluded,universal_bound,universal_bound,0/1,0/1,0/1,0/1,0/1,0/1,False
anchor_rows,655,,7/20,image-20,singleton,current_partial,1,0,excluded,universal_bound,universal_bound,0/1,0/1,0/1,0/1,0/1,0/1,False
anchor_rows,656,,7/20,image-20,singleton,union_strict,1,0,excluded,universal_bound,universal_bound,0/1,0/1,0/1,0/1,0/1,0/1,False
anchor_rows,657,,7/20,image-20,singleton,union_partial,1,0,excluded,universal_bound,universal_bound,0/1,0/1,0/1,0/1,0/1,0/1,False
anchor_rows,658,,7/20,image-21,singleton,exact_projection,1,0,excluded,universal_bound,universal_bound,0/1,0/1,0/1,0/1,0/1,0/1,False
anchor_rows,659,,7/20,image-21,singleton,one_edit_per_image,1,0,unresolved,opposite_worlds,opposite_worlds,-2/1,2/1,0/1,2/1,-2/1,2/1,False
anchor_rows,660,,7/20,image-21,singleton,one_edit_global,1,0,unresolved,opposite_worlds,opposite_worlds,-2/1,2/1,0/1,2/1,-2/1,2/1,False
anchor_rows,661,,7/20,image-21,singleton,current_strict,1,0,excluded,universal_bound,universal_bound,0/1,0/1,0/1,0/1,0/1,0/1,False
anchor_rows,662,,7/20,image-21,singleton,current_partial,1,0,excluded,universal_bound,universal_bound,0/1,0/1,0/1,0/1,0/1,0/1,False
anchor_rows,663,,7/20,image-21,singleton,union_strict,1,1,input_blocked,,,,,,,,,False
anchor_rows,664,,7/20,image-21,singleton,union_partial,1,0,excluded,universal_bound,universal_bound,0/1,0/1,0/1,0/1,0/1,0/1,False
anchor_rows,665,,7/20,image-22,singleton,exact_projection,1,0,excluded,universal_bound,universal_bound,-1/1,-1/1,-1/1,-1/1,-1/1,-1/1,False
anchor_rows,666,,7/20,image-22,singleton,one_edit_per_image,1,0,unresolved,opposite_worlds,opposite_worlds,-3/1,1/1,-3/1,1/1,-3/1,1/1,False
anchor_rows,667,,7/20,image-22,singleton,one_edit_global,1,0,unresolved,opposite_worlds,opposite_worlds,-3/1,1/1,-3/1,1/1,-3/1,1/1,False
anchor_rows,668,,7/20,image-22,singleton,current_strict,1,1,input_blocked,,,,,,,,,False
anchor_rows,669,,7/20,image-22,singleton,current_partial,1,0,excluded,universal_bound,universal_bound,-1/1,-1/1,-1/1,-1/1,-1/1,-1/1,False
anchor_rows,670,,7/20,image-22,singleton,union_strict,1,1,input_blocked,,,,,,,,,False
anchor_rows,671,,7/20,image-22,singleton,union_partial,1,0,excluded,universal_bound,universal_bound,-1/1,-1/1,-1/1,-1/1,-1/1,-1/1,False
anchor_rows,672,,7/20,image-23,singleton,exact_projection,1,0,excluded,universal_bound,universal_bound,0/1,0/1,0/1,0/1,0/1,0/1,False
anchor_rows,673,,7/20,image-23,singleton,one_edit_per_image,1,0,excluded,universal_bound,universal_bound,0/1,0/1,0/1,0/1,0/1,0/1,False
anchor_rows,674,,7/20,image-23,singleton,one_edit_global,1,0,excluded,universal_bound,universal_bound,0/1,0/1,0/1,0/1,0/1,0/1,False
anchor_rows,675,,7/20,image-23,singleton,current_strict,1,0,excluded,universal_bound,universal_bound,0/1,0/1,0/1,0/1,0/1,0/1,False
anchor_rows,676,,7/20,image-23,singleton,current_partial,1,0,excluded,universal_bound,universal_bound,0/1,0/1,0/1,0/1,0/1,0/1,False
anchor_rows,677,,7/20,image-23,singleton,union_strict,1,1,input_blocked,,,,,,,,,False
anchor_rows,678,,7/20,image-23,singleton,union_partial,1,0,excluded,universal_bound,universal_bound,0/1,0/1,0/1,0/1,0/1,0/1,False
anchor_rows,679,,7/20,image-24,singleton,exact_projection,1,0,excluded,universal_bound,universal_bound,0/1,0/1,0/1,0/1,0/1,0/1,False
anchor_rows,680,,7/20,image-24,singleton,one_edit_per_image,1,0,unresolved,opposite_worlds,opposite_worlds,-2/1,2/1,-2/1,2/1,-2/1,2/1,False
anchor_rows,681,,7/20,image-24,singleton,one_edit_global,1,0,unresolved,opposite_worlds,opposite_worlds,-2/1,2/1,-2/1,2/1,-2/1,2/1,False
anchor_rows,682,,7/20,image-24,singleton,current_strict,1,0,excluded,universal_bound,universal_bound,0/1,0/1,0/1,0/1,0/1,0/1,False
anchor_rows,683,,7/20,image-24,singleton,current_partial,1,0,excluded,universal_bound,universal_bound,0/1,0/1,0/1,0/1,0/1,0/1,False
anchor_rows,684,,7/20,image-24,singleton,union_strict,1,0,excluded,universal_bound,universal_bound,0/1,0/1,0/1,0/1,0/1,0/1,False
anchor_rows,685,,7/20,image-24,singleton,union_partial,1,0,excluded,universal_bound,universal_bound,0/1,0/1,0/1,0/1,0/1,0/1,False
anchor_rows,686,,7/20,image-25,singleton,exact_projection,1,0,excluded,universal_bound,universal_bound,-2/1,-2/1,-2/1,-2/1,-2/1,-2/1,False
anchor_rows,687,,7/20,image-25,singleton,one_edit_per_image,1,0,excluded,universal_bound,universal_bound,-4/1,0/1,-4/1,0/1,-4/1,0/1,False
anchor_rows,688,,7/20,image-25,singleton,one_edit_global,1,0,excluded,universal_bound,universal_bound,-4/1,0/1,-4/1,0/1,-4/1,0/1,False
anchor_rows,689,,7/20,image-25,singleton,current_strict,1,0,excluded,universal_bound,universal_bound,-2/1,-2/1,-2/1,-2/1,-2/1,-2/1,False
anchor_rows,690,,7/20,image-25,singleton,current_partial,1,0,excluded,universal_bound,universal_bound,-2/1,-2/1,-2/1,-2/1,-2/1,-2/1,False
anchor_rows,691,,7/20,image-25,singleton,union_strict,1,1,input_blocked,,,,,,,,,False
anchor_rows,692,,7/20,image-25,singleton,union_partial,1,0,excluded,universal_bound,universal_bound,-2/1,-2/1,-2/1,-2/1,-2/1,-2/1,False
anchor_rows,693,,7/20,image-26,singleton,exact_projection,1,0,excluded,universal_bound,universal_bound,-2/1,-2/1,-2/1,-2/1,-2/1,-2/1,False
anchor_rows,694,,7/20,image-26,singleton,one_edit_per_image,1,0,unresolved,bound_gap,opposite_worlds,-6/1,2/1,-6/1,0/1,-6/1,2/1,True
anchor_rows,695,,7/20,image-26,singleton,one_edit_global,1,0,unresolved,bound_gap,opposite_worlds,-6/1,2/1,-6/1,0/1,-6/1,2/1,True
anchor_rows,696,,7/20,image-26,singleton,current_strict,1,0,excluded,universal_bound,universal_bound,-2/1,-2/1,-2/1,-2/1,-2/1,-2/1,False
anchor_rows,697,,7/20,image-26,singleton,current_partial,1,0,excluded,universal_bound,universal_bound,-2/1,-2/1,-2/1,-2/1,-2/1,-2/1,False
anchor_rows,698,,7/20,image-26,singleton,union_strict,1,0,excluded,universal_bound,universal_bound,-2/1,-2/1,-2/1,-2/1,-2/1,-2/1,False
anchor_rows,699,,7/20,image-26,singleton,union_partial,1,0,excluded,universal_bound,universal_bound,-2/1,-2/1,-2/1,-2/1,-2/1,-2/1,False
anchor_rows,700,,7/20,image-27,singleton,exact_projection,1,0,supported,universal_bound,universal_bound,1/1,1/1,1/1,1/1,1/1,1/1,False
anchor_rows,701,,7/20,image-27,singleton,one_edit_per_image,1,0,unresolved,opposite_worlds,opposite_worlds,-1/1,3/1,-1/1,1/1,-1/1,3/1,False
anchor_rows,702,,7/20,image-27,singleton,one_edit_global,1,0,unresolved,opposite_worlds,opposite_worlds,-1/1,3/1,-1/1,1/1,-1/1,3/1,False
anchor_rows,703,,7/20,image-27,singleton,current_strict,1,1,input_blocked,,,,,,,,,False
anchor_rows,704,,7/20,image-27,singleton,current_partial,1,0,supported,universal_bound,universal_bound,1/1,1/1,1/1,1/1,1/1,1/1,False
anchor_rows,705,,7/20,image-27,singleton,union_strict,1,1,input_blocked,,,,,,,,,False
anchor_rows,706,,7/20,image-27,singleton,union_partial,1,0,supported,universal_bound,universal_bound,1/1,1/1,1/1,1/1,1/1,1/1,False
anchor_rows,707,,7/20,image-28,singleton,exact_projection,1,0,supported,universal_bound,universal_bound,1/1,1/1,1/1,1/1,1/1,1/1,False
anchor_rows,708,,7/20,image-28,singleton,one_edit_per_image,1,0,unresolved,opposite_worlds,opposite_worlds,-1/1,1/1,-1/1,1/1,-1/1,1/1,False
anchor_rows,709,,7/20,image-28,singleton,one_edit_global,1,0,unresolved,opposite_worlds,opposite_worlds,-1/1,1/1,-1/1,1/1,-1/1,1/1,False
anchor_rows,710,,7/20,image-28,singleton,current_strict,1,1,input_blocked,,,,,,,,,False
anchor_rows,711,,7/20,image-28,singleton,current_partial,1,0,unresolved,opposite_worlds,opposite_worlds,-1/1,1/1,-1/1,1/1,-1/1,1/1,False
anchor_rows,712,,7/20,image-28,singleton,union_strict,1,1,input_blocked,,,,,,,,,False
anchor_rows,713,,7/20,image-28,singleton,union_partial,1,0,unresolved,opposite_worlds,opposite_worlds,-1/1,1/1,-1/1,1/1,-1/1,1/1,False
anchor_rows,714,,7/20,image-29,singleton,exact_projection,1,0,excluded,universal_bound,universal_bound,-2/1,-2/1,-2/1,-2/1,-2/1,-2/1,False
anchor_rows,715,,7/20,image-29,singleton,one_edit_per_image,1,0,unresolved,bound_gap,opposite_worlds,-4/1,2/1,-2/1,0/1,-4/1,2/1,True
anchor_rows,716,,7/20,image-29,singleton,one_edit_global,1,0,unresolved,bound_gap,opposite_worlds,-4/1,2/1,-2/1,0/1,-4/1,2/1,True
anchor_rows,717,,7/20,image-29,singleton,current_strict,1,1,input_blocked,,,,,,,,,False
anchor_rows,718,,7/20,image-29,singleton,current_partial,1,0,unresolved,opposite_worlds,opposite_worlds,-2/1,2/1,-2/1,2/1,-2/1,2/1,False
anchor_rows,719,,7/20,image-29,singleton,union_strict,1,1,input_blocked,,,,,,,,,False
anchor_rows,720,,7/20,image-29,singleton,union_partial,1,0,unresolved,opposite_worlds,opposite_worlds,-4/1,4/1,-2/1,4/1,-2/1,4/1,False
anchor_rows,721,,7/20,image-30,singleton,exact_projection,1,0,excluded,universal_bound,universal_bound,-1/1,-1/1,-1/1,-1/1,-1/1,-1/1,False
anchor_rows,722,,7/20,image-30,singleton,one_edit_per_image,1,0,unresolved,opposite_worlds,opposite_worlds,-3/1,3/1,-1/1,3/1,-1/1,3/1,False
anchor_rows,723,,7/20,image-30,singleton,one_edit_global,1,0,unresolved,opposite_worlds,opposite_worlds,-3/1,3/1,-1/1,3/1,-1/1,3/1,False
anchor_rows,724,,7/20,image-30,singleton,current_strict,1,1,input_blocked,,,,,,,,,False
anchor_rows,725,,7/20,image-30,singleton,current_partial,1,0,unresolved,opposite_worlds,opposite_worlds,-5/1,3/1,-1/1,3/1,-1/1,3/1,False
anchor_rows,726,,7/20,image-30,singleton,union_strict,1,1,input_blocked,,,,,,,,,False
anchor_rows,727,,7/20,image-30,singleton,union_partial,1,0,unresolved,opposite_worlds,opposite_worlds,-5/1,3/1,-3/1,3/1,-3/1,3/1,False
anchor_rows,728,,7/20,image-31,singleton,exact_projection,1,0,supported,universal_bound,universal_bound,1/1,1/1,1/1,1/1,1/1,1/1,False
anchor_rows,729,,7/20,image-31,singleton,one_edit_per_image,1,0,unresolved,opposite_worlds,opposite_worlds,-1/1,3/1,-1/1,3/1,-1/1,3/1,False
anchor_rows,730,,7/20,image-31,singleton,one_edit_global,1,0,unresolved,opposite_worlds,opposite_worlds,-1/1,3/1,-1/1,3/1,-1/1,3/1,False
anchor_rows,731,,7/20,image-31,singleton,current_strict,1,1,input_blocked,,,,,,,,,False
anchor_rows,732,,7/20,image-31,singleton,current_partial,1,0,unresolved,opposite_worlds,opposite_worlds,-3/1,3/1,-1/1,1/1,-1/1,1/1,False
anchor_rows,733,,7/20,image-31,singleton,union_strict,1,1,input_blocked,,,,,,,,,False
anchor_rows,734,,7/20,image-31,singleton,union_partial,1,0,unresolved,opposite_worlds,opposite_worlds,-3/1,3/1,-1/1,1/1,-1/1,1/1,False
anchor_rows,735,,7/20,image-32,singleton,exact_projection,1,0,excluded,universal_bound,universal_bound,0/1,0/1,0/1,0/1,0/1,0/1,False
anchor_rows,736,,7/20,image-32,singleton,one_edit_per_image,1,0,unresolved,opposite_worlds,opposite_worlds,-2/1,2/1,0/1,2/1,0/1,2/1,False
anchor_rows,737,,7/20,image-32,singleton,one_edit_global,1,0,unresolved,opposite_worlds,opposite_worlds,-2/1,2/1,0/1,2/1,0/1,2/1,False
anchor_rows,738,,7/20,image-32,singleton,current_strict,1,0,excluded,universal_bound,universal_bound,0/1,0/1,0/1,0/1,0/1,0/1,False
anchor_rows,739,,7/20,image-32,singleton,current_partial,1,0,excluded,universal_bound,universal_bound,0/1,0/1,0/1,0/1,0/1,0/1,False
anchor_rows,740,,7/20,image-32,singleton,union_strict,1,0,excluded,universal_bound,universal_bound,0/1,0/1,0/1,0/1,0/1,0/1,False
anchor_rows,741,,7/20,image-32,singleton,union_partial,1,0,excluded,universal_bound,universal_bound,0/1,0/1,0/1,0/1,0/1,0/1,False
anchor_rows,742,,7/20,image-33,singleton,exact_projection,1,0,supported,universal_bound,universal_bound,2/1,2/1,2/1,2/1,2/1,2/1,False
anchor_rows,743,,7/20,image-33,singleton,one_edit_per_image,1,0,unresolved,bound_gap,opposite_worlds,0/1,6/1,2/1,4/1,0/1,6/1,True
anchor_rows,744,,7/20,image-33,singleton,one_edit_global,1,0,unresolved,bound_gap,opposite_worlds,0/1,6/1,2/1,4/1,0/1,6/1,True
anchor_rows,745,,7/20,image-33,singleton,current_strict,1,1,input_blocked,,,,,,,,,False
anchor_rows,746,,7/20,image-33,singleton,current_partial,1,0,unresolved,bound_gap,bound_gap,0/1,4/1,2/1,4/1,2/1,4/1,False
anchor_rows,747,,7/20,image-33,singleton,union_strict,1,1,input_blocked,,,,,,,,,False
anchor_rows,748,,7/20,image-33,singleton,union_partial,1,0,unresolved,bound_gap,bound_gap,0/1,4/1,2/1,4/1,2/1,4/1,False
anchor_rows,749,,7/20,image-34,singleton,exact_projection,1,0,excluded,universal_bound,universal_bound,0/1,0/1,0/1,0/1,0/1,0/1,False
anchor_rows,750,,7/20,image-34,singleton,one_edit_per_image,1,0,unresolved,opposite_worlds,opposite_worlds,-2/1,2/1,0/1,2/1,-2/1,2/1,False
anchor_rows,751,,7/20,image-34,singleton,one_edit_global,1,0,unresolved,opposite_worlds,opposite_worlds,-2/1,2/1,0/1,2/1,-2/1,2/1,False
anchor_rows,752,,7/20,image-34,singleton,current_strict,1,0,excluded,universal_bound,universal_bound,0/1,0/1,0/1,0/1,0/1,0/1,False
anchor_rows,753,,7/20,image-34,singleton,current_partial,1,0,excluded,universal_bound,universal_bound,0/1,0/1,0/1,0/1,0/1,0/1,False
anchor_rows,754,,7/20,image-34,singleton,union_strict,1,1,input_blocked,,,,,,,,,False
anchor_rows,755,,7/20,image-34,singleton,union_partial,1,0,excluded,universal_bound,universal_bound,0/1,0/1,0/1,0/1,0/1,0/1,False
anchor_rows,756,,7/20,image-35,singleton,exact_projection,1,0,supported,universal_bound,universal_bound,1/1,1/1,1/1,1/1,1/1,1/1,False
anchor_rows,757,,7/20,image-35,singleton,one_edit_per_image,1,0,unresolved,opposite_worlds,opposite_worlds,-1/1,3/1,-1/1,1/1,-1/1,1/1,False
anchor_rows,758,,7/20,image-35,singleton,one_edit_global,1,0,unresolved,opposite_worlds,opposite_worlds,-1/1,3/1,-1/1,1/1,-1/1,1/1,False
anchor_rows,759,,7/20,image-35,singleton,current_strict,1,0,supported,universal_bound,universal_bound,1/1,1/1,1/1,1/1,1/1,1/1,False
anchor_rows,760,,7/20,image-35,singleton,current_partial,1,0,supported,universal_bound,universal_bound,1/1,1/1,1/1,1/1,1/1,1/1,False
anchor_rows,761,,7/20,image-35,singleton,union_strict,1,0,supported,universal_bound,universal_bound,1/1,1/1,1/1,1/1,1/1,1/1,False
anchor_rows,762,,7/20,image-35,singleton,union_partial,1,0,supported,universal_bound,universal_bound,1/1,1/1,1/1,1/1,1/1,1/1,False
anchor_rows,763,,7/20,image-36,singleton,exact_projection,1,0,supported,universal_bound,universal_bound,1/1,1/1,1/1,1/1,1/1,1/1,False
anchor_rows,764,,7/20,image-36,singleton,one_edit_per_image,1,0,unresolved,opposite_worlds,opposite_worlds,-1/1,1/1,-1/1,1/1,-1/1,1/1,False
anchor_rows,765,,7/20,image-36,singleton,one_edit_global,1,0,unresolved,opposite_worlds,opposite_worlds,-1/1,1/1,-1/1,1/1,-1/1,1/1,False
anchor_rows,766,,7/20,image-36,singleton,current_strict,1,0,supported,universal_bound,universal_bound,1/1,1/1,1/1,1/1,1/1,1/1,False
anchor_rows,767,,7/20,image-36,singleton,current_partial,1,0,supported,universal_bound,universal_bound,1/1,1/1,1/1,1/1,1/1,1/1,False
anchor_rows,768,,7/20,image-36,singleton,union_strict,1,0,supported,universal_bound,universal_bound,1/1,1/1,1/1,1/1,1/1,1/1,False
anchor_rows,769,,7/20,image-36,singleton,union_partial,1,0,supported,universal_bound,universal_bound,1/1,1/1,1/1,1/1,1/1,1/1,False
anchor_rows,770,,7/20,image-37,singleton,exact_projection,1,0,excluded,universal_bound,universal_bound,0/1,0/1,0/1,0/1,0/1,0/1,False
anchor_rows,771,,7/20,image-37,singleton,one_edit_per_image,1,0,unresolved,opposite_worlds,opposite_worlds,-2/1,2/1,-2/1,2/1,-2/1,2/1,False
anchor_rows,772,,7/20,image-37,singleton,one_edit_global,1,0,unresolved,opposite_worlds,opposite_worlds,-2/1,2/1,-2/1,2/1,-2/1,2/1,False
anchor_rows,773,,7/20,image-37,singleton,current_strict,1,1,input_blocked,,,,,,,,,False
anchor_rows,774,,7/20,image-37,singleton,current_partial,1,0,unresolved,opposite_worlds,opposite_worlds,-2/1,2/1,-2/1,2/1,-2/1,2/1,False
anchor_rows,775,,7/20,image-37,singleton,union_strict,1,1,input_blocked,,,,,,,,,False
anchor_rows,776,,7/20,image-37,singleton,union_partial,1,0,unresolved,opposite_worlds,opposite_worlds,-2/1,2/1,-2/1,2/1,-2/1,2/1,False
anchor_rows,777,,7/20,image-38,singleton,exact_projection,1,0,excluded,universal_bound,universal_bound,0/1,0/1,0/1,0/1,0/1,0/1,False
anchor_rows,778,,7/20,image-38,singleton,one_edit_per_image,1,0,unresolved,opposite_worlds,opposite_worlds,-2/1,4/1,-2/1,2/1,-2/1,2/1,False
anchor_rows,779,,7/20,image-38,singleton,one_edit_global,1,0,unresolved,opposite_worlds,opposite_worlds,-2/1,4/1,-2/1,2/1,-2/1,2/1,False
anchor_rows,780,,7/20,image-38,singleton,current_strict,1,1,input_blocked,,,,,,,,,False
anchor_rows,781,,7/20,image-38,singleton,current_partial,1,0,unresolved,opposite_worlds,opposite_worlds,0/1,4/1,0/1,2/1,0/1,2/1,False
anchor_rows,782,,7/20,image-38,singleton,union_strict,1,1,input_blocked,,,,,,,,,False
anchor_rows,783,,7/20,image-38,singleton,union_partial,1,0,unresolved,opposite_worlds,opposite_worlds,0/1,4/1,0/1,2/1,0/1,2/1,False
anchor_rows,784,,7/20,image-39,singleton,exact_projection,1,0,excluded,universal_bound,universal_bound,0/1,0/1,0/1,0/1,0/1,0/1,False
anchor_rows,785,,7/20,image-39,singleton,one_edit_per_image,1,0,unresolved,opposite_worlds,opposite_worlds,-2/1,2/1,-2/1,2/1,-2/1,2/1,False
anchor_rows,786,,7/20,image-39,singleton,one_edit_global,1,0,unresolved,opposite_worlds,opposite_worlds,-2/1,2/1,-2/1,2/1,-2/1,2/1,False
anchor_rows,787,,7/20,image-39,singleton,current_strict,1,1,input_blocked,,,,,,,,,False
anchor_rows,788,,7/20,image-39,singleton,current_partial,1,0,unresolved,opposite_worlds,opposite_worlds,-2/1,2/1,-2/1,2/1,-2/1,2/1,False
anchor_rows,789,,7/20,image-39,singleton,union_strict,1,1,input_blocked,,,,,,,,,False
anchor_rows,790,,7/20,image-39,singleton,union_partial,1,0,unresolved,opposite_worlds,opposite_worlds,-2/1,2/1,-2/1,2/1,-2/1,2/1,False
anchor_rows,791,,7/20,image-40,singleton,exact_projection,1,0,supported,universal_bound,universal_bound,1/1,1/1,1/1,1/1,1/1,1/1,False
anchor_rows,792,,7/20,image-40,singleton,one_edit_per_image,1,0,unresolved,opposite_worlds,opposite_worlds,-3/1,5/1,-1/1,5/1,-1/1,5/1,False
anchor_rows,793,,7/20,image-40,singleton,one_edit_global,1,0,unresolved,opposite_worlds,opposite_worlds,-3/1,5/1,-1/1,5/1,-1/1,5/1,False
anchor_rows,794,,7/20,image-40,singleton,current_strict,1,0,supported,universal_bound,universal_bound,1/1,1/1,1/1,1/1,1/1,1/1,False
anchor_rows,795,,7/20,image-40,singleton,current_partial,1,0,supported,universal_bound,universal_bound,1/1,1/1,1/1,1/1,1/1,1/1,False
anchor_rows,796,,7/20,image-40,singleton,union_strict,1,1,input_blocked,,,,,,,,,False
anchor_rows,797,,7/20,image-40,singleton,union_partial,1,0,unresolved,opposite_worlds,opposite_worlds,-1/1,3/1,-1/1,3/1,-1/1,3/1,False
anchor_rows,798,,7/20,image-41,singleton,exact_projection,1,0,supported,universal_bound,universal_bound,1/1,1/1,1/1,1/1,1/1,1/1,False
anchor_rows,799,,7/20,image-41,singleton,one_edit_per_image,1,0,unresolved,opposite_worlds,opposite_worlds,-1/1,3/1,-1/1,3/1,-1/1,3/1,False
anchor_rows,800,,7/20,image-41,singleton,one_edit_global,1,0,unresolved,opposite_worlds,opposite_worlds,-1/1,3/1,-1/1,3/1,-1/1,3/1,False
anchor_rows,801,,7/20,image-41,singleton,current_strict,1,1,input_blocked,,,,,,,,,False
anchor_rows,802,,7/20,image-41,singleton,current_partial,1,0,unresolved,opposite_worlds,opposite_worlds,-1/1,1/1,-1/1,1/1,-1/1,1/1,False
anchor_rows,803,,7/20,image-41,singleton,union_strict,1,1,input_blocked,,,,,,,,,False
anchor_rows,804,,7/20,image-41,singleton,union_partial,1,0,unresolved,opposite_worlds,opposite_worlds,-1/1,1/1,-1/1,1/1,-1/1,1/1,False
anchor_rows,805,,7/20,image-42,singleton,exact_projection,1,0,excluded,universal_bound,universal_bound,0/1,0/1,0/1,0/1,0/1,0/1,False
anchor_rows,806,,7/20,image-42,singleton,one_edit_per_image,1,0,excluded,universal_bound,universal_bound,0/1,0/1,0/1,0/1,0/1,0/1,False
anchor_rows,807,,7/20,image-42,singleton,one_edit_global,1,0,excluded,universal_bound,universal_bound,0/1,0/1,0/1,0/1,0/1,0/1,False
anchor_rows,808,,7/20,image-42,singleton,current_strict,1,0,excluded,universal_bound,universal_bound,0/1,0/1,0/1,0/1,0/1,0/1,False
anchor_rows,809,,7/20,image-42,singleton,current_partial,1,0,excluded,universal_bound,universal_bound,0/1,0/1,0/1,0/1,0/1,0/1,False
anchor_rows,810,,7/20,image-42,singleton,union_strict,1,1,input_blocked,,,,,,,,,False
anchor_rows,811,,7/20,image-42,singleton,union_partial,1,0,excluded,universal_bound,universal_bound,0/1,0/1,0/1,0/1,0/1,0/1,False
anchor_rows,812,,7/20,image-43,singleton,exact_projection,1,0,excluded,universal_bound,universal_bound,0/1,0/1,0/1,0/1,0/1,0/1,False
anchor_rows,813,,7/20,image-43,singleton,one_edit_per_image,1,0,unresolved,bound_gap,opposite_worlds,-2/1,2/1,-2/1,0/1,-2/1,2/1,True
anchor_rows,814,,7/20,image-43,singleton,one_edit_global,1,0,unresolved,bound_gap,opposite_worlds,-2/1,2/1,-2/1,0/1,-2/1,2/1,True
anchor_rows,815,,7/20,image-43,singleton,current_strict,1,1,input_blocked,,,,,,,,,False
anchor_rows,816,,7/20,image-43,singleton,current_partial,1,0,unresolved,bound_gap,bound_gap,-4/1,4/1,0/1,0/1,0/1,0/1,False
anchor_rows,817,,7/20,image-43,singleton,union_strict,1,1,input_blocked,,,,,,,,,False
anchor_rows,818,,7/20,image-43,singleton,union_partial,1,0,unresolved,bound_gap,bound_gap,-4/1,4/1,0/1,0/1,0/1,0/1,False
anchor_rows,819,,7/20,image-44,singleton,exact_projection,1,0,excluded,universal_bound,universal_bound,0/1,0/1,0/1,0/1,0/1,0/1,False
anchor_rows,820,,7/20,image-44,singleton,one_edit_per_image,1,0,excluded,universal_bound,universal_bound,0/1,0/1,0/1,0/1,0/1,0/1,False
anchor_rows,821,,7/20,image-44,singleton,one_edit_global,1,0,excluded,universal_bound,universal_bound,0/1,0/1,0/1,0/1,0/1,0/1,False
anchor_rows,822,,7/20,image-44,singleton,current_strict,1,0,excluded,universal_bound,universal_bound,0/1,0/1,0/1,0/1,0/1,0/1,False
anchor_rows,823,,7/20,image-44,singleton,current_partial,1,0,excluded,universal_bound,universal_bound,0/1,0/1,0/1,0/1,0/1,0/1,False
anchor_rows,824,,7/20,image-44,singleton,union_strict,1,0,excluded,universal_bound,universal_bound,0/1,0/1,0/1,0/1,0/1,0/1,False
anchor_rows,825,,7/20,image-44,singleton,union_partial,1,0,excluded,universal_bound,universal_bound,0/1,0/1,0/1,0/1,0/1,0/1,False
anchor_rows,826,,7/20,image-45,singleton,exact_projection,1,0,excluded,universal_bound,universal_bound,0/1,0/1,0/1,0/1,0/1,0/1,False
anchor_rows,827,,7/20,image-45,singleton,one_edit_per_image,1,0,unresolved,opposite_worlds,opposite_worlds,-2/1,2/1,-2/1,2/1,-2/1,2/1,False
anchor_rows,828,,7/20,image-45,singleton,one_edit_global,1,0,unresolved,opposite_worlds,opposite_worlds,-2/1,2/1,-2/1,2/1,-2/1,2/1,False
anchor_rows,829,,7/20,image-45,singleton,current_strict,1,1,input_blocked,,,,,,,,,False
anchor_rows,830,,7/20,image-45,singleton,current_partial,1,0,unresolved,bound_gap,bound_gap,-2/1,2/1,0/1,0/1,0/1,0/1,False
anchor_rows,831,,7/20,image-45,singleton,union_strict,1,1,input_blocked,,,,,,,,,False
anchor_rows,832,,7/20,image-45,singleton,union_partial,1,0,unresolved,bound_gap,bound_gap,-2/1,2/1,0/1,0/1,0/1,0/1,False
anchor_rows,833,,7/20,image-46,singleton,exact_projection,1,0,excluded,universal_bound,universal_bound,0/1,0/1,0/1,0/1,0/1,0/1,False
anchor_rows,834,,7/20,image-46,singleton,one_edit_per_image,1,0,excluded,universal_bound,universal_bound,0/1,0/1,0/1,0/1,0/1,0/1,False
anchor_rows,835,,7/20,image-46,singleton,one_edit_global,1,0,excluded,universal_bound,universal_bound,0/1,0/1,0/1,0/1,0/1,0/1,False
anchor_rows,836,,7/20,image-46,singleton,current_strict,1,0,excluded,universal_bound,universal_bound,0/1,0/1,0/1,0/1,0/1,0/1,False
anchor_rows,837,,7/20,image-46,singleton,current_partial,1,0,excluded,universal_bound,universal_bound,0/1,0/1,0/1,0/1,0/1,0/1,False
anchor_rows,838,,7/20,image-46,singleton,union_strict,1,1,input_blocked,,,,,,,,,False
anchor_rows,839,,7/20,image-46,singleton,union_partial,1,0,excluded,universal_bound,universal_bound,0/1,0/1,0/1,0/1,0/1,0/1,False
anchor_rows,840,,7/20,image-47,singleton,exact_projection,1,0,excluded,universal_bound,universal_bound,0/1,0/1,0/1,0/1,0/1,0/1,False
anchor_rows,841,,7/20,image-47,singleton,one_edit_per_image,1,0,excluded,universal_bound,universal_bound,0/1,0/1,0/1,0/1,0/1,0/1,False
anchor_rows,842,,7/20,image-47,singleton,one_edit_global,1,0,excluded,universal_bound,universal_bound,0/1,0/1,0/1,0/1,0/1,0/1,False
anchor_rows,843,,7/20,image-47,singleton,current_strict,1,0,excluded,universal_bound,universal_bound,0/1,0/1,0/1,0/1,0/1,0/1,False
anchor_rows,844,,7/20,image-47,singleton,current_partial,1,0,excluded,universal_bound,universal_bound,0/1,0/1,0/1,0/1,0/1,0/1,False
anchor_rows,845,,7/20,image-47,singleton,union_strict,1,0,excluded,universal_bound,universal_bound,0/1,0/1,0/1,0/1,0/1,0/1,False
anchor_rows,846,,7/20,image-47,singleton,union_partial,1,0,excluded,universal_bound,universal_bound,0/1,0/1,0/1,0/1,0/1,0/1,False
anchor_rows,847,,7/20,image-48,singleton,exact_projection,1,0,supported,universal_bound,universal_bound,1/1,1/1,1/1,1/1,1/1,1/1,False
anchor_rows,848,,7/20,image-48,singleton,one_edit_per_image,1,0,unresolved,opposite_worlds,opposite_worlds,-1/1,3/1,-1/1,3/1,-1/1,3/1,False
anchor_rows,849,,7/20,image-48,singleton,one_edit_global,1,0,unresolved,opposite_worlds,opposite_worlds,-1/1,3/1,-1/1,3/1,-1/1,3/1,False
anchor_rows,850,,7/20,image-48,singleton,current_strict,1,0,supported,universal_bound,universal_bound,1/1,1/1,1/1,1/1,1/1,1/1,False
anchor_rows,851,,7/20,image-48,singleton,current_partial,1,0,supported,universal_bound,universal_bound,1/1,1/1,1/1,1/1,1/1,1/1,False
anchor_rows,852,,7/20,image-48,singleton,union_strict,1,0,supported,universal_bound,universal_bound,1/1,1/1,1/1,1/1,1/1,1/1,False
anchor_rows,853,,7/20,image-48,singleton,union_partial,1,0,supported,universal_bound,universal_bound,1/1,1/1,1/1,1/1,1/1,1/1,False
anchor_rows,854,,7/20,image-49,singleton,exact_projection,1,0,supported,universal_bound,universal_bound,1/1,1/1,1/1,1/1,1/1,1/1,False
anchor_rows,855,,7/20,image-49,singleton,one_edit_per_image,1,0,unresolved,opposite_worlds,opposite_worlds,-1/1,3/1,-1/1,1/1,-1/1,3/1,False
anchor_rows,856,,7/20,image-49,singleton,one_edit_global,1,0,unresolved,opposite_worlds,opposite_worlds,-1/1,3/1,-1/1,1/1,-1/1,3/1,False
anchor_rows,857,,7/20,image-49,singleton,current_strict,1,0,supported,universal_bound,universal_bound,1/1,1/1,1/1,1/1,1/1,1/1,False
anchor_rows,858,,7/20,image-49,singleton,current_partial,1,0,supported,universal_bound,universal_bound,1/1,1/1,1/1,1/1,1/1,1/1,False
anchor_rows,859,,7/20,image-49,singleton,union_strict,1,0,supported,universal_bound,universal_bound,1/1,1/1,1/1,1/1,1/1,1/1,False
anchor_rows,860,,7/20,image-49,singleton,union_partial,1,0,supported,universal_bound,universal_bound,1/1,1/1,1/1,1/1,1/1,1/1,False
anchor_rows,861,,7/20,image-50,singleton,exact_projection,1,0,supported,universal_bound,universal_bound,1/1,1/1,1/1,1/1,1/1,1/1,False
anchor_rows,862,,7/20,image-50,singleton,one_edit_per_image,1,0,unresolved,opposite_worlds,opposite_worlds,-1/1,5/1,-1/1,3/1,-1/1,3/1,False
anchor_rows,863,,7/20,image-50,singleton,one_edit_global,1,0,unresolved,opposite_worlds,opposite_worlds,-1/1,5/1,-1/1,3/1,-1/1,3/1,False
anchor_rows,864,,7/20,image-50,singleton,current_strict,1,0,supported,universal_bound,universal_bound,1/1,1/1,1/1,1/1,1/1,1/1,False
anchor_rows,865,,7/20,image-50,singleton,current_partial,1,0,supported,universal_bound,universal_bound,1/1,1/1,1/1,1/1,1/1,1/1,False
anchor_rows,866,,7/20,image-50,singleton,union_strict,1,0,supported,universal_bound,universal_bound,1/1,1/1,1/1,1/1,1/1,1/1,False
anchor_rows,867,,7/20,image-50,singleton,union_partial,1,0,supported,universal_bound,universal_bound,1/1,1/1,1/1,1/1,1/1,1/1,False
anchor_rows,868,,7/20,image-51,singleton,exact_projection,1,0,excluded,universal_bound,universal_bound,0/1,0/1,0/1,0/1,0/1,0/1,False
anchor_rows,869,,7/20,image-51,singleton,one_edit_per_image,1,0,unresolved,opposite_worlds,opposite_worlds,-2/1,2/1,-2/1,2/1,-2/1,2/1,False
anchor_rows,870,,7/20,image-51,singleton,one_edit_global,1,0,unresolved,opposite_worlds,opposite_worlds,-2/1,2/1,-2/1,2/1,-2/1,2/1,False
anchor_rows,871,,7/20,image-51,singleton,current_strict,1,0,excluded,universal_bound,universal_bound,0/1,0/1,0/1,0/1,0/1,0/1,False
anchor_rows,872,,7/20,image-51,singleton,current_partial,1,0,excluded,universal_bound,universal_bound,0/1,0/1,0/1,0/1,0/1,0/1,False
anchor_rows,873,,7/20,image-51,singleton,union_strict,1,0,excluded,universal_bound,universal_bound,0/1,0/1,0/1,0/1,0/1,0/1,False
anchor_rows,874,,7/20,image-51,singleton,union_partial,1,0,excluded,universal_bound,universal_bound,0/1,0/1,0/1,0/1,0/1,0/1,False
anchor_rows,875,,7/20,image-52,singleton,exact_projection,1,0,excluded,universal_bound,universal_bound,0/1,0/1,0/1,0/1,0/1,0/1,False
anchor_rows,876,,7/20,image-52,singleton,one_edit_per_image,1,0,unresolved,opposite_worlds,opposite_worlds,-2/1,2/1,0/1,2/1,-2/1,2/1,False
anchor_rows,877,,7/20,image-52,singleton,one_edit_global,1,0,unresolved,opposite_worlds,opposite_worlds,-2/1,2/1,0/1,2/1,-2/1,2/1,False
anchor_rows,878,,7/20,image-52,singleton,current_strict,1,1,input_blocked,,,,,,,,,False
anchor_rows,879,,7/20,image-52,singleton,current_partial,1,0,unresolved,opposite_worlds,opposite_worlds,-2/1,2/1,0/1,2/1,0/1,2/1,False
anchor_rows,880,,7/20,image-52,singleton,union_strict,1,1,input_blocked,,,,,,,,,False
anchor_rows,881,,7/20,image-52,singleton,union_partial,1,0,unresolved,opposite_worlds,opposite_worlds,-4/1,4/1,-2/1,4/1,-2/1,4/1,False
anchor_rows,882,,7/20,image-53,singleton,exact_projection,1,0,excluded,universal_bound,universal_bound,0/1,0/1,0/1,0/1,0/1,0/1,False
anchor_rows,883,,7/20,image-53,singleton,one_edit_per_image,1,0,excluded,universal_bound,universal_bound,0/1,0/1,0/1,0/1,0/1,0/1,False
anchor_rows,884,,7/20,image-53,singleton,one_edit_global,1,0,excluded,universal_bound,universal_bound,0/1,0/1,0/1,0/1,0/1,0/1,False
anchor_rows,885,,7/20,image-53,singleton,current_strict,1,0,excluded,universal_bound,universal_bound,0/1,0/1,0/1,0/1,0/1,0/1,False
anchor_rows,886,,7/20,image-53,singleton,current_partial,1,0,excluded,universal_bound,universal_bound,0/1,0/1,0/1,0/1,0/1,0/1,False
anchor_rows,887,,7/20,image-53,singleton,union_strict,1,0,excluded,universal_bound,universal_bound,0/1,0/1,0/1,0/1,0/1,0/1,False
anchor_rows,888,,7/20,image-53,singleton,union_partial,1,0,excluded,universal_bound,universal_bound,0/1,0/1,0/1,0/1,0/1,0/1,False
anchor_rows,889,,7/20,image-54,singleton,exact_projection,1,0,excluded,universal_bound,universal_bound,0/1,0/1,0/1,0/1,0/1,0/1,False
anchor_rows,890,,7/20,image-54,singleton,one_edit_per_image,1,0,unresolved,opposite_worlds,opposite_worlds,-2/1,2/1,-2/1,2/1,-2/1,2/1,False
anchor_rows,891,,7/20,image-54,singleton,one_edit_global,1,0,unresolved,opposite_worlds,opposite_worlds,-2/1,2/1,-2/1,2/1,-2/1,2/1,False
anchor_rows,892,,7/20,image-54,singleton,current_strict,1,1,input_blocked,,,,,,,,,False
anchor_rows,893,,7/20,image-54,singleton,current_partial,1,0,excluded,universal_bound,universal_bound,0/1,0/1,0/1,0/1,0/1,0/1,False
anchor_rows,894,,7/20,image-54,singleton,union_strict,1,1,input_blocked,,,,,,,,,False
anchor_rows,895,,7/20,image-54,singleton,union_partial,1,0,excluded,universal_bound,universal_bound,0/1,0/1,0/1,0/1,0/1,0/1,False
anchor_rows,896,,7/20,image-55,singleton,exact_projection,1,0,excluded,universal_bound,universal_bound,-1/1,-1/1,-1/1,-1/1,-1/1,-1/1,False
anchor_rows,897,,7/20,image-55,singleton,one_edit_per_image,1,0,unresolved,opposite_worlds,opposite_worlds,-3/1,1/1,-3/1,1/1,-3/1,1/1,False
anchor_rows,898,,7/20,image-55,singleton,one_edit_global,1,0,unresolved,opposite_worlds,opposite_worlds,-3/1,1/1,-3/1,1/1,-3/1,1/1,False
anchor_rows,899,,7/20,image-55,singleton,current_strict,1,1,input_blocked,,,,,,,,,False
anchor_rows,900,,7/20,image-55,singleton,current_partial,1,0,excluded,universal_bound,universal_bound,-1/1,-1/1,-1/1,-1/1,-1/1,-1/1,False
anchor_rows,901,,7/20,image-55,singleton,union_strict,1,1,input_blocked,,,,,,,,,False
anchor_rows,902,,7/20,image-55,singleton,union_partial,1,0,excluded,universal_bound,universal_bound,-1/1,-1/1,-1/1,-1/1,-1/1,-1/1,False
anchor_rows,903,,7/20,image-56,singleton,exact_projection,1,0,supported,universal_bound,universal_bound,1/1,1/1,1/1,1/1,1/1,1/1,False
anchor_rows,904,,7/20,image-56,singleton,one_edit_per_image,1,0,unresolved,opposite_worlds,opposite_worlds,-1/1,5/1,-1/1,3/1,-1/1,3/1,False
anchor_rows,905,,7/20,image-56,singleton,one_edit_global,1,0,unresolved,opposite_worlds,opposite_worlds,-1/1,5/1,-1/1,3/1,-1/1,3/1,False
anchor_rows,906,,7/20,image-56,singleton,current_strict,1,0,supported,universal_bound,universal_bound,1/1,1/1,1/1,1/1,1/1,1/1,False
anchor_rows,907,,7/20,image-56,singleton,current_partial,1,0,supported,universal_bound,universal_bound,1/1,1/1,1/1,1/1,1/1,1/1,False
anchor_rows,908,,7/20,image-56,singleton,union_strict,1,0,supported,universal_bound,universal_bound,1/1,1/1,1/1,1/1,1/1,1/1,False
anchor_rows,909,,7/20,image-56,singleton,union_partial,1,0,supported,universal_bound,universal_bound,1/1,1/1,1/1,1/1,1/1,1/1,False
anchor_rows,910,,7/20,image-57,singleton,exact_projection,1,0,excluded,universal_bound,universal_bound,0/1,0/1,0/1,0/1,0/1,0/1,False
anchor_rows,911,,7/20,image-57,singleton,one_edit_per_image,1,0,unresolved,opposite_worlds,opposite_worlds,-2/1,2/1,0/1,2/1,0/1,2/1,False
anchor_rows,912,,7/20,image-57,singleton,one_edit_global,1,0,unresolved,opposite_worlds,opposite_worlds,-2/1,2/1,0/1,2/1,0/1,2/1,False
anchor_rows,913,,7/20,image-57,singleton,current_strict,1,1,input_blocked,,,,,,,,,False
anchor_rows,914,,7/20,image-57,singleton,current_partial,1,0,unresolved,bound_gap,bound_gap,-2/1,2/1,0/1,0/1,0/1,0/1,False
anchor_rows,915,,7/20,image-57,singleton,union_strict,1,1,input_blocked,,,,,,,,,False
anchor_rows,916,,7/20,image-57,singleton,union_partial,1,0,unresolved,bound_gap,bound_gap,-4/1,2/1,-2/1,0/1,-2/1,0/1,False
anchor_rows,917,,7/20,image-58,singleton,exact_projection,1,0,supported,universal_bound,universal_bound,1/1,1/1,1/1,1/1,1/1,1/1,False
anchor_rows,918,,7/20,image-58,singleton,one_edit_per_image,1,0,unresolved,opposite_worlds,opposite_worlds,-1/1,3/1,-1/1,3/1,-1/1,3/1,False
anchor_rows,919,,7/20,image-58,singleton,one_edit_global,1,0,unresolved,opposite_worlds,opposite_worlds,-1/1,3/1,-1/1,3/1,-1/1,3/1,False
anchor_rows,920,,7/20,image-58,singleton,current_strict,1,0,supported,universal_bound,universal_bound,1/1,1/1,1/1,1/1,1/1,1/1,False
anchor_rows,921,,7/20,image-58,singleton,current_partial,1,0,supported,universal_bound,universal_bound,1/1,1/1,1/1,1/1,1/1,1/1,False
anchor_rows,922,,7/20,image-58,singleton,union_strict,1,0,supported,universal_bound,universal_bound,1/1,1/1,1/1,1/1,1/1,1/1,False
anchor_rows,923,,7/20,image-58,singleton,union_partial,1,0,supported,universal_bound,universal_bound,1/1,1/1,1/1,1/1,1/1,1/1,False
anchor_rows,924,,7/20,image-59,singleton,exact_projection,1,0,excluded,universal_bound,universal_bound,0/1,0/1,0/1,0/1,0/1,0/1,False
anchor_rows,925,,7/20,image-59,singleton,one_edit_per_image,1,0,unresolved,opposite_worlds,opposite_worlds,-2/1,2/1,0/1,2/1,-2/1,2/1,False
anchor_rows,926,,7/20,image-59,singleton,one_edit_global,1,0,unresolved,opposite_worlds,opposite_worlds,-2/1,2/1,0/1,2/1,-2/1,2/1,False
anchor_rows,927,,7/20,image-59,singleton,current_strict,1,1,input_blocked,,,,,,,,,False
anchor_rows,928,,7/20,image-59,singleton,current_partial,1,0,excluded,universal_bound,universal_bound,0/1,0/1,0/1,0/1,0/1,0/1,False
anchor_rows,929,,7/20,image-59,singleton,union_strict,1,1,input_blocked,,,,,,,,,False
anchor_rows,930,,7/20,image-59,singleton,union_partial,1,0,excluded,universal_bound,universal_bound,0/1,0/1,0/1,0/1,0/1,0/1,False
anchor_rows,931,,7/20,image-60,singleton,exact_projection,1,0,excluded,universal_bound,universal_bound,-3/1,-3/1,-3/1,-3/1,-3/1,-3/1,False
anchor_rows,932,,7/20,image-60,singleton,one_edit_per_image,1,0,unresolved,bound_gap,opposite_worlds,-5/1,1/1,-3/1,-1/1,-5/1,1/1,True
anchor_rows,933,,7/20,image-60,singleton,one_edit_global,1,0,unresolved,bound_gap,opposite_worlds,-5/1,1/1,-3/1,-1/1,-5/1,1/1,True
anchor_rows,934,,7/20,image-60,singleton,current_strict,1,0,excluded,universal_bound,universal_bound,-3/1,-3/1,-3/1,-3/1,-3/1,-3/1,False
anchor_rows,935,,7/20,image-60,singleton,current_partial,1,0,excluded,universal_bound,universal_bound,-3/1,-3/1,-3/1,-3/1,-3/1,-3/1,False
anchor_rows,936,,7/20,image-60,singleton,union_strict,1,1,input_blocked,,,,,,,,,False
anchor_rows,937,,7/20,image-60,singleton,union_partial,1,0,excluded,universal_bound,universal_bound,-5/1,-1/1,-3/1,-3/1,-3/1,-3/1,False
anchor_rows,938,,7/20,image-61,singleton,exact_projection,1,0,supported,universal_bound,universal_bound,1/1,1/1,1/1,1/1,1/1,1/1,False
anchor_rows,939,,7/20,image-61,singleton,one_edit_per_image,1,0,unresolved,opposite_worlds,opposite_worlds,-1/1,3/1,-1/1,1/1,-1/1,3/1,False
anchor_rows,940,,7/20,image-61,singleton,one_edit_global,1,0,unresolved,opposite_worlds,opposite_worlds,-1/1,3/1,-1/1,1/1,-1/1,3/1,False
anchor_rows,941,,7/20,image-61,singleton,current_strict,1,1,input_blocked,,,,,,,,,False
anchor_rows,942,,7/20,image-61,singleton,current_partial,1,0,unresolved,opposite_worlds,opposite_worlds,-1/1,3/1,-1/1,1/1,-1/1,1/1,False
anchor_rows,943,,7/20,image-61,singleton,union_strict,1,1,input_blocked,,,,,,,,,False
anchor_rows,944,,7/20,image-61,singleton,union_partial,1,0,unresolved,opposite_worlds,opposite_worlds,-1/1,3/1,-1/1,1/1,-1/1,1/1,False
anchor_rows,945,,7/20,image-62,singleton,exact_projection,1,0,supported,universal_bound,universal_bound,2/1,2/1,2/1,2/1,2/1,2/1,False
anchor_rows,946,,7/20,image-62,singleton,one_edit_per_image,1,0,unresolved,opposite_worlds,opposite_worlds,0/1,6/1,0/1,4/1,0/1,4/1,False
anchor_rows,947,,7/20,image-62,singleton,one_edit_global,1,0,unresolved,opposite_worlds,opposite_worlds,0/1,6/1,0/1,4/1,0/1,4/1,False
anchor_rows,948,,7/20,image-62,singleton,current_strict,1,1,input_blocked,,,,,,,,,False
anchor_rows,949,,7/20,image-62,singleton,current_partial,1,0,unresolved,opposite_worlds,opposite_worlds,-14/1,14/1,-2/1,4/1,-2/1,4/1,False
anchor_rows,950,,7/20,image-62,singleton,union_strict,1,1,input_blocked,,,,,,,,,False
anchor_rows,951,,7/20,image-62,singleton,union_partial,1,1,input_blocked,,,,,,,,,False
anchor_rows,952,,7/20,image-63,singleton,exact_projection,1,0,excluded,universal_bound,universal_bound,0/1,0/1,0/1,0/1,0/1,0/1,False
anchor_rows,953,,7/20,image-63,singleton,one_edit_per_image,1,0,unresolved,opposite_worlds,opposite_worlds,-2/1,2/1,-2/1,2/1,-2/1,2/1,False
anchor_rows,954,,7/20,image-63,singleton,one_edit_global,1,0,unresolved,opposite_worlds,opposite_worlds,-2/1,2/1,-2/1,2/1,-2/1,2/1,False
anchor_rows,955,,7/20,image-63,singleton,current_strict,1,0,excluded,universal_bound,universal_bound,0/1,0/1,0/1,0/1,0/1,0/1,False
anchor_rows,956,,7/20,image-63,singleton,current_partial,1,0,excluded,universal_bound,universal_bound,0/1,0/1,0/1,0/1,0/1,0/1,False
anchor_rows,957,,7/20,image-63,singleton,union_strict,1,0,excluded,universal_bound,universal_bound,0/1,0/1,0/1,0/1,0/1,0/1,False
anchor_rows,958,,7/20,image-63,singleton,union_partial,1,0,excluded,universal_bound,universal_bound,0/1,0/1,0/1,0/1,0/1,0/1,False
anchor_rows,959,,7/20,block-00,block,exact_projection,8,0,supported,universal_bound,universal_bound,1/4,1/4,1/4,1/4,1/4,1/4,False
anchor_rows,960,,7/20,block-00,block,one_edit_per_image,8,0,unresolved,opposite_worlds,opposite_worlds,-2/1,9/4,-5/4,2/1,-3/2,2/1,False
anchor_rows,961,,7/20,block-00,block,one_edit_global,8,0,unresolved,opposite_worlds,opposite_worlds,-1/4,3/4,0/1,1/2,0/1,1/2,False
anchor_rows,962,,7/20,block-00,block,current_strict,8,0,supported,universal_bound,universal_bound,1/4,1/4,1/4,1/4,1/4,1/4,False
anchor_rows,963,,7/20,block-00,block,current_partial,8,0,supported,universal_bound,universal_bound,1/4,1/4,1/4,1/4,1/4,1/4,False
anchor_rows,964,,7/20,block-00,block,union_strict,8,2,input_blocked,,,,,,,,,False
anchor_rows,965,,7/20,block-00,block,union_partial,8,0,unresolved,opposite_worlds,opposite_worlds,-1/4,3/4,-1/4,3/4,-1/4,3/4,False
anchor_rows,966,,7/20,block-01,block,exact_projection,8,0,supported,universal_bound,universal_bound,1/4,1/4,1/4,1/4,1/4,1/4,False
anchor_rows,967,,7/20,block-01,block,one_edit_per_image,8,0,unresolved,opposite_worlds,opposite_worlds,-2/1,5/2,-3/4,2/1,-7/4,9/4,False
anchor_rows,968,,7/20,block-01,block,one_edit_global,8,0,unresolved,opposite_worlds,opposite_worlds,-1/4,3/4,0/1,1/2,-1/4,1/2,False
anchor_rows,969,,7/20,block-01,block,current_strict,8,4,input_blocked,,,,,,,,,False
anchor_rows,970,,7/20,block-01,block,current_partial,8,0,unresolved,opposite_worlds,opposite_worlds,-3/2,1/1,-1/1,1/2,-1/1,1/2,False
anchor_rows,971,,7/20,block-01,block,union_strict,8,5,input_blocked,,,,,,,,,False
anchor_rows,972,,7/20,block-01,block,union_partial,8,0,unresolved,opposite_worlds,opposite_worlds,-9/4,3/2,-5/4,1/2,-5/4,1/2,False
anchor_rows,973,,7/20,block-02,block,exact_projection,8,0,excluded,universal_bound,universal_bound,0/1,0/1,0/1,0/1,0/1,0/1,False
anchor_rows,974,,7/20,block-02,block,one_edit_per_image,8,0,unresolved,opposite_worlds,opposite_worlds,-3/2,3/2,-5/4,3/2,-3/2,3/2,False
anchor_rows,975,,7/20,block-02,block,one_edit_global,8,0,unresolved,opposite_worlds,opposite_worlds,-1/4,1/4,-1/4,1/4,-1/4,1/4,False
anchor_rows,976,,7/20,block-02,block,current_strict,8,2,input_blocked,,,,,,,,,False
anchor_rows,977,,7/20,block-02,block,current_partial,8,0,excluded,universal_bound,universal_bound,0/1,0/1,0/1,0/1,0/1,0/1,False
anchor_rows,978,,7/20,block-02,block,union_strict,8,4,input_blocked,,,,,,,,,False
anchor_rows,979,,7/20,block-02,block,union_partial,8,0,excluded,universal_bound,universal_bound,0/1,0/1,0/1,0/1,0/1,0/1,False
anchor_rows,980,,7/20,block-03,block,exact_projection,8,0,excluded,universal_bound,universal_bound,-1/2,-1/2,-1/2,-1/2,-1/2,-1/2,False
anchor_rows,981,,7/20,block-03,block,one_edit_per_image,8,0,unresolved,opposite_worlds,opposite_worlds,-11/4,2/1,-9/4,5/4,-5/2,2/1,False
anchor_rows,982,,7/20,block-03,block,one_edit_global,8,0,excluded,universal_bound,universal_bound,-1/1,0/1,-1/1,0/1,-1/1,0/1,False
anchor_rows,983,,7/20,block-03,block,current_strict,8,5,input_blocked,,,,,,,,,False
anchor_rows,984,,7/20,block-03,block,current_partial,8,0,unresolved,opposite_worlds,opposite_worlds,-7/4,3/4,-1/1,1/2,-1/1,1/2,False
anchor_rows,985,,7/20,block-03,block,union_strict,8,6,input_blocked,,,,,,,,,False
anchor_rows,986,,7/20,block-03,block,union_partial,8,0,unresolved,opposite_worlds,opposite_worlds,-2/1,1/1,-5/4,3/4,-5/4,3/4,False
anchor_rows,987,,7/20,block-04,block,exact_projection,8,0,supported,universal_bound,universal_bound,1/2,1/2,1/2,1/2,1/2,1/2,False
anchor_rows,988,,7/20,block-04,block,one_edit_per_image,8,0,unresolved,opposite_worlds,opposite_worlds,-3/2,11/4,-3/4,2/1,-5/4,9/4,False
anchor_rows,989,,7/20,block-04,block,one_edit_global,8,0,supported,universal_bound,universal_bound,1/4,1/1,1/4,3/4,1/4,1/1,False
anchor_rows,990,,7/20,block-04,block,current_strict,8,4,input_blocked,,,,,,,,,False
anchor_rows,991,,7/20,block-04,block,current_partial,8,0,unresolved,opposite_worlds,opposite_worlds,-1/4,7/4,0/1,3/2,0/1,3/2,False
anchor_rows,992,,7/20,block-04,block,union_strict,8,5,input_blocked,,,,,,,,,False
anchor_rows,993,,7/20,block-04,block,union_partial,8,0,unresolved,opposite_worlds,opposite_worlds,-1/4,7/4,0/1,3/2,0/1,3/2,False
anchor_rows,994,,7/20,block-05,block,exact_projection,8,0,supported,universal_bound,universal_bound,1/4,1/4,1/4,1/4,1/4,1/4,False
anchor_rows,995,,7/20,block-05,block,one_edit_per_image,8,0,unresolved,opposite_worlds,opposite_worlds,-1/1,3/2,-3/4,5/4,-3/4,3/2,False
anchor_rows,996,,7/20,block-05,block,one_edit_global,8,0,unresolved,opposite_worlds,opposite_worlds,-1/4,3/4,0/1,3/4,0/1,3/4,False
anchor_rows,997,,7/20,block-05,block,current_strict,8,3,input_blocked,,,,,,,,,False
anchor_rows,998,,7/20,block-05,block,current_partial,8,0,unresolved,opposite_worlds,opposite_worlds,-3/4,1/1,0/1,1/4,0/1,1/4,False
anchor_rows,999,,7/20,block-05,block,union_strict,8,6,input_blocked,,,,,,,,,False
anchor_rows,1000,,7/20,block-05,block,union_partial,8,0,unresolved,opposite_worlds,opposite_worlds,-1/1,5/4,-1/4,1/2,-1/4,1/2,False
anchor_rows,1001,,7/20,block-06,block,exact_projection,8,0,supported,universal_bound,universal_bound,1/4,1/4,1/4,1/4,1/4,1/4,False
anchor_rows,1002,,7/20,block-06,block,one_edit_per_image,8,0,unresolved,opposite_worlds,opposite_worlds,-3/2,9/4,-5/4,7/4,-3/2,2/1,False
anchor_rows,1003,,7/20,block-06,block,one_edit_global,8,0,unresolved,opposite_worlds,opposite_worlds,0/1,3/4,0/1,1/2,0/1,1/2,False
anchor_rows,1004,,7/20,block-06,block,current_strict,8,3,input_blocked,,,,,,,,,False
anchor_rows,1005,,7/20,block-06,block,current_partial,8,0,unresolved,bound_gap,bound_gap,0/1,1/2,1/4,1/2,1/4,1/2,False
anchor_rows,1006,,7/20,block-06,block,union_strict,8,3,input_blocked,,,,,,,,,False
anchor_rows,1007,,7/20,block-06,block,union_partial,8,0,unresolved,opposite_worlds,opposite_worlds,-1/4,3/4,0/1,3/4,0/1,3/4,False
anchor_rows,1008,,7/20,block-07,block,exact_projection,8,0,supported,universal_bound,universal_bound,1/4,1/4,1/4,1/4,1/4,1/4,False
anchor_rows,1009,,7/20,block-07,block,one_edit_per_image,8,0,unresolved,opposite_worlds,opposite_worlds,-7/4,3/1,-1/1,2/1,-3/2,5/2,False
anchor_rows,1010,,7/20,block-07,block,one_edit_global,8,0,unresolved,opposite_worlds,opposite_worlds,0/1,3/4,0/1,1/2,0/1,3/4,False
anchor_rows,1011,,7/20,block-07,block,current_strict,8,4,input_blocked,,,,,,,,,False
anchor_rows,1012,,7/20,block-07,block,current_partial,8,0,unresolved,opposite_worlds,opposite_worlds,-9/4,9/4,-1/2,1/2,-1/2,1/2,False
anchor_rows,1013,,7/20,block-07,block,union_strict,8,5,input_blocked,,,,,,,,,False
anchor_rows,1014,,7/20,block-07,block,union_partial,8,1,input_blocked,,,,,,,,,False
anchor_rows,1015,,7/20,all-64,primary,exact_projection,64,0,supported,universal_bound,universal_bound,5/32,5/32,5/32,5/32,5/32,5/32,False
anchor_rows,1016,,7/20,all-64,primary,one_edit_per_image,64,0,unresolved,opposite_worlds,opposite_worlds,-7/4,71/32,-37/32,55/32,-49/32,2/1,False
anchor_rows,1017,,7/20,all-64,primary,one_edit_global,64,0,supported,universal_bound,universal_bound,3/32,7/32,3/32,7/32,3/32,7/32,False
anchor_rows,1018,,7/20,all-64,primary,current_strict,64,25,input_blocked,,,,,,,,,False
anchor_rows,1019,,7/20,all-64,primary,current_partial,64,0,unresolved,opposite_worlds,opposite_worlds,-25/32,15/16,-1/4,1/2,-1/4,1/2,False
anchor_rows,1020,,7/20,all-64,primary,union_strict,64,36,input_blocked,,,,,,,,,False
anchor_rows,1021,,7/20,all-64,primary,union_partial,64,1,input_blocked,,,,,,,,,False
anchor_rows,1022,,1/2,image-00,singleton,exact_projection,1,0,excluded,universal_bound,universal_bound,-1/1,-1/1,-1/1,-1/1,-1/1,-1/1,False
anchor_rows,1023,,1/2,image-00,singleton,one_edit_per_image,1,0,unresolved,opposite_worlds,opposite_worlds,-3/1,1/1,-1/1,1/1,-3/1,1/1,False
anchor_rows,1024,,1/2,image-00,singleton,one_edit_global,1,0,unresolved,opposite_worlds,opposite_worlds,-3/1,1/1,-1/1,1/1,-3/1,1/1,False
anchor_rows,1025,,1/2,image-00,singleton,current_strict,1,0,excluded,universal_bound,universal_bound,-1/1,-1/1,-1/1,-1/1,-1/1,-1/1,False
anchor_rows,1026,,1/2,image-00,singleton,current_partial,1,0,excluded,universal_bound,universal_bound,-1/1,-1/1,-1/1,-1/1,-1/1,-1/1,False
anchor_rows,1027,,1/2,image-00,singleton,union_strict,1,0,excluded,universal_bound,universal_bound,-1/1,-1/1,-1/1,-1/1,-1/1,-1/1,False
anchor_rows,1028,,1/2,image-00,singleton,union_partial,1,0,excluded,universal_bound,universal_bound,-1/1,-1/1,-1/1,-1/1,-1/1,-1/1,False
anchor_rows,1029,,1/2,image-01,singleton,exact_projection,1,0,excluded,universal_bound,universal_bound,-3/1,-3/1,-3/1,-3/1,-3/1,-3/1,False
anchor_rows,1030,,1/2,image-01,singleton,one_edit_per_image,1,0,unresolved,bound_gap,opposite_worlds,-5/1,1/1,-3/1,-1/1,-5/1,1/1,True
anchor_rows,1031,,1/2,image-01,singleton,one_edit_global,1,0,unresolved,bound_gap,opposite_worlds,-5/1,1/1,-3/1,-1/1,-5/1,1/1,True
anchor_rows,1032,,1/2,image-01,singleton,current_strict,1,0,excluded,universal_bound,universal_bound,-3/1,-3/1,-3/1,-3/1,-3/1,-3/1,False
anchor_rows,1033,,1/2,image-01,singleton,current_partial,1,0,excluded,universal_bound,universal_bound,-3/1,-3/1,-3/1,-3/1,-3/1,-3/1,False
anchor_rows,1034,,1/2,image-01,singleton,union_strict,1,0,excluded,universal_bound,universal_bound,-3/1,-3/1,-3/1,-3/1,-3/1,-3/1,False
anchor_rows,1035,,1/2,image-01,singleton,union_partial,1,0,excluded,universal_bound,universal_bound,-3/1,-3/1,-3/1,-3/1,-3/1,-3/1,False
anchor_rows,1036,,1/2,image-02,singleton,exact_projection,1,0,excluded,universal_bound,universal_bound,0/1,0/1,0/1,0/1,0/1,0/1,False
anchor_rows,1037,,1/2,image-02,singleton,one_edit_per_image,1,0,unresolved,opposite_worlds,opposite_worlds,-2/1,2/1,-2/1,2/1,-2/1,2/1,False
anchor_rows,1038,,1/2,image-02,singleton,one_edit_global,1,0,unresolved,opposite_worlds,opposite_worlds,-2/1,2/1,-2/1,2/1,-2/1,2/1,False
anchor_rows,1039,,1/2,image-02,singleton,current_strict,1,0,excluded,universal_bound,universal_bound,0/1,0/1,0/1,0/1,0/1,0/1,False
anchor_rows,1040,,1/2,image-02,singleton,current_partial,1,0,excluded,universal_bound,universal_bound,0/1,0/1,0/1,0/1,0/1,0/1,False
anchor_rows,1041,,1/2,image-02,singleton,union_strict,1,0,excluded,universal_bound,universal_bound,0/1,0/1,0/1,0/1,0/1,0/1,False
anchor_rows,1042,,1/2,image-02,singleton,union_partial,1,0,excluded,universal_bound,universal_bound,0/1,0/1,0/1,0/1,0/1,0/1,False
anchor_rows,1043,,1/2,image-03,singleton,exact_projection,1,0,excluded,universal_bound,universal_bound,-1/1,-1/1,-1/1,-1/1,-1/1,-1/1,False
anchor_rows,1044,,1/2,image-03,singleton,one_edit_per_image,1,0,excluded,universal_bound,universal_bound,-1/1,-1/1,-1/1,-1/1,-1/1,-1/1,False
anchor_rows,1045,,1/2,image-03,singleton,one_edit_global,1,0,excluded,universal_bound,universal_bound,-1/1,-1/1,-1/1,-1/1,-1/1,-1/1,False
anchor_rows,1046,,1/2,image-03,singleton,current_strict,1,0,excluded,universal_bound,universal_bound,-1/1,-1/1,-1/1,-1/1,-1/1,-1/1,False
anchor_rows,1047,,1/2,image-03,singleton,current_partial,1,0,excluded,universal_bound,universal_bound,-1/1,-1/1,-1/1,-1/1,-1/1,-1/1,False
anchor_rows,1048,,1/2,image-03,singleton,union_strict,1,0,excluded,universal_bound,universal_bound,-1/1,-1/1,-1/1,-1/1,-1/1,-1/1,False
anchor_rows,1049,,1/2,image-03,singleton,union_partial,1,0,excluded,universal_bound,universal_bound,-1/1,-1/1,-1/1,-1/1,-1/1,-1/1,False
anchor_rows,1050,,1/2,image-04,singleton,exact_projection,1,0,excluded,universal_bound,universal_bound,0/1,0/1,0/1,0/1,0/1,0/1,False
anchor_rows,1051,,1/2,image-04,singleton,one_edit_per_image,1,0,unresolved,opposite_worlds,opposite_worlds,-2/1,2/1,-2/1,2/1,-2/1,2/1,False
anchor_rows,1052,,1/2,image-04,singleton,one_edit_global,1,0,unresolved,opposite_worlds,opposite_worlds,-2/1,2/1,-2/1,2/1,-2/1,2/1,False
anchor_rows,1053,,1/2,image-04,singleton,current_strict,1,0,excluded,universal_bound,universal_bound,0/1,0/1,0/1,0/1,0/1,0/1,False
anchor_rows,1054,,1/2,image-04,singleton,current_partial,1,0,excluded,universal_bound,universal_bound,0/1,0/1,0/1,0/1,0/1,0/1,False
anchor_rows,1055,,1/2,image-04,singleton,union_strict,1,1,input_blocked,,,,,,,,,False
anchor_rows,1056,,1/2,image-04,singleton,union_partial,1,0,unresolved,opposite_worlds,opposite_worlds,-2/1,2/1,-2/1,2/1,-2/1,2/1,False
anchor_rows,1057,,1/2,image-05,singleton,exact_projection,1,0,excluded,universal_bound,universal_bound,0/1,0/1,0/1,0/1,0/1,0/1,False
anchor_rows,1058,,1/2,image-05,singleton,one_edit_per_image,1,0,unresolved,opposite_worlds,opposite_worlds,-2/1,2/1,-2/1,2/1,-2/1,2/1,False
anchor_rows,1059,,1/2,image-05,singleton,one_edit_global,1,0,unresolved,opposite_worlds,opposite_worlds,-2/1,2/1,-2/1,2/1,-2/1,2/1,False
anchor_rows,1060,,1/2,image-05,singleton,current_strict,1,0,excluded,universal_bound,universal_bound,0/1,0/1,0/1,0/1,0/1,0/1,False
anchor_rows,1061,,1/2,image-05,singleton,current_partial,1,0,excluded,universal_bound,universal_bound,0/1,0/1,0/1,0/1,0/1,0/1,False
anchor_rows,1062,,1/2,image-05,singleton,union_strict,1,1,input_blocked,,,,,,,,,False
anchor_rows,1063,,1/2,image-05,singleton,union_partial,1,0,unresolved,opposite_worlds,opposite_worlds,-2/1,2/1,-2/1,2/1,-2/1,2/1,False
anchor_rows,1064,,1/2,image-06,singleton,exact_projection,1,0,excluded,universal_bound,universal_bound,0/1,0/1,0/1,0/1,0/1,0/1,False
anchor_rows,1065,,1/2,image-06,singleton,one_edit_per_image,1,0,unresolved,opposite_worlds,opposite_worlds,-2/1,2/1,-2/1,2/1,-2/1,2/1,False
anchor_rows,1066,,1/2,image-06,singleton,one_edit_global,1,0,unresolved,opposite_worlds,opposite_worlds,-2/1,2/1,-2/1,2/1,-2/1,2/1,False
anchor_rows,1067,,1/2,image-06,singleton,current_strict,1,0,excluded,universal_bound,universal_bound,0/1,0/1,0/1,0/1,0/1,0/1,False
anchor_rows,1068,,1/2,image-06,singleton,current_partial,1,0,excluded,universal_bound,universal_bound,0/1,0/1,0/1,0/1,0/1,0/1,False
anchor_rows,1069,,1/2,image-06,singleton,union_strict,1,0,excluded,universal_bound,universal_bound,0/1,0/1,0/1,0/1,0/1,0/1,False
anchor_rows,1070,,1/2,image-06,singleton,union_partial,1,0,excluded,universal_bound,universal_bound,0/1,0/1,0/1,0/1,0/1,0/1,False
anchor_rows,1071,,1/2,image-07,singleton,exact_projection,1,0,excluded,universal_bound,universal_bound,-1/1,-1/1,-1/1,-1/1,-1/1,-1/1,False
anchor_rows,1072,,1/2,image-07,singleton,one_edit_per_image,1,0,unresolved,opposite_worlds,opposite_worlds,-3/1,1/1,-1/1,1/1,-3/1,1/1,False
anchor_rows,1073,,1/2,image-07,singleton,one_edit_global,1,0,unresolved,opposite_worlds,opposite_worlds,-3/1,1/1,-1/1,1/1,-3/1,1/1,False
anchor_rows,1074,,1/2,image-07,singleton,current_strict,1,0,excluded,universal_bound,universal_bound,-1/1,-1/1,-1/1,-1/1,-1/1,-1/1,False
anchor_rows,1075,,1/2,image-07,singleton,current_partial,1,0,excluded,universal_bound,universal_bound,-1/1,-1/1,-1/1,-1/1,-1/1,-1/1,False
anchor_rows,1076,,1/2,image-07,singleton,union_strict,1,0,excluded,universal_bound,universal_bound,-1/1,-1/1,-1/1,-1/1,-1/1,-1/1,False
anchor_rows,1077,,1/2,image-07,singleton,union_partial,1,0,excluded,universal_bound,universal_bound,-1/1,-1/1,-1/1,-1/1,-1/1,-1/1,False
anchor_rows,1078,,1/2,image-08,singleton,exact_projection,1,0,excluded,universal_bound,universal_bound,-1/1,-1/1,-1/1,-1/1,-1/1,-1/1,False
anchor_rows,1079,,1/2,image-08,singleton,one_edit_per_image,1,0,unresolved,opposite_worlds,opposite_worlds,-3/1,1/1,-3/1,1/1,-3/1,1/1,False
anchor_rows,1080,,1/2,image-08,singleton,one_edit_global,1,0,unresolved,opposite_worlds,opposite_worlds,-3/1,1/1,-3/1,1/1,-3/1,1/1,False
anchor_rows,1081,,1/2,image-08,singleton,current_strict,1,0,excluded,universal_bound,universal_bound,-1/1,-1/1,-1/1,-1/1,-1/1,-1/1,False
anchor_rows,1082,,1/2,image-08,singleton,current_partial,1,0,excluded,universal_bound,universal_bound,-1/1,-1/1,-1/1,-1/1,-1/1,-1/1,False
anchor_rows,1083,,1/2,image-08,singleton,union_strict,1,1,input_blocked,,,,,,,,,False
anchor_rows,1084,,1/2,image-08,singleton,union_partial,1,0,excluded,universal_bound,universal_bound,-1/1,-1/1,-1/1,-1/1,-1/1,-1/1,False
anchor_rows,1085,,1/2,image-09,singleton,exact_projection,1,0,excluded,universal_bound,universal_bound,-1/1,-1/1,-1/1,-1/1,-1/1,-1/1,False
anchor_rows,1086,,1/2,image-09,singleton,one_edit_per_image,1,0,unresolved,bound_gap,opposite_worlds,-3/1,1/1,-1/1,-1/1,-3/1,1/1,True
anchor_rows,1087,,1/2,image-09,singleton,one_edit_global,1,0,unresolved,bound_gap,opposite_worlds,-3/1,1/1,-1/1,-1/1,-3/1,1/1,True
anchor_rows,1088,,1/2,image-09,singleton,current_strict,1,1,input_blocked,,,,,,,,,False
anchor_rows,1089,,1/2,image-09,singleton,current_partial,1,0,unresolved,opposite_worlds,opposite_worlds,-5/1,3/1,-1/1,1/1,-1/1,1/1,False
anchor_rows,1090,,1/2,image-09,singleton,union_strict,1,1,input_blocked,,,,,,,,,False
anchor_rows,1091,,1/2,image-09,singleton,union_partial,1,0,unresolved,opposite_worlds,opposite_worlds,-5/1,5/1,-1/1,1/1,-1/1,1/1,False
anchor_rows,1092,,1/2,image-10,singleton,exact_projection,1,0,supported,universal_bound,universal_bound,1/1,1/1,1/1,1/1,1/1,1/1,False
anchor_rows,1093,,1/2,image-10,singleton,one_edit_per_image,1,0,unresolved,opposite_worlds,opposite_worlds,-1/1,3/1,-1/1,1/1,-1/1,3/1,False
anchor_rows,1094,,1/2,image-10,singleton,one_edit_global,1,0,unresolved,opposite_worlds,opposite_worlds,-1/1,3/1,-1/1,1/1,-1/1,3/1,False
anchor_rows,1095,,1/2,image-10,singleton,current_strict,1,0,supported,universal_bound,universal_bound,1/1,1/1,1/1,1/1,1/1,1/1,False
anchor_rows,1096,,1/2,image-10,singleton,current_partial,1,0,supported,universal_bound,universal_bound,1/1,1/1,1/1,1/1,1/1,1/1,False
anchor_rows,1097,,1/2,image-10,singleton,union_strict,1,0,supported,universal_bound,universal_bound,1/1,1/1,1/1,1/1,1/1,1/1,False
anchor_rows,1098,,1/2,image-10,singleton,union_partial,1,0,supported,universal_bound,universal_bound,1/1,1/1,1/1,1/1,1/1,1/1,False
anchor_rows,1099,,1/2,image-11,singleton,exact_projection,1,0,supported,universal_bound,universal_bound,1/1,1/1,1/1,1/1,1/1,1/1,False
anchor_rows,1100,,1/2,image-11,singleton,one_edit_per_image,1,0,unresolved,opposite_worlds,opposite_worlds,-3/1,3/1,-1/1,1/1,-1/1,1/1,False
anchor_rows,1101,,1/2,image-11,singleton,one_edit_global,1,0,unresolved,opposite_worlds,opposite_worlds,-3/1,3/1,-1/1,1/1,-1/1,1/1,False
anchor_rows,1102,,1/2,image-11,singleton,current_strict,1,1,input_blocked,,,,,,,,,False
anchor_rows,1103,,1/2,image-11,singleton,current_partial,1,0,unresolved,bound_gap,bound_gap,-1/1,3/1,1/1,1/1,1/1,1/1,False
anchor_rows,1104,,1/2,image-11,singleton,union_strict,1,1,input_blocked,,,,,,,,,False
anchor_rows,1105,,1/2,image-11,singleton,union_partial,1,0,unresolved,bound_gap,bound_gap,-1/1,3/1,1/1,1/1,1/1,1/1,False
anchor_rows,1106,,1/2,image-12,singleton,exact_projection,1,0,excluded,universal_bound,universal_bound,-2/1,-2/1,-2/1,-2/1,-2/1,-2/1,False
anchor_rows,1107,,1/2,image-12,singleton,one_edit_per_image,1,0,unresolved,bound_gap,opposite_worlds,-4/1,2/1,-2/1,0/1,-4/1,2/1,True
anchor_rows,1108,,1/2,image-12,singleton,one_edit_global,1,0,unresolved,bound_gap,opposite_worlds,-4/1,2/1,-2/1,0/1,-4/1,2/1,True
anchor_rows,1109,,1/2,image-12,singleton,current_strict,1,0,excluded,universal_bound,universal_bound,-2/1,-2/1,-2/1,-2/1,-2/1,-2/1,False
anchor_rows,1110,,1/2,image-12,singleton,current_partial,1,0,excluded,universal_bound,universal_bound,-2/1,-2/1,-2/1,-2/1,-2/1,-2/1,False
anchor_rows,1111,,1/2,image-12,singleton,union_strict,1,0,excluded,universal_bound,universal_bound,-2/1,-2/1,-2/1,-2/1,-2/1,-2/1,False
anchor_rows,1112,,1/2,image-12,singleton,union_partial,1,0,excluded,universal_bound,universal_bound,-2/1,-2/1,-2/1,-2/1,-2/1,-2/1,False
anchor_rows,1113,,1/2,image-13,singleton,exact_projection,1,0,excluded,universal_bound,universal_bound,-3/1,-3/1,-3/1,-3/1,-3/1,-3/1,False
anchor_rows,1114,,1/2,image-13,singleton,one_edit_per_image,1,0,excluded,universal_bound,universal_bound,-5/1,-1/1,-3/1,-1/1,-3/1,-1/1,False
anchor_rows,1115,,1/2,image-13,singleton,one_edit_global,1,0,excluded,universal_bound,universal_bound,-5/1,-1/1,-3/1,-1/1,-3/1,-1/1,False
anchor_rows,1116,,1/2,image-13,singleton,current_strict,1,1,input_blocked,,,,,,,,,False
anchor_rows,1117,,1/2,image-13,singleton,current_partial,1,0,excluded,universal_bound,universal_bound,-3/1,-3/1,-3/1,-3/1,-3/1,-3/1,False
anchor_rows,1118,,1/2,image-13,singleton,union_strict,1,1,input_blocked,,,,,,,,,False
anchor_rows,1119,,1/2,image-13,singleton,union_partial,1,0,excluded,universal_bound,universal_bound,-3/1,-3/1,-3/1,-3/1,-3/1,-3/1,False
anchor_rows,1120,,1/2,image-14,singleton,exact_projection,1,0,excluded,universal_bound,universal_bound,0/1,0/1,0/1,0/1,0/1,0/1,False
anchor_rows,1121,,1/2,image-14,singleton,one_edit_per_image,1,0,unresolved,opposite_worlds,opposite_worlds,-2/1,2/1,-2/1,2/1,-2/1,2/1,False
anchor_rows,1122,,1/2,image-14,singleton,one_edit_global,1,0,unresolved,opposite_worlds,opposite_worlds,-2/1,2/1,-2/1,2/1,-2/1,2/1,False
anchor_rows,1123,,1/2,image-14,singleton,current_strict,1,1,input_blocked,,,,,,,,,False
anchor_rows,1124,,1/2,image-14,singleton,current_partial,1,0,excluded,universal_bound,universal_bound,0/1,0/1,0/1,0/1,0/1,0/1,False
anchor_rows,1125,,1/2,image-14,singleton,union_strict,1,1,input_blocked,,,,,,,,,False
anchor_rows,1126,,1/2,image-14,singleton,union_partial,1,0,excluded,universal_bound,universal_bound,0/1,0/1,0/1,0/1,0/1,0/1,False
anchor_rows,1127,,1/2,image-15,singleton,exact_projection,1,0,excluded,universal_bound,universal_bound,0/1,0/1,0/1,0/1,0/1,0/1,False
anchor_rows,1128,,1/2,image-15,singleton,one_edit_per_image,1,0,unresolved,opposite_worlds,opposite_worlds,-2/1,2/1,0/1,2/1,-2/1,2/1,False
anchor_rows,1129,,1/2,image-15,singleton,one_edit_global,1,0,unresolved,opposite_worlds,opposite_worlds,-2/1,2/1,0/1,2/1,-2/1,2/1,False
anchor_rows,1130,,1/2,image-15,singleton,current_strict,1,0,excluded,universal_bound,universal_bound,0/1,0/1,0/1,0/1,0/1,0/1,False
anchor_rows,1131,,1/2,image-15,singleton,current_partial,1,0,excluded,universal_bound,universal_bound,0/1,0/1,0/1,0/1,0/1,0/1,False
anchor_rows,1132,,1/2,image-15,singleton,union_strict,1,0,excluded,universal_bound,universal_bound,0/1,0/1,0/1,0/1,0/1,0/1,False
anchor_rows,1133,,1/2,image-15,singleton,union_partial,1,0,excluded,universal_bound,universal_bound,0/1,0/1,0/1,0/1,0/1,0/1,False
anchor_rows,1134,,1/2,image-16,singleton,exact_projection,1,0,excluded,universal_bound,universal_bound,0/1,0/1,0/1,0/1,0/1,0/1,False
anchor_rows,1135,,1/2,image-16,singleton,one_edit_per_image,1,0,excluded,universal_bound,universal_bound,0/1,0/1,0/1,0/1,0/1,0/1,False
anchor_rows,1136,,1/2,image-16,singleton,one_edit_global,1,0,excluded,universal_bound,universal_bound,0/1,0/1,0/1,0/1,0/1,0/1,False
anchor_rows,1137,,1/2,image-16,singleton,current_strict,1,0,excluded,universal_bound,universal_bound,0/1,0/1,0/1,0/1,0/1,0/1,False
anchor_rows,1138,,1/2,image-16,singleton,current_partial,1,0,excluded,universal_bound,universal_bound,0/1,0/1,0/1,0/1,0/1,0/1,False
anchor_rows,1139,,1/2,image-16,singleton,union_strict,1,0,excluded,universal_bound,universal_bound,0/1,0/1,0/1,0/1,0/1,0/1,False
anchor_rows,1140,,1/2,image-16,singleton,union_partial,1,0,excluded,universal_bound,universal_bound,0/1,0/1,0/1,0/1,0/1,0/1,False
anchor_rows,1141,,1/2,image-17,singleton,exact_projection,1,0,excluded,universal_bound,universal_bound,-1/1,-1/1,-1/1,-1/1,-1/1,-1/1,False
anchor_rows,1142,,1/2,image-17,singleton,one_edit_per_image,1,0,unresolved,opposite_worlds,opposite_worlds,-3/1,1/1,-3/1,1/1,-3/1,1/1,False
anchor_rows,1143,,1/2,image-17,singleton,one_edit_global,1,0,unresolved,opposite_worlds,opposite_worlds,-3/1,1/1,-3/1,1/1,-3/1,1/1,False
anchor_rows,1144,,1/2,image-17,singleton,current_strict,1,0,excluded,universal_bound,universal_bound,-1/1,-1/1,-1/1,-1/1,-1/1,-1/1,False
anchor_rows,1145,,1/2,image-17,singleton,current_partial,1,0,excluded,universal_bound,universal_bound,-1/1,-1/1,-1/1,-1/1,-1/1,-1/1,False
anchor_rows,1146,,1/2,image-17,singleton,union_strict,1,0,excluded,universal_bound,universal_bound,-1/1,-1/1,-1/1,-1/1,-1/1,-1/1,False
anchor_rows,1147,,1/2,image-17,singleton,union_partial,1,0,excluded,universal_bound,universal_bound,-1/1,-1/1,-1/1,-1/1,-1/1,-1/1,False
anchor_rows,1148,,1/2,image-18,singleton,exact_projection,1,0,excluded,universal_bound,universal_bound,0/1,0/1,0/1,0/1,0/1,0/1,False
anchor_rows,1149,,1/2,image-18,singleton,one_edit_per_image,1,0,excluded,universal_bound,universal_bound,0/1,0/1,0/1,0/1,0/1,0/1,False
anchor_rows,1150,,1/2,image-18,singleton,one_edit_global,1,0,excluded,universal_bound,universal_bound,0/1,0/1,0/1,0/1,0/1,0/1,False
anchor_rows,1151,,1/2,image-18,singleton,current_strict,1,1,input_blocked,,,,,,,,,False
anchor_rows,1152,,1/2,image-18,singleton,current_partial,1,0,excluded,universal_bound,universal_bound,0/1,0/1,0/1,0/1,0/1,0/1,False
anchor_rows,1153,,1/2,image-18,singleton,union_strict,1,1,input_blocked,,,,,,,,,False
anchor_rows,1154,,1/2,image-18,singleton,union_partial,1,0,excluded,universal_bound,universal_bound,0/1,0/1,0/1,0/1,0/1,0/1,False
anchor_rows,1155,,1/2,image-19,singleton,exact_projection,1,0,excluded,universal_bound,universal_bound,0/1,0/1,0/1,0/1,0/1,0/1,False
anchor_rows,1156,,1/2,image-19,singleton,one_edit_per_image,1,0,unresolved,opposite_worlds,opposite_worlds,-2/1,2/1,0/1,2/1,-2/1,2/1,False
anchor_rows,1157,,1/2,image-19,singleton,one_edit_global,1,0,unresolved,opposite_worlds,opposite_worlds,-2/1,2/1,0/1,2/1,-2/1,2/1,False
anchor_rows,1158,,1/2,image-19,singleton,current_strict,1,0,excluded,universal_bound,universal_bound,0/1,0/1,0/1,0/1,0/1,0/1,False
anchor_rows,1159,,1/2,image-19,singleton,current_partial,1,0,excluded,universal_bound,universal_bound,0/1,0/1,0/1,0/1,0/1,0/1,False
anchor_rows,1160,,1/2,image-19,singleton,union_strict,1,0,excluded,universal_bound,universal_bound,0/1,0/1,0/1,0/1,0/1,0/1,False
anchor_rows,1161,,1/2,image-19,singleton,union_partial,1,0,excluded,universal_bound,universal_bound,0/1,0/1,0/1,0/1,0/1,0/1,False
anchor_rows,1162,,1/2,image-20,singleton,exact_projection,1,0,supported,universal_bound,universal_bound,1/1,1/1,1/1,1/1,1/1,1/1,False
anchor_rows,1163,,1/2,image-20,singleton,one_edit_per_image,1,0,unresolved,opposite_worlds,opposite_worlds,-1/1,1/1,-1/1,1/1,-1/1,1/1,False
anchor_rows,1164,,1/2,image-20,singleton,one_edit_global,1,0,unresolved,opposite_worlds,opposite_worlds,-1/1,1/1,-1/1,1/1,-1/1,1/1,False
anchor_rows,1165,,1/2,image-20,singleton,current_strict,1,0,supported,universal_bound,universal_bound,1/1,1/1,1/1,1/1,1/1,1/1,False
anchor_rows,1166,,1/2,image-20,singleton,current_partial,1,0,supported,universal_bound,universal_bound,1/1,1/1,1/1,1/1,1/1,1/1,False
anchor_rows,1167,,1/2,image-20,singleton,union_strict,1,0,supported,universal_bound,universal_bound,1/1,1/1,1/1,1/1,1/1,1/1,False
anchor_rows,1168,,1/2,image-20,singleton,union_partial,1,0,supported,universal_bound,universal_bound,1/1,1/1,1/1,1/1,1/1,1/1,False
anchor_rows,1169,,1/2,image-21,singleton,exact_projection,1,0,excluded,universal_bound,universal_bound,0/1,0/1,0/1,0/1,0/1,0/1,False
anchor_rows,1170,,1/2,image-21,singleton,one_edit_per_image,1,0,unresolved,opposite_worlds,opposite_worlds,-2/1,2/1,0/1,2/1,-2/1,2/1,False
anchor_rows,1171,,1/2,image-21,singleton,one_edit_global,1,0,unresolved,opposite_worlds,opposite_worlds,-2/1,2/1,0/1,2/1,-2/1,2/1,False
anchor_rows,1172,,1/2,image-21,singleton,current_strict,1,0,excluded,universal_bound,universal_bound,0/1,0/1,0/1,0/1,0/1,0/1,False
anchor_rows,1173,,1/2,image-21,singleton,current_partial,1,0,excluded,universal_bound,universal_bound,0/1,0/1,0/1,0/1,0/1,0/1,False
anchor_rows,1174,,1/2,image-21,singleton,union_strict,1,1,input_blocked,,,,,,,,,False
anchor_rows,1175,,1/2,image-21,singleton,union_partial,1,0,excluded,universal_bound,universal_bound,0/1,0/1,0/1,0/1,0/1,0/1,False
anchor_rows,1176,,1/2,image-22,singleton,exact_projection,1,0,excluded,universal_bound,universal_bound,0/1,0/1,0/1,0/1,0/1,0/1,False
anchor_rows,1177,,1/2,image-22,singleton,one_edit_per_image,1,0,unresolved,opposite_worlds,opposite_worlds,0/1,2/1,0/1,2/1,0/1,2/1,False
anchor_rows,1178,,1/2,image-22,singleton,one_edit_global,1,0,unresolved,opposite_worlds,opposite_worlds,0/1,2/1,0/1,2/1,0/1,2/1,False
anchor_rows,1179,,1/2,image-22,singleton,current_strict,1,1,input_blocked,,,,,,,,,False
anchor_rows,1180,,1/2,image-22,singleton,current_partial,1,0,excluded,universal_bound,universal_bound,0/1,0/1,0/1,0/1,0/1,0/1,False
anchor_rows,1181,,1/2,image-22,singleton,union_strict,1,1,input_blocked,,,,,,,,,False
anchor_rows,1182,,1/2,image-22,singleton,union_partial,1,0,excluded,universal_bound,universal_bound,0/1,0/1,0/1,0/1,0/1,0/1,False
anchor_rows,1183,,1/2,image-23,singleton,exact_projection,1,0,excluded,universal_bound,universal_bound,0/1,0/1,0/1,0/1,0/1,0/1,False
anchor_rows,1184,,1/2,image-23,singleton,one_edit_per_image,1,0,excluded,universal_bound,universal_bound,0/1,0/1,0/1,0/1,0/1,0/1,False
anchor_rows,1185,,1/2,image-23,singleton,one_edit_global,1,0,excluded,universal_bound,universal_bound,0/1,0/1,0/1,0/1,0/1,0/1,False
anchor_rows,1186,,1/2,image-23,singleton,current_strict,1,0,excluded,universal_bound,universal_bound,0/1,0/1,0/1,0/1,0/1,0/1,False
anchor_rows,1187,,1/2,image-23,singleton,current_partial,1,0,excluded,universal_bound,universal_bound,0/1,0/1,0/1,0/1,0/1,0/1,False
anchor_rows,1188,,1/2,image-23,singleton,union_strict,1,1,input_blocked,,,,,,,,,False
anchor_rows,1189,,1/2,image-23,singleton,union_partial,1,0,excluded,universal_bound,universal_bound,0/1,0/1,0/1,0/1,0/1,0/1,False
anchor_rows,1190,,1/2,image-24,singleton,exact_projection,1,0,excluded,universal_bound,universal_bound,0/1,0/1,0/1,0/1,0/1,0/1,False
anchor_rows,1191,,1/2,image-24,singleton,one_edit_per_image,1,0,unresolved,opposite_worlds,opposite_worlds,-2/1,2/1,-2/1,2/1,-2/1,2/1,False
anchor_rows,1192,,1/2,image-24,singleton,one_edit_global,1,0,unresolved,opposite_worlds,opposite_worlds,-2/1,2/1,-2/1,2/1,-2/1,2/1,False
anchor_rows,1193,,1/2,image-24,singleton,current_strict,1,0,excluded,universal_bound,universal_bound,0/1,0/1,0/1,0/1,0/1,0/1,False
anchor_rows,1194,,1/2,image-24,singleton,current_partial,1,0,excluded,universal_bound,universal_bound,0/1,0/1,0/1,0/1,0/1,0/1,False
anchor_rows,1195,,1/2,image-24,singleton,union_strict,1,0,excluded,universal_bound,universal_bound,0/1,0/1,0/1,0/1,0/1,0/1,False
anchor_rows,1196,,1/2,image-24,singleton,union_partial,1,0,excluded,universal_bound,universal_bound,0/1,0/1,0/1,0/1,0/1,0/1,False
anchor_rows,1197,,1/2,image-25,singleton,exact_projection,1,0,excluded,universal_bound,universal_bound,-2/1,-2/1,-2/1,-2/1,-2/1,-2/1,False
anchor_rows,1198,,1/2,image-25,singleton,one_edit_per_image,1,0,excluded,universal_bound,universal_bound,-4/1,0/1,-2/1,0/1,-2/1,0/1,False
anchor_rows,1199,,1/2,image-25,singleton,one_edit_global,1,0,excluded,universal_bound,universal_bound,-4/1,0/1,-2/1,0/1,-2/1,0/1,False
anchor_rows,1200,,1/2,image-25,singleton,current_strict,1,0,excluded,universal_bound,universal_bound,-2/1,-2/1,-2/1,-2/1,-2/1,-2/1,False
anchor_rows,1201,,1/2,image-25,singleton,current_partial,1,0,excluded,universal_bound,universal_bound,-2/1,-2/1,-2/1,-2/1,-2/1,-2/1,False
anchor_rows,1202,,1/2,image-25,singleton,union_strict,1,1,input_blocked,,,,,,,,,False
anchor_rows,1203,,1/2,image-25,singleton,union_partial,1,0,excluded,universal_bound,universal_bound,-2/1,-2/1,-2/1,-2/1,-2/1,-2/1,False
anchor_rows,1204,,1/2,image-26,singleton,exact_projection,1,0,excluded,universal_bound,universal_bound,0/1,0/1,0/1,0/1,0/1,0/1,False
anchor_rows,1205,,1/2,image-26,singleton,one_edit_per_image,1,0,unresolved,opposite_worlds,opposite_worlds,-4/1,4/1,-2/1,2/1,-2/1,2/1,False
anchor_rows,1206,,1/2,image-26,singleton,one_edit_global,1,0,unresolved,opposite_worlds,opposite_worlds,-4/1,4/1,-2/1,2/1,-2/1,2/1,False
anchor_rows,1207,,1/2,image-26,singleton,current_strict,1,0,excluded,universal_bound,universal_bound,0/1,0/1,0/1,0/1,0/1,0/1,False
anchor_rows,1208,,1/2,image-26,singleton,current_partial,1,0,excluded,universal_bound,universal_bound,0/1,0/1,0/1,0/1,0/1,0/1,False
anchor_rows,1209,,1/2,image-26,singleton,union_strict,1,0,excluded,universal_bound,universal_bound,0/1,0/1,0/1,0/1,0/1,0/1,False
anchor_rows,1210,,1/2,image-26,singleton,union_partial,1,0,excluded,universal_bound,universal_bound,0/1,0/1,0/1,0/1,0/1,0/1,False
anchor_rows,1211,,1/2,image-27,singleton,exact_projection,1,0,excluded,universal_bound,universal_bound,0/1,0/1,0/1,0/1,0/1,0/1,False
anchor_rows,1212,,1/2,image-27,singleton,one_edit_per_image,1,0,unresolved,bound_gap,opposite_worlds,-2/1,2/1,0/1,0/1,-2/1,2/1,True
anchor_rows,1213,,1/2,image-27,singleton,one_edit_global,1,0,unresolved,bound_gap,opposite_worlds,-2/1,2/1,0/1,0/1,-2/1,2/1,True
anchor_rows,1214,,1/2,image-27,singleton,current_strict,1,1,input_blocked,,,,,,,,,False
anchor_rows,1215,,1/2,image-27,singleton,current_partial,1,0,excluded,universal_bound,universal_bound,0/1,0/1,0/1,0/1,0/1,0/1,False
anchor_rows,1216,,1/2,image-27,singleton,union_strict,1,1,input_blocked,,,,,,,,,False
anchor_rows,1217,,1/2,image-27,singleton,union_partial,1,0,excluded,universal_bound,universal_bound,0/1,0/1,0/1,0/1,0/1,0/1,False
anchor_rows,1218,,1/2,image-28,singleton,exact_projection,1,0,excluded,universal_bound,universal_bound,0/1,0/1,0/1,0/1,0/1,0/1,False
anchor_rows,1219,,1/2,image-28,singleton,one_edit_per_image,1,0,excluded,universal_bound,universal_bound,0/1,0/1,0/1,0/1,0/1,0/1,False
anchor_rows,1220,,1/2,image-28,singleton,one_edit_global,1,0,excluded,universal_bound,universal_bound,0/1,0/1,0/1,0/1,0/1,0/1,False
anchor_rows,1221,,1/2,image-28,singleton,current_strict,1,1,input_blocked,,,,,,,,,False
anchor_rows,1222,,1/2,image-28,singleton,current_partial,1,0,excluded,universal_bound,universal_bound,0/1,0/1,0/1,0/1,0/1,0/1,False
anchor_rows,1223,,1/2,image-28,singleton,union_strict,1,1,input_blocked,,,,,,,,,False
anchor_rows,1224,,1/2,image-28,singleton,union_partial,1,0,excluded,universal_bound,universal_bound,0/1,0/1,0/1,0/1,0/1,0/1,False
anchor_rows,1225,,1/2,image-29,singleton,exact_projection,1,0,excluded,universal_bound,universal_bound,-1/1,-1/1,-1/1,-1/1,-1/1,-1/1,False
anchor_rows,1226,,1/2,image-29,singleton,one_edit_per_image,1,0,unresolved,opposite_worlds,opposite_worlds,-3/1,3/1,-1/1,1/1,-1/1,1/1,False
anchor_rows,1227,,1/2,image-29,singleton,one_edit_global,1,0,unresolved,opposite_worlds,opposite_worlds,-3/1,3/1,-1/1,1/1,-1/1,1/1,False
anchor_rows,1228,,1/2,image-29,singleton,current_strict,1,1,input_blocked,,,,,,,,,False
anchor_rows,1229,,1/2,image-29,singleton,current_partial,1,0,unresolved,opposite_worlds,opposite_worlds,-1/1,3/1,-1/1,1/1,-1/1,1/1,False
anchor_rows,1230,,1/2,image-29,singleton,union_strict,1,1,input_blocked,,,,,,,,,False
anchor_rows,1231,,1/2,image-29,singleton,union_partial,1,0,unresolved,opposite_worlds,opposite_worlds,-3/1,3/1,-1/1,3/1,-1/1,3/1,False
anchor_rows,1232,,1/2,image-30,singleton,exact_projection,1,0,excluded,universal_bound,universal_bound,-1/1,-1/1,-1/1,-1/1,-1/1,-1/1,False
anchor_rows,1233,,1/2,image-30,singleton,one_edit_per_image,1,0,unresolved,opposite_worlds,opposite_worlds,-3/1,3/1,-1/1,1/1,-1/1,1/1,False
anchor_rows,1234,,1/2,image-30,singleton,one_edit_global,1,0,unresolved,opposite_worlds,opposite_worlds,-3/1,3/1,-1/1,1/1,-1/1,1/1,False
anchor_rows,1235,,1/2,image-30,singleton,current_strict,1,1,input_blocked,,,,,,,,,False
anchor_rows,1236,,1/2,image-30,singleton,current_partial,1,0,unresolved,opposite_worlds,opposite_worlds,-5/1,3/1,-1/1,3/1,-1/1,3/1,False
anchor_rows,1237,,1/2,image-30,singleton,union_strict,1,1,input_blocked,,,,,,,,,False
anchor_rows,1238,,1/2,image-30,singleton,union_partial,1,0,unresolved,opposite_worlds,opposite_worlds,-5/1,3/1,-3/1,3/1,-3/1,3/1,False
anchor_rows,1239,,1/2,image-31,singleton,exact_projection,1,0,excluded,universal_bound,universal_bound,0/1,0/1,0/1,0/1,0/1,0/1,False
anchor_rows,1240,,1/2,image-31,singleton,one_edit_per_image,1,0,unresolved,opposite_worlds,opposite_worlds,-2/1,2/1,0/1,2/1,0/1,2/1,False
anchor_rows,1241,,1/2,image-31,singleton,one_edit_global,1,0,unresolved,opposite_worlds,opposite_worlds,-2/1,2/1,0/1,2/1,0/1,2/1,False
anchor_rows,1242,,1/2,image-31,singleton,current_strict,1,1,input_blocked,,,,,,,,,False
anchor_rows,1243,,1/2,image-31,singleton,current_partial,1,0,unresolved,bound_gap,bound_gap,-2/1,2/1,0/1,0/1,0/1,0/1,False
anchor_rows,1244,,1/2,image-31,singleton,union_strict,1,1,input_blocked,,,,,,,,,False
anchor_rows,1245,,1/2,image-31,singleton,union_partial,1,0,unresolved,bound_gap,bound_gap,-2/1,2/1,0/1,0/1,0/1,0/1,False
anchor_rows,1246,,1/2,image-32,singleton,exact_projection,1,0,excluded,universal_bound,universal_bound,-1/1,-1/1,-1/1,-1/1,-1/1,-1/1,False
anchor_rows,1247,,1/2,image-32,singleton,one_edit_per_image,1,0,unresolved,opposite_worlds,opposite_worlds,-3/1,1/1,-1/1,1/1,-3/1,1/1,False
anchor_rows,1248,,1/2,image-32,singleton,one_edit_global,1,0,unresolved,opposite_worlds,opposite_worlds,-3/1,1/1,-1/1,1/1,-3/1,1/1,False
anchor_rows,1249,,1/2,image-32,singleton,current_strict,1,0,excluded,universal_bound,universal_bound,-1/1,-1/1,-1/1,-1/1,-1/1,-1/1,False
anchor_rows,1250,,1/2,image-32,singleton,current_partial,1,0,excluded,universal_bound,universal_bound,-1/1,-1/1,-1/1,-1/1,-1/1,-1/1,False
anchor_rows,1251,,1/2,image-32,singleton,union_strict,1,0,excluded,universal_bound,universal_bound,-1/1,-1/1,-1/1,-1/1,-1/1,-1/1,False
anchor_rows,1252,,1/2,image-32,singleton,union_partial,1,0,excluded,universal_bound,universal_bound,-1/1,-1/1,-1/1,-1/1,-1/1,-1/1,False
anchor_rows,1253,,1/2,image-33,singleton,exact_projection,1,0,supported,universal_bound,universal_bound,1/1,1/1,1/1,1/1,1/1,1/1,False
anchor_rows,1254,,1/2,image-33,singleton,one_edit_per_image,1,0,unresolved,bound_gap,opposite_worlds,-1/1,3/1,1/1,1/1,-1/1,3/1,True
anchor_rows,1255,,1/2,image-33,singleton,one_edit_global,1,0,unresolved,bound_gap,opposite_worlds,-1/1,3/1,1/1,1/1,-1/1,3/1,True
anchor_rows,1256,,1/2,image-33,singleton,current_strict,1,1,input_blocked,,,,,,,,,False
anchor_rows,1257,,1/2,image-33,singleton,current_partial,1,0,unresolved,bound_gap,bound_gap,-1/1,1/1,1/1,1/1,1/1,1/1,False
anchor_rows,1258,,1/2,image-33,singleton,union_strict,1,1,input_blocked,,,,,,,,,False
anchor_rows,1259,,1/2,image-33,singleton,union_partial,1,0,unresolved,bound_gap,bound_gap,-1/1,1/1,1/1,1/1,1/1,1/1,False
anchor_rows,1260,,1/2,image-34,singleton,exact_projection,1,0,excluded,universal_bound,universal_bound,-1/1,-1/1,-1/1,-1/1,-1/1,-1/1,False
anchor_rows,1261,,1/2,image-34,singleton,one_edit_per_image,1,0,unresolved,opposite_worlds,opposite_worlds,-3/1,1/1,-1/1,1/1,-1/1,1/1,False
anchor_rows,1262,,1/2,image-34,singleton,one_edit_global,1,0,unresolved,opposite_worlds,opposite_worlds,-3/1,1/1,-1/1,1/1,-1/1,1/1,False
anchor_rows,1263,,1/2,image-34,singleton,current_strict,1,0,excluded,universal_bound,universal_bound,-1/1,-1/1,-1/1,-1/1,-1/1,-1/1,False
anchor_rows,1264,,1/2,image-34,singleton,current_partial,1,0,excluded,universal_bound,universal_bound,-1/1,-1/1,-1/1,-1/1,-1/1,-1/1,False
anchor_rows,1265,,1/2,image-34,singleton,union_strict,1,1,input_blocked,,,,,,,,,False
anchor_rows,1266,,1/2,image-34,singleton,union_partial,1,0,excluded,universal_bound,universal_bound,-1/1,-1/1,-1/1,-1/1,-1/1,-1/1,False
anchor_rows,1267,,1/2,image-35,singleton,exact_projection,1,0,excluded,universal_bound,universal_bound,0/1,0/1,0/1,0/1,0/1,0/1,False
anchor_rows,1268,,1/2,image-35,singleton,one_edit_per_image,1,0,unresolved,bound_gap,opposite_worlds,-2/1,2/1,0/1,0/1,-2/1,2/1,True
anchor_rows,1269,,1/2,image-35,singleton,one_edit_global,1,0,unresolved,bound_gap,opposite_worlds,-2/1,2/1,0/1,0/1,-2/1,2/1,True
anchor_rows,1270,,1/2,image-35,singleton,current_strict,1,0,excluded,universal_bound,universal_bound,0/1,0/1,0/1,0/1,0/1,0/1,False
anchor_rows,1271,,1/2,image-35,singleton,current_partial,1,0,excluded,universal_bound,universal_bound,0/1,0/1,0/1,0/1,0/1,0/1,False
anchor_rows,1272,,1/2,image-35,singleton,union_strict,1,0,excluded,universal_bound,universal_bound,0/1,0/1,0/1,0/1,0/1,0/1,False
anchor_rows,1273,,1/2,image-35,singleton,union_partial,1,0,excluded,universal_bound,universal_bound,0/1,0/1,0/1,0/1,0/1,0/1,False
anchor_rows,1274,,1/2,image-36,singleton,exact_projection,1,0,supported,universal_bound,universal_bound,1/1,1/1,1/1,1/1,1/1,1/1,False
anchor_rows,1275,,1/2,image-36,singleton,one_edit_per_image,1,0,unresolved,opposite_worlds,opposite_worlds,-1/1,1/1,-1/1,1/1,-1/1,1/1,False
anchor_rows,1276,,1/2,image-36,singleton,one_edit_global,1,0,unresolved,opposite_worlds,opposite_worlds,-1/1,1/1,-1/1,1/1,-1/1,1/1,False
anchor_rows,1277,,1/2,image-36,singleton,current_strict,1,0,supported,universal_bound,universal_bound,1/1,1/1,1/1,1/1,1/1,1/1,False
anchor_rows,1278,,1/2,image-36,singleton,current_partial,1,0,supported,universal_bound,universal_bound,1/1,1/1,1/1,1/1,1/1,1/1,False
anchor_rows,1279,,1/2,image-36,singleton,union_strict,1,0,supported,universal_bound,universal_bound,1/1,1/1,1/1,1/1,1/1,1/1,False
anchor_rows,1280,,1/2,image-36,singleton,union_partial,1,0,supported,universal_bound,universal_bound,1/1,1/1,1/1,1/1,1/1,1/1,False
anchor_rows,1281,,1/2,image-37,singleton,exact_projection,1,0,supported,universal_bound,universal_bound,1/1,1/1,1/1,1/1,1/1,1/1,False
anchor_rows,1282,,1/2,image-37,singleton,one_edit_per_image,1,0,unresolved,opposite_worlds,opposite_worlds,-1/1,1/1,-1/1,1/1,-1/1,1/1,False
anchor_rows,1283,,1/2,image-37,singleton,one_edit_global,1,0,unresolved,opposite_worlds,opposite_worlds,-1/1,1/1,-1/1,1/1,-1/1,1/1,False
anchor_rows,1284,,1/2,image-37,singleton,current_strict,1,1,input_blocked,,,,,,,,,False
anchor_rows,1285,,1/2,image-37,singleton,current_partial,1,0,unresolved,opposite_worlds,opposite_worlds,-1/1,1/1,-1/1,1/1,-1/1,1/1,False
anchor_rows,1286,,1/2,image-37,singleton,union_strict,1,1,input_blocked,,,,,,,,,False
anchor_rows,1287,,1/2,image-37,singleton,union_partial,1,0,unresolved,opposite_worlds,opposite_worlds,-1/1,1/1,-1/1,1/1,-1/1,1/1,False
anchor_rows,1288,,1/2,image-38,singleton,exact_projection,1,0,excluded,universal_bound,universal_bound,-1/1,-1/1,-1/1,-1/1,-1/1,-1/1,False
anchor_rows,1289,,1/2,image-38,singleton,one_edit_per_image,1,0,unresolved,opposite_worlds,opposite_worlds,-3/1,1/1,-1/1,1/1,-1/1,1/1,False
anchor_rows,1290,,1/2,image-38,singleton,one_edit_global,1,0,unresolved,opposite_worlds,opposite_worlds,-3/1,1/1,-1/1,1/1,-1/1,1/1,False
anchor_rows,1291,,1/2,image-38,singleton,current_strict,1,1,input_blocked,,,,,,,,,False
anchor_rows,1292,,1/2,image-38,singleton,current_partial,1,0,unresolved,bound_gap,bound_gap,-3/1,1/1,-1/1,-1/1,-1/1,-1/1,False
anchor_rows,1293,,1/2,image-38,singleton,union_strict,1,1,input_blocked,,,,,,,,,False
anchor_rows,1294,,1/2,image-38,singleton,union_partial,1,0,unresolved,bound_gap,bound_gap,-3/1,1/1,-1/1,-1/1,-1/1,-1/1,False
anchor_rows,1295,,1/2,image-39,singleton,exact_projection,1,0,supported,universal_bound,universal_bound,1/1,1/1,1/1,1/1,1/1,1/1,False
anchor_rows,1296,,1/2,image-39,singleton,one_edit_per_image,1,0,unresolved,opposite_worlds,opposite_worlds,-1/1,3/1,-1/1,1/1,-1/1,3/1,False
anchor_rows,1297,,1/2,image-39,singleton,one_edit_global,1,0,unresolved,opposite_worlds,opposite_worlds,-1/1,3/1,-1/1,1/1,-1/1,3/1,False
anchor_rows,1298,,1/2,image-39,singleton,current_strict,1,1,input_blocked,,,,,,,,,False
anchor_rows,1299,,1/2,image-39,singleton,current_partial,1,0,unresolved,opposite_worlds,opposite_worlds,-1/1,1/1,-1/1,1/1,-1/1,1/1,False
anchor_rows,1300,,1/2,image-39,singleton,union_strict,1,1,input_blocked,,,,,,,,,False
anchor_rows,1301,,1/2,image-39,singleton,union_partial,1,0,unresolved,opposite_worlds,opposite_worlds,-1/1,1/1,-1/1,1/1,-1/1,1/1,False
anchor_rows,1302,,1/2,image-40,singleton,exact_projection,1,0,supported,universal_bound,universal_bound,1/1,1/1,1/1,1/1,1/1,1/1,False
anchor_rows,1303,,1/2,image-40,singleton,one_edit_per_image,1,0,unresolved,opposite_worlds,opposite_worlds,-1/1,3/1,-1/1,1/1,-1/1,1/1,False
anchor_rows,1304,,1/2,image-40,singleton,one_edit_global,1,0,unresolved,opposite_worlds,opposite_worlds,-1/1,3/1,-1/1,1/1,-1/1,1/1,False
anchor_rows,1305,,1/2,image-40,singleton,current_strict,1,0,supported,universal_bound,universal_bound,1/1,1/1,1/1,1/1,1/1,1/1,False
anchor_rows,1306,,1/2,image-40,singleton,current_partial,1,0,supported,universal_bound,universal_bound,1/1,1/1,1/1,1/1,1/1,1/1,False
anchor_rows,1307,,1/2,image-40,singleton,union_strict,1,1,input_blocked,,,,,,,,,False
anchor_rows,1308,,1/2,image-40,singleton,union_partial,1,0,unresolved,opposite_worlds,opposite_worlds,-1/1,1/1,-1/1,1/1,-1/1,1/1,False
anchor_rows,1309,,1/2,image-41,singleton,exact_projection,1,0,excluded,universal_bound,universal_bound,0/1,0/1,0/1,0/1,0/1,0/1,False
anchor_rows,1310,,1/2,image-41,singleton,one_edit_per_image,1,0,unresolved,opposite_worlds,opposite_worlds,-2/1,2/1,0/1,2/1,0/1,2/1,False
anchor_rows,1311,,1/2,image-41,singleton,one_edit_global,1,0,unresolved,opposite_worlds,opposite_worlds,-2/1,2/1,0/1,2/1,0/1,2/1,False
anchor_rows,1312,,1/2,image-41,singleton,current_strict,1,1,input_blocked,,,,,,,,,False
anchor_rows,1313,,1/2,image-41,singleton,current_partial,1,0,excluded,universal_bound,universal_bound,0/1,0/1,0/1,0/1,0/1,0/1,False
anchor_rows,1314,,1/2,image-41,singleton,union_strict,1,1,input_blocked,,,,,,,,,False
anchor_rows,1315,,1/2,image-41,singleton,union_partial,1,0,excluded,universal_bound,universal_bound,0/1,0/1,0/1,0/1,0/1,0/1,False
anchor_rows,1316,,1/2,image-42,singleton,exact_projection,1,0,excluded,universal_bound,universal_bound,0/1,0/1,0/1,0/1,0/1,0/1,False
anchor_rows,1317,,1/2,image-42,singleton,one_edit_per_image,1,0,excluded,universal_bound,universal_bound,0/1,0/1,0/1,0/1,0/1,0/1,False
anchor_rows,1318,,1/2,image-42,singleton,one_edit_global,1,0,excluded,universal_bound,universal_bound,0/1,0/1,0/1,0/1,0/1,0/1,False
anchor_rows,1319,,1/2,image-42,singleton,current_strict,1,0,excluded,universal_bound,universal_bound,0/1,0/1,0/1,0/1,0/1,0/1,False
anchor_rows,1320,,1/2,image-42,singleton,current_partial,1,0,excluded,universal_bound,universal_bound,0/1,0/1,0/1,0/1,0/1,0/1,False
anchor_rows,1321,,1/2,image-42,singleton,union_strict,1,1,input_blocked,,,,,,,,,False
anchor_rows,1322,,1/2,image-42,singleton,union_partial,1,0,excluded,universal_bound,universal_bound,0/1,0/1,0/1,0/1,0/1,0/1,False
anchor_rows,1323,,1/2,image-43,singleton,exact_projection,1,0,supported,universal_bound,universal_bound,1/1,1/1,1/1,1/1,1/1,1/1,False
anchor_rows,1324,,1/2,image-43,singleton,one_edit_per_image,1,0,unresolved,opposite_worlds,opposite_worlds,-1/1,3/1,-1/1,1/1,-1/1,1/1,False
anchor_rows,1325,,1/2,image-43,singleton,one_edit_global,1,0,unresolved,opposite_worlds,opposite_worlds,-1/1,3/1,-1/1,1/1,-1/1,1/1,False
anchor_rows,1326,,1/2,image-43,singleton,current_strict,1,1,input_blocked,,,,,,,,,False
anchor_rows,1327,,1/2,image-43,singleton,current_partial,1,0,unresolved,bound_gap,bound_gap,-1/1,1/1,1/1,1/1,1/1,1/1,False
anchor_rows,1328,,1/2,image-43,singleton,union_strict,1,1,input_blocked,,,,,,,,,False
anchor_rows,1329,,1/2,image-43,singleton,union_partial,1,0,unresolved,bound_gap,bound_gap,-1/1,1/1,1/1,1/1,1/1,1/1,False
anchor_rows,1330,,1/2,image-44,singleton,exact_projection,1,0,excluded,universal_bound,universal_bound,0/1,0/1,0/1,0/1,0/1,0/1,False
anchor_rows,1331,,1/2,image-44,singleton,one_edit_per_image,1,0,excluded,universal_bound,universal_bound,0/1,0/1,0/1,0/1,0/1,0/1,False
anchor_rows,1332,,1/2,image-44,singleton,one_edit_global,1,0,excluded,universal_bound,universal_bound,0/1,0/1,0/1,0/1,0/1,0/1,False
anchor_rows,1333,,1/2,image-44,singleton,current_strict,1,0,excluded,universal_bound,universal_bound,0/1,0/1,0/1,0/1,0/1,0/1,False
anchor_rows,1334,,1/2,image-44,singleton,current_partial,1,0,excluded,universal_bound,universal_bound,0/1,0/1,0/1,0/1,0/1,0/1,False
anchor_rows,1335,,1/2,image-44,singleton,union_strict,1,0,excluded,universal_bound,universal_bound,0/1,0/1,0/1,0/1,0/1,0/1,False
anchor_rows,1336,,1/2,image-44,singleton,union_partial,1,0,excluded,universal_bound,universal_bound,0/1,0/1,0/1,0/1,0/1,0/1,False
anchor_rows,1337,,1/2,image-45,singleton,exact_projection,1,0,excluded,universal_bound,universal_bound,-2/1,-2/1,-2/1,-2/1,-2/1,-2/1,False
anchor_rows,1338,,1/2,image-45,singleton,one_edit_per_image,1,0,unresolved,bound_gap,opposite_worlds,-4/1,2/1,-4/1,0/1,-4/1,2/1,True
anchor_rows,1339,,1/2,image-45,singleton,one_edit_global,1,0,unresolved,bound_gap,opposite_worlds,-4/1,2/1,-4/1,0/1,-4/1,2/1,True
anchor_rows,1340,,1/2,image-45,singleton,current_strict,1,1,input_blocked,,,,,,,,,False
anchor_rows,1341,,1/2,image-45,singleton,current_partial,1,0,excluded,universal_bound,universal_bound,-4/1,0/1,-2/1,-2/1,-2/1,-2/1,False
anchor_rows,1342,,1/2,image-45,singleton,union_strict,1,1,input_blocked,,,,,,,,,False
anchor_rows,1343,,1/2,image-45,singleton,union_partial,1,0,excluded,universal_bound,universal_bound,-4/1,0/1,-2/1,-2/1,-2/1,-2/1,False
anchor_rows,1344,,1/2,image-46,singleton,exact_projection,1,0,excluded,universal_bound,universal_bound,0/1,0/1,0/1,0/1,0/1,0/1,False
anchor_rows,1345,,1/2,image-46,singleton,one_edit_per_image,1,0,excluded,universal_bound,universal_bound,0/1,0/1,0/1,0/1,0/1,0/1,False
anchor_rows,1346,,1/2,image-46,singleton,one_edit_global,1,0,excluded,universal_bound,universal_bound,0/1,0/1,0/1,0/1,0/1,0/1,False
anchor_rows,1347,,1/2,image-46,singleton,current_strict,1,0,excluded,universal_bound,universal_bound,0/1,0/1,0/1,0/1,0/1,0/1,False
anchor_rows,1348,,1/2,image-46,singleton,current_partial,1,0,excluded,universal_bound,universal_bound,0/1,0/1,0/1,0/1,0/1,0/1,False
anchor_rows,1349,,1/2,image-46,singleton,union_strict,1,1,input_blocked,,,,,,,,,False
anchor_rows,1350,,1/2,image-46,singleton,union_partial,1,0,excluded,universal_bound,universal_bound,0/1,0/1,0/1,0/1,0/1,0/1,False
anchor_rows,1351,,1/2,image-47,singleton,exact_projection,1,0,excluded,universal_bound,universal_bound,0/1,0/1,0/1,0/1,0/1,0/1,False
anchor_rows,1352,,1/2,image-47,singleton,one_edit_per_image,1,0,excluded,universal_bound,universal_bound,0/1,0/1,0/1,0/1,0/1,0/1,False
anchor_rows,1353,,1/2,image-47,singleton,one_edit_global,1,0,excluded,universal_bound,universal_bound,0/1,0/1,0/1,0/1,0/1,0/1,False
anchor_rows,1354,,1/2,image-47,singleton,current_strict,1,0,excluded,universal_bound,universal_bound,0/1,0/1,0/1,0/1,0/1,0/1,False
anchor_rows,1355,,1/2,image-47,singleton,current_partial,1,0,excluded,universal_bound,universal_bound,0/1,0/1,0/1,0/1,0/1,0/1,False
anchor_rows,1356,,1/2,image-47,singleton,union_strict,1,0,excluded,universal_bound,universal_bound,0/1,0/1,0/1,0/1,0/1,0/1,False
anchor_rows,1357,,1/2,image-47,singleton,union_partial,1,0,excluded,universal_bound,universal_bound,0/1,0/1,0/1,0/1,0/1,0/1,False
anchor_rows,1358,,1/2,image-48,singleton,exact_projection,1,0,supported,universal_bound,universal_bound,1/1,1/1,1/1,1/1,1/1,1/1,False
anchor_rows,1359,,1/2,image-48,singleton,one_edit_per_image,1,0,unresolved,opposite_worlds,opposite_worlds,-1/1,3/1,-1/1,3/1,-1/1,3/1,False
anchor_rows,1360,,1/2,image-48,singleton,one_edit_global,1,0,unresolved,opposite_worlds,opposite_worlds,-1/1,3/1,-1/1,3/1,-1/1,3/1,False
anchor_rows,1361,,1/2,image-48,singleton,current_strict,1,0,supported,universal_bound,universal_bound,1/1,1/1,1/1,1/1,1/1,1/1,False
anchor_rows,1362,,1/2,image-48,singleton,current_partial,1,0,supported,universal_bound,universal_bound,1/1,1/1,1/1,1/1,1/1,1/1,False
anchor_rows,1363,,1/2,image-48,singleton,union_strict,1,0,supported,universal_bound,universal_bound,1/1,1/1,1/1,1/1,1/1,1/1,False
anchor_rows,1364,,1/2,image-48,singleton,union_partial,1,0,supported,universal_bound,universal_bound,1/1,1/1,1/1,1/1,1/1,1/1,False
anchor_rows,1365,,1/2,image-49,singleton,exact_projection,1,0,excluded,universal_bound,universal_bound,0/1,0/1,0/1,0/1,0/1,0/1,False
anchor_rows,1366,,1/2,image-49,singleton,one_edit_per_image,1,0,unresolved,bound_gap,opposite_worlds,-2/1,2/1,0/1,0/1,-2/1,2/1,True
anchor_rows,1367,,1/2,image-49,singleton,one_edit_global,1,0,unresolved,bound_gap,opposite_worlds,-2/1,2/1,0/1,0/1,-2/1,2/1,True
anchor_rows,1368,,1/2,image-49,singleton,current_strict,1,0,excluded,universal_bound,universal_bound,0/1,0/1,0/1,0/1,0/1,0/1,False
anchor_rows,1369,,1/2,image-49,singleton,current_partial,1,0,excluded,universal_bound,universal_bound,0/1,0/1,0/1,0/1,0/1,0/1,False
anchor_rows,1370,,1/2,image-49,singleton,union_strict,1,0,excluded,universal_bound,universal_bound,0/1,0/1,0/1,0/1,0/1,0/1,False
anchor_rows,1371,,1/2,image-49,singleton,union_partial,1,0,excluded,universal_bound,universal_bound,0/1,0/1,0/1,0/1,0/1,0/1,False
anchor_rows,1372,,1/2,image-50,singleton,exact_projection,1,0,supported,universal_bound,universal_bound,1/1,1/1,1/1,1/1,1/1,1/1,False
anchor_rows,1373,,1/2,image-50,singleton,one_edit_per_image,1,0,unresolved,bound_gap,opposite_worlds,-1/1,1/1,1/1,1/1,-1/1,1/1,True
anchor_rows,1374,,1/2,image-50,singleton,one_edit_global,1,0,unresolved,bound_gap,opposite_worlds,-1/1,1/1,1/1,1/1,-1/1,1/1,True
anchor_rows,1375,,1/2,image-50,singleton,current_strict,1,0,supported,universal_bound,universal_bound,1/1,1/1,1/1,1/1,1/1,1/1,False
anchor_rows,1376,,1/2,image-50,singleton,current_partial,1,0,supported,universal_bound,universal_bound,1/1,1/1,1/1,1/1,1/1,1/1,False
anchor_rows,1377,,1/2,image-50,singleton,union_strict,1,0,supported,universal_bound,universal_bound,1/1,1/1,1/1,1/1,1/1,1/1,False
anchor_rows,1378,,1/2,image-50,singleton,union_partial,1,0,supported,universal_bound,universal_bound,1/1,1/1,1/1,1/1,1/1,1/1,False
anchor_rows,1379,,1/2,image-51,singleton,exact_projection,1,0,excluded,universal_bound,universal_bound,0/1,0/1,0/1,0/1,0/1,0/1,False
anchor_rows,1380,,1/2,image-51,singleton,one_edit_per_image,1,0,unresolved,opposite_worlds,opposite_worlds,-2/1,2/1,-2/1,2/1,-2/1,2/1,False
anchor_rows,1381,,1/2,image-51,singleton,one_edit_global,1,0,unresolved,opposite_worlds,opposite_worlds,-2/1,2/1,-2/1,2/1,-2/1,2/1,False
anchor_rows,1382,,1/2,image-51,singleton,current_strict,1,0,excluded,universal_bound,universal_bound,0/1,0/1,0/1,0/1,0/1,0/1,False
anchor_rows,1383,,1/2,image-51,singleton,current_partial,1,0,excluded,universal_bound,universal_bound,0/1,0/1,0/1,0/1,0/1,0/1,False
anchor_rows,1384,,1/2,image-51,singleton,union_strict,1,0,excluded,universal_bound,universal_bound,0/1,0/1,0/1,0/1,0/1,0/1,False
anchor_rows,1385,,1/2,image-51,singleton,union_partial,1,0,excluded,universal_bound,universal_bound,0/1,0/1,0/1,0/1,0/1,0/1,False
anchor_rows,1386,,1/2,image-52,singleton,exact_projection,1,0,excluded,universal_bound,universal_bound,0/1,0/1,0/1,0/1,0/1,0/1,False
anchor_rows,1387,,1/2,image-52,singleton,one_edit_per_image,1,0,unresolved,opposite_worlds,opposite_worlds,-2/1,2/1,0/1,2/1,-2/1,2/1,False
anchor_rows,1388,,1/2,image-52,singleton,one_edit_global,1,0,unresolved,opposite_worlds,opposite_worlds,-2/1,2/1,0/1,2/1,-2/1,2/1,False
anchor_rows,1389,,1/2,image-52,singleton,current_strict,1,1,input_blocked,,,,,,,,,False
anchor_rows,1390,,1/2,image-52,singleton,current_partial,1,0,unresolved,opposite_worlds,opposite_worlds,-2/1,2/1,0/1,2/1,0/1,2/1,False
anchor_rows,1391,,1/2,image-52,singleton,union_strict,1,1,input_blocked,,,,,,,,,False
anchor_rows,1392,,1/2,image-52,singleton,union_partial,1,0,unresolved,opposite_worlds,opposite_worlds,-4/1,4/1,-2/1,4/1,-2/1,4/1,False
anchor_rows,1393,,1/2,image-53,singleton,exact_projection,1,0,excluded,universal_bound,universal_bound,0/1,0/1,0/1,0/1,0/1,0/1,False
anchor_rows,1394,,1/2,image-53,singleton,one_edit_per_image,1,0,excluded,universal_bound,universal_bound,0/1,0/1,0/1,0/1,0/1,0/1,False
anchor_rows,1395,,1/2,image-53,singleton,one_edit_global,1,0,excluded,universal_bound,universal_bound,0/1,0/1,0/1,0/1,0/1,0/1,False
anchor_rows,1396,,1/2,image-53,singleton,current_strict,1,0,excluded,universal_bound,universal_bound,0/1,0/1,0/1,0/1,0/1,0/1,False
anchor_rows,1397,,1/2,image-53,singleton,current_partial,1,0,excluded,universal_bound,universal_bound,0/1,0/1,0/1,0/1,0/1,0/1,False
anchor_rows,1398,,1/2,image-53,singleton,union_strict,1,0,excluded,universal_bound,universal_bound,0/1,0/1,0/1,0/1,0/1,0/1,False
anchor_rows,1399,,1/2,image-53,singleton,union_partial,1,0,excluded,universal_bound,universal_bound,0/1,0/1,0/1,0/1,0/1,0/1,False
anchor_rows,1400,,1/2,image-54,singleton,exact_projection,1,0,excluded,universal_bound,universal_bound,0/1,0/1,0/1,0/1,0/1,0/1,False
anchor_rows,1401,,1/2,image-54,singleton,one_edit_per_image,1,0,unresolved,opposite_worlds,opposite_worlds,-2/1,2/1,-2/1,2/1,-2/1,2/1,False
anchor_rows,1402,,1/2,image-54,singleton,one_edit_global,1,0,unresolved,opposite_worlds,opposite_worlds,-2/1,2/1,-2/1,2/1,-2/1,2/1,False
anchor_rows,1403,,1/2,image-54,singleton,current_strict,1,1,input_blocked,,,,,,,,,False
anchor_rows,1404,,1/2,image-54,singleton,current_partial,1,0,excluded,universal_bound,universal_bound,0/1,0/1,0/1,0/1,0/1,0/1,False
anchor_rows,1405,,1/2,image-54,singleton,union_strict,1,1,input_blocked,,,,,,,,,False
anchor_rows,1406,,1/2,image-54,singleton,union_partial,1,0,excluded,universal_bound,universal_bound,0/1,0/1,0/1,0/1,0/1,0/1,False
anchor_rows,1407,,1/2,image-55,singleton,exact_projection,1,0,excluded,universal_bound,universal_bound,-1/1,-1/1,-1/1,-1/1,-1/1,-1/1,False
anchor_rows,1408,,1/2,image-55,singleton,one_edit_per_image,1,0,unresolved,opposite_worlds,opposite_worlds,-3/1,1/1,-3/1,1/1,-3/1,1/1,False
anchor_rows,1409,,1/2,image-55,singleton,one_edit_global,1,0,unresolved,opposite_worlds,opposite_worlds,-3/1,1/1,-3/1,1/1,-3/1,1/1,False
anchor_rows,1410,,1/2,image-55,singleton,current_strict,1,1,input_blocked,,,,,,,,,False
anchor_rows,1411,,1/2,image-55,singleton,current_partial,1,0,excluded,universal_bound,universal_bound,-1/1,-1/1,-1/1,-1/1,-1/1,-1/1,False
anchor_rows,1412,,1/2,image-55,singleton,union_strict,1,1,input_blocked,,,,,,,,,False
anchor_rows,1413,,1/2,image-55,singleton,union_partial,1,0,excluded,universal_bound,universal_bound,-1/1,-1/1,-1/1,-1/1,-1/1,-1/1,False
anchor_rows,1414,,1/2,image-56,singleton,exact_projection,1,0,supported,universal_bound,universal_bound,1/1,1/1,1/1,1/1,1/1,1/1,False
anchor_rows,1415,,1/2,image-56,singleton,one_edit_per_image,1,0,unresolved,bound_gap,opposite_worlds,-1/1,3/1,1/1,1/1,-1/1,3/1,True
anchor_rows,1416,,1/2,image-56,singleton,one_edit_global,1,0,unresolved,bound_gap,opposite_worlds,-1/1,3/1,1/1,1/1,-1/1,3/1,True
anchor_rows,1417,,1/2,image-56,singleton,current_strict,1,0,supported,universal_bound,universal_bound,1/1,1/1,1/1,1/1,1/1,1/1,False
anchor_rows,1418,,1/2,image-56,singleton,current_partial,1,0,supported,universal_bound,universal_bound,1/1,1/1,1/1,1/1,1/1,1/1,False
anchor_rows,1419,,1/2,image-56,singleton,union_strict,1,0,supported,universal_bound,universal_bound,1/1,1/1,1/1,1/1,1/1,1/1,False
anchor_rows,1420,,1/2,image-56,singleton,union_partial,1,0,supported,universal_bound,universal_bound,1/1,1/1,1/1,1/1,1/1,1/1,False
anchor_rows,1421,,1/2,image-57,singleton,exact_projection,1,0,excluded,universal_bound,universal_bound,-1/1,-1/1,-1/1,-1/1,-1/1,-1/1,False
anchor_rows,1422,,1/2,image-57,singleton,one_edit_per_image,1,0,unresolved,opposite_worlds,opposite_worlds,-3/1,1/1,-1/1,1/1,-1/1,1/1,False
anchor_rows,1423,,1/2,image-57,singleton,one_edit_global,1,0,unresolved,opposite_worlds,opposite_worlds,-3/1,1/1,-1/1,1/1,-1/1,1/1,False
anchor_rows,1424,,1/2,image-57,singleton,current_strict,1,1,input_blocked,,,,,,,,,False
anchor_rows,1425,,1/2,image-57,singleton,current_partial,1,0,excluded,universal_bound,universal_bound,-1/1,-1/1,-1/1,-1/1,-1/1,-1/1,False
anchor_rows,1426,,1/2,image-57,singleton,union_strict,1,1,input_blocked,,,,,,,,,False
anchor_rows,1427,,1/2,image-57,singleton,union_partial,1,0,excluded,universal_bound,universal_bound,-1/1,-1/1,-1/1,-1/1,-1/1,-1/1,False
anchor_rows,1428,,1/2,image-58,singleton,exact_projection,1,0,excluded,universal_bound,universal_bound,0/1,0/1,0/1,0/1,0/1,0/1,False
anchor_rows,1429,,1/2,image-58,singleton,one_edit_per_image,1,0,excluded,universal_bound,universal_bound,0/1,0/1,0/1,0/1,0/1,0/1,False
anchor_rows,1430,,1/2,image-58,singleton,one_edit_global,1,0,excluded,universal_bound,universal_bound,0/1,0/1,0/1,0/1,0/1,0/1,False
anchor_rows,1431,,1/2,image-58,singleton,current_strict,1,0,excluded,universal_bound,universal_bound,0/1,0/1,0/1,0/1,0/1,0/1,False
anchor_rows,1432,,1/2,image-58,singleton,current_partial,1,0,excluded,universal_bound,universal_bound,0/1,0/1,0/1,0/1,0/1,0/1,False
anchor_rows,1433,,1/2,image-58,singleton,union_strict,1,0,excluded,universal_bound,universal_bound,0/1,0/1,0/1,0/1,0/1,0/1,False
anchor_rows,1434,,1/2,image-58,singleton,union_partial,1,0,excluded,universal_bound,universal_bound,0/1,0/1,0/1,0/1,0/1,0/1,False
anchor_rows,1435,,1/2,image-59,singleton,exact_projection,1,0,excluded,universal_bound,universal_bound,0/1,0/1,0/1,0/1,0/1,0/1,False
anchor_rows,1436,,1/2,image-59,singleton,one_edit_per_image,1,0,unresolved,opposite_worlds,opposite_worlds,-2/1,2/1,0/1,2/1,-2/1,2/1,False
anchor_rows,1437,,1/2,image-59,singleton,one_edit_global,1,0,unresolved,opposite_worlds,opposite_worlds,-2/1,2/1,0/1,2/1,-2/1,2/1,False
anchor_rows,1438,,1/2,image-59,singleton,current_strict,1,1,input_blocked,,,,,,,,,False
anchor_rows,1439,,1/2,image-59,singleton,current_partial,1,0,excluded,universal_bound,universal_bound,0/1,0/1,0/1,0/1,0/1,0/1,False
anchor_rows,1440,,1/2,image-59,singleton,union_strict,1,1,input_blocked,,,,,,,,,False
anchor_rows,1441,,1/2,image-59,singleton,union_partial,1,0,excluded,universal_bound,universal_bound,0/1,0/1,0/1,0/1,0/1,0/1,False
anchor_rows,1442,,1/2,image-60,singleton,exact_projection,1,0,excluded,universal_bound,universal_bound,-1/1,-1/1,-1/1,-1/1,-1/1,-1/1,False
anchor_rows,1443,,1/2,image-60,singleton,one_edit_per_image,1,0,unresolved,opposite_worlds,opposite_worlds,-3/1,1/1,-3/1,1/1,-3/1,1/1,False
anchor_rows,1444,,1/2,image-60,singleton,one_edit_global,1,0,unresolved,opposite_worlds,opposite_worlds,-3/1,1/1,-3/1,1/1,-3/1,1/1,False
anchor_rows,1445,,1/2,image-60,singleton,current_strict,1,0,excluded,universal_bound,universal_bound,-1/1,-1/1,-1/1,-1/1,-1/1,-1/1,False
anchor_rows,1446,,1/2,image-60,singleton,current_partial,1,0,excluded,universal_bound,universal_bound,-1/1,-1/1,-1/1,-1/1,-1/1,-1/1,False
anchor_rows,1447,,1/2,image-60,singleton,union_strict,1,1,input_blocked,,,,,,,,,False
anchor_rows,1448,,1/2,image-60,singleton,union_partial,1,0,excluded,universal_bound,universal_bound,-1/1,-1/1,-1/1,-1/1,-1/1,-1/1,False
anchor_rows,1449,,1/2,image-61,singleton,exact_projection,1,0,excluded,universal_bound,universal_bound,0/1,0/1,0/1,0/1,0/1,0/1,False
anchor_rows,1450,,1/2,image-61,singleton,one_edit_per_image,1,0,unresolved,bound_gap,opposite_worlds,-2/1,2/1,0/1,0/1,-2/1,2/1,True
anchor_rows,1451,,1/2,image-61,singleton,one_edit_global,1,0,unresolved,bound_gap,opposite_worlds,-2/1,2/1,0/1,0/1,-2/1,2/1,True
anchor_rows,1452,,1/2,image-61,singleton,current_strict,1,1,input_blocked,,,,,,,,,False
anchor_rows,1453,,1/2,image-61,singleton,current_partial,1,0,unresolved,bound_gap,bound_gap,-2/1,2/1,0/1,0/1,0/1,0/1,False
anchor_rows,1454,,1/2,image-61,singleton,union_strict,1,1,input_blocked,,,,,,,,,False
anchor_rows,1455,,1/2,image-61,singleton,union_partial,1,0,unresolved,bound_gap,bound_gap,-2/1,2/1,0/1,0/1,0/1,0/1,False
anchor_rows,1456,,1/2,image-62,singleton,exact_projection,1,0,excluded,universal_bound,universal_bound,0/1,0/1,0/1,0/1,0/1,0/1,False
anchor_rows,1457,,1/2,image-62,singleton,one_edit_per_image,1,0,unresolved,opposite_worlds,opposite_worlds,-2/1,2/1,-2/1,2/1,-2/1,2/1,False
anchor_rows,1458,,1/2,image-62,singleton,one_edit_global,1,0,unresolved,opposite_worlds,opposite_worlds,-2/1,2/1,-2/1,2/1,-2/1,2/1,False
anchor_rows,1459,,1/2,image-62,singleton,current_strict,1,1,input_blocked,,,,,,,,,False
anchor_rows,1460,,1/2,image-62,singleton,current_partial,1,0,unresolved,bound_gap,bound_gap,-10/1,10/1,2/1,4/1,2/1,4/1,False
anchor_rows,1461,,1/2,image-62,singleton,union_strict,1,1,input_blocked,,,,,,,,,False
anchor_rows,1462,,1/2,image-62,singleton,union_partial,1,1,input_blocked,,,,,,,,,False
anchor_rows,1463,,1/2,image-63,singleton,exact_projection,1,0,excluded,universal_bound,universal_bound,0/1,0/1,0/1,0/1,0/1,0/1,False
anchor_rows,1464,,1/2,image-63,singleton,one_edit_per_image,1,0,unresolved,opposite_worlds,opposite_worlds,-2/1,2/1,-2/1,2/1,-2/1,2/1,False
anchor_rows,1465,,1/2,image-63,singleton,one_edit_global,1,0,unresolved,opposite_worlds,opposite_worlds,-2/1,2/1,-2/1,2/1,-2/1,2/1,False
anchor_rows,1466,,1/2,image-63,singleton,current_strict,1,0,excluded,universal_bound,universal_bound,0/1,0/1,0/1,0/1,0/1,0/1,False
anchor_rows,1467,,1/2,image-63,singleton,current_partial,1,0,excluded,universal_bound,universal_bound,0/1,0/1,0/1,0/1,0/1,0/1,False
anchor_rows,1468,,1/2,image-63,singleton,union_strict,1,0,excluded,universal_bound,universal_bound,0/1,0/1,0/1,0/1,0/1,0/1,False
anchor_rows,1469,,1/2,image-63,singleton,union_partial,1,0,excluded,universal_bound,universal_bound,0/1,0/1,0/1,0/1,0/1,0/1,False
anchor_rows,1470,,1/2,block-00,block,exact_projection,8,0,excluded,universal_bound,universal_bound,-3/4,-3/4,-3/4,-3/4,-3/4,-3/4,False
anchor_rows,1471,,1/2,block-00,block,one_edit_per_image,8,0,unresolved,opposite_worlds,opposite_worlds,-5/2,5/4,-7/4,1/1,-5/2,5/4,False
anchor_rows,1472,,1/2,block-00,block,one_edit_global,8,0,excluded,universal_bound,universal_bound,-1/1,-1/4,-1/1,-1/2,-1/1,-1/4,False
anchor_rows,1473,,1/2,block-00,block,current_strict,8,0,excluded,universal_bound,universal_bound,-3/4,-3/4,-3/4,-3/4,-3/4,-3/4,False
anchor_rows,1474,,1/2,block-00,block,current_partial,8,0,excluded,universal_bound,universal_bound,-3/4,-3/4,-3/4,-3/4,-3/4,-3/4,False
anchor_rows,1475,,1/2,block-00,block,union_strict,8,2,input_blocked,,,,,,,,,False
anchor_rows,1476,,1/2,block-00,block,union_partial,8,0,excluded,universal_bound,universal_bound,-5/4,-1/4,-5/4,-1/4,-5/4,-1/4,False
anchor_rows,1477,,1/2,block-01,block,exact_projection,8,0,excluded,universal_bound,universal_bound,-5/8,-5/8,-5/8,-5/8,-5/8,-5/8,False
anchor_rows,1478,,1/2,block-01,block,one_edit_per_image,8,0,unresolved,opposite_worlds,opposite_worlds,-23/8,13/8,-13/8,5/8,-19/8,11/8,False
anchor_rows,1479,,1/2,block-01,block,one_edit_global,8,0,excluded,universal_bound,universal_bound,-9/8,-1/8,-7/8,-3/8,-7/8,-1/8,False
anchor_rows,1480,,1/2,block-01,block,current_strict,8,4,input_blocked,,,,,,,,,False
anchor_rows,1481,,1/2,block-01,block,current_partial,8,0,unresolved,bound_gap,bound_gap,-11/8,1/8,-5/8,-3/8,-5/8,-3/8,False
anchor_rows,1482,,1/2,block-01,block,union_strict,8,5,input_blocked,,,,,,,,,False
anchor_rows,1483,,1/2,block-01,block,union_partial,8,0,unresolved,bound_gap,bound_gap,-11/8,3/8,-5/8,-3/8,-5/8,-3/8,False
anchor_rows,1484,,1/2,block-02,block,exact_projection,8,0,excluded,universal_bound,universal_bound,0/1,0/1,0/1,0/1,0/1,0/1,False
anchor_rows,1485,,1/2,block-02,block,one_edit_per_image,8,0,unresolved,opposite_worlds,opposite_worlds,-1/1,1/1,-1/2,1/1,-1/1,1/1,False
anchor_rows,1486,,1/2,block-02,block,one_edit_global,8,0,unresolved,opposite_worlds,opposite_worlds,-1/4,1/4,-1/4,1/4,-1/4,1/4,False
anchor_rows,1487,,1/2,block-02,block,current_strict,8,2,input_blocked,,,,,,,,,False
anchor_rows,1488,,1/2,block-02,block,current_partial,8,0,excluded,universal_bound,universal_bound,0/1,0/1,0/1,0/1,0/1,0/1,False
anchor_rows,1489,,1/2,block-02,block,union_strict,8,4,input_blocked,,,,,,,,,False
anchor_rows,1490,,1/2,block-02,block,union_partial,8,0,excluded,universal_bound,universal_bound,0/1,0/1,0/1,0/1,0/1,0/1,False
anchor_rows,1491,,1/2,block-03,block,exact_projection,8,0,excluded,universal_bound,universal_bound,-1/2,-1/2,-1/2,-1/2,-1/2,-1/2,False
anchor_rows,1492,,1/2,block-03,block,one_edit_per_image,8,0,unresolved,opposite_worlds,opposite_worlds,-5/2,2/1,-1/1,1/1,-5/4,5/4,False
anchor_rows,1493,,1/2,block-03,block,one_edit_global,8,0,excluded,universal_bound,universal_bound,-1/1,0/1,-3/4,-1/4,-3/4,-1/4,False
anchor_rows,1494,,1/2,block-03,block,current_strict,8,5,input_blocked,,,,,,,,,False
anchor_rows,1495,,1/2,block-03,block,current_partial,8,0,unresolved,opposite_worlds,opposite_worlds,-5/4,3/4,-1/2,1/4,-1/2,1/4,False
anchor_rows,1496,,1/2,block-03,block,union_strict,8,6,input_blocked,,,,,,,,,False
anchor_rows,1497,,1/2,block-03,block,union_partial,8,0,unresolved,opposite_worlds,opposite_worlds,-3/2,3/4,-3/4,1/2,-3/4,1/2,False
anchor_rows,1498,,1/2,block-04,block,exact_projection,8,0,supported,universal_bound,universal_bound,1/8,1/8,1/8,1/8,1/8,1/8,False
anchor_rows,1499,,1/2,block-04,block,one_edit_per_image,8,0,unresolved,opposite_worlds,opposite_worlds,-15/8,13/8,-5/8,7/8,-11/8,13/8,False
anchor_rows,1500,,1/2,block-04,block,one_edit_global,8,0,unresolved,opposite_worlds,opposite_worlds,-1/8,3/8,-1/8,3/8,-1/8,3/8,False
anchor_rows,1501,,1/2,block-04,block,current_strict,8,4,input_blocked,,,,,,,,,False
anchor_rows,1502,,1/2,block-04,block,current_partial,8,0,unresolved,opposite_worlds,opposite_worlds,-7/8,3/8,-3/8,1/8,-3/8,1/8,False
anchor_rows,1503,,1/2,block-04,block,union_strict,8,5,input_blocked,,,,,,,,,False
anchor_rows,1504,,1/2,block-04,block,union_partial,8,0,unresolved,opposite_worlds,opposite_worlds,-7/8,3/8,-3/8,1/8,-3/8,1/8,False
anchor_rows,1505,,1/2,block-05,block,exact_projection,8,0,excluded,universal_bound,universal_bound,0/1,0/1,0/1,0/1,0/1,0/1,False
anchor_rows,1506,,1/2,block-05,block,one_edit_per_image,8,0,unresolved,opposite_worlds,opposite_worlds,-1/1,5/4,-3/4,1/2,-3/4,3/4,False
anchor_rows,1507,,1/2,block-05,block,one_edit_global,8,0,unresolved,opposite_worlds,opposite_worlds,-1/4,1/2,-1/4,1/4,-1/4,1/2,False
anchor_rows,1508,,1/2,block-05,block,current_strict,8,3,input_blocked,,,,,,,,,False
anchor_rows,1509,,1/2,block-05,block,current_partial,8,0,unresolved,bound_gap,bound_gap,-1/2,1/4,0/1,0/1,0/1,0/1,False
anchor_rows,1510,,1/2,block-05,block,union_strict,8,6,input_blocked,,,,,,,,,False
anchor_rows,1511,,1/2,block-05,block,union_partial,8,0,unresolved,bound_gap,bound_gap,-3/4,1/4,-1/4,0/1,-1/4,0/1,False
anchor_rows,1512,,1/2,block-06,block,exact_projection,8,0,supported,universal_bound,universal_bound,1/8,1/8,1/8,1/8,1/8,1/8,False
anchor_rows,1513,,1/2,block-06,block,one_edit_per_image,8,0,unresolved,opposite_worlds,opposite_worlds,-13/8,13/8,-7/8,11/8,-13/8,13/8,False
anchor_rows,1514,,1/2,block-06,block,one_edit_global,8,0,unresolved,opposite_worlds,opposite_worlds,-1/8,3/8,-1/8,3/8,-1/8,3/8,False
anchor_rows,1515,,1/2,block-06,block,current_strict,8,3,input_blocked,,,,,,,,,False
anchor_rows,1516,,1/2,block-06,block,current_partial,8,0,unresolved,bound_gap,bound_gap,-1/8,3/8,1/8,3/8,1/8,3/8,False
anchor_rows,1517,,1/2,block-06,block,union_strict,8,3,input_blocked,,,,,,,,,False
anchor_rows,1518,,1/2,block-06,block,union_partial,8,0,unresolved,opposite_worlds,opposite_worlds,-3/8,5/8,-1/8,5/8,-1/8,5/8,False
anchor_rows,1519,,1/2,block-07,block,exact_projection,8,0,excluded,universal_bound,universal_bound,-1/8,-1/8,-1/8,-1/8,-1/8,-1/8,False
anchor_rows,1520,,1/2,block-07,block,one_edit_per_image,8,0,unresolved,opposite_worlds,opposite_worlds,-15/8,13/8,-7/8,9/8,-13/8,13/8,False
anchor_rows,1521,,1/2,block-07,block,one_edit_global,8,0,unresolved,opposite_worlds,opposite_worlds,-3/8,1/8,-3/8,1/8,-3/8,1/8,False
anchor_rows,1522,,1/2,block-07,block,current_strict,8,4,input_blocked,,,,,,,,,False
anchor_rows,1523,,1/2,block-07,block,current_partial,8,0,unresolved,bound_gap,bound_gap,-13/8,11/8,1/8,3/8,1/8,3/8,False
anchor_rows,1524,,1/2,block-07,block,union_strict,8,5,input_blocked,,,,,,,,,False
anchor_rows,1525,,1/2,block-07,block,union_partial,8,1,input_blocked,,,,,,,,,False
anchor_rows,1526,,1/2,all-64,primary,exact_projection,64,0,excluded,universal_bound,universal_bound,-7/32,-7/32,-7/32,-7/32,-7/32,-7/32,False
anchor_rows,1527,,1/2,all-64,primary,one_edit_per_image,64,0,unresolved,opposite_worlds,opposite_worlds,-61/32,3/2,-1/1,15/16,-25/16,21/16,False
anchor_rows,1528,,1/2,all-64,primary,one_edit_global,64,0,excluded,universal_bound,universal_bound,-9/32,-5/32,-1/4,-3/16,-1/4,-5/32,False
anchor_rows,1529,,1/2,all-64,primary,current_strict,64,25,input_blocked,,,,,,,,,False
anchor_rows,1530,,1/2,all-64,primary,current_partial,64,0,unresolved,bound_gap,bound_gap,-13/16,5/16,-1/4,0/1,-1/4,0/1,False
anchor_rows,1531,,1/2,all-64,primary,union_strict,64,36,input_blocked,,,,,,,,,False
anchor_rows,1532,,1/2,all-64,primary,union_partial,64,1,input_blocked,,,,,,,,,False
anchor_rows,1533,,13/20,image-00,singleton,exact_projection,1,0,excluded,universal_bound,universal_bound,0/1,0/1,0/1,0/1,0/1,0/1,False
anchor_rows,1534,,13/20,image-00,singleton,one_edit_per_image,1,0,unresolved,bound_gap,opposite_worlds,-2/1,2/1,0/1,0/1,-2/1,2/1,True
anchor_rows,1535,,13/20,image-00,singleton,one_edit_global,1,0,unresolved,bound_gap,opposite_worlds,-2/1,2/1,0/1,0/1,-2/1,2/1,True
anchor_rows,1536,,13/20,image-00,singleton,current_strict,1,0,excluded,universal_bound,universal_bound,0/1,0/1,0/1,0/1,0/1,0/1,False
anchor_rows,1537,,13/20,image-00,singleton,current_partial,1,0,excluded,universal_bound,universal_bound,0/1,0/1,0/1,0/1,0/1,0/1,False
anchor_rows,1538,,13/20,image-00,singleton,union_strict,1,0,excluded,universal_bound,universal_bound,0/1,0/1,0/1,0/1,0/1,0/1,False
anchor_rows,1539,,13/20,image-00,singleton,union_partial,1,0,excluded,universal_bound,universal_bound,0/1,0/1,0/1,0/1,0/1,0/1,False
anchor_rows,1540,,13/20,image-01,singleton,exact_projection,1,0,supported,universal_bound,universal_bound,1/1,1/1,1/1,1/1,1/1,1/1,False
anchor_rows,1541,,13/20,image-01,singleton,one_edit_per_image,1,0,unresolved,bound_gap,opposite_worlds,-1/1,3/1,1/1,1/1,-1/1,3/1,True
anchor_rows,1542,,13/20,image-01,singleton,one_edit_global,1,0,unresolved,bound_gap,opposite_worlds,-1/1,3/1,1/1,1/1,-1/1,3/1,True
anchor_rows,1543,,13/20,image-01,singleton,current_strict,1,0,supported,universal_bound,universal_bound,1/1,1/1,1/1,1/1,1/1,1/1,False
anchor_rows,1544,,13/20,image-01,singleton,current_partial,1,0,supported,universal_bound,universal_bound,1/1,1/1,1/1,1/1,1/1,1/1,False
anchor_rows,1545,,13/20,image-01,singleton,union_strict,1,0,supported,universal_bound,universal_bound,1/1,1/1,1/1,1/1,1/1,1/1,False
anchor_rows,1546,,13/20,image-01,singleton,union_partial,1,0,supported,universal_bound,universal_bound,1/1,1/1,1/1,1/1,1/1,1/1,False
anchor_rows,1547,,13/20,image-02,singleton,exact_projection,1,0,excluded,universal_bound,universal_bound,0/1,0/1,0/1,0/1,0/1,0/1,False
anchor_rows,1548,,13/20,image-02,singleton,one_edit_per_image,1,0,unresolved,opposite_worlds,opposite_worlds,-2/1,2/1,-2/1,2/1,-2/1,2/1,False
anchor_rows,1549,,13/20,image-02,singleton,one_edit_global,1,0,unresolved,opposite_worlds,opposite_worlds,-2/1,2/1,-2/1,2/1,-2/1,2/1,False
anchor_rows,1550,,13/20,image-02,singleton,current_strict,1,0,excluded,universal_bound,universal_bound,0/1,0/1,0/1,0/1,0/1,0/1,False
anchor_rows,1551,,13/20,image-02,singleton,current_partial,1,0,excluded,universal_bound,universal_bound,0/1,0/1,0/1,0/1,0/1,0/1,False
anchor_rows,1552,,13/20,image-02,singleton,union_strict,1,0,excluded,universal_bound,universal_bound,0/1,0/1,0/1,0/1,0/1,0/1,False
anchor_rows,1553,,13/20,image-02,singleton,union_partial,1,0,excluded,universal_bound,universal_bound,0/1,0/1,0/1,0/1,0/1,0/1,False
anchor_rows,1554,,13/20,image-03,singleton,exact_projection,1,0,excluded,universal_bound,universal_bound,-1/1,-1/1,-1/1,-1/1,-1/1,-1/1,False
anchor_rows,1555,,13/20,image-03,singleton,one_edit_per_image,1,0,excluded,universal_bound,universal_bound,-1/1,-1/1,-1/1,-1/1,-1/1,-1/1,False
anchor_rows,1556,,13/20,image-03,singleton,one_edit_global,1,0,excluded,universal_bound,universal_bound,-1/1,-1/1,-1/1,-1/1,-1/1,-1/1,False
anchor_rows,1557,,13/20,image-03,singleton,current_strict,1,0,excluded,universal_bound,universal_bound,-1/1,-1/1,-1/1,-1/1,-1/1,-1/1,False
anchor_rows,1558,,13/20,image-03,singleton,current_partial,1,0,excluded,universal_bound,universal_bound,-1/1,-1/1,-1/1,-1/1,-1/1,-1/1,False
anchor_rows,1559,,13/20,image-03,singleton,union_strict,1,0,excluded,universal_bound,universal_bound,-1/1,-1/1,-1/1,-1/1,-1/1,-1/1,False
anchor_rows,1560,,13/20,image-03,singleton,union_partial,1,0,excluded,universal_bound,universal_bound,-1/1,-1/1,-1/1,-1/1,-1/1,-1/1,False
anchor_rows,1561,,13/20,image-04,singleton,exact_projection,1,0,excluded,universal_bound,universal_bound,0/1,0/1,0/1,0/1,0/1,0/1,False
anchor_rows,1562,,13/20,image-04,singleton,one_edit_per_image,1,0,unresolved,opposite_worlds,opposite_worlds,-2/1,2/1,-2/1,2/1,-2/1,2/1,False
anchor_rows,1563,,13/20,image-04,singleton,one_edit_global,1,0,unresolved,opposite_worlds,opposite_worlds,-2/1,2/1,-2/1,2/1,-2/1,2/1,False
anchor_rows,1564,,13/20,image-04,singleton,current_strict,1,0,excluded,universal_bound,universal_bound,0/1,0/1,0/1,0/1,0/1,0/1,False
anchor_rows,1565,,13/20,image-04,singleton,current_partial,1,0,excluded,universal_bound,universal_bound,0/1,0/1,0/1,0/1,0/1,0/1,False
anchor_rows,1566,,13/20,image-04,singleton,union_strict,1,1,input_blocked,,,,,,,,,False
anchor_rows,1567,,13/20,image-04,singleton,union_partial,1,0,unresolved,opposite_worlds,opposite_worlds,-2/1,2/1,-2/1,2/1,-2/1,2/1,False
anchor_rows,1568,,13/20,image-05,singleton,exact_projection,1,0,excluded,universal_bound,universal_bound,0/1,0/1,0/1,0/1,0/1,0/1,False
anchor_rows,1569,,13/20,image-05,singleton,one_edit_per_image,1,0,unresolved,opposite_worlds,opposite_worlds,-2/1,2/1,-2/1,2/1,-2/1,2/1,False
anchor_rows,1570,,13/20,image-05,singleton,one_edit_global,1,0,unresolved,opposite_worlds,opposite_worlds,-2/1,2/1,-2/1,2/1,-2/1,2/1,False
anchor_rows,1571,,13/20,image-05,singleton,current_strict,1,0,excluded,universal_bound,universal_bound,0/1,0/1,0/1,0/1,0/1,0/1,False
anchor_rows,1572,,13/20,image-05,singleton,current_partial,1,0,excluded,universal_bound,universal_bound,0/1,0/1,0/1,0/1,0/1,0/1,False
anchor_rows,1573,,13/20,image-05,singleton,union_strict,1,1,input_blocked,,,,,,,,,False
anchor_rows,1574,,13/20,image-05,singleton,union_partial,1,0,unresolved,opposite_worlds,opposite_worlds,-2/1,2/1,-2/1,2/1,-2/1,2/1,False
anchor_rows,1575,,13/20,image-06,singleton,exact_projection,1,0,excluded,universal_bound,universal_bound,0/1,0/1,0/1,0/1,0/1,0/1,False
anchor_rows,1576,,13/20,image-06,singleton,one_edit_per_image,1,0,unresolved,opposite_worlds,opposite_worlds,-2/1,2/1,-2/1,2/1,-2/1,2/1,False
anchor_rows,1577,,13/20,image-06,singleton,one_edit_global,1,0,unresolved,opposite_worlds,opposite_worlds,-2/1,2/1,-2/1,2/1,-2/1,2/1,False
anchor_rows,1578,,13/20,image-06,singleton,current_strict,1,0,excluded,universal_bound,universal_bound,0/1,0/1,0/1,0/1,0/1,0/1,False
anchor_rows,1579,,13/20,image-06,singleton,current_partial,1,0,excluded,universal_bound,universal_bound,0/1,0/1,0/1,0/1,0/1,0/1,False
anchor_rows,1580,,13/20,image-06,singleton,union_strict,1,0,excluded,universal_bound,universal_bound,0/1,0/1,0/1,0/1,0/1,0/1,False
anchor_rows,1581,,13/20,image-06,singleton,union_partial,1,0,excluded,universal_bound,universal_bound,0/1,0/1,0/1,0/1,0/1,0/1,False
anchor_rows,1582,,13/20,image-07,singleton,exact_projection,1,0,excluded,universal_bound,universal_bound,0/1,0/1,0/1,0/1,0/1,0/1,False
anchor_rows,1583,,13/20,image-07,singleton,one_edit_per_image,1,0,excluded,universal_bound,universal_bound,0/1,0/1,0/1,0/1,0/1,0/1,False
anchor_rows,1584,,13/20,image-07,singleton,one_edit_global,1,0,excluded,universal_bound,universal_bound,0/1,0/1,0/1,0/1,0/1,0/1,False
anchor_rows,1585,,13/20,image-07,singleton,current_strict,1,0,excluded,universal_bound,universal_bound,0/1,0/1,0/1,0/1,0/1,0/1,False
anchor_rows,1586,,13/20,image-07,singleton,current_partial,1,0,excluded,universal_bound,universal_bound,0/1,0/1,0/1,0/1,0/1,0/1,False
anchor_rows,1587,,13/20,image-07,singleton,union_strict,1,0,excluded,universal_bound,universal_bound,0/1,0/1,0/1,0/1,0/1,0/1,False
anchor_rows,1588,,13/20,image-07,singleton,union_partial,1,0,excluded,universal_bound,universal_bound,0/1,0/1,0/1,0/1,0/1,0/1,False
anchor_rows,1589,,13/20,image-08,singleton,exact_projection,1,0,supported,universal_bound,universal_bound,1/1,1/1,1/1,1/1,1/1,1/1,False
anchor_rows,1590,,13/20,image-08,singleton,one_edit_per_image,1,0,unresolved,opposite_worlds,opposite_worlds,-1/1,3/1,-1/1,1/1,-1/1,1/1,False
anchor_rows,1591,,13/20,image-08,singleton,one_edit_global,1,0,unresolved,opposite_worlds,opposite_worlds,-1/1,3/1,-1/1,1/1,-1/1,1/1,False
anchor_rows,1592,,13/20,image-08,singleton,current_strict,1,0,supported,universal_bound,universal_bound,1/1,1/1,1/1,1/1,1/1,1/1,False
anchor_rows,1593,,13/20,image-08,singleton,current_partial,1,0,supported,universal_bound,universal_bound,1/1,1/1,1/1,1/1,1/1,1/1,False
anchor_rows,1594,,13/20,image-08,singleton,union_strict,1,1,input_blocked,,,,,,,,,False
anchor_rows,1595,,13/20,image-08,singleton,union_partial,1,0,supported,universal_bound,universal_bound,1/1,1/1,1/1,1/1,1/1,1/1,False
anchor_rows,1596,,13/20,image-09,singleton,exact_projection,1,0,excluded,universal_bound,universal_bound,0/1,0/1,0/1,0/1,0/1,0/1,False
anchor_rows,1597,,13/20,image-09,singleton,one_edit_per_image,1,0,unresolved,opposite_worlds,opposite_worlds,-2/1,2/1,0/1,2/1,0/1,2/1,False
anchor_rows,1598,,13/20,image-09,singleton,one_edit_global,1,0,unresolved,opposite_worlds,opposite_worlds,-2/1,2/1,0/1,2/1,0/1,2/1,False
anchor_rows,1599,,13/20,image-09,singleton,current_strict,1,1,input_blocked,,,,,,,,,False
anchor_rows,1600,,13/20,image-09,singleton,current_partial,1,0,unresolved,bound_gap,bound_gap,-4/1,2/1,0/1,0/1,0/1,0/1,False
anchor_rows,1601,,13/20,image-09,singleton,union_strict,1,1,input_blocked,,,,,,,,,False
anchor_rows,1602,,13/20,image-09,singleton,union_partial,1,0,unresolved,bound_gap,bound_gap,-4/1,2/1,0/1,0/1,0/1,0/1,False
anchor_rows,1603,,13/20,image-10,singleton,exact_projection,1,0,excluded,universal_bound,universal_bound,0/1,0/1,0/1,0/1,0/1,0/1,False
anchor_rows,1604,,13/20,image-10,singleton,one_edit_per_image,1,0,unresolved,bound_gap,opposite_worlds,-2/1,2/1,0/1,0/1,-2/1,2/1,True
anchor_rows,1605,,13/20,image-10,singleton,one_edit_global,1,0,unresolved,bound_gap,opposite_worlds,-2/1,2/1,0/1,0/1,-2/1,2/1,True
anchor_rows,1606,,13/20,image-10,singleton,current_strict,1,0,excluded,universal_bound,universal_bound,0/1,0/1,0/1,0/1,0/1,0/1,False
anchor_rows,1607,,13/20,image-10,singleton,current_partial,1,0,excluded,universal_bound,universal_bound,0/1,0/1,0/1,0/1,0/1,0/1,False
anchor_rows,1608,,13/20,image-10,singleton,union_strict,1,0,excluded,universal_bound,universal_bound,0/1,0/1,0/1,0/1,0/1,0/1,False
anchor_rows,1609,,13/20,image-10,singleton,union_partial,1,0,excluded,universal_bound,universal_bound,0/1,0/1,0/1,0/1,0/1,0/1,False
anchor_rows,1610,,13/20,image-11,singleton,exact_projection,1,0,supported,universal_bound,universal_bound,1/1,1/1,1/1,1/1,1/1,1/1,False
anchor_rows,1611,,13/20,image-11,singleton,one_edit_per_image,1,0,unresolved,opposite_worlds,opposite_worlds,-1/1,3/1,-1/1,1/1,-1/1,3/1,False
anchor_rows,1612,,13/20,image-11,singleton,one_edit_global,1,0,unresolved,opposite_worlds,opposite_worlds,-1/1,3/1,-1/1,1/1,-1/1,3/1,False
anchor_rows,1613,,13/20,image-11,singleton,current_strict,1,1,input_blocked,,,,,,,,,False
anchor_rows,1614,,13/20,image-11,singleton,current_partial,1,0,supported,universal_bound,universal_bound,1/1,1/1,1/1,1/1,1/1,1/1,False
anchor_rows,1615,,13/20,image-11,singleton,union_strict,1,1,input_blocked,,,,,,,,,False
anchor_rows,1616,,13/20,image-11,singleton,union_partial,1,0,supported,universal_bound,universal_bound,1/1,1/1,1/1,1/1,1/1,1/1,False
anchor_rows,1617,,13/20,image-12,singleton,exact_projection,1,0,excluded,universal_bound,universal_bound,-1/1,-1/1,-1/1,-1/1,-1/1,-1/1,False
anchor_rows,1618,,13/20,image-12,singleton,one_edit_per_image,1,0,unresolved,opposite_worlds,opposite_worlds,-3/1,1/1,-1/1,1/1,-1/1,1/1,False
anchor_rows,1619,,13/20,image-12,singleton,one_edit_global,1,0,unresolved,opposite_worlds,opposite_worlds,-3/1,1/1,-1/1,1/1,-1/1,1/1,False
anchor_rows,1620,,13/20,image-12,singleton,current_strict,1,0,excluded,universal_bound,universal_bound,-1/1,-1/1,-1/1,-1/1,-1/1,-1/1,False
anchor_rows,1621,,13/20,image-12,singleton,current_partial,1,0,excluded,universal_bound,universal_bound,-1/1,-1/1,-1/1,-1/1,-1/1,-1/1,False
anchor_rows,1622,,13/20,image-12,singleton,union_strict,1,0,excluded,universal_bound,universal_bound,-1/1,-1/1,-1/1,-1/1,-1/1,-1/1,False
anchor_rows,1623,,13/20,image-12,singleton,union_partial,1,0,excluded,universal_bound,universal_bound,-1/1,-1/1,-1/1,-1/1,-1/1,-1/1,False
anchor_rows,1624,,13/20,image-13,singleton,exact_projection,1,0,excluded,universal_bound,universal_bound,-2/1,-2/1,-2/1,-2/1,-2/1,-2/1,False
anchor_rows,1625,,13/20,image-13,singleton,one_edit_per_image,1,0,excluded,universal_bound,universal_bound,-4/1,0/1,-2/1,0/1,-2/1,0/1,False
anchor_rows,1626,,13/20,image-13,singleton,one_edit_global,1,0,excluded,universal_bound,universal_bound,-4/1,0/1,-2/1,0/1,-2/1,0/1,False
anchor_rows,1627,,13/20,image-13,singleton,current_strict,1,1,input_blocked,,,,,,,,,False
anchor_rows,1628,,13/20,image-13,singleton,current_partial,1,0,excluded,universal_bound,universal_bound,-2/1,-2/1,-2/1,-2/1,-2/1,-2/1,False
anchor_rows,1629,,13/20,image-13,singleton,union_strict,1,1,input_blocked,,,,,,,,,False
anchor_rows,1630,,13/20,image-13,singleton,union_partial,1,0,excluded,universal_bound,universal_bound,-2/1,-2/1,-2/1,-2/1,-2/1,-2/1,False
anchor_rows,1631,,13/20,image-14,singleton,exact_projection,1,0,excluded,universal_bound,universal_bound,0/1,0/1,0/1,0/1,0/1,0/1,False
anchor_rows,1632,,13/20,image-14,singleton,one_edit_per_image,1,0,unresolved,opposite_worlds,opposite_worlds,-2/1,2/1,-2/1,2/1,-2/1,2/1,False
anchor_rows,1633,,13/20,image-14,singleton,one_edit_global,1,0,unresolved,opposite_worlds,opposite_worlds,-2/1,2/1,-2/1,2/1,-2/1,2/1,False
anchor_rows,1634,,13/20,image-14,singleton,current_strict,1,1,input_blocked,,,,,,,,,False
anchor_rows,1635,,13/20,image-14,singleton,current_partial,1,0,excluded,universal_bound,universal_bound,0/1,0/1,0/1,0/1,0/1,0/1,False
anchor_rows,1636,,13/20,image-14,singleton,union_strict,1,1,input_blocked,,,,,,,,,False
anchor_rows,1637,,13/20,image-14,singleton,union_partial,1,0,excluded,universal_bound,universal_bound,0/1,0/1,0/1,0/1,0/1,0/1,False
anchor_rows,1638,,13/20,image-15,singleton,exact_projection,1,0,supported,universal_bound,universal_bound,1/1,1/1,1/1,1/1,1/1,1/1,False
anchor_rows,1639,,13/20,image-15,singleton,one_edit_per_image,1,0,unresolved,bound_gap,opposite_worlds,-1/1,3/1,1/1,1/1,-1/1,3/1,True
anchor_rows,1640,,13/20,image-15,singleton,one_edit_global,1,0,unresolved,bound_gap,opposite_worlds,-1/1,3/1,1/1,1/1,-1/1,3/1,True
anchor_rows,1641,,13/20,image-15,singleton,current_strict,1,0,supported,universal_bound,universal_bound,1/1,1/1,1/1,1/1,1/1,1/1,False
anchor_rows,1642,,13/20,image-15,singleton,current_partial,1,0,supported,universal_bound,universal_bound,1/1,1/1,1/1,1/1,1/1,1/1,False
anchor_rows,1643,,13/20,image-15,singleton,union_strict,1,0,supported,universal_bound,universal_bound,1/1,1/1,1/1,1/1,1/1,1/1,False
anchor_rows,1644,,13/20,image-15,singleton,union_partial,1,0,supported,universal_bound,universal_bound,1/1,1/1,1/1,1/1,1/1,1/1,False
anchor_rows,1645,,13/20,image-16,singleton,exact_projection,1,0,excluded,universal_bound,universal_bound,0/1,0/1,0/1,0/1,0/1,0/1,False
anchor_rows,1646,,13/20,image-16,singleton,one_edit_per_image,1,0,excluded,universal_bound,universal_bound,0/1,0/1,0/1,0/1,0/1,0/1,False
anchor_rows,1647,,13/20,image-16,singleton,one_edit_global,1,0,excluded,universal_bound,universal_bound,0/1,0/1,0/1,0/1,0/1,0/1,False
anchor_rows,1648,,13/20,image-16,singleton,current_strict,1,0,excluded,universal_bound,universal_bound,0/1,0/1,0/1,0/1,0/1,0/1,False
anchor_rows,1649,,13/20,image-16,singleton,current_partial,1,0,excluded,universal_bound,universal_bound,0/1,0/1,0/1,0/1,0/1,0/1,False
anchor_rows,1650,,13/20,image-16,singleton,union_strict,1,0,excluded,universal_bound,universal_bound,0/1,0/1,0/1,0/1,0/1,0/1,False
anchor_rows,1651,,13/20,image-16,singleton,union_partial,1,0,excluded,universal_bound,universal_bound,0/1,0/1,0/1,0/1,0/1,0/1,False
anchor_rows,1652,,13/20,image-17,singleton,exact_projection,1,0,excluded,universal_bound,universal_bound,0/1,0/1,0/1,0/1,0/1,0/1,False
anchor_rows,1653,,13/20,image-17,singleton,one_edit_per_image,1,0,unresolved,opposite_worlds,opposite_worlds,-2/1,2/1,-2/1,2/1,-2/1,2/1,False
anchor_rows,1654,,13/20,image-17,singleton,one_edit_global,1,0,unresolved,opposite_worlds,opposite_worlds,-2/1,2/1,-2/1,2/1,-2/1,2/1,False
anchor_rows,1655,,13/20,image-17,singleton,current_strict,1,0,excluded,universal_bound,universal_bound,0/1,0/1,0/1,0/1,0/1,0/1,False
anchor_rows,1656,,13/20,image-17,singleton,current_partial,1,0,excluded,universal_bound,universal_bound,0/1,0/1,0/1,0/1,0/1,0/1,False
anchor_rows,1657,,13/20,image-17,singleton,union_strict,1,0,excluded,universal_bound,universal_bound,0/1,0/1,0/1,0/1,0/1,0/1,False
anchor_rows,1658,,13/20,image-17,singleton,union_partial,1,0,excluded,universal_bound,universal_bound,0/1,0/1,0/1,0/1,0/1,0/1,False
anchor_rows,1659,,13/20,image-18,singleton,exact_projection,1,0,excluded,universal_bound,universal_bound,0/1,0/1,0/1,0/1,0/1,0/1,False
anchor_rows,1660,,13/20,image-18,singleton,one_edit_per_image,1,0,excluded,universal_bound,universal_bound,0/1,0/1,0/1,0/1,0/1,0/1,False
anchor_rows,1661,,13/20,image-18,singleton,one_edit_global,1,0,excluded,universal_bound,universal_bound,0/1,0/1,0/1,0/1,0/1,0/1,False
anchor_rows,1662,,13/20,image-18,singleton,current_strict,1,1,input_blocked,,,,,,,,,False
anchor_rows,1663,,13/20,image-18,singleton,current_partial,1,0,excluded,universal_bound,universal_bound,0/1,0/1,0/1,0/1,0/1,0/1,False
anchor_rows,1664,,13/20,image-18,singleton,union_strict,1,1,input_blocked,,,,,,,,,False
anchor_rows,1665,,13/20,image-18,singleton,union_partial,1,0,excluded,universal_bound,universal_bound,0/1,0/1,0/1,0/1,0/1,0/1,False
anchor_rows,1666,,13/20,image-19,singleton,exact_projection,1,0,excluded,universal_bound,universal_bound,0/1,0/1,0/1,0/1,0/1,0/1,False
anchor_rows,1667,,13/20,image-19,singleton,one_edit_per_image,1,0,unresolved,opposite_worlds,opposite_worlds,-2/1,2/1,0/1,2/1,-2/1,2/1,False
anchor_rows,1668,,13/20,image-19,singleton,one_edit_global,1,0,unresolved,opposite_worlds,opposite_worlds,-2/1,2/1,0/1,2/1,-2/1,2/1,False
anchor_rows,1669,,13/20,image-19,singleton,current_strict,1,0,excluded,universal_bound,universal_bound,0/1,0/1,0/1,0/1,0/1,0/1,False
anchor_rows,1670,,13/20,image-19,singleton,current_partial,1,0,excluded,universal_bound,universal_bound,0/1,0/1,0/1,0/1,0/1,0/1,False
anchor_rows,1671,,13/20,image-19,singleton,union_strict,1,0,excluded,universal_bound,universal_bound,0/1,0/1,0/1,0/1,0/1,0/1,False
anchor_rows,1672,,13/20,image-19,singleton,union_partial,1,0,excluded,universal_bound,universal_bound,0/1,0/1,0/1,0/1,0/1,0/1,False
anchor_rows,1673,,13/20,image-20,singleton,exact_projection,1,0,excluded,universal_bound,universal_bound,0/1,0/1,0/1,0/1,0/1,0/1,False
anchor_rows,1674,,13/20,image-20,singleton,one_edit_per_image,1,0,excluded,universal_bound,universal_bound,0/1,0/1,0/1,0/1,0/1,0/1,False
anchor_rows,1675,,13/20,image-20,singleton,one_edit_global,1,0,excluded,universal_bound,universal_bound,0/1,0/1,0/1,0/1,0/1,0/1,False
anchor_rows,1676,,13/20,image-20,singleton,current_strict,1,0,excluded,universal_bound,universal_bound,0/1,0/1,0/1,0/1,0/1,0/1,False
anchor_rows,1677,,13/20,image-20,singleton,current_partial,1,0,excluded,universal_bound,universal_bound,0/1,0/1,0/1,0/1,0/1,0/1,False
anchor_rows,1678,,13/20,image-20,singleton,union_strict,1,0,excluded,universal_bound,universal_bound,0/1,0/1,0/1,0/1,0/1,0/1,False
anchor_rows,1679,,13/20,image-20,singleton,union_partial,1,0,excluded,universal_bound,universal_bound,0/1,0/1,0/1,0/1,0/1,0/1,False
anchor_rows,1680,,13/20,image-21,singleton,exact_projection,1,0,excluded,universal_bound,universal_bound,0/1,0/1,0/1,0/1,0/1,0/1,False
anchor_rows,1681,,13/20,image-21,singleton,one_edit_per_image,1,0,unresolved,opposite_worlds,opposite_worlds,-2/1,2/1,-2/1,2/1,-2/1,2/1,False
anchor_rows,1682,,13/20,image-21,singleton,one_edit_global,1,0,unresolved,opposite_worlds,opposite_worlds,-2/1,2/1,-2/1,2/1,-2/1,2/1,False
anchor_rows,1683,,13/20,image-21,singleton,current_strict,1,0,excluded,universal_bound,universal_bound,0/1,0/1,0/1,0/1,0/1,0/1,False
anchor_rows,1684,,13/20,image-21,singleton,current_partial,1,0,excluded,universal_bound,universal_bound,0/1,0/1,0/1,0/1,0/1,0/1,False
anchor_rows,1685,,13/20,image-21,singleton,union_strict,1,1,input_blocked,,,,,,,,,False
anchor_rows,1686,,13/20,image-21,singleton,union_partial,1,0,excluded,universal_bound,universal_bound,0/1,0/1,0/1,0/1,0/1,0/1,False
anchor_rows,1687,,13/20,image-22,singleton,exact_projection,1,0,excluded,universal_bound,universal_bound,0/1,0/1,0/1,0/1,0/1,0/1,False
anchor_rows,1688,,13/20,image-22,singleton,one_edit_per_image,1,0,excluded,universal_bound,universal_bound,0/1,0/1,0/1,0/1,0/1,0/1,False
anchor_rows,1689,,13/20,image-22,singleton,one_edit_global,1,0,excluded,universal_bound,universal_bound,0/1,0/1,0/1,0/1,0/1,0/1,False
anchor_rows,1690,,13/20,image-22,singleton,current_strict,1,1,input_blocked,,,,,,,,,False
anchor_rows,1691,,13/20,image-22,singleton,current_partial,1,0,excluded,universal_bound,universal_bound,0/1,0/1,0/1,0/1,0/1,0/1,False
anchor_rows,1692,,13/20,image-22,singleton,union_strict,1,1,input_blocked,,,,,,,,,False
anchor_rows,1693,,13/20,image-22,singleton,union_partial,1,0,excluded,universal_bound,universal_bound,0/1,0/1,0/1,0/1,0/1,0/1,False
anchor_rows,1694,,13/20,image-23,singleton,exact_projection,1,0,excluded,universal_bound,universal_bound,0/1,0/1,0/1,0/1,0/1,0/1,False
anchor_rows,1695,,13/20,image-23,singleton,one_edit_per_image,1,0,excluded,universal_bound,universal_bound,0/1,0/1,0/1,0/1,0/1,0/1,False
anchor_rows,1696,,13/20,image-23,singleton,one_edit_global,1,0,excluded,universal_bound,universal_bound,0/1,0/1,0/1,0/1,0/1,0/1,False
anchor_rows,1697,,13/20,image-23,singleton,current_strict,1,0,excluded,universal_bound,universal_bound,0/1,0/1,0/1,0/1,0/1,0/1,False
anchor_rows,1698,,13/20,image-23,singleton,current_partial,1,0,excluded,universal_bound,universal_bound,0/1,0/1,0/1,0/1,0/1,0/1,False
anchor_rows,1699,,13/20,image-23,singleton,union_strict,1,1,input_blocked,,,,,,,,,False
anchor_rows,1700,,13/20,image-23,singleton,union_partial,1,0,excluded,universal_bound,universal_bound,0/1,0/1,0/1,0/1,0/1,0/1,False
anchor_rows,1701,,13/20,image-24,singleton,exact_projection,1,0,excluded,universal_bound,universal_bound,-2/1,-2/1,-2/1,-2/1,-2/1,-2/1,False
anchor_rows,1702,,13/20,image-24,singleton,one_edit_per_image,1,0,unresolved,bound_gap,opposite_worlds,-2/1,2/1,-2/1,0/1,-2/1,2/1,True
anchor_rows,1703,,13/20,image-24,singleton,one_edit_global,1,0,unresolved,bound_gap,opposite_worlds,-2/1,2/1,-2/1,0/1,-2/1,2/1,True
anchor_rows,1704,,13/20,image-24,singleton,current_strict,1,0,excluded,universal_bound,universal_bound,-2/1,-2/1,-2/1,-2/1,-2/1,-2/1,False
anchor_rows,1705,,13/20,image-24,singleton,current_partial,1,0,excluded,universal_bound,universal_bound,-2/1,-2/1,-2/1,-2/1,-2/1,-2/1,False
anchor_rows,1706,,13/20,image-24,singleton,union_strict,1,0,excluded,universal_bound,universal_bound,-2/1,-2/1,-2/1,-2/1,-2/1,-2/1,False
anchor_rows,1707,,13/20,image-24,singleton,union_partial,1,0,excluded,universal_bound,universal_bound,-2/1,-2/1,-2/1,-2/1,-2/1,-2/1,False
anchor_rows,1708,,13/20,image-25,singleton,exact_projection,1,0,excluded,universal_bound,universal_bound,-2/1,-2/1,-2/1,-2/1,-2/1,-2/1,False
anchor_rows,1709,,13/20,image-25,singleton,one_edit_per_image,1,0,excluded,universal_bound,universal_bound,-4/1,0/1,-2/1,0/1,-2/1,0/1,False
anchor_rows,1710,,13/20,image-25,singleton,one_edit_global,1,0,excluded,universal_bound,universal_bound,-4/1,0/1,-2/1,0/1,-2/1,0/1,False
anchor_rows,1711,,13/20,image-25,singleton,current_strict,1,0,excluded,universal_bound,universal_bound,-2/1,-2/1,-2/1,-2/1,-2/1,-2/1,False
anchor_rows,1712,,13/20,image-25,singleton,current_partial,1,0,excluded,universal_bound,universal_bound,-2/1,-2/1,-2/1,-2/1,-2/1,-2/1,False
anchor_rows,1713,,13/20,image-25,singleton,union_strict,1,1,input_blocked,,,,,,,,,False
anchor_rows,1714,,13/20,image-25,singleton,union_partial,1,0,excluded,universal_bound,universal_bound,-2/1,-2/1,-2/1,-2/1,-2/1,-2/1,False
anchor_rows,1715,,13/20,image-26,singleton,exact_projection,1,0,excluded,universal_bound,universal_bound,0/1,0/1,0/1,0/1,0/1,0/1,False
anchor_rows,1716,,13/20,image-26,singleton,one_edit_per_image,1,0,unresolved,opposite_worlds,opposite_worlds,-4/1,4/1,-2/1,2/1,-2/1,2/1,False
anchor_rows,1717,,13/20,image-26,singleton,one_edit_global,1,0,unresolved,opposite_worlds,opposite_worlds,-4/1,4/1,-2/1,2/1,-2/1,2/1,False
anchor_rows,1718,,13/20,image-26,singleton,current_strict,1,0,excluded,universal_bound,universal_bound,0/1,0/1,0/1,0/1,0/1,0/1,False
anchor_rows,1719,,13/20,image-26,singleton,current_partial,1,0,excluded,universal_bound,universal_bound,0/1,0/1,0/1,0/1,0/1,0/1,False
anchor_rows,1720,,13/20,image-26,singleton,union_strict,1,0,excluded,universal_bound,universal_bound,0/1,0/1,0/1,0/1,0/1,0/1,False
anchor_rows,1721,,13/20,image-26,singleton,union_partial,1,0,excluded,universal_bound,universal_bound,0/1,0/1,0/1,0/1,0/1,0/1,False
anchor_rows,1722,,13/20,image-27,singleton,exact_projection,1,0,excluded,universal_bound,universal_bound,0/1,0/1,0/1,0/1,0/1,0/1,False
anchor_rows,1723,,13/20,image-27,singleton,one_edit_per_image,1,0,unresolved,bound_gap,opposite_worlds,-2/1,2/1,0/1,0/1,-2/1,2/1,True
anchor_rows,1724,,13/20,image-27,singleton,one_edit_global,1,0,unresolved,bound_gap,opposite_worlds,-2/1,2/1,0/1,0/1,-2/1,2/1,True
anchor_rows,1725,,13/20,image-27,singleton,current_strict,1,1,input_blocked,,,,,,,,,False
anchor_rows,1726,,13/20,image-27,singleton,current_partial,1,0,excluded,universal_bound,universal_bound,0/1,0/1,0/1,0/1,0/1,0/1,False
anchor_rows,1727,,13/20,image-27,singleton,union_strict,1,1,input_blocked,,,,,,,,,False
anchor_rows,1728,,13/20,image-27,singleton,union_partial,1,0,excluded,universal_bound,universal_bound,0/1,0/1,0/1,0/1,0/1,0/1,False
anchor_rows,1729,,13/20,image-28,singleton,exact_projection,1,0,excluded,universal_bound,universal_bound,0/1,0/1,0/1,0/1,0/1,0/1,False
anchor_rows,1730,,13/20,image-28,singleton,one_edit_per_image,1,0,excluded,universal_bound,universal_bound,0/1,0/1,0/1,0/1,0/1,0/1,False
anchor_rows,1731,,13/20,image-28,singleton,one_edit_global,1,0,excluded,universal_bound,universal_bound,0/1,0/1,0/1,0/1,0/1,0/1,False
anchor_rows,1732,,13/20,image-28,singleton,current_strict,1,1,input_blocked,,,,,,,,,False
anchor_rows,1733,,13/20,image-28,singleton,current_partial,1,0,excluded,universal_bound,universal_bound,0/1,0/1,0/1,0/1,0/1,0/1,False
anchor_rows,1734,,13/20,image-28,singleton,union_strict,1,1,input_blocked,,,,,,,,,False
anchor_rows,1735,,13/20,image-28,singleton,union_partial,1,0,excluded,universal_bound,universal_bound,0/1,0/1,0/1,0/1,0/1,0/1,False
anchor_rows,1736,,13/20,image-29,singleton,exact_projection,1,0,excluded,universal_bound,universal_bound,-1/1,-1/1,-1/1,-1/1,-1/1,-1/1,False
anchor_rows,1737,,13/20,image-29,singleton,one_edit_per_image,1,0,unresolved,opposite_worlds,opposite_worlds,-3/1,1/1,-1/1,1/1,-1/1,1/1,False
anchor_rows,1738,,13/20,image-29,singleton,one_edit_global,1,0,unresolved,opposite_worlds,opposite_worlds,-3/1,1/1,-1/1,1/1,-1/1,1/1,False
anchor_rows,1739,,13/20,image-29,singleton,current_strict,1,1,input_blocked,,,,,,,,,False
anchor_rows,1740,,13/20,image-29,singleton,current_partial,1,0,excluded,universal_bound,universal_bound,-1/1,-1/1,-1/1,-1/1,-1/1,-1/1,False
anchor_rows,1741,,13/20,image-29,singleton,union_strict,1,1,input_blocked,,,,,,,,,False
anchor_rows,1742,,13/20,image-29,singleton,union_partial,1,0,excluded,universal_bound,universal_bound,-1/1,-1/1,-1/1,-1/1,-1/1,-1/1,False
anchor_rows,1743,,13/20,image-30,singleton,exact_projection,1,0,supported,universal_bound,universal_bound,1/1,1/1,1/1,1/1,1/1,1/1,False
anchor_rows,1744,,13/20,image-30,singleton,one_edit_per_image,1,0,unresolved,opposite_worlds,opposite_worlds,-3/1,3/1,-1/1,1/1,-1/1,1/1,False
anchor_rows,1745,,13/20,image-30,singleton,one_edit_global,1,0,unresolved,opposite_worlds,opposite_worlds,-3/1,3/1,-1/1,1/1,-1/1,1/1,False
anchor_rows,1746,,13/20,image-30,singleton,current_strict,1,1,input_blocked,,,,,,,,,False
anchor_rows,1747,,13/20,image-30,singleton,current_partial,1,0,unresolved,bound_gap,bound_gap,-1/1,3/1,1/1,3/1,1/1,3/1,False
anchor_rows,1748,,13/20,image-30,singleton,union_strict,1,1,input_blocked,,,,,,,,,False
anchor_rows,1749,,13/20,image-30,singleton,union_partial,1,0,unresolved,bound_gap,bound_gap,-1/1,3/1,1/1,3/1,1/1,3/1,False
anchor_rows,1750,,13/20,image-31,singleton,exact_projection,1,0,excluded,universal_bound,universal_bound,-1/1,-1/1,-1/1,-1/1,-1/1,-1/1,False
anchor_rows,1751,,13/20,image-31,singleton,one_edit_per_image,1,0,unresolved,opposite_worlds,opposite_worlds,-3/1,1/1,-1/1,1/1,-1/1,1/1,False
anchor_rows,1752,,13/20,image-31,singleton,one_edit_global,1,0,unresolved,opposite_worlds,opposite_worlds,-3/1,1/1,-1/1,1/1,-1/1,1/1,False
anchor_rows,1753,,13/20,image-31,singleton,current_strict,1,1,input_blocked,,,,,,,,,False
anchor_rows,1754,,13/20,image-31,singleton,current_partial,1,0,unresolved,bound_gap,bound_gap,-3/1,1/1,-1/1,-1/1,-1/1,-1/1,False
anchor_rows,1755,,13/20,image-31,singleton,union_strict,1,1,input_blocked,,,,,,,,,False
anchor_rows,1756,,13/20,image-31,singleton,union_partial,1,0,unresolved,bound_gap,bound_gap,-3/1,1/1,-1/1,-1/1,-1/1,-1/1,False
anchor_rows,1757,,13/20,image-32,singleton,exact_projection,1,0,excluded,universal_bound,universal_bound,0/1,0/1,0/1,0/1,0/1,0/1,False
anchor_rows,1758,,13/20,image-32,singleton,one_edit_per_image,1,0,excluded,universal_bound,universal_bound,0/1,0/1,0/1,0/1,0/1,0/1,False
anchor_rows,1759,,13/20,image-32,singleton,one_edit_global,1,0,excluded,universal_bound,universal_bound,0/1,0/1,0/1,0/1,0/1,0/1,False
anchor_rows,1760,,13/20,image-32,singleton,current_strict,1,0,excluded,universal_bound,universal_bound,0/1,0/1,0/1,0/1,0/1,0/1,False
anchor_rows,1761,,13/20,image-32,singleton,current_partial,1,0,excluded,universal_bound,universal_bound,0/1,0/1,0/1,0/1,0/1,0/1,False
anchor_rows,1762,,13/20,image-32,singleton,union_strict,1,0,excluded,universal_bound,universal_bound,0/1,0/1,0/1,0/1,0/1,0/1,False
anchor_rows,1763,,13/20,image-32,singleton,union_partial,1,0,excluded,universal_bound,universal_bound,0/1,0/1,0/1,0/1,0/1,0/1,False
anchor_rows,1764,,13/20,image-33,singleton,exact_projection,1,0,excluded,universal_bound,universal_bound,0/1,0/1,0/1,0/1,0/1,0/1,False
anchor_rows,1765,,13/20,image-33,singleton,one_edit_per_image,1,0,unresolved,bound_gap,opposite_worlds,-2/1,2/1,0/1,0/1,-2/1,2/1,True
anchor_rows,1766,,13/20,image-33,singleton,one_edit_global,1,0,unresolved,bound_gap,opposite_worlds,-2/1,2/1,0/1,0/1,-2/1,2/1,True
anchor_rows,1767,,13/20,image-33,singleton,current_strict,1,1,input_blocked,,,,,,,,,False
anchor_rows,1768,,13/20,image-33,singleton,current_partial,1,0,excluded,universal_bound,universal_bound,0/1,0/1,0/1,0/1,0/1,0/1,False
anchor_rows,1769,,13/20,image-33,singleton,union_strict,1,1,input_blocked,,,,,,,,,False
anchor_rows,1770,,13/20,image-33,singleton,union_partial,1,0,excluded,universal_bound,universal_bound,0/1,0/1,0/1,0/1,0/1,0/1,False
anchor_rows,1771,,13/20,image-34,singleton,exact_projection,1,0,excluded,universal_bound,universal_bound,-2/1,-2/1,-2/1,-2/1,-2/1,-2/1,False
anchor_rows,1772,,13/20,image-34,singleton,one_edit_per_image,1,0,excluded,universal_bound,universal_bound,-4/1,0/1,-2/1,0/1,-2/1,0/1,False
anchor_rows,1773,,13/20,image-34,singleton,one_edit_global,1,0,excluded,universal_bound,universal_bound,-4/1,0/1,-2/1,0/1,-2/1,0/1,False
anchor_rows,1774,,13/20,image-34,singleton,current_strict,1,0,excluded,universal_bound,universal_bound,-2/1,-2/1,-2/1,-2/1,-2/1,-2/1,False
anchor_rows,1775,,13/20,image-34,singleton,current_partial,1,0,excluded,universal_bound,universal_bound,-2/1,-2/1,-2/1,-2/1,-2/1,-2/1,False
anchor_rows,1776,,13/20,image-34,singleton,union_strict,1,1,input_blocked,,,,,,,,,False
anchor_rows,1777,,13/20,image-34,singleton,union_partial,1,0,excluded,universal_bound,universal_bound,-2/1,-2/1,-2/1,-2/1,-2/1,-2/1,False
anchor_rows,1778,,13/20,image-35,singleton,exact_projection,1,0,excluded,universal_bound,universal_bound,0/1,0/1,0/1,0/1,0/1,0/1,False
anchor_rows,1779,,13/20,image-35,singleton,one_edit_per_image,1,0,unresolved,bound_gap,opposite_worlds,-2/1,2/1,0/1,0/1,-2/1,2/1,True
anchor_rows,1780,,13/20,image-35,singleton,one_edit_global,1,0,unresolved,bound_gap,opposite_worlds,-2/1,2/1,0/1,0/1,-2/1,2/1,True
anchor_rows,1781,,13/20,image-35,singleton,current_strict,1,0,excluded,universal_bound,universal_bound,0/1,0/1,0/1,0/1,0/1,0/1,False
anchor_rows,1782,,13/20,image-35,singleton,current_partial,1,0,excluded,universal_bound,universal_bound,0/1,0/1,0/1,0/1,0/1,0/1,False
anchor_rows,1783,,13/20,image-35,singleton,union_strict,1,0,excluded,universal_bound,universal_bound,0/1,0/1,0/1,0/1,0/1,0/1,False
anchor_rows,1784,,13/20,image-35,singleton,union_partial,1,0,excluded,universal_bound,universal_bound,0/1,0/1,0/1,0/1,0/1,0/1,False
anchor_rows,1785,,13/20,image-36,singleton,exact_projection,1,0,excluded,universal_bound,universal_bound,0/1,0/1,0/1,0/1,0/1,0/1,False
anchor_rows,1786,,13/20,image-36,singleton,one_edit_per_image,1,0,excluded,universal_bound,universal_bound,0/1,0/1,0/1,0/1,0/1,0/1,False
anchor_rows,1787,,13/20,image-36,singleton,one_edit_global,1,0,excluded,universal_bound,universal_bound,0/1,0/1,0/1,0/1,0/1,0/1,False
anchor_rows,1788,,13/20,image-36,singleton,current_strict,1,0,excluded,universal_bound,universal_bound,0/1,0/1,0/1,0/1,0/1,0/1,False
anchor_rows,1789,,13/20,image-36,singleton,current_partial,1,0,excluded,universal_bound,universal_bound,0/1,0/1,0/1,0/1,0/1,0/1,False
anchor_rows,1790,,13/20,image-36,singleton,union_strict,1,0,excluded,universal_bound,universal_bound,0/1,0/1,0/1,0/1,0/1,0/1,False
anchor_rows,1791,,13/20,image-36,singleton,union_partial,1,0,excluded,universal_bound,universal_bound,0/1,0/1,0/1,0/1,0/1,0/1,False
anchor_rows,1792,,13/20,image-37,singleton,exact_projection,1,0,supported,universal_bound,universal_bound,1/1,1/1,1/1,1/1,1/1,1/1,False
anchor_rows,1793,,13/20,image-37,singleton,one_edit_per_image,1,0,unresolved,opposite_worlds,opposite_worlds,-1/1,1/1,-1/1,1/1,-1/1,1/1,False
anchor_rows,1794,,13/20,image-37,singleton,one_edit_global,1,0,unresolved,opposite_worlds,opposite_worlds,-1/1,1/1,-1/1,1/1,-1/1,1/1,False
anchor_rows,1795,,13/20,image-37,singleton,current_strict,1,1,input_blocked,,,,,,,,,False
anchor_rows,1796,,13/20,image-37,singleton,current_partial,1,0,unresolved,opposite_worlds,opposite_worlds,-1/1,1/1,-1/1,1/1,-1/1,1/1,False
anchor_rows,1797,,13/20,image-37,singleton,union_strict,1,1,input_blocked,,,,,,,,,False
anchor_rows,1798,,13/20,image-37,singleton,union_partial,1,0,unresolved,opposite_worlds,opposite_worlds,-1/1,1/1,-1/1,1/1,-1/1,1/1,False
anchor_rows,1799,,13/20,image-38,singleton,exact_projection,1,0,excluded,universal_bound,universal_bound,0/1,0/1,0/1,0/1,0/1,0/1,False
anchor_rows,1800,,13/20,image-38,singleton,one_edit_per_image,1,0,unresolved,bound_gap,opposite_worlds,-2/1,2/1,0/1,0/1,-2/1,2/1,True
anchor_rows,1801,,13/20,image-38,singleton,one_edit_global,1,0,unresolved,bound_gap,opposite_worlds,-2/1,2/1,0/1,0/1,-2/1,2/1,True
anchor_rows,1802,,13/20,image-38,singleton,current_strict,1,1,input_blocked,,,,,,,,,False
anchor_rows,1803,,13/20,image-38,singleton,current_partial,1,0,excluded,universal_bound,universal_bound,0/1,0/1,0/1,0/1,0/1,0/1,False
anchor_rows,1804,,13/20,image-38,singleton,union_strict,1,1,input_blocked,,,,,,,,,False
anchor_rows,1805,,13/20,image-38,singleton,union_partial,1,0,excluded,universal_bound,universal_bound,0/1,0/1,0/1,0/1,0/1,0/1,False
anchor_rows,1806,,13/20,image-39,singleton,exact_projection,1,0,excluded,universal_bound,universal_bound,0/1,0/1,0/1,0/1,0/1,0/1,False
anchor_rows,1807,,13/20,image-39,singleton,one_edit_per_image,1,0,unresolved,bound_gap,opposite_worlds,-2/1,2/1,0/1,0/1,-2/1,2/1,True
anchor_rows,1808,,13/20,image-39,singleton,one_edit_global,1,0,unresolved,bound_gap,opposite_worlds,-2/1,2/1,0/1,0/1,-2/1,2/1,True
anchor_rows,1809,,13/20,image-39,singleton,current_strict,1,1,input_blocked,,,,,,,,,False
anchor_rows,1810,,13/20,image-39,singleton,current_partial,1,0,excluded,universal_bound,universal_bound,0/1,0/1,0/1,0/1,0/1,0/1,False
anchor_rows,1811,,13/20,image-39,singleton,union_strict,1,1,input_blocked,,,,,,,,,False
anchor_rows,1812,,13/20,image-39,singleton,union_partial,1,0,excluded,universal_bound,universal_bound,0/1,0/1,0/1,0/1,0/1,0/1,False
anchor_rows,1813,,13/20,image-40,singleton,exact_projection,1,0,excluded,universal_bound,universal_bound,-1/1,-1/1,-1/1,-1/1,-1/1,-1/1,False
anchor_rows,1814,,13/20,image-40,singleton,one_edit_per_image,1,0,unresolved,opposite_worlds,opposite_worlds,-3/1,1/1,-1/1,1/1,-3/1,1/1,False
anchor_rows,1815,,13/20,image-40,singleton,one_edit_global,1,0,unresolved,opposite_worlds,opposite_worlds,-3/1,1/1,-1/1,1/1,-3/1,1/1,False
anchor_rows,1816,,13/20,image-40,singleton,current_strict,1,0,excluded,universal_bound,universal_bound,-1/1,-1/1,-1/1,-1/1,-1/1,-1/1,False
anchor_rows,1817,,13/20,image-40,singleton,current_partial,1,0,excluded,universal_bound,universal_bound,-1/1,-1/1,-1/1,-1/1,-1/1,-1/1,False
anchor_rows,1818,,13/20,image-40,singleton,union_strict,1,1,input_blocked,,,,,,,,,False
anchor_rows,1819,,13/20,image-40,singleton,union_partial,1,0,excluded,universal_bound,universal_bound,-1/1,-1/1,-1/1,-1/1,-1/1,-1/1,False
anchor_rows,1820,,13/20,image-41,singleton,exact_projection,1,0,excluded,universal_bound,universal_bound,0/1,0/1,0/1,0/1,0/1,0/1,False
anchor_rows,1821,,13/20,image-41,singleton,one_edit_per_image,1,0,excluded,universal_bound,universal_bound,0/1,0/1,0/1,0/1,0/1,0/1,False
anchor_rows,1822,,13/20,image-41,singleton,one_edit_global,1,0,excluded,universal_bound,universal_bound,0/1,0/1,0/1,0/1,0/1,0/1,False
anchor_rows,1823,,13/20,image-41,singleton,current_strict,1,1,input_blocked,,,,,,,,,False
anchor_rows,1824,,13/20,image-41,singleton,current_partial,1,0,excluded,universal_bound,universal_bound,0/1,0/1,0/1,0/1,0/1,0/1,False
anchor_rows,1825,,13/20,image-41,singleton,union_strict,1,1,input_blocked,,,,,,,,,False
anchor_rows,1826,,13/20,image-41,singleton,union_partial,1,0,excluded,universal_bound,universal_bound,0/1,0/1,0/1,0/1,0/1,0/1,False
anchor_rows,1827,,13/20,image-42,singleton,exact_projection,1,0,excluded,universal_bound,universal_bound,0/1,0/1,0/1,0/1,0/1,0/1,False
anchor_rows,1828,,13/20,image-42,singleton,one_edit_per_image,1,0,excluded,universal_bound,universal_bound,0/1,0/1,0/1,0/1,0/1,0/1,False
anchor_rows,1829,,13/20,image-42,singleton,one_edit_global,1,0,excluded,universal_bound,universal_bound,0/1,0/1,0/1,0/1,0/1,0/1,False
anchor_rows,1830,,13/20,image-42,singleton,current_strict,1,0,excluded,universal_bound,universal_bound,0/1,0/1,0/1,0/1,0/1,0/1,False
anchor_rows,1831,,13/20,image-42,singleton,current_partial,1,0,excluded,universal_bound,universal_bound,0/1,0/1,0/1,0/1,0/1,0/1,False
anchor_rows,1832,,13/20,image-42,singleton,union_strict,1,1,input_blocked,,,,,,,,,False
anchor_rows,1833,,13/20,image-42,singleton,union_partial,1,0,excluded,universal_bound,universal_bound,0/1,0/1,0/1,0/1,0/1,0/1,False
anchor_rows,1834,,13/20,image-43,singleton,exact_projection,1,0,excluded,universal_bound,universal_bound,0/1,0/1,0/1,0/1,0/1,0/1,False
anchor_rows,1835,,13/20,image-43,singleton,one_edit_per_image,1,0,unresolved,opposite_worlds,opposite_worlds,-2/1,2/1,-2/1,2/1,-2/1,2/1,False
anchor_rows,1836,,13/20,image-43,singleton,one_edit_global,1,0,unresolved,opposite_worlds,opposite_worlds,-2/1,2/1,-2/1,2/1,-2/1,2/1,False
anchor_rows,1837,,13/20,image-43,singleton,current_strict,1,1,input_blocked,,,,,,,,,False
anchor_rows,1838,,13/20,image-43,singleton,current_partial,1,0,excluded,universal_bound,universal_bound,-2/1,0/1,0/1,0/1,0/1,0/1,False
anchor_rows,1839,,13/20,image-43,singleton,union_strict,1,1,input_blocked,,,,,,,,,False
anchor_rows,1840,,13/20,image-43,singleton,union_partial,1,0,excluded,universal_bound,universal_bound,-2/1,0/1,0/1,0/1,0/1,0/1,False
anchor_rows,1841,,13/20,image-44,singleton,exact_projection,1,0,excluded,universal_bound,universal_bound,0/1,0/1,0/1,0/1,0/1,0/1,False
anchor_rows,1842,,13/20,image-44,singleton,one_edit_per_image,1,0,excluded,universal_bound,universal_bound,0/1,0/1,0/1,0/1,0/1,0/1,False
anchor_rows,1843,,13/20,image-44,singleton,one_edit_global,1,0,excluded,universal_bound,universal_bound,0/1,0/1,0/1,0/1,0/1,0/1,False
anchor_rows,1844,,13/20,image-44,singleton,current_strict,1,0,excluded,universal_bound,universal_bound,0/1,0/1,0/1,0/1,0/1,0/1,False
anchor_rows,1845,,13/20,image-44,singleton,current_partial,1,0,excluded,universal_bound,universal_bound,0/1,0/1,0/1,0/1,0/1,0/1,False
anchor_rows,1846,,13/20,image-44,singleton,union_strict,1,0,excluded,universal_bound,universal_bound,0/1,0/1,0/1,0/1,0/1,0/1,False
anchor_rows,1847,,13/20,image-44,singleton,union_partial,1,0,excluded,universal_bound,universal_bound,0/1,0/1,0/1,0/1,0/1,0/1,False
anchor_rows,1848,,13/20,image-45,singleton,exact_projection,1,0,excluded,universal_bound,universal_bound,-1/1,-1/1,-1/1,-1/1,-1/1,-1/1,False
anchor_rows,1849,,13/20,image-45,singleton,one_edit_per_image,1,0,unresolved,opposite_worlds,opposite_worlds,-3/1,3/1,-3/1,1/1,-3/1,3/1,False
anchor_rows,1850,,13/20,image-45,singleton,one_edit_global,1,0,unresolved,opposite_worlds,opposite_worlds,-3/1,3/1,-3/1,1/1,-3/1,3/1,False
anchor_rows,1851,,13/20,image-45,singleton,current_strict,1,1,input_blocked,,,,,,,,,False
anchor_rows,1852,,13/20,image-45,singleton,current_partial,1,0,unresolved,bound_gap,bound_gap,-3/1,1/1,-1/1,-1/1,-1/1,-1/1,False
anchor_rows,1853,,13/20,image-45,singleton,union_strict,1,1,input_blocked,,,,,,,,,False
anchor_rows,1854,,13/20,image-45,singleton,union_partial,1,0,unresolved,bound_gap,bound_gap,-3/1,1/1,-1/1,-1/1,-1/1,-1/1,False
anchor_rows,1855,,13/20,image-46,singleton,exact_projection,1,0,excluded,universal_bound,universal_bound,0/1,0/1,0/1,0/1,0/1,0/1,False
anchor_rows,1856,,13/20,image-46,singleton,one_edit_per_image,1,0,excluded,universal_bound,universal_bound,0/1,0/1,0/1,0/1,0/1,0/1,False
anchor_rows,1857,,13/20,image-46,singleton,one_edit_global,1,0,excluded,universal_bound,universal_bound,0/1,0/1,0/1,0/1,0/1,0/1,False
anchor_rows,1858,,13/20,image-46,singleton,current_strict,1,0,excluded,universal_bound,universal_bound,0/1,0/1,0/1,0/1,0/1,0/1,False
anchor_rows,1859,,13/20,image-46,singleton,current_partial,1,0,excluded,universal_bound,universal_bound,0/1,0/1,0/1,0/1,0/1,0/1,False
anchor_rows,1860,,13/20,image-46,singleton,union_strict,1,1,input_blocked,,,,,,,,,False
anchor_rows,1861,,13/20,image-46,singleton,union_partial,1,0,excluded,universal_bound,universal_bound,0/1,0/1,0/1,0/1,0/1,0/1,False
anchor_rows,1862,,13/20,image-47,singleton,exact_projection,1,0,excluded,universal_bound,universal_bound,0/1,0/1,0/1,0/1,0/1,0/1,False
anchor_rows,1863,,13/20,image-47,singleton,one_edit_per_image,1,0,excluded,universal_bound,universal_bound,0/1,0/1,0/1,0/1,0/1,0/1,False
anchor_rows,1864,,13/20,image-47,singleton,one_edit_global,1,0,excluded,universal_bound,universal_bound,0/1,0/1,0/1,0/1,0/1,0/1,False
anchor_rows,1865,,13/20,image-47,singleton,current_strict,1,0,excluded,universal_bound,universal_bound,0/1,0/1,0/1,0/1,0/1,0/1,False
anchor_rows,1866,,13/20,image-47,singleton,current_partial,1,0,excluded,universal_bound,universal_bound,0/1,0/1,0/1,0/1,0/1,0/1,False
anchor_rows,1867,,13/20,image-47,singleton,union_strict,1,0,excluded,universal_bound,universal_bound,0/1,0/1,0/1,0/1,0/1,0/1,False
anchor_rows,1868,,13/20,image-47,singleton,union_partial,1,0,excluded,universal_bound,universal_bound,0/1,0/1,0/1,0/1,0/1,0/1,False
anchor_rows,1869,,13/20,image-48,singleton,exact_projection,1,0,excluded,universal_bound,universal_bound,-1/1,-1/1,-1/1,-1/1,-1/1,-1/1,False
anchor_rows,1870,,13/20,image-48,singleton,one_edit_per_image,1,0,unresolved,opposite_worlds,opposite_worlds,-3/1,1/1,-1/1,1/1,-1/1,1/1,False
anchor_rows,1871,,13/20,image-48,singleton,one_edit_global,1,0,unresolved,opposite_worlds,opposite_worlds,-3/1,1/1,-1/1,1/1,-1/1,1/1,False
anchor_rows,1872,,13/20,image-48,singleton,current_strict,1,0,excluded,universal_bound,universal_bound,-1/1,-1/1,-1/1,-1/1,-1/1,-1/1,False
anchor_rows,1873,,13/20,image-48,singleton,current_partial,1,0,excluded,universal_bound,universal_bound,-1/1,-1/1,-1/1,-1/1,-1/1,-1/1,False
anchor_rows,1874,,13/20,image-48,singleton,union_strict,1,0,excluded,universal_bound,universal_bound,-1/1,-1/1,-1/1,-1/1,-1/1,-1/1,False
anchor_rows,1875,,13/20,image-48,singleton,union_partial,1,0,excluded,universal_bound,universal_bound,-1/1,-1/1,-1/1,-1/1,-1/1,-1/1,False
anchor_rows,1876,,13/20,image-49,singleton,exact_projection,1,0,excluded,universal_bound,universal_bound,0/1,0/1,0/1,0/1,0/1,0/1,False
anchor_rows,1877,,13/20,image-49,singleton,one_edit_per_image,1,0,unresolved,bound_gap,opposite_worlds,-2/1,2/1,0/1,0/1,-2/1,2/1,True
anchor_rows,1878,,13/20,image-49,singleton,one_edit_global,1,0,unresolved,bound_gap,opposite_worlds,-2/1,2/1,0/1,0/1,-2/1,2/1,True
anchor_rows,1879,,13/20,image-49,singleton,current_strict,1,0,excluded,universal_bound,universal_bound,0/1,0/1,0/1,0/1,0/1,0/1,False
anchor_rows,1880,,13/20,image-49,singleton,current_partial,1,0,excluded,universal_bound,universal_bound,0/1,0/1,0/1,0/1,0/1,0/1,False
anchor_rows,1881,,13/20,image-49,singleton,union_strict,1,0,excluded,universal_bound,universal_bound,0/1,0/1,0/1,0/1,0/1,0/1,False
anchor_rows,1882,,13/20,image-49,singleton,union_partial,1,0,excluded,universal_bound,universal_bound,0/1,0/1,0/1,0/1,0/1,0/1,False
anchor_rows,1883,,13/20,image-50,singleton,exact_projection,1,0,excluded,universal_bound,universal_bound,0/1,0/1,0/1,0/1,0/1,0/1,False
anchor_rows,1884,,13/20,image-50,singleton,one_edit_per_image,1,0,excluded,universal_bound,universal_bound,0/1,0/1,0/1,0/1,0/1,0/1,False
anchor_rows,1885,,13/20,image-50,singleton,one_edit_global,1,0,excluded,universal_bound,universal_bound,0/1,0/1,0/1,0/1,0/1,0/1,False
anchor_rows,1886,,13/20,image-50,singleton,current_strict,1,0,excluded,universal_bound,universal_bound,0/1,0/1,0/1,0/1,0/1,0/1,False
anchor_rows,1887,,13/20,image-50,singleton,current_partial,1,0,excluded,universal_bound,universal_bound,0/1,0/1,0/1,0/1,0/1,0/1,False
anchor_rows,1888,,13/20,image-50,singleton,union_strict,1,0,excluded,universal_bound,universal_bound,0/1,0/1,0/1,0/1,0/1,0/1,False
anchor_rows,1889,,13/20,image-50,singleton,union_partial,1,0,excluded,universal_bound,universal_bound,0/1,0/1,0/1,0/1,0/1,0/1,False
anchor_rows,1890,,13/20,image-51,singleton,exact_projection,1,0,excluded,universal_bound,universal_bound,-1/1,-1/1,-1/1,-1/1,-1/1,-1/1,False
anchor_rows,1891,,13/20,image-51,singleton,one_edit_per_image,1,0,unresolved,opposite_worlds,opposite_worlds,-3/1,1/1,-1/1,1/1,-1/1,1/1,False
anchor_rows,1892,,13/20,image-51,singleton,one_edit_global,1,0,unresolved,opposite_worlds,opposite_worlds,-3/1,1/1,-1/1,1/1,-1/1,1/1,False
anchor_rows,1893,,13/20,image-51,singleton,current_strict,1,0,excluded,universal_bound,universal_bound,-1/1,-1/1,-1/1,-1/1,-1/1,-1/1,False
anchor_rows,1894,,13/20,image-51,singleton,current_partial,1,0,excluded,universal_bound,universal_bound,-1/1,-1/1,-1/1,-1/1,-1/1,-1/1,False
anchor_rows,1895,,13/20,image-51,singleton,union_strict,1,0,excluded,universal_bound,universal_bound,-1/1,-1/1,-1/1,-1/1,-1/1,-1/1,False
anchor_rows,1896,,13/20,image-51,singleton,union_partial,1,0,excluded,universal_bound,universal_bound,-1/1,-1/1,-1/1,-1/1,-1/1,-1/1,False
anchor_rows,1897,,13/20,image-52,singleton,exact_projection,1,0,excluded,universal_bound,universal_bound,-1/1,-1/1,-1/1,-1/1,-1/1,-1/1,False
anchor_rows,1898,,13/20,image-52,singleton,one_edit_per_image,1,0,unresolved,opposite_worlds,opposite_worlds,-3/1,1/1,-1/1,1/1,-1/1,1/1,False
anchor_rows,1899,,13/20,image-52,singleton,one_edit_global,1,0,unresolved,opposite_worlds,opposite_worlds,-3/1,1/1,-1/1,1/1,-1/1,1/1,False
anchor_rows,1900,,13/20,image-52,singleton,current_strict,1,1,input_blocked,,,,,,,,,False
anchor_rows,1901,,13/20,image-52,singleton,current_partial,1,0,excluded,universal_bound,universal_bound,-1/1,-1/1,-1/1,-1/1,-1/1,-1/1,False
anchor_rows,1902,,13/20,image-52,singleton,union_strict,1,1,input_blocked,,,,,,,,,False
anchor_rows,1903,,13/20,image-52,singleton,union_partial,1,0,excluded,universal_bound,universal_bound,-1/1,-1/1,-1/1,-1/1,-1/1,-1/1,False
anchor_rows,1904,,13/20,image-53,singleton,exact_projection,1,0,excluded,universal_bound,universal_bound,0/1,0/1,0/1,0/1,0/1,0/1,False
anchor_rows,1905,,13/20,image-53,singleton,one_edit_per_image,1,0,excluded,universal_bound,universal_bound,0/1,0/1,0/1,0/1,0/1,0/1,False
anchor_rows,1906,,13/20,image-53,singleton,one_edit_global,1,0,excluded,universal_bound,universal_bound,0/1,0/1,0/1,0/1,0/1,0/1,False
anchor_rows,1907,,13/20,image-53,singleton,current_strict,1,0,excluded,universal_bound,universal_bound,0/1,0/1,0/1,0/1,0/1,0/1,False
anchor_rows,1908,,13/20,image-53,singleton,current_partial,1,0,excluded,universal_bound,universal_bound,0/1,0/1,0/1,0/1,0/1,0/1,False
anchor_rows,1909,,13/20,image-53,singleton,union_strict,1,0,excluded,universal_bound,universal_bound,0/1,0/1,0/1,0/1,0/1,0/1,False
anchor_rows,1910,,13/20,image-53,singleton,union_partial,1,0,excluded,universal_bound,universal_bound,0/1,0/1,0/1,0/1,0/1,0/1,False
anchor_rows,1911,,13/20,image-54,singleton,exact_projection,1,0,excluded,universal_bound,universal_bound,0/1,0/1,0/1,0/1,0/1,0/1,False
anchor_rows,1912,,13/20,image-54,singleton,one_edit_per_image,1,0,unresolved,opposite_worlds,opposite_worlds,-2/1,2/1,-2/1,2/1,-2/1,2/1,False
anchor_rows,1913,,13/20,image-54,singleton,one_edit_global,1,0,unresolved,opposite_worlds,opposite_worlds,-2/1,2/1,-2/1,2/1,-2/1,2/1,False
anchor_rows,1914,,13/20,image-54,singleton,current_strict,1,1,input_blocked,,,,,,,,,False
anchor_rows,1915,,13/20,image-54,singleton,current_partial,1,0,excluded,universal_bound,universal_bound,0/1,0/1,0/1,0/1,0/1,0/1,False
anchor_rows,1916,,13/20,image-54,singleton,union_strict,1,1,input_blocked,,,,,,,,,False
anchor_rows,1917,,13/20,image-54,singleton,union_partial,1,0,excluded,universal_bound,universal_bound,0/1,0/1,0/1,0/1,0/1,0/1,False
anchor_rows,1918,,13/20,image-55,singleton,exact_projection,1,0,excluded,universal_bound,universal_bound,0/1,0/1,0/1,0/1,0/1,0/1,False
anchor_rows,1919,,13/20,image-55,singleton,one_edit_per_image,1,0,unresolved,bound_gap,opposite_worlds,-2/1,2/1,-2/1,0/1,-2/1,2/1,True
anchor_rows,1920,,13/20,image-55,singleton,one_edit_global,1,0,unresolved,bound_gap,opposite_worlds,-2/1,2/1,-2/1,0/1,-2/1,2/1,True
anchor_rows,1921,,13/20,image-55,singleton,current_strict,1,1,input_blocked,,,,,,,,,False
anchor_rows,1922,,13/20,image-55,singleton,current_partial,1,0,excluded,universal_bound,universal_bound,0/1,0/1,0/1,0/1,0/1,0/1,False
anchor_rows,1923,,13/20,image-55,singleton,union_strict,1,1,input_blocked,,,,,,,,,False
anchor_rows,1924,,13/20,image-55,singleton,union_partial,1,0,excluded,universal_bound,universal_bound,0/1,0/1,0/1,0/1,0/1,0/1,False
anchor_rows,1925,,13/20,image-56,singleton,exact_projection,1,0,excluded,universal_bound,universal_bound,0/1,0/1,0/1,0/1,0/1,0/1,False
anchor_rows,1926,,13/20,image-56,singleton,one_edit_per_image,1,0,excluded,universal_bound,universal_bound,0/1,0/1,0/1,0/1,0/1,0/1,False
anchor_rows,1927,,13/20,image-56,singleton,one_edit_global,1,0,excluded,universal_bound,universal_bound,0/1,0/1,0/1,0/1,0/1,0/1,False
anchor_rows,1928,,13/20,image-56,singleton,current_strict,1,0,excluded,universal_bound,universal_bound,0/1,0/1,0/1,0/1,0/1,0/1,False
anchor_rows,1929,,13/20,image-56,singleton,current_partial,1,0,excluded,universal_bound,universal_bound,0/1,0/1,0/1,0/1,0/1,0/1,False
anchor_rows,1930,,13/20,image-56,singleton,union_strict,1,0,excluded,universal_bound,universal_bound,0/1,0/1,0/1,0/1,0/1,0/1,False
anchor_rows,1931,,13/20,image-56,singleton,union_partial,1,0,excluded,universal_bound,universal_bound,0/1,0/1,0/1,0/1,0/1,0/1,False
anchor_rows,1932,,13/20,image-57,singleton,exact_projection,1,0,excluded,universal_bound,universal_bound,-1/1,-1/1,-1/1,-1/1,-1/1,-1/1,False
anchor_rows,1933,,13/20,image-57,singleton,one_edit_per_image,1,0,unresolved,opposite_worlds,opposite_worlds,-1/1,1/1,-1/1,1/1,-1/1,1/1,False
anchor_rows,1934,,13/20,image-57,singleton,one_edit_global,1,0,unresolved,opposite_worlds,opposite_worlds,-1/1,1/1,-1/1,1/1,-1/1,1/1,False
anchor_rows,1935,,13/20,image-57,singleton,current_strict,1,1,input_blocked,,,,,,,,,False
anchor_rows,1936,,13/20,image-57,singleton,current_partial,1,0,excluded,universal_bound,universal_bound,-1/1,-1/1,-1/1,-1/1,-1/1,-1/1,False
anchor_rows,1937,,13/20,image-57,singleton,union_strict,1,1,input_blocked,,,,,,,,,False
anchor_rows,1938,,13/20,image-57,singleton,union_partial,1,0,excluded,universal_bound,universal_bound,-1/1,-1/1,-1/1,-1/1,-1/1,-1/1,False
anchor_rows,1939,,13/20,image-58,singleton,exact_projection,1,0,excluded,universal_bound,universal_bound,0/1,0/1,0/1,0/1,0/1,0/1,False
anchor_rows,1940,,13/20,image-58,singleton,one_edit_per_image,1,0,excluded,universal_bound,universal_bound,0/1,0/1,0/1,0/1,0/1,0/1,False
anchor_rows,1941,,13/20,image-58,singleton,one_edit_global,1,0,excluded,universal_bound,universal_bound,0/1,0/1,0/1,0/1,0/1,0/1,False
anchor_rows,1942,,13/20,image-58,singleton,current_strict,1,0,excluded,universal_bound,universal_bound,0/1,0/1,0/1,0/1,0/1,0/1,False
anchor_rows,1943,,13/20,image-58,singleton,current_partial,1,0,excluded,universal_bound,universal_bound,0/1,0/1,0/1,0/1,0/1,0/1,False
anchor_rows,1944,,13/20,image-58,singleton,union_strict,1,0,excluded,universal_bound,universal_bound,0/1,0/1,0/1,0/1,0/1,0/1,False
anchor_rows,1945,,13/20,image-58,singleton,union_partial,1,0,excluded,universal_bound,universal_bound,0/1,0/1,0/1,0/1,0/1,0/1,False
anchor_rows,1946,,13/20,image-59,singleton,exact_projection,1,0,excluded,universal_bound,universal_bound,0/1,0/1,0/1,0/1,0/1,0/1,False
anchor_rows,1947,,13/20,image-59,singleton,one_edit_per_image,1,0,unresolved,opposite_worlds,opposite_worlds,-2/1,2/1,0/1,2/1,-2/1,2/1,False
anchor_rows,1948,,13/20,image-59,singleton,one_edit_global,1,0,unresolved,opposite_worlds,opposite_worlds,-2/1,2/1,0/1,2/1,-2/1,2/1,False
anchor_rows,1949,,13/20,image-59,singleton,current_strict,1,1,input_blocked,,,,,,,,,False
anchor_rows,1950,,13/20,image-59,singleton,current_partial,1,0,excluded,universal_bound,universal_bound,0/1,0/1,0/1,0/1,0/1,0/1,False
anchor_rows,1951,,13/20,image-59,singleton,union_strict,1,1,input_blocked,,,,,,,,,False
anchor_rows,1952,,13/20,image-59,singleton,union_partial,1,0,excluded,universal_bound,universal_bound,0/1,0/1,0/1,0/1,0/1,0/1,False
anchor_rows,1953,,13/20,image-60,singleton,exact_projection,1,0,supported,universal_bound,universal_bound,1/1,1/1,1/1,1/1,1/1,1/1,False
anchor_rows,1954,,13/20,image-60,singleton,one_edit_per_image,1,0,unresolved,bound_gap,opposite_worlds,-1/1,3/1,1/1,1/1,-1/1,3/1,True
anchor_rows,1955,,13/20,image-60,singleton,one_edit_global,1,0,unresolved,bound_gap,opposite_worlds,-1/1,3/1,1/1,1/1,-1/1,3/1,True
anchor_rows,1956,,13/20,image-60,singleton,current_strict,1,0,supported,universal_bound,universal_bound,1/1,1/1,1/1,1/1,1/1,1/1,False
anchor_rows,1957,,13/20,image-60,singleton,current_partial,1,0,supported,universal_bound,universal_bound,1/1,1/1,1/1,1/1,1/1,1/1,False
anchor_rows,1958,,13/20,image-60,singleton,union_strict,1,1,input_blocked,,,,,,,,,False
anchor_rows,1959,,13/20,image-60,singleton,union_partial,1,0,supported,universal_bound,universal_bound,1/1,1/1,1/1,1/1,1/1,1/1,False
anchor_rows,1960,,13/20,image-61,singleton,exact_projection,1,0,excluded,universal_bound,universal_bound,-1/1,-1/1,-1/1,-1/1,-1/1,-1/1,False
anchor_rows,1961,,13/20,image-61,singleton,one_edit_per_image,1,0,unresolved,opposite_worlds,opposite_worlds,-3/1,3/1,-1/1,1/1,-3/1,3/1,False
anchor_rows,1962,,13/20,image-61,singleton,one_edit_global,1,0,unresolved,opposite_worlds,opposite_worlds,-3/1,3/1,-1/1,1/1,-3/1,3/1,False
anchor_rows,1963,,13/20,image-61,singleton,current_strict,1,1,input_blocked,,,,,,,,,False
anchor_rows,1964,,13/20,image-61,singleton,current_partial,1,0,unresolved,bound_gap,bound_gap,-3/1,1/1,-1/1,-1/1,-1/1,-1/1,False
anchor_rows,1965,,13/20,image-61,singleton,union_strict,1,1,input_blocked,,,,,,,,,False
anchor_rows,1966,,13/20,image-61,singleton,union_partial,1,0,unresolved,bound_gap,bound_gap,-3/1,1/1,-1/1,-1/1,-1/1,-1/1,False
anchor_rows,1967,,13/20,image-62,singleton,exact_projection,1,0,excluded,universal_bound,universal_bound,-1/1,-1/1,-1/1,-1/1,-1/1,-1/1,False
anchor_rows,1968,,13/20,image-62,singleton,one_edit_per_image,1,0,unresolved,opposite_worlds,opposite_worlds,-3/1,1/1,-1/1,1/1,-3/1,1/1,False
anchor_rows,1969,,13/20,image-62,singleton,one_edit_global,1,0,unresolved,opposite_worlds,opposite_worlds,-3/1,1/1,-1/1,1/1,-3/1,1/1,False
anchor_rows,1970,,13/20,image-62,singleton,current_strict,1,1,input_blocked,,,,,,,,,False
anchor_rows,1971,,13/20,image-62,singleton,current_partial,1,0,unresolved,bound_gap,bound_gap,-5/1,5/1,1/1,1/1,1/1,1/1,False
anchor_rows,1972,,13/20,image-62,singleton,union_strict,1,1,input_blocked,,,,,,,,,False
anchor_rows,1973,,13/20,image-62,singleton,union_partial,1,1,input_blocked,,,,,,,,,False
anchor_rows,1974,,13/20,image-63,singleton,exact_projection,1,0,excluded,universal_bound,universal_bound,-1/1,-1/1,-1/1,-1/1,-1/1,-1/1,False
anchor_rows,1975,,13/20,image-63,singleton,one_edit_per_image,1,0,unresolved,opposite_worlds,opposite_worlds,-3/1,1/1,-1/1,1/1,-3/1,1/1,False
anchor_rows,1976,,13/20,image-63,singleton,one_edit_global,1,0,unresolved,opposite_worlds,opposite_worlds,-3/1,1/1,-1/1,1/1,-3/1,1/1,False
anchor_rows,1977,,13/20,image-63,singleton,current_strict,1,0,excluded,universal_bound,universal_bound,-1/1,-1/1,-1/1,-1/1,-1/1,-1/1,False
anchor_rows,1978,,13/20,image-63,singleton,current_partial,1,0,excluded,universal_bound,universal_bound,-1/1,-1/1,-1/1,-1/1,-1/1,-1/1,False
anchor_rows,1979,,13/20,image-63,singleton,union_strict,1,0,excluded,universal_bound,universal_bound,-1/1,-1/1,-1/1,-1/1,-1/1,-1/1,False
anchor_rows,1980,,13/20,image-63,singleton,union_partial,1,0,excluded,universal_bound,universal_bound,-1/1,-1/1,-1/1,-1/1,-1/1,-1/1,False
anchor_rows,1981,,13/20,block-00,block,exact_projection,8,0,excluded,universal_bound,universal_bound,0/1,0/1,0/1,0/1,0/1,0/1,False
anchor_rows,1982,,13/20,block-00,block,one_edit_per_image,8,0,unresolved,opposite_worlds,opposite_worlds,-3/2,3/2,-1/1,1/1,-3/2,3/2,False
anchor_rows,1983,,13/20,block-00,block,one_edit_global,8,0,unresolved,opposite_worlds,opposite_worlds,-1/4,1/4,-1/4,1/4,-1/4,1/4,False
anchor_rows,1984,,13/20,block-00,block,current_strict,8,0,excluded,universal_bound,universal_bound,0/1,0/1,0/1,0/1,0/1,0/1,False
anchor_rows,1985,,13/20,block-00,block,current_partial,8,0,excluded,universal_bound,universal_bound,0/1,0/1,0/1,0/1,0/1,0/1,False
anchor_rows,1986,,13/20,block-00,block,union_strict,8,2,input_blocked,,,,,,,,,False
anchor_rows,1987,,13/20,block-00,block,union_partial,8,0,unresolved,opposite_worlds,opposite_worlds,-1/2,1/2,-1/2,1/2,-1/2,1/2,False
anchor_rows,1988,,13/20,block-01,block,exact_projection,8,0,excluded,universal_bound,universal_bound,0/1,0/1,0/1,0/1,0/1,0/1,False
anchor_rows,1989,,13/20,block-01,block,one_edit_per_image,8,0,unresolved,opposite_worlds,opposite_worlds,-2/1,2/1,-3/4,1/1,-5/4,7/4,False
anchor_rows,1990,,13/20,block-01,block,one_edit_global,8,0,unresolved,opposite_worlds,opposite_worlds,-1/4,1/4,-1/4,1/4,-1/4,1/4,False
anchor_rows,1991,,13/20,block-01,block,current_strict,8,4,input_blocked,,,,,,,,,False
anchor_rows,1992,,13/20,block-01,block,current_partial,8,0,unresolved,bound_gap,bound_gap,-1/2,1/4,0/1,0/1,0/1,0/1,False
anchor_rows,1993,,13/20,block-01,block,union_strict,8,5,input_blocked,,,,,,,,,False
anchor_rows,1994,,13/20,block-01,block,union_partial,8,0,unresolved,bound_gap,bound_gap,-1/2,1/4,0/1,0/1,0/1,0/1,False
anchor_rows,1995,,13/20,block-02,block,exact_projection,8,0,excluded,universal_bound,universal_bound,0/1,0/1,0/1,0/1,0/1,0/1,False
anchor_rows,1996,,13/20,block-02,block,one_edit_per_image,8,0,unresolved,opposite_worlds,opposite_worlds,-3/4,3/4,-1/2,3/4,-3/4,3/4,False
anchor_rows,1997,,13/20,block-02,block,one_edit_global,8,0,unresolved,opposite_worlds,opposite_worlds,-1/4,1/4,-1/4,1/4,-1/4,1/4,False
anchor_rows,1998,,13/20,block-02,block,current_strict,8,2,input_blocked,,,,,,,,,False
anchor_rows,1999,,13/20,block-02,block,current_partial,8,0,excluded,universal_bound,universal_bound,0/1,0/1,0/1,0/1,0/1,0/1,False
anchor_rows,2000,,13/20,block-02,block,union_strict,8,4,input_blocked,,,,,,,,,False
anchor_rows,2001,,13/20,block-02,block,union_partial,8,0,excluded,universal_bound,universal_bound,0/1,0/1,0/1,0/1,0/1,0/1,False
anchor_rows,2002,,13/20,block-03,block,exact_projection,8,0,excluded,universal_bound,universal_bound,-5/8,-5/8,-5/8,-5/8,-5/8,-5/8,False
anchor_rows,2003,,13/20,block-03,block,one_edit_per_image,8,0,unresolved,opposite_worlds,opposite_worlds,-21/8,13/8,-9/8,5/8,-11/8,9/8,False
anchor_rows,2004,,13/20,block-03,block,one_edit_global,8,0,excluded,universal_bound,universal_bound,-9/8,-1/8,-7/8,-3/8,-7/8,-1/8,False
anchor_rows,2005,,13/20,block-03,block,current_strict,8,5,input_blocked,,,,,,,,,False
anchor_rows,2006,,13/20,block-03,block,current_partial,8,0,excluded,universal_bound,universal_bound,-9/8,-1/8,-5/8,-3/8,-5/8,-3/8,False
anchor_rows,2007,,13/20,block-03,block,union_strict,8,6,input_blocked,,,,,,,,,False
anchor_rows,2008,,13/20,block-03,block,union_partial,8,0,excluded,universal_bound,universal_bound,-9/8,-1/8,-5/8,-3/8,-5/8,-3/8,False
anchor_rows,2009,,13/20,block-04,block,exact_projection,8,0,excluded,universal_bound,universal_bound,-1/8,-1/8,-1/8,-1/8,-1/8,-1/8,False
anchor_rows,2010,,13/20,block-04,block,one_edit_per_image,8,0,unresolved,opposite_worlds,opposite_worlds,-13/8,9/8,-3/8,1/8,-11/8,9/8,False
anchor_rows,2011,,13/20,block-04,block,one_edit_global,8,0,unresolved,opposite_worlds,opposite_worlds,-3/8,1/8,-3/8,1/8,-3/8,1/8,False
anchor_rows,2012,,13/20,block-04,block,current_strict,8,4,input_blocked,,,,,,,,,False
anchor_rows,2013,,13/20,block-04,block,current_partial,8,0,excluded,universal_bound,universal_bound,-3/8,-1/8,-3/8,-1/8,-3/8,-1/8,False
anchor_rows,2014,,13/20,block-04,block,union_strict,8,5,input_blocked,,,,,,,,,False
anchor_rows,2015,,13/20,block-04,block,union_partial,8,0,excluded,universal_bound,universal_bound,-3/8,-1/8,-3/8,-1/8,-3/8,-1/8,False
anchor_rows,2016,,13/20,block-05,block,exact_projection,8,0,excluded,universal_bound,universal_bound,-1/4,-1/4,-1/4,-1/4,-1/4,-1/4,False
anchor_rows,2017,,13/20,block-05,block,one_edit_per_image,8,0,unresolved,opposite_worlds,opposite_worlds,-1/1,3/4,-3/4,1/2,-1/1,3/4,False
anchor_rows,2018,,13/20,block-05,block,one_edit_global,8,0,unresolved,bound_gap,opposite_worlds,-1/2,1/4,-1/2,0/1,-1/2,1/4,True
anchor_rows,2019,,13/20,block-05,block,current_strict,8,3,input_blocked,,,,,,,,,False
anchor_rows,2020,,13/20,block-05,block,current_partial,8,0,excluded,universal_bound,universal_bound,-3/4,0/1,-1/4,-1/4,-1/4,-1/4,False
anchor_rows,2021,,13/20,block-05,block,union_strict,8,6,input_blocked,,,,,,,,,False
anchor_rows,2022,,13/20,block-05,block,union_partial,8,0,excluded,universal_bound,universal_bound,-3/4,0/1,-1/4,-1/4,-1/4,-1/4,False
anchor_rows,2023,,13/20,block-06,block,exact_projection,8,0,excluded,universal_bound,universal_bound,-3/8,-3/8,-3/8,-3/8,-3/8,-3/8,False
anchor_rows,2024,,13/20,block-06,block,one_edit_per_image,8,0,unresolved,opposite_worlds,opposite_worlds,-15/8,9/8,-7/8,5/8,-9/8,9/8,False
anchor_rows,2025,,13/20,block-06,block,one_edit_global,8,0,excluded,universal_bound,universal_bound,-5/8,-1/8,-5/8,-1/8,-5/8,-1/8,False
anchor_rows,2026,,13/20,block-06,block,current_strict,8,3,input_blocked,,,,,,,,,False
anchor_rows,2027,,13/20,block-06,block,current_partial,8,0,excluded,universal_bound,universal_bound,-3/8,-3/8,-3/8,-3/8,-3/8,-3/8,False
anchor_rows,2028,,13/20,block-06,block,union_strict,8,3,input_blocked,,,,,,,,,False
anchor_rows,2029,,13/20,block-06,block,union_partial,8,0,excluded,universal_bound,universal_bound,-3/8,-3/8,-3/8,-3/8,-3/8,-3/8,False
anchor_rows,2030,,13/20,block-07,block,exact_projection,8,0,excluded,universal_bound,universal_bound,-3/8,-3/8,-3/8,-3/8,-3/8,-3/8,False
anchor_rows,2031,,13/20,block-07,block,one_edit_per_image,8,0,unresolved,opposite_worlds,opposite_worlds,-13/8,11/8,-3/8,7/8,-13/8,11/8,False
anchor_rows,2032,,13/20,block-07,block,one_edit_global,8,0,unresolved,bound_gap,opposite_worlds,-5/8,1/8,-3/8,-1/8,-5/8,1/8,True
anchor_rows,2033,,13/20,block-07,block,current_strict,8,4,input_blocked,,,,,,,,,False
anchor_rows,2034,,13/20,block-07,block,current_partial,8,0,unresolved,bound_gap,bound_gap,-9/8,5/8,-1/8,-1/8,-1/8,-1/8,False
anchor_rows,2035,,13/20,block-07,block,union_strict,8,5,input_blocked,,,,,,,,,False
anchor_rows,2036,,13/20,block-07,block,union_partial,8,1,input_blocked,,,,,,,,,False
anchor_rows,2037,,13/20,all-64,primary,exact_projection,64,0,excluded,universal_bound,universal_bound,-7/32,-7/32,-7/32,-7/32,-7/32,-7/32,False
anchor_rows,2038,,13/20,all-64,primary,one_edit_per_image,64,0,unresolved,opposite_worlds,opposite_worlds,-13/8,41/32,-23/32,11/16,-5/4,19/16,False
anchor_rows,2039,,13/20,all-64,primary,one_edit_global,64,0,excluded,universal_bound,universal_bound,-9/32,-5/32,-1/4,-3/16,-1/4,-5/32,False
anchor_rows,2040,,13/20,all-64,primary,current_strict,64,25,input_blocked,,,,,,,,,False
anchor_rows,2041,,13/20,all-64,primary,current_partial,64,0,unresolved,bound_gap,bound_gap,-17/32,1/32,-7/32,-5/32,-7/32,-5/32,False
anchor_rows,2042,,13/20,all-64,primary,union_strict,64,36,input_blocked,,,,,,,,,False
anchor_rows,2043,,13/20,all-64,primary,union_partial,64,1,input_blocked,,,,,,,,,False
anchor_rows,2044,,4/5,image-00,singleton,exact_projection,1,0,excluded,universal_bound,universal_bound,0/1,0/1,0/1,0/1,0/1,0/1,False
anchor_rows,2045,,4/5,image-00,singleton,one_edit_per_image,1,0,excluded,universal_bound,universal_bound,0/1,0/1,0/1,0/1,0/1,0/1,False
anchor_rows,2046,,4/5,image-00,singleton,one_edit_global,1,0,excluded,universal_bound,universal_bound,0/1,0/1,0/1,0/1,0/1,0/1,False
anchor_rows,2047,,4/5,image-00,singleton,current_strict,1,0,excluded,universal_bound,universal_bound,0/1,0/1,0/1,0/1,0/1,0/1,False
anchor_rows,2048,,4/5,image-00,singleton,current_partial,1,0,excluded,universal_bound,universal_bound,0/1,0/1,0/1,0/1,0/1,0/1,False
anchor_rows,2049,,4/5,image-00,singleton,union_strict,1,0,excluded,universal_bound,universal_bound,0/1,0/1,0/1,0/1,0/1,0/1,False
anchor_rows,2050,,4/5,image-00,singleton,union_partial,1,0,excluded,universal_bound,universal_bound,0/1,0/1,0/1,0/1,0/1,0/1,False
anchor_rows,2051,,4/5,image-01,singleton,exact_projection,1,0,excluded,universal_bound,universal_bound,0/1,0/1,0/1,0/1,0/1,0/1,False
anchor_rows,2052,,4/5,image-01,singleton,one_edit_per_image,1,0,unresolved,bound_gap,opposite_worlds,-2/1,2/1,0/1,0/1,-2/1,2/1,True
anchor_rows,2053,,4/5,image-01,singleton,one_edit_global,1,0,unresolved,bound_gap,opposite_worlds,-2/1,2/1,0/1,0/1,-2/1,2/1,True
anchor_rows,2054,,4/5,image-01,singleton,current_strict,1,0,excluded,universal_bound,universal_bound,0/1,0/1,0/1,0/1,0/1,0/1,False
anchor_rows,2055,,4/5,image-01,singleton,current_partial,1,0,excluded,universal_bound,universal_bound,0/1,0/1,0/1,0/1,0/1,0/1,False
anchor_rows,2056,,4/5,image-01,singleton,union_strict,1,0,excluded,universal_bound,universal_bound,0/1,0/1,0/1,0/1,0/1,0/1,False
anchor_rows,2057,,4/5,image-01,singleton,union_partial,1,0,excluded,universal_bound,universal_bound,0/1,0/1,0/1,0/1,0/1,0/1,False
anchor_rows,2058,,4/5,image-02,singleton,exact_projection,1,0,excluded,universal_bound,universal_bound,0/1,0/1,0/1,0/1,0/1,0/1,False
anchor_rows,2059,,4/5,image-02,singleton,one_edit_per_image,1,0,excluded,universal_bound,universal_bound,0/1,0/1,0/1,0/1,0/1,0/1,False
anchor_rows,2060,,4/5,image-02,singleton,one_edit_global,1,0,excluded,universal_bound,universal_bound,0/1,0/1,0/1,0/1,0/1,0/1,False
anchor_rows,2061,,4/5,image-02,singleton,current_strict,1,0,excluded,universal_bound,universal_bound,0/1,0/1,0/1,0/1,0/1,0/1,False
anchor_rows,2062,,4/5,image-02,singleton,current_partial,1,0,excluded,universal_bound,universal_bound,0/1,0/1,0/1,0/1,0/1,0/1,False
anchor_rows,2063,,4/5,image-02,singleton,union_strict,1,0,excluded,universal_bound,universal_bound,0/1,0/1,0/1,0/1,0/1,0/1,False
anchor_rows,2064,,4/5,image-02,singleton,union_partial,1,0,excluded,universal_bound,universal_bound,0/1,0/1,0/1,0/1,0/1,0/1,False
anchor_rows,2065,,4/5,image-03,singleton,exact_projection,1,0,excluded,universal_bound,universal_bound,0/1,0/1,0/1,0/1,0/1,0/1,False
anchor_rows,2066,,4/5,image-03,singleton,one_edit_per_image,1,0,excluded,universal_bound,universal_bound,0/1,0/1,0/1,0/1,0/1,0/1,False
anchor_rows,2067,,4/5,image-03,singleton,one_edit_global,1,0,excluded,universal_bound,universal_bound,0/1,0/1,0/1,0/1,0/1,0/1,False
anchor_rows,2068,,4/5,image-03,singleton,current_strict,1,0,excluded,universal_bound,universal_bound,0/1,0/1,0/1,0/1,0/1,0/1,False
anchor_rows,2069,,4/5,image-03,singleton,current_partial,1,0,excluded,universal_bound,universal_bound,0/1,0/1,0/1,0/1,0/1,0/1,False
anchor_rows,2070,,4/5,image-03,singleton,union_strict,1,0,excluded,universal_bound,universal_bound,0/1,0/1,0/1,0/1,0/1,0/1,False
anchor_rows,2071,,4/5,image-03,singleton,union_partial,1,0,excluded,universal_bound,universal_bound,0/1,0/1,0/1,0/1,0/1,0/1,False
anchor_rows,2072,,4/5,image-04,singleton,exact_projection,1,0,excluded,universal_bound,universal_bound,0/1,0/1,0/1,0/1,0/1,0/1,False
anchor_rows,2073,,4/5,image-04,singleton,one_edit_per_image,1,0,unresolved,bound_gap,opposite_worlds,-2/1,2/1,0/1,0/1,-2/1,2/1,True
anchor_rows,2074,,4/5,image-04,singleton,one_edit_global,1,0,unresolved,bound_gap,opposite_worlds,-2/1,2/1,0/1,0/1,-2/1,2/1,True
anchor_rows,2075,,4/5,image-04,singleton,current_strict,1,0,excluded,universal_bound,universal_bound,0/1,0/1,0/1,0/1,0/1,0/1,False
anchor_rows,2076,,4/5,image-04,singleton,current_partial,1,0,excluded,universal_bound,universal_bound,0/1,0/1,0/1,0/1,0/1,0/1,False
anchor_rows,2077,,4/5,image-04,singleton,union_strict,1,1,input_blocked,,,,,,,,,False
anchor_rows,2078,,4/5,image-04,singleton,union_partial,1,0,excluded,universal_bound,universal_bound,0/1,0/1,0/1,0/1,0/1,0/1,False
anchor_rows,2079,,4/5,image-05,singleton,exact_projection,1,0,excluded,universal_bound,universal_bound,0/1,0/1,0/1,0/1,0/1,0/1,False
anchor_rows,2080,,4/5,image-05,singleton,one_edit_per_image,1,0,unresolved,opposite_worlds,opposite_worlds,-2/1,2/1,-2/1,2/1,-2/1,2/1,False
anchor_rows,2081,,4/5,image-05,singleton,one_edit_global,1,0,unresolved,opposite_worlds,opposite_worlds,-2/1,2/1,-2/1,2/1,-2/1,2/1,False
anchor_rows,2082,,4/5,image-05,singleton,current_strict,1,0,excluded,universal_bound,universal_bound,0/1,0/1,0/1,0/1,0/1,0/1,False
anchor_rows,2083,,4/5,image-05,singleton,current_partial,1,0,excluded,universal_bound,universal_bound,0/1,0/1,0/1,0/1,0/1,0/1,False
anchor_rows,2084,,4/5,image-05,singleton,union_strict,1,1,input_blocked,,,,,,,,,False
anchor_rows,2085,,4/5,image-05,singleton,union_partial,1,0,unresolved,opposite_worlds,opposite_worlds,-2/1,2/1,-2/1,2/1,-2/1,2/1,False
anchor_rows,2086,,4/5,image-06,singleton,exact_projection,1,0,excluded,universal_bound,universal_bound,-1/1,-1/1,-1/1,-1/1,-1/1,-1/1,False
anchor_rows,2087,,4/5,image-06,singleton,one_edit_per_image,1,0,unresolved,opposite_worlds,opposite_worlds,-1/1,1/1,-1/1,1/1,-1/1,1/1,False
anchor_rows,2088,,4/5,image-06,singleton,one_edit_global,1,0,unresolved,opposite_worlds,opposite_worlds,-1/1,1/1,-1/1,1/1,-1/1,1/1,False
anchor_rows,2089,,4/5,image-06,singleton,current_strict,1,0,excluded,universal_bound,universal_bound,-1/1,-1/1,-1/1,-1/1,-1/1,-1/1,False
anchor_rows,2090,,4/5,image-06,singleton,current_partial,1,0,excluded,universal_bound,universal_bound,-1/1,-1/1,-1/1,-1/1,-1/1,-1/1,False
anchor_rows,2091,,4/5,image-06,singleton,union_strict,1,0,excluded,universal_bound,universal_bound,-1/1,-1/1,-1/1,-1/1,-1/1,-1/1,False
anchor_rows,2092,,4/5,image-06,singleton,union_partial,1,0,excluded,universal_bound,universal_bound,-1/1,-1/1,-1/1,-1/1,-1/1,-1/1,False
anchor_rows,2093,,4/5,image-07,singleton,exact_projection,1,0,excluded,universal_bound,universal_bound,0/1,0/1,0/1,0/1,0/1,0/1,False
anchor_rows,2094,,4/5,image-07,singleton,one_edit_per_image,1,0,excluded,universal_bound,universal_bound,0/1,0/1,0/1,0/1,0/1,0/1,False
anchor_rows,2095,,4/5,image-07,singleton,one_edit_global,1,0,excluded,universal_bound,universal_bound,0/1,0/1,0/1,0/1,0/1,0/1,False
anchor_rows,2096,,4/5,image-07,singleton,current_strict,1,0,excluded,universal_bound,universal_bound,0/1,0/1,0/1,0/1,0/1,0/1,False
anchor_rows,2097,,4/5,image-07,singleton,current_partial,1,0,excluded,universal_bound,universal_bound,0/1,0/1,0/1,0/1,0/1,0/1,False
anchor_rows,2098,,4/5,image-07,singleton,union_strict,1,0,excluded,universal_bound,universal_bound,0/1,0/1,0/1,0/1,0/1,0/1,False
anchor_rows,2099,,4/5,image-07,singleton,union_partial,1,0,excluded,universal_bound,universal_bound,0/1,0/1,0/1,0/1,0/1,0/1,False
anchor_rows,2100,,4/5,image-08,singleton,exact_projection,1,0,excluded,universal_bound,universal_bound,0/1,0/1,0/1,0/1,0/1,0/1,False
anchor_rows,2101,,4/5,image-08,singleton,one_edit_per_image,1,0,unresolved,bound_gap,opposite_worlds,-2/1,2/1,0/1,0/1,-2/1,2/1,True
anchor_rows,2102,,4/5,image-08,singleton,one_edit_global,1,0,unresolved,bound_gap,opposite_worlds,-2/1,2/1,0/1,0/1,-2/1,2/1,True
anchor_rows,2103,,4/5,image-08,singleton,current_strict,1,0,excluded,universal_bound,universal_bound,0/1,0/1,0/1,0/1,0/1,0/1,False
anchor_rows,2104,,4/5,image-08,singleton,current_partial,1,0,excluded,universal_bound,universal_bound,0/1,0/1,0/1,0/1,0/1,0/1,False
anchor_rows,2105,,4/5,image-08,singleton,union_strict,1,1,input_blocked,,,,,,,,,False
anchor_rows,2106,,4/5,image-08,singleton,union_partial,1,0,excluded,universal_bound,universal_bound,0/1,0/1,0/1,0/1,0/1,0/1,False
anchor_rows,2107,,4/5,image-09,singleton,exact_projection,1,0,excluded,universal_bound,universal_bound,0/1,0/1,0/1,0/1,0/1,0/1,False
anchor_rows,2108,,4/5,image-09,singleton,one_edit_per_image,1,0,excluded,universal_bound,universal_bound,0/1,0/1,0/1,0/1,0/1,0/1,False
anchor_rows,2109,,4/5,image-09,singleton,one_edit_global,1,0,excluded,universal_bound,universal_bound,0/1,0/1,0/1,0/1,0/1,0/1,False
anchor_rows,2110,,4/5,image-09,singleton,current_strict,1,1,input_blocked,,,,,,,,,False
anchor_rows,2111,,4/5,image-09,singleton,current_partial,1,0,excluded,universal_bound,universal_bound,0/1,0/1,0/1,0/1,0/1,0/1,False
anchor_rows,2112,,4/5,image-09,singleton,union_strict,1,1,input_blocked,,,,,,,,,False
anchor_rows,2113,,4/5,image-09,singleton,union_partial,1,0,excluded,universal_bound,universal_bound,0/1,0/1,0/1,0/1,0/1,0/1,False
anchor_rows,2114,,4/5,image-10,singleton,exact_projection,1,0,excluded,universal_bound,universal_bound,0/1,0/1,0/1,0/1,0/1,0/1,False
anchor_rows,2115,,4/5,image-10,singleton,one_edit_per_image,1,0,excluded,universal_bound,universal_bound,0/1,0/1,0/1,0/1,0/1,0/1,False
anchor_rows,2116,,4/5,image-10,singleton,one_edit_global,1,0,excluded,universal_bound,universal_bound,0/1,0/1,0/1,0/1,0/1,0/1,False
anchor_rows,2117,,4/5,image-10,singleton,current_strict,1,0,excluded,universal_bound,universal_bound,0/1,0/1,0/1,0/1,0/1,0/1,False
anchor_rows,2118,,4/5,image-10,singleton,current_partial,1,0,excluded,universal_bound,universal_bound,0/1,0/1,0/1,0/1,0/1,0/1,False
anchor_rows,2119,,4/5,image-10,singleton,union_strict,1,0,excluded,universal_bound,universal_bound,0/1,0/1,0/1,0/1,0/1,0/1,False
anchor_rows,2120,,4/5,image-10,singleton,union_partial,1,0,excluded,universal_bound,universal_bound,0/1,0/1,0/1,0/1,0/1,0/1,False
anchor_rows,2121,,4/5,image-11,singleton,exact_projection,1,0,excluded,universal_bound,universal_bound,0/1,0/1,0/1,0/1,0/1,0/1,False
anchor_rows,2122,,4/5,image-11,singleton,one_edit_per_image,1,0,unresolved,opposite_worlds,opposite_worlds,-2/1,2/1,-2/1,2/1,-2/1,2/1,False
anchor_rows,2123,,4/5,image-11,singleton,one_edit_global,1,0,unresolved,opposite_worlds,opposite_worlds,-2/1,2/1,-2/1,2/1,-2/1,2/1,False
anchor_rows,2124,,4/5,image-11,singleton,current_strict,1,1,input_blocked,,,,,,,,,False
anchor_rows,2125,,4/5,image-11,singleton,current_partial,1,0,excluded,universal_bound,universal_bound,0/1,0/1,0/1,0/1,0/1,0/1,False
anchor_rows,2126,,4/5,image-11,singleton,union_strict,1,1,input_blocked,,,,,,,,,False
anchor_rows,2127,,4/5,image-11,singleton,union_partial,1,0,excluded,universal_bound,universal_bound,0/1,0/1,0/1,0/1,0/1,0/1,False
anchor_rows,2128,,4/5,image-12,singleton,exact_projection,1,0,excluded,universal_bound,universal_bound,0/1,0/1,0/1,0/1,0/1,0/1,False
anchor_rows,2129,,4/5,image-12,singleton,one_edit_per_image,1,0,unresolved,bound_gap,opposite_worlds,-2/1,2/1,0/1,0/1,-2/1,2/1,True
anchor_rows,2130,,4/5,image-12,singleton,one_edit_global,1,0,unresolved,bound_gap,opposite_worlds,-2/1,2/1,0/1,0/1,-2/1,2/1,True
anchor_rows,2131,,4/5,image-12,singleton,current_strict,1,0,excluded,universal_bound,universal_bound,0/1,0/1,0/1,0/1,0/1,0/1,False
anchor_rows,2132,,4/5,image-12,singleton,current_partial,1,0,excluded,universal_bound,universal_bound,0/1,0/1,0/1,0/1,0/1,0/1,False
anchor_rows,2133,,4/5,image-12,singleton,union_strict,1,0,excluded,universal_bound,universal_bound,0/1,0/1,0/1,0/1,0/1,0/1,False
anchor_rows,2134,,4/5,image-12,singleton,union_partial,1,0,excluded,universal_bound,universal_bound,0/1,0/1,0/1,0/1,0/1,0/1,False
anchor_rows,2135,,4/5,image-13,singleton,exact_projection,1,0,excluded,universal_bound,universal_bound,-1/1,-1/1,-1/1,-1/1,-1/1,-1/1,False
anchor_rows,2136,,4/5,image-13,singleton,one_edit_per_image,1,0,unresolved,opposite_worlds,opposite_worlds,-3/1,1/1,-1/1,1/1,-1/1,1/1,False
anchor_rows,2137,,4/5,image-13,singleton,one_edit_global,1,0,unresolved,opposite_worlds,opposite_worlds,-3/1,1/1,-1/1,1/1,-1/1,1/1,False
anchor_rows,2138,,4/5,image-13,singleton,current_strict,1,1,input_blocked,,,,,,,,,False
anchor_rows,2139,,4/5,image-13,singleton,current_partial,1,0,excluded,universal_bound,universal_bound,-1/1,-1/1,-1/1,-1/1,-1/1,-1/1,False
anchor_rows,2140,,4/5,image-13,singleton,union_strict,1,1,input_blocked,,,,,,,,,False
anchor_rows,2141,,4/5,image-13,singleton,union_partial,1,0,excluded,universal_bound,universal_bound,-1/1,-1/1,-1/1,-1/1,-1/1,-1/1,False
anchor_rows,2142,,4/5,image-14,singleton,exact_projection,1,0,supported,universal_bound,universal_bound,1/1,1/1,1/1,1/1,1/1,1/1,False
anchor_rows,2143,,4/5,image-14,singleton,one_edit_per_image,1,0,unresolved,opposite_worlds,opposite_worlds,-1/1,1/1,-1/1,1/1,-1/1,1/1,False
anchor_rows,2144,,4/5,image-14,singleton,one_edit_global,1,0,unresolved,opposite_worlds,opposite_worlds,-1/1,1/1,-1/1,1/1,-1/1,1/1,False
anchor_rows,2145,,4/5,image-14,singleton,current_strict,1,1,input_blocked,,,,,,,,,False
anchor_rows,2146,,4/5,image-14,singleton,current_partial,1,0,supported,universal_bound,universal_bound,1/1,1/1,1/1,1/1,1/1,1/1,False
anchor_rows,2147,,4/5,image-14,singleton,union_strict,1,1,input_blocked,,,,,,,,,False
anchor_rows,2148,,4/5,image-14,singleton,union_partial,1,0,supported,universal_bound,universal_bound,1/1,1/1,1/1,1/1,1/1,1/1,False
anchor_rows,2149,,4/5,image-15,singleton,exact_projection,1,0,excluded,universal_bound,universal_bound,-1/1,-1/1,-1/1,-1/1,-1/1,-1/1,False
anchor_rows,2150,,4/5,image-15,singleton,one_edit_per_image,1,0,unresolved,opposite_worlds,opposite_worlds,-3/1,1/1,-1/1,1/1,-3/1,1/1,False
anchor_rows,2151,,4/5,image-15,singleton,one_edit_global,1,0,unresolved,opposite_worlds,opposite_worlds,-3/1,1/1,-1/1,1/1,-3/1,1/1,False
anchor_rows,2152,,4/5,image-15,singleton,current_strict,1,0,excluded,universal_bound,universal_bound,-1/1,-1/1,-1/1,-1/1,-1/1,-1/1,False
anchor_rows,2153,,4/5,image-15,singleton,current_partial,1,0,excluded,universal_bound,universal_bound,-1/1,-1/1,-1/1,-1/1,-1/1,-1/1,False
anchor_rows,2154,,4/5,image-15,singleton,union_strict,1,0,excluded,universal_bound,universal_bound,-1/1,-1/1,-1/1,-1/1,-1/1,-1/1,False
anchor_rows,2155,,4/5,image-15,singleton,union_partial,1,0,excluded,universal_bound,universal_bound,-1/1,-1/1,-1/1,-1/1,-1/1,-1/1,False
anchor_rows,2156,,4/5,image-16,singleton,exact_projection,1,0,excluded,universal_bound,universal_bound,0/1,0/1,0/1,0/1,0/1,0/1,False
anchor_rows,2157,,4/5,image-16,singleton,one_edit_per_image,1,0,excluded,universal_bound,universal_bound,0/1,0/1,0/1,0/1,0/1,0/1,False
anchor_rows,2158,,4/5,image-16,singleton,one_edit_global,1,0,excluded,universal_bound,universal_bound,0/1,0/1,0/1,0/1,0/1,0/1,False
anchor_rows,2159,,4/5,image-16,singleton,current_strict,1,0,excluded,universal_bound,universal_bound,0/1,0/1,0/1,0/1,0/1,0/1,False
anchor_rows,2160,,4/5,image-16,singleton,current_partial,1,0,excluded,universal_bound,universal_bound,0/1,0/1,0/1,0/1,0/1,0/1,False
anchor_rows,2161,,4/5,image-16,singleton,union_strict,1,0,excluded,universal_bound,universal_bound,0/1,0/1,0/1,0/1,0/1,0/1,False
anchor_rows,2162,,4/5,image-16,singleton,union_partial,1,0,excluded,universal_bound,universal_bound,0/1,0/1,0/1,0/1,0/1,0/1,False
anchor_rows,2163,,4/5,image-17,singleton,exact_projection,1,0,excluded,universal_bound,universal_bound,0/1,0/1,0/1,0/1,0/1,0/1,False
anchor_rows,2164,,4/5,image-17,singleton,one_edit_per_image,1,0,unresolved,opposite_worlds,opposite_worlds,-2/1,2/1,-2/1,2/1,-2/1,2/1,False
anchor_rows,2165,,4/5,image-17,singleton,one_edit_global,1,0,unresolved,opposite_worlds,opposite_worlds,-2/1,2/1,-2/1,2/1,-2/1,2/1,False
anchor_rows,2166,,4/5,image-17,singleton,current_strict,1,0,excluded,universal_bound,universal_bound,0/1,0/1,0/1,0/1,0/1,0/1,False
anchor_rows,2167,,4/5,image-17,singleton,current_partial,1,0,excluded,universal_bound,universal_bound,0/1,0/1,0/1,0/1,0/1,0/1,False
anchor_rows,2168,,4/5,image-17,singleton,union_strict,1,0,excluded,universal_bound,universal_bound,0/1,0/1,0/1,0/1,0/1,0/1,False
anchor_rows,2169,,4/5,image-17,singleton,union_partial,1,0,excluded,universal_bound,universal_bound,0/1,0/1,0/1,0/1,0/1,0/1,False
anchor_rows,2170,,4/5,image-18,singleton,exact_projection,1,0,excluded,universal_bound,universal_bound,0/1,0/1,0/1,0/1,0/1,0/1,False
anchor_rows,2171,,4/5,image-18,singleton,one_edit_per_image,1,0,excluded,universal_bound,universal_bound,0/1,0/1,0/1,0/1,0/1,0/1,False
anchor_rows,2172,,4/5,image-18,singleton,one_edit_global,1,0,excluded,universal_bound,universal_bound,0/1,0/1,0/1,0/1,0/1,0/1,False
anchor_rows,2173,,4/5,image-18,singleton,current_strict,1,1,input_blocked,,,,,,,,,False
anchor_rows,2174,,4/5,image-18,singleton,current_partial,1,0,excluded,universal_bound,universal_bound,0/1,0/1,0/1,0/1,0/1,0/1,False
anchor_rows,2175,,4/5,image-18,singleton,union_strict,1,1,input_blocked,,,,,,,,,False
anchor_rows,2176,,4/5,image-18,singleton,union_partial,1,0,excluded,universal_bound,universal_bound,0/1,0/1,0/1,0/1,0/1,0/1,False
anchor_rows,2177,,4/5,image-19,singleton,exact_projection,1,0,excluded,universal_bound,universal_bound,-1/1,-1/1,-1/1,-1/1,-1/1,-1/1,False
anchor_rows,2178,,4/5,image-19,singleton,one_edit_per_image,1,0,unresolved,opposite_worlds,opposite_worlds,-1/1,1/1,-1/1,1/1,-1/1,1/1,False
anchor_rows,2179,,4/5,image-19,singleton,one_edit_global,1,0,unresolved,opposite_worlds,opposite_worlds,-1/1,1/1,-1/1,1/1,-1/1,1/1,False
anchor_rows,2180,,4/5,image-19,singleton,current_strict,1,0,excluded,universal_bound,universal_bound,-1/1,-1/1,-1/1,-1/1,-1/1,-1/1,False
anchor_rows,2181,,4/5,image-19,singleton,current_partial,1,0,excluded,universal_bound,universal_bound,-1/1,-1/1,-1/1,-1/1,-1/1,-1/1,False
anchor_rows,2182,,4/5,image-19,singleton,union_strict,1,0,excluded,universal_bound,universal_bound,-1/1,-1/1,-1/1,-1/1,-1/1,-1/1,False
anchor_rows,2183,,4/5,image-19,singleton,union_partial,1,0,excluded,universal_bound,universal_bound,-1/1,-1/1,-1/1,-1/1,-1/1,-1/1,False
anchor_rows,2184,,4/5,image-20,singleton,exact_projection,1,0,excluded,universal_bound,universal_bound,0/1,0/1,0/1,0/1,0/1,0/1,False
anchor_rows,2185,,4/5,image-20,singleton,one_edit_per_image,1,0,excluded,universal_bound,universal_bound,0/1,0/1,0/1,0/1,0/1,0/1,False
anchor_rows,2186,,4/5,image-20,singleton,one_edit_global,1,0,excluded,universal_bound,universal_bound,0/1,0/1,0/1,0/1,0/1,0/1,False
anchor_rows,2187,,4/5,image-20,singleton,current_strict,1,0,excluded,universal_bound,universal_bound,0/1,0/1,0/1,0/1,0/1,0/1,False
anchor_rows,2188,,4/5,image-20,singleton,current_partial,1,0,excluded,universal_bound,universal_bound,0/1,0/1,0/1,0/1,0/1,0/1,False
anchor_rows,2189,,4/5,image-20,singleton,union_strict,1,0,excluded,universal_bound,universal_bound,0/1,0/1,0/1,0/1,0/1,0/1,False
anchor_rows,2190,,4/5,image-20,singleton,union_partial,1,0,excluded,universal_bound,universal_bound,0/1,0/1,0/1,0/1,0/1,0/1,False
anchor_rows,2191,,4/5,image-21,singleton,exact_projection,1,0,excluded,universal_bound,universal_bound,-1/1,-1/1,-1/1,-1/1,-1/1,-1/1,False
anchor_rows,2192,,4/5,image-21,singleton,one_edit_per_image,1,0,unresolved,opposite_worlds,opposite_worlds,-1/1,1/1,-1/1,1/1,-1/1,1/1,False
anchor_rows,2193,,4/5,image-21,singleton,one_edit_global,1,0,unresolved,opposite_worlds,opposite_worlds,-1/1,1/1,-1/1,1/1,-1/1,1/1,False
anchor_rows,2194,,4/5,image-21,singleton,current_strict,1,0,excluded,universal_bound,universal_bound,-1/1,-1/1,-1/1,-1/1,-1/1,-1/1,False
anchor_rows,2195,,4/5,image-21,singleton,current_partial,1,0,excluded,universal_bound,universal_bound,-1/1,-1/1,-1/1,-1/1,-1/1,-1/1,False
anchor_rows,2196,,4/5,image-21,singleton,union_strict,1,1,input_blocked,,,,,,,,,False
anchor_rows,2197,,4/5,image-21,singleton,union_partial,1,0,excluded,universal_bound,universal_bound,-1/1,-1/1,-1/1,-1/1,-1/1,-1/1,False
anchor_rows,2198,,4/5,image-22,singleton,exact_projection,1,0,excluded,universal_bound,universal_bound,0/1,0/1,0/1,0/1,0/1,0/1,False
anchor_rows,2199,,4/5,image-22,singleton,one_edit_per_image,1,0,excluded,universal_bound,universal_bound,0/1,0/1,0/1,0/1,0/1,0/1,False
anchor_rows,2200,,4/5,image-22,singleton,one_edit_global,1,0,excluded,universal_bound,universal_bound,0/1,0/1,0/1,0/1,0/1,0/1,False
anchor_rows,2201,,4/5,image-22,singleton,current_strict,1,1,input_blocked,,,,,,,,,False
anchor_rows,2202,,4/5,image-22,singleton,current_partial,1,0,excluded,universal_bound,universal_bound,0/1,0/1,0/1,0/1,0/1,0/1,False
anchor_rows,2203,,4/5,image-22,singleton,union_strict,1,1,input_blocked,,,,,,,,,False
anchor_rows,2204,,4/5,image-22,singleton,union_partial,1,0,excluded,universal_bound,universal_bound,0/1,0/1,0/1,0/1,0/1,0/1,False
anchor_rows,2205,,4/5,image-23,singleton,exact_projection,1,0,excluded,universal_bound,universal_bound,0/1,0/1,0/1,0/1,0/1,0/1,False
anchor_rows,2206,,4/5,image-23,singleton,one_edit_per_image,1,0,excluded,universal_bound,universal_bound,0/1,0/1,0/1,0/1,0/1,0/1,False
anchor_rows,2207,,4/5,image-23,singleton,one_edit_global,1,0,excluded,universal_bound,universal_bound,0/1,0/1,0/1,0/1,0/1,0/1,False
anchor_rows,2208,,4/5,image-23,singleton,current_strict,1,0,excluded,universal_bound,universal_bound,0/1,0/1,0/1,0/1,0/1,0/1,False
anchor_rows,2209,,4/5,image-23,singleton,current_partial,1,0,excluded,universal_bound,universal_bound,0/1,0/1,0/1,0/1,0/1,0/1,False
anchor_rows,2210,,4/5,image-23,singleton,union_strict,1,1,input_blocked,,,,,,,,,False
anchor_rows,2211,,4/5,image-23,singleton,union_partial,1,0,excluded,universal_bound,universal_bound,0/1,0/1,0/1,0/1,0/1,0/1,False
anchor_rows,2212,,4/5,image-24,singleton,exact_projection,1,0,excluded,universal_bound,universal_bound,0/1,0/1,0/1,0/1,0/1,0/1,False
anchor_rows,2213,,4/5,image-24,singleton,one_edit_per_image,1,0,excluded,universal_bound,universal_bound,0/1,0/1,0/1,0/1,0/1,0/1,False
anchor_rows,2214,,4/5,image-24,singleton,one_edit_global,1,0,excluded,universal_bound,universal_bound,0/1,0/1,0/1,0/1,0/1,0/1,False
anchor_rows,2215,,4/5,image-24,singleton,current_strict,1,0,excluded,universal_bound,universal_bound,0/1,0/1,0/1,0/1,0/1,0/1,False
anchor_rows,2216,,4/5,image-24,singleton,current_partial,1,0,excluded,universal_bound,universal_bound,0/1,0/1,0/1,0/1,0/1,0/1,False
anchor_rows,2217,,4/5,image-24,singleton,union_strict,1,0,excluded,universal_bound,universal_bound,0/1,0/1,0/1,0/1,0/1,0/1,False
anchor_rows,2218,,4/5,image-24,singleton,union_partial,1,0,excluded,universal_bound,universal_bound,0/1,0/1,0/1,0/1,0/1,0/1,False
anchor_rows,2219,,4/5,image-25,singleton,exact_projection,1,0,excluded,universal_bound,universal_bound,0/1,0/1,0/1,0/1,0/1,0/1,False
anchor_rows,2220,,4/5,image-25,singleton,one_edit_per_image,1,0,excluded,universal_bound,universal_bound,0/1,0/1,0/1,0/1,0/1,0/1,False
anchor_rows,2221,,4/5,image-25,singleton,one_edit_global,1,0,excluded,universal_bound,universal_bound,0/1,0/1,0/1,0/1,0/1,0/1,False
anchor_rows,2222,,4/5,image-25,singleton,current_strict,1,0,excluded,universal_bound,universal_bound,0/1,0/1,0/1,0/1,0/1,0/1,False
anchor_rows,2223,,4/5,image-25,singleton,current_partial,1,0,excluded,universal_bound,universal_bound,0/1,0/1,0/1,0/1,0/1,0/1,False
anchor_rows,2224,,4/5,image-25,singleton,union_strict,1,1,input_blocked,,,,,,,,,False
anchor_rows,2225,,4/5,image-25,singleton,union_partial,1,0,excluded,universal_bound,universal_bound,0/1,0/1,0/1,0/1,0/1,0/1,False
anchor_rows,2226,,4/5,image-26,singleton,exact_projection,1,0,excluded,universal_bound,universal_bound,0/1,0/1,0/1,0/1,0/1,0/1,False
anchor_rows,2227,,4/5,image-26,singleton,one_edit_per_image,1,0,unresolved,bound_gap,opposite_worlds,-2/1,2/1,0/1,0/1,-2/1,2/1,True
anchor_rows,2228,,4/5,image-26,singleton,one_edit_global,1,0,unresolved,bound_gap,opposite_worlds,-2/1,2/1,0/1,0/1,-2/1,2/1,True
anchor_rows,2229,,4/5,image-26,singleton,current_strict,1,0,excluded,universal_bound,universal_bound,0/1,0/1,0/1,0/1,0/1,0/1,False
anchor_rows,2230,,4/5,image-26,singleton,current_partial,1,0,excluded,universal_bound,universal_bound,0/1,0/1,0/1,0/1,0/1,0/1,False
anchor_rows,2231,,4/5,image-26,singleton,union_strict,1,0,excluded,universal_bound,universal_bound,0/1,0/1,0/1,0/1,0/1,0/1,False
anchor_rows,2232,,4/5,image-26,singleton,union_partial,1,0,excluded,universal_bound,universal_bound,0/1,0/1,0/1,0/1,0/1,0/1,False
anchor_rows,2233,,4/5,image-27,singleton,exact_projection,1,0,excluded,universal_bound,universal_bound,-1/1,-1/1,-1/1,-1/1,-1/1,-1/1,False
anchor_rows,2234,,4/5,image-27,singleton,one_edit_per_image,1,0,unresolved,opposite_worlds,opposite_worlds,-1/1,1/1,-1/1,1/1,-1/1,1/1,False
anchor_rows,2235,,4/5,image-27,singleton,one_edit_global,1,0,unresolved,opposite_worlds,opposite_worlds,-1/1,1/1,-1/1,1/1,-1/1,1/1,False
anchor_rows,2236,,4/5,image-27,singleton,current_strict,1,1,input_blocked,,,,,,,,,False
anchor_rows,2237,,4/5,image-27,singleton,current_partial,1,0,excluded,universal_bound,universal_bound,-1/1,-1/1,-1/1,-1/1,-1/1,-1/1,False
anchor_rows,2238,,4/5,image-27,singleton,union_strict,1,1,input_blocked,,,,,,,,,False
anchor_rows,2239,,4/5,image-27,singleton,union_partial,1,0,excluded,universal_bound,universal_bound,-1/1,-1/1,-1/1,-1/1,-1/1,-1/1,False
anchor_rows,2240,,4/5,image-28,singleton,exact_projection,1,0,excluded,universal_bound,universal_bound,0/1,0/1,0/1,0/1,0/1,0/1,False
anchor_rows,2241,,4/5,image-28,singleton,one_edit_per_image,1,0,excluded,universal_bound,universal_bound,0/1,0/1,0/1,0/1,0/1,0/1,False
anchor_rows,2242,,4/5,image-28,singleton,one_edit_global,1,0,excluded,universal_bound,universal_bound,0/1,0/1,0/1,0/1,0/1,0/1,False
anchor_rows,2243,,4/5,image-28,singleton,current_strict,1,1,input_blocked,,,,,,,,,False
anchor_rows,2244,,4/5,image-28,singleton,current_partial,1,0,excluded,universal_bound,universal_bound,0/1,0/1,0/1,0/1,0/1,0/1,False
anchor_rows,2245,,4/5,image-28,singleton,union_strict,1,1,input_blocked,,,,,,,,,False
anchor_rows,2246,,4/5,image-28,singleton,union_partial,1,0,excluded,universal_bound,universal_bound,0/1,0/1,0/1,0/1,0/1,0/1,False
anchor_rows,2247,,4/5,image-29,singleton,exact_projection,1,0,excluded,universal_bound,universal_bound,0/1,0/1,0/1,0/1,0/1,0/1,False
anchor_rows,2248,,4/5,image-29,singleton,one_edit_per_image,1,0,excluded,universal_bound,universal_bound,0/1,0/1,0/1,0/1,0/1,0/1,False
anchor_rows,2249,,4/5,image-29,singleton,one_edit_global,1,0,excluded,universal_bound,universal_bound,0/1,0/1,0/1,0/1,0/1,0/1,False
anchor_rows,2250,,4/5,image-29,singleton,current_strict,1,1,input_blocked,,,,,,,,,False
anchor_rows,2251,,4/5,image-29,singleton,current_partial,1,0,excluded,universal_bound,universal_bound,0/1,0/1,0/1,0/1,0/1,0/1,False
anchor_rows,2252,,4/5,image-29,singleton,union_strict,1,1,input_blocked,,,,,,,,,False
anchor_rows,2253,,4/5,image-29,singleton,union_partial,1,0,excluded,universal_bound,universal_bound,0/1,0/1,0/1,0/1,0/1,0/1,False
anchor_rows,2254,,4/5,image-30,singleton,exact_projection,1,0,excluded,universal_bound,universal_bound,-1/1,-1/1,-1/1,-1/1,-1/1,-1/1,False
anchor_rows,2255,,4/5,image-30,singleton,one_edit_per_image,1,0,unresolved,opposite_worlds,opposite_worlds,-3/1,1/1,-1/1,1/1,-3/1,1/1,False
anchor_rows,2256,,4/5,image-30,singleton,one_edit_global,1,0,unresolved,opposite_worlds,opposite_worlds,-3/1,1/1,-1/1,1/1,-3/1,1/1,False
anchor_rows,2257,,4/5,image-30,singleton,current_strict,1,1,input_blocked,,,,,,,,,False
anchor_rows,2258,,4/5,image-30,singleton,current_partial,1,0,excluded,universal_bound,universal_bound,-1/1,-1/1,-1/1,-1/1,-1/1,-1/1,False
anchor_rows,2259,,4/5,image-30,singleton,union_strict,1,1,input_blocked,,,,,,,,,False
anchor_rows,2260,,4/5,image-30,singleton,union_partial,1,0,excluded,universal_bound,universal_bound,-1/1,-1/1,-1/1,-1/1,-1/1,-1/1,False
anchor_rows,2261,,4/5,image-31,singleton,exact_projection,1,0,excluded,universal_bound,universal_bound,0/1,0/1,0/1,0/1,0/1,0/1,False
anchor_rows,2262,,4/5,image-31,singleton,one_edit_per_image,1,0,unresolved,bound_gap,opposite_worlds,-2/1,2/1,0/1,0/1,-2/1,2/1,True
anchor_rows,2263,,4/5,image-31,singleton,one_edit_global,1,0,unresolved,bound_gap,opposite_worlds,-2/1,2/1,0/1,0/1,-2/1,2/1,True
anchor_rows,2264,,4/5,image-31,singleton,current_strict,1,1,input_blocked,,,,,,,,,False
anchor_rows,2265,,4/5,image-31,singleton,current_partial,1,0,unresolved,bound_gap,bound_gap,-2/1,2/1,0/1,0/1,0/1,0/1,False
anchor_rows,2266,,4/5,image-31,singleton,union_strict,1,1,input_blocked,,,,,,,,,False
anchor_rows,2267,,4/5,image-31,singleton,union_partial,1,0,unresolved,bound_gap,bound_gap,-2/1,2/1,0/1,0/1,0/1,0/1,False
anchor_rows,2268,,4/5,image-32,singleton,exact_projection,1,0,excluded,universal_bound,universal_bound,0/1,0/1,0/1,0/1,0/1,0/1,False
anchor_rows,2269,,4/5,image-32,singleton,one_edit_per_image,1,0,excluded,universal_bound,universal_bound,0/1,0/1,0/1,0/1,0/1,0/1,False
anchor_rows,2270,,4/5,image-32,singleton,one_edit_global,1,0,excluded,universal_bound,universal_bound,0/1,0/1,0/1,0/1,0/1,0/1,False
anchor_rows,2271,,4/5,image-32,singleton,current_strict,1,0,excluded,universal_bound,universal_bound,0/1,0/1,0/1,0/1,0/1,0/1,False
anchor_rows,2272,,4/5,image-32,singleton,current_partial,1,0,excluded,universal_bound,universal_bound,0/1,0/1,0/1,0/1,0/1,0/1,False
anchor_rows,2273,,4/5,image-32,singleton,union_strict,1,0,excluded,universal_bound,universal_bound,0/1,0/1,0/1,0/1,0/1,0/1,False
anchor_rows,2274,,4/5,image-32,singleton,union_partial,1,0,excluded,universal_bound,universal_bound,0/1,0/1,0/1,0/1,0/1,0/1,False
anchor_rows,2275,,4/5,image-33,singleton,exact_projection,1,0,supported,universal_bound,universal_bound,1/1,1/1,1/1,1/1,1/1,1/1,False
anchor_rows,2276,,4/5,image-33,singleton,one_edit_per_image,1,0,unresolved,opposite_worlds,opposite_worlds,-1/1,1/1,-1/1,1/1,-1/1,1/1,False
anchor_rows,2277,,4/5,image-33,singleton,one_edit_global,1,0,unresolved,opposite_worlds,opposite_worlds,-1/1,1/1,-1/1,1/1,-1/1,1/1,False
anchor_rows,2278,,4/5,image-33,singleton,current_strict,1,1,input_blocked,,,,,,,,,False
anchor_rows,2279,,4/5,image-33,singleton,current_partial,1,0,supported,universal_bound,universal_bound,1/1,1/1,1/1,1/1,1/1,1/1,False
anchor_rows,2280,,4/5,image-33,singleton,union_strict,1,1,input_blocked,,,,,,,,,False
anchor_rows,2281,,4/5,image-33,singleton,union_partial,1,0,supported,universal_bound,universal_bound,1/1,1/1,1/1,1/1,1/1,1/1,False
anchor_rows,2282,,4/5,image-34,singleton,exact_projection,1,0,excluded,universal_bound,universal_bound,0/1,0/1,0/1,0/1,0/1,0/1,False
anchor_rows,2283,,4/5,image-34,singleton,one_edit_per_image,1,0,excluded,universal_bound,universal_bound,0/1,0/1,0/1,0/1,0/1,0/1,False
anchor_rows,2284,,4/5,image-34,singleton,one_edit_global,1,0,excluded,universal_bound,universal_bound,0/1,0/1,0/1,0/1,0/1,0/1,False
anchor_rows,2285,,4/5,image-34,singleton,current_strict,1,0,excluded,universal_bound,universal_bound,0/1,0/1,0/1,0/1,0/1,0/1,False
anchor_rows,2286,,4/5,image-34,singleton,current_partial,1,0,excluded,universal_bound,universal_bound,0/1,0/1,0/1,0/1,0/1,0/1,False
anchor_rows,2287,,4/5,image-34,singleton,union_strict,1,1,input_blocked,,,,,,,,,False
anchor_rows,2288,,4/5,image-34,singleton,union_partial,1,0,excluded,universal_bound,universal_bound,0/1,0/1,0/1,0/1,0/1,0/1,False
anchor_rows,2289,,4/5,image-35,singleton,exact_projection,1,0,excluded,universal_bound,universal_bound,0/1,0/1,0/1,0/1,0/1,0/1,False
anchor_rows,2290,,4/5,image-35,singleton,one_edit_per_image,1,0,unresolved,bound_gap,opposite_worlds,-2/1,2/1,0/1,0/1,-2/1,2/1,True
anchor_rows,2291,,4/5,image-35,singleton,one_edit_global,1,0,unresolved,bound_gap,opposite_worlds,-2/1,2/1,0/1,0/1,-2/1,2/1,True
anchor_rows,2292,,4/5,image-35,singleton,current_strict,1,0,excluded,universal_bound,universal_bound,0/1,0/1,0/1,0/1,0/1,0/1,False
anchor_rows,2293,,4/5,image-35,singleton,current_partial,1,0,excluded,universal_bound,universal_bound,0/1,0/1,0/1,0/1,0/1,0/1,False
anchor_rows,2294,,4/5,image-35,singleton,union_strict,1,0,excluded,universal_bound,universal_bound,0/1,0/1,0/1,0/1,0/1,0/1,False
anchor_rows,2295,,4/5,image-35,singleton,union_partial,1,0,excluded,universal_bound,universal_bound,0/1,0/1,0/1,0/1,0/1,0/1,False
anchor_rows,2296,,4/5,image-36,singleton,exact_projection,1,0,excluded,universal_bound,universal_bound,0/1,0/1,0/1,0/1,0/1,0/1,False
anchor_rows,2297,,4/5,image-36,singleton,one_edit_per_image,1,0,excluded,universal_bound,universal_bound,0/1,0/1,0/1,0/1,0/1,0/1,False
anchor_rows,2298,,4/5,image-36,singleton,one_edit_global,1,0,excluded,universal_bound,universal_bound,0/1,0/1,0/1,0/1,0/1,0/1,False
anchor_rows,2299,,4/5,image-36,singleton,current_strict,1,0,excluded,universal_bound,universal_bound,0/1,0/1,0/1,0/1,0/1,0/1,False
anchor_rows,2300,,4/5,image-36,singleton,current_partial,1,0,excluded,universal_bound,universal_bound,0/1,0/1,0/1,0/1,0/1,0/1,False
anchor_rows,2301,,4/5,image-36,singleton,union_strict,1,0,excluded,universal_bound,universal_bound,0/1,0/1,0/1,0/1,0/1,0/1,False
anchor_rows,2302,,4/5,image-36,singleton,union_partial,1,0,excluded,universal_bound,universal_bound,0/1,0/1,0/1,0/1,0/1,0/1,False
anchor_rows,2303,,4/5,image-37,singleton,exact_projection,1,0,excluded,universal_bound,universal_bound,0/1,0/1,0/1,0/1,0/1,0/1,False
anchor_rows,2304,,4/5,image-37,singleton,one_edit_per_image,1,0,excluded,universal_bound,universal_bound,0/1,0/1,0/1,0/1,0/1,0/1,False
anchor_rows,2305,,4/5,image-37,singleton,one_edit_global,1,0,excluded,universal_bound,universal_bound,0/1,0/1,0/1,0/1,0/1,0/1,False
anchor_rows,2306,,4/5,image-37,singleton,current_strict,1,1,input_blocked,,,,,,,,,False
anchor_rows,2307,,4/5,image-37,singleton,current_partial,1,0,excluded,universal_bound,universal_bound,0/1,0/1,0/1,0/1,0/1,0/1,False
anchor_rows,2308,,4/5,image-37,singleton,union_strict,1,1,input_blocked,,,,,,,,,False
anchor_rows,2309,,4/5,image-37,singleton,union_partial,1,0,excluded,universal_bound,universal_bound,0/1,0/1,0/1,0/1,0/1,0/1,False
anchor_rows,2310,,4/5,image-38,singleton,exact_projection,1,0,excluded,universal_bound,universal_bound,0/1,0/1,0/1,0/1,0/1,0/1,False
anchor_rows,2311,,4/5,image-38,singleton,one_edit_per_image,1,0,unresolved,bound_gap,opposite_worlds,-2/1,2/1,0/1,0/1,-2/1,2/1,True
anchor_rows,2312,,4/5,image-38,singleton,one_edit_global,1,0,unresolved,bound_gap,opposite_worlds,-2/1,2/1,0/1,0/1,-2/1,2/1,True
anchor_rows,2313,,4/5,image-38,singleton,current_strict,1,1,input_blocked,,,,,,,,,False
anchor_rows,2314,,4/5,image-38,singleton,current_partial,1,0,excluded,universal_bound,universal_bound,0/1,0/1,0/1,0/1,0/1,0/1,False
anchor_rows,2315,,4/5,image-38,singleton,union_strict,1,1,input_blocked,,,,,,,,,False
anchor_rows,2316,,4/5,image-38,singleton,union_partial,1,0,excluded,universal_bound,universal_bound,0/1,0/1,0/1,0/1,0/1,0/1,False
anchor_rows,2317,,4/5,image-39,singleton,exact_projection,1,0,excluded,universal_bound,universal_bound,0/1,0/1,0/1,0/1,0/1,0/1,False
anchor_rows,2318,,4/5,image-39,singleton,one_edit_per_image,1,0,unresolved,bound_gap,opposite_worlds,-2/1,2/1,0/1,0/1,-2/1,2/1,True
anchor_rows,2319,,4/5,image-39,singleton,one_edit_global,1,0,unresolved,bound_gap,opposite_worlds,-2/1,2/1,0/1,0/1,-2/1,2/1,True
anchor_rows,2320,,4/5,image-39,singleton,current_strict,1,1,input_blocked,,,,,,,,,False
anchor_rows,2321,,4/5,image-39,singleton,current_partial,1,0,excluded,universal_bound,universal_bound,0/1,0/1,0/1,0/1,0/1,0/1,False
anchor_rows,2322,,4/5,image-39,singleton,union_strict,1,1,input_blocked,,,,,,,,,False
anchor_rows,2323,,4/5,image-39,singleton,union_partial,1,0,excluded,universal_bound,universal_bound,0/1,0/1,0/1,0/1,0/1,0/1,False
anchor_rows,2324,,4/5,image-40,singleton,exact_projection,1,0,excluded,universal_bound,universal_bound,0/1,0/1,0/1,0/1,0/1,0/1,False
anchor_rows,2325,,4/5,image-40,singleton,one_edit_per_image,1,0,unresolved,bound_gap,opposite_worlds,-2/1,2/1,0/1,0/1,-2/1,2/1,True
anchor_rows,2326,,4/5,image-40,singleton,one_edit_global,1,0,unresolved,bound_gap,opposite_worlds,-2/1,2/1,0/1,0/1,-2/1,2/1,True
anchor_rows,2327,,4/5,image-40,singleton,current_strict,1,0,excluded,universal_bound,universal_bound,0/1,0/1,0/1,0/1,0/1,0/1,False
anchor_rows,2328,,4/5,image-40,singleton,current_partial,1,0,excluded,universal_bound,universal_bound,0/1,0/1,0/1,0/1,0/1,0/1,False
anchor_rows,2329,,4/5,image-40,singleton,union_strict,1,1,input_blocked,,,,,,,,,False
anchor_rows,2330,,4/5,image-40,singleton,union_partial,1,0,excluded,universal_bound,universal_bound,0/1,0/1,0/1,0/1,0/1,0/1,False
anchor_rows,2331,,4/5,image-41,singleton,exact_projection,1,0,excluded,universal_bound,universal_bound,0/1,0/1,0/1,0/1,0/1,0/1,False
anchor_rows,2332,,4/5,image-41,singleton,one_edit_per_image,1,0,excluded,universal_bound,universal_bound,0/1,0/1,0/1,0/1,0/1,0/1,False
anchor_rows,2333,,4/5,image-41,singleton,one_edit_global,1,0,excluded,universal_bound,universal_bound,0/1,0/1,0/1,0/1,0/1,0/1,False
anchor_rows,2334,,4/5,image-41,singleton,current_strict,1,1,input_blocked,,,,,,,,,False
anchor_rows,2335,,4/5,image-41,singleton,current_partial,1,0,excluded,universal_bound,universal_bound,0/1,0/1,0/1,0/1,0/1,0/1,False
anchor_rows,2336,,4/5,image-41,singleton,union_strict,1,1,input_blocked,,,,,,,,,False
anchor_rows,2337,,4/5,image-41,singleton,union_partial,1,0,excluded,universal_bound,universal_bound,0/1,0/1,0/1,0/1,0/1,0/1,False
anchor_rows,2338,,4/5,image-42,singleton,exact_projection,1,0,excluded,universal_bound,universal_bound,0/1,0/1,0/1,0/1,0/1,0/1,False
anchor_rows,2339,,4/5,image-42,singleton,one_edit_per_image,1,0,excluded,universal_bound,universal_bound,0/1,0/1,0/1,0/1,0/1,0/1,False
anchor_rows,2340,,4/5,image-42,singleton,one_edit_global,1,0,excluded,universal_bound,universal_bound,0/1,0/1,0/1,0/1,0/1,0/1,False
anchor_rows,2341,,4/5,image-42,singleton,current_strict,1,0,excluded,universal_bound,universal_bound,0/1,0/1,0/1,0/1,0/1,0/1,False
anchor_rows,2342,,4/5,image-42,singleton,current_partial,1,0,excluded,universal_bound,universal_bound,0/1,0/1,0/1,0/1,0/1,0/1,False
anchor_rows,2343,,4/5,image-42,singleton,union_strict,1,1,input_blocked,,,,,,,,,False
anchor_rows,2344,,4/5,image-42,singleton,union_partial,1,0,excluded,universal_bound,universal_bound,0/1,0/1,0/1,0/1,0/1,0/1,False
anchor_rows,2345,,4/5,image-43,singleton,exact_projection,1,0,excluded,universal_bound,universal_bound,0/1,0/1,0/1,0/1,0/1,0/1,False
anchor_rows,2346,,4/5,image-43,singleton,one_edit_per_image,1,0,excluded,universal_bound,universal_bound,0/1,0/1,0/1,0/1,0/1,0/1,False
anchor_rows,2347,,4/5,image-43,singleton,one_edit_global,1,0,excluded,universal_bound,universal_bound,0/1,0/1,0/1,0/1,0/1,0/1,False
anchor_rows,2348,,4/5,image-43,singleton,current_strict,1,1,input_blocked,,,,,,,,,False
anchor_rows,2349,,4/5,image-43,singleton,current_partial,1,0,excluded,universal_bound,universal_bound,0/1,0/1,0/1,0/1,0/1,0/1,False
anchor_rows,2350,,4/5,image-43,singleton,union_strict,1,1,input_blocked,,,,,,,,,False
anchor_rows,2351,,4/5,image-43,singleton,union_partial,1,0,excluded,universal_bound,universal_bound,0/1,0/1,0/1,0/1,0/1,0/1,False
anchor_rows,2352,,4/5,image-44,singleton,exact_projection,1,0,excluded,universal_bound,universal_bound,0/1,0/1,0/1,0/1,0/1,0/1,False
anchor_rows,2353,,4/5,image-44,singleton,one_edit_per_image,1,0,excluded,universal_bound,universal_bound,0/1,0/1,0/1,0/1,0/1,0/1,False
anchor_rows,2354,,4/5,image-44,singleton,one_edit_global,1,0,excluded,universal_bound,universal_bound,0/1,0/1,0/1,0/1,0/1,0/1,False
anchor_rows,2355,,4/5,image-44,singleton,current_strict,1,0,excluded,universal_bound,universal_bound,0/1,0/1,0/1,0/1,0/1,0/1,False
anchor_rows,2356,,4/5,image-44,singleton,current_partial,1,0,excluded,universal_bound,universal_bound,0/1,0/1,0/1,0/1,0/1,0/1,False
anchor_rows,2357,,4/5,image-44,singleton,union_strict,1,0,excluded,universal_bound,universal_bound,0/1,0/1,0/1,0/1,0/1,0/1,False
anchor_rows,2358,,4/5,image-44,singleton,union_partial,1,0,excluded,universal_bound,universal_bound,0/1,0/1,0/1,0/1,0/1,0/1,False
anchor_rows,2359,,4/5,image-45,singleton,exact_projection,1,0,supported,universal_bound,universal_bound,1/1,1/1,1/1,1/1,1/1,1/1,False
anchor_rows,2360,,4/5,image-45,singleton,one_edit_per_image,1,0,unresolved,opposite_worlds,opposite_worlds,-1/1,1/1,-1/1,1/1,-1/1,1/1,False
anchor_rows,2361,,4/5,image-45,singleton,one_edit_global,1,0,unresolved,opposite_worlds,opposite_worlds,-1/1,1/1,-1/1,1/1,-1/1,1/1,False
anchor_rows,2362,,4/5,image-45,singleton,current_strict,1,1,input_blocked,,,,,,,,,False
anchor_rows,2363,,4/5,image-45,singleton,current_partial,1,0,unresolved,bound_gap,bound_gap,-1/1,1/1,-1/1,-1/1,-1/1,-1/1,False
anchor_rows,2364,,4/5,image-45,singleton,union_strict,1,1,input_blocked,,,,,,,,,False
anchor_rows,2365,,4/5,image-45,singleton,union_partial,1,0,unresolved,bound_gap,bound_gap,-1/1,1/1,-1/1,-1/1,-1/1,-1/1,False
anchor_rows,2366,,4/5,image-46,singleton,exact_projection,1,0,excluded,universal_bound,universal_bound,0/1,0/1,0/1,0/1,0/1,0/1,False
anchor_rows,2367,,4/5,image-46,singleton,one_edit_per_image,1,0,excluded,universal_bound,universal_bound,0/1,0/1,0/1,0/1,0/1,0/1,False
anchor_rows,2368,,4/5,image-46,singleton,one_edit_global,1,0,excluded,universal_bound,universal_bound,0/1,0/1,0/1,0/1,0/1,0/1,False
anchor_rows,2369,,4/5,image-46,singleton,current_strict,1,0,excluded,universal_bound,universal_bound,0/1,0/1,0/1,0/1,0/1,0/1,False
anchor_rows,2370,,4/5,image-46,singleton,current_partial,1,0,excluded,universal_bound,universal_bound,0/1,0/1,0/1,0/1,0/1,0/1,False
anchor_rows,2371,,4/5,image-46,singleton,union_strict,1,1,input_blocked,,,,,,,,,False
anchor_rows,2372,,4/5,image-46,singleton,union_partial,1,0,excluded,universal_bound,universal_bound,0/1,0/1,0/1,0/1,0/1,0/1,False
anchor_rows,2373,,4/5,image-47,singleton,exact_projection,1,0,excluded,universal_bound,universal_bound,0/1,0/1,0/1,0/1,0/1,0/1,False
anchor_rows,2374,,4/5,image-47,singleton,one_edit_per_image,1,0,excluded,universal_bound,universal_bound,0/1,0/1,0/1,0/1,0/1,0/1,False
anchor_rows,2375,,4/5,image-47,singleton,one_edit_global,1,0,excluded,universal_bound,universal_bound,0/1,0/1,0/1,0/1,0/1,0/1,False
anchor_rows,2376,,4/5,image-47,singleton,current_strict,1,0,excluded,universal_bound,universal_bound,0/1,0/1,0/1,0/1,0/1,0/1,False
anchor_rows,2377,,4/5,image-47,singleton,current_partial,1,0,excluded,universal_bound,universal_bound,0/1,0/1,0/1,0/1,0/1,0/1,False
anchor_rows,2378,,4/5,image-47,singleton,union_strict,1,0,excluded,universal_bound,universal_bound,0/1,0/1,0/1,0/1,0/1,0/1,False
anchor_rows,2379,,4/5,image-47,singleton,union_partial,1,0,excluded,universal_bound,universal_bound,0/1,0/1,0/1,0/1,0/1,0/1,False
anchor_rows,2380,,4/5,image-48,singleton,exact_projection,1,0,excluded,universal_bound,universal_bound,0/1,0/1,0/1,0/1,0/1,0/1,False
anchor_rows,2381,,4/5,image-48,singleton,one_edit_per_image,1,0,unresolved,bound_gap,opposite_worlds,-2/1,2/1,0/1,0/1,-2/1,2/1,True
anchor_rows,2382,,4/5,image-48,singleton,one_edit_global,1,0,unresolved,bound_gap,opposite_worlds,-2/1,2/1,0/1,0/1,-2/1,2/1,True
anchor_rows,2383,,4/5,image-48,singleton,current_strict,1,0,excluded,universal_bound,universal_bound,0/1,0/1,0/1,0/1,0/1,0/1,False
anchor_rows,2384,,4/5,image-48,singleton,current_partial,1,0,excluded,universal_bound,universal_bound,0/1,0/1,0/1,0/1,0/1,0/1,False
anchor_rows,2385,,4/5,image-48,singleton,union_strict,1,0,excluded,universal_bound,universal_bound,0/1,0/1,0/1,0/1,0/1,0/1,False
anchor_rows,2386,,4/5,image-48,singleton,union_partial,1,0,excluded,universal_bound,universal_bound,0/1,0/1,0/1,0/1,0/1,0/1,False
anchor_rows,2387,,4/5,image-49,singleton,exact_projection,1,0,excluded,universal_bound,universal_bound,0/1,0/1,0/1,0/1,0/1,0/1,False
anchor_rows,2388,,4/5,image-49,singleton,one_edit_per_image,1,0,excluded,universal_bound,universal_bound,0/1,0/1,0/1,0/1,0/1,0/1,False
anchor_rows,2389,,4/5,image-49,singleton,one_edit_global,1,0,excluded,universal_bound,universal_bound,0/1,0/1,0/1,0/1,0/1,0/1,False
anchor_rows,2390,,4/5,image-49,singleton,current_strict,1,0,excluded,universal_bound,universal_bound,0/1,0/1,0/1,0/1,0/1,0/1,False
anchor_rows,2391,,4/5,image-49,singleton,current_partial,1,0,excluded,universal_bound,universal_bound,0/1,0/1,0/1,0/1,0/1,0/1,False
anchor_rows,2392,,4/5,image-49,singleton,union_strict,1,0,excluded,universal_bound,universal_bound,0/1,0/1,0/1,0/1,0/1,0/1,False
anchor_rows,2393,,4/5,image-49,singleton,union_partial,1,0,excluded,universal_bound,universal_bound,0/1,0/1,0/1,0/1,0/1,0/1,False
anchor_rows,2394,,4/5,image-50,singleton,exact_projection,1,0,excluded,universal_bound,universal_bound,0/1,0/1,0/1,0/1,0/1,0/1,False
anchor_rows,2395,,4/5,image-50,singleton,one_edit_per_image,1,0,excluded,universal_bound,universal_bound,0/1,0/1,0/1,0/1,0/1,0/1,False
anchor_rows,2396,,4/5,image-50,singleton,one_edit_global,1,0,excluded,universal_bound,universal_bound,0/1,0/1,0/1,0/1,0/1,0/1,False
anchor_rows,2397,,4/5,image-50,singleton,current_strict,1,0,excluded,universal_bound,universal_bound,0/1,0/1,0/1,0/1,0/1,0/1,False
anchor_rows,2398,,4/5,image-50,singleton,current_partial,1,0,excluded,universal_bound,universal_bound,0/1,0/1,0/1,0/1,0/1,0/1,False
anchor_rows,2399,,4/5,image-50,singleton,union_strict,1,0,excluded,universal_bound,universal_bound,0/1,0/1,0/1,0/1,0/1,0/1,False
anchor_rows,2400,,4/5,image-50,singleton,union_partial,1,0,excluded,universal_bound,universal_bound,0/1,0/1,0/1,0/1,0/1,0/1,False
anchor_rows,2401,,4/5,image-51,singleton,exact_projection,1,0,excluded,universal_bound,universal_bound,0/1,0/1,0/1,0/1,0/1,0/1,False
anchor_rows,2402,,4/5,image-51,singleton,one_edit_per_image,1,0,excluded,universal_bound,universal_bound,0/1,0/1,0/1,0/1,0/1,0/1,False
anchor_rows,2403,,4/5,image-51,singleton,one_edit_global,1,0,excluded,universal_bound,universal_bound,0/1,0/1,0/1,0/1,0/1,0/1,False
anchor_rows,2404,,4/5,image-51,singleton,current_strict,1,0,excluded,universal_bound,universal_bound,0/1,0/1,0/1,0/1,0/1,0/1,False
anchor_rows,2405,,4/5,image-51,singleton,current_partial,1,0,excluded,universal_bound,universal_bound,0/1,0/1,0/1,0/1,0/1,0/1,False
anchor_rows,2406,,4/5,image-51,singleton,union_strict,1,0,excluded,universal_bound,universal_bound,0/1,0/1,0/1,0/1,0/1,0/1,False
anchor_rows,2407,,4/5,image-51,singleton,union_partial,1,0,excluded,universal_bound,universal_bound,0/1,0/1,0/1,0/1,0/1,0/1,False
anchor_rows,2408,,4/5,image-52,singleton,exact_projection,1,0,excluded,universal_bound,universal_bound,0/1,0/1,0/1,0/1,0/1,0/1,False
anchor_rows,2409,,4/5,image-52,singleton,one_edit_per_image,1,0,excluded,universal_bound,universal_bound,0/1,0/1,0/1,0/1,0/1,0/1,False
anchor_rows,2410,,4/5,image-52,singleton,one_edit_global,1,0,excluded,universal_bound,universal_bound,0/1,0/1,0/1,0/1,0/1,0/1,False
anchor_rows,2411,,4/5,image-52,singleton,current_strict,1,1,input_blocked,,,,,,,,,False
anchor_rows,2412,,4/5,image-52,singleton,current_partial,1,0,excluded,universal_bound,universal_bound,0/1,0/1,0/1,0/1,0/1,0/1,False
anchor_rows,2413,,4/5,image-52,singleton,union_strict,1,1,input_blocked,,,,,,,,,False
anchor_rows,2414,,4/5,image-52,singleton,union_partial,1,0,excluded,universal_bound,universal_bound,0/1,0/1,0/1,0/1,0/1,0/1,False
anchor_rows,2415,,4/5,image-53,singleton,exact_projection,1,0,excluded,universal_bound,universal_bound,0/1,0/1,0/1,0/1,0/1,0/1,False
anchor_rows,2416,,4/5,image-53,singleton,one_edit_per_image,1,0,excluded,universal_bound,universal_bound,0/1,0/1,0/1,0/1,0/1,0/1,False
anchor_rows,2417,,4/5,image-53,singleton,one_edit_global,1,0,excluded,universal_bound,universal_bound,0/1,0/1,0/1,0/1,0/1,0/1,False
anchor_rows,2418,,4/5,image-53,singleton,current_strict,1,0,excluded,universal_bound,universal_bound,0/1,0/1,0/1,0/1,0/1,0/1,False
anchor_rows,2419,,4/5,image-53,singleton,current_partial,1,0,excluded,universal_bound,universal_bound,0/1,0/1,0/1,0/1,0/1,0/1,False
anchor_rows,2420,,4/5,image-53,singleton,union_strict,1,0,excluded,universal_bound,universal_bound,0/1,0/1,0/1,0/1,0/1,0/1,False
anchor_rows,2421,,4/5,image-53,singleton,union_partial,1,0,excluded,universal_bound,universal_bound,0/1,0/1,0/1,0/1,0/1,0/1,False
anchor_rows,2422,,4/5,image-54,singleton,exact_projection,1,0,excluded,universal_bound,universal_bound,0/1,0/1,0/1,0/1,0/1,0/1,False
anchor_rows,2423,,4/5,image-54,singleton,one_edit_per_image,1,0,unresolved,opposite_worlds,opposite_worlds,-2/1,2/1,-2/1,2/1,-2/1,2/1,False
anchor_rows,2424,,4/5,image-54,singleton,one_edit_global,1,0,unresolved,opposite_worlds,opposite_worlds,-2/1,2/1,-2/1,2/1,-2/1,2/1,False
anchor_rows,2425,,4/5,image-54,singleton,current_strict,1,1,input_blocked,,,,,,,,,False
anchor_rows,2426,,4/5,image-54,singleton,current_partial,1,0,excluded,universal_bound,universal_bound,0/1,0/1,0/1,0/1,0/1,0/1,False
anchor_rows,2427,,4/5,image-54,singleton,union_strict,1,1,input_blocked,,,,,,,,,False
anchor_rows,2428,,4/5,image-54,singleton,union_partial,1,0,excluded,universal_bound,universal_bound,0/1,0/1,0/1,0/1,0/1,0/1,False
anchor_rows,2429,,4/5,image-55,singleton,exact_projection,1,0,excluded,universal_bound,universal_bound,0/1,0/1,0/1,0/1,0/1,0/1,False
anchor_rows,2430,,4/5,image-55,singleton,one_edit_per_image,1,0,excluded,universal_bound,universal_bound,0/1,0/1,0/1,0/1,0/1,0/1,False
anchor_rows,2431,,4/5,image-55,singleton,one_edit_global,1,0,excluded,universal_bound,universal_bound,0/1,0/1,0/1,0/1,0/1,0/1,False
anchor_rows,2432,,4/5,image-55,singleton,current_strict,1,1,input_blocked,,,,,,,,,False
anchor_rows,2433,,4/5,image-55,singleton,current_partial,1,0,excluded,universal_bound,universal_bound,0/1,0/1,0/1,0/1,0/1,0/1,False
anchor_rows,2434,,4/5,image-55,singleton,union_strict,1,1,input_blocked,,,,,,,,,False
anchor_rows,2435,,4/5,image-55,singleton,union_partial,1,0,excluded,universal_bound,universal_bound,0/1,0/1,0/1,0/1,0/1,0/1,False
anchor_rows,2436,,4/5,image-56,singleton,exact_projection,1,0,excluded,universal_bound,universal_bound,0/1,0/1,0/1,0/1,0/1,0/1,False
anchor_rows,2437,,4/5,image-56,singleton,one_edit_per_image,1,0,excluded,universal_bound,universal_bound,0/1,0/1,0/1,0/1,0/1,0/1,False
anchor_rows,2438,,4/5,image-56,singleton,one_edit_global,1,0,excluded,universal_bound,universal_bound,0/1,0/1,0/1,0/1,0/1,0/1,False
anchor_rows,2439,,4/5,image-56,singleton,current_strict,1,0,excluded,universal_bound,universal_bound,0/1,0/1,0/1,0/1,0/1,0/1,False
anchor_rows,2440,,4/5,image-56,singleton,current_partial,1,0,excluded,universal_bound,universal_bound,0/1,0/1,0/1,0/1,0/1,0/1,False
anchor_rows,2441,,4/5,image-56,singleton,union_strict,1,0,excluded,universal_bound,universal_bound,0/1,0/1,0/1,0/1,0/1,0/1,False
anchor_rows,2442,,4/5,image-56,singleton,union_partial,1,0,excluded,universal_bound,universal_bound,0/1,0/1,0/1,0/1,0/1,0/1,False
anchor_rows,2443,,4/5,image-57,singleton,exact_projection,1,0,excluded,universal_bound,universal_bound,0/1,0/1,0/1,0/1,0/1,0/1,False
anchor_rows,2444,,4/5,image-57,singleton,one_edit_per_image,1,0,excluded,universal_bound,universal_bound,0/1,0/1,0/1,0/1,0/1,0/1,False
anchor_rows,2445,,4/5,image-57,singleton,one_edit_global,1,0,excluded,universal_bound,universal_bound,0/1,0/1,0/1,0/1,0/1,0/1,False
anchor_rows,2446,,4/5,image-57,singleton,current_strict,1,1,input_blocked,,,,,,,,,False
anchor_rows,2447,,4/5,image-57,singleton,current_partial,1,0,excluded,universal_bound,universal_bound,0/1,0/1,0/1,0/1,0/1,0/1,False
anchor_rows,2448,,4/5,image-57,singleton,union_strict,1,1,input_blocked,,,,,,,,,False
anchor_rows,2449,,4/5,image-57,singleton,union_partial,1,0,excluded,universal_bound,universal_bound,0/1,0/1,0/1,0/1,0/1,0/1,False
anchor_rows,2450,,4/5,image-58,singleton,exact_projection,1,0,excluded,universal_bound,universal_bound,0/1,0/1,0/1,0/1,0/1,0/1,False
anchor_rows,2451,,4/5,image-58,singleton,one_edit_per_image,1,0,excluded,universal_bound,universal_bound,0/1,0/1,0/1,0/1,0/1,0/1,False
anchor_rows,2452,,4/5,image-58,singleton,one_edit_global,1,0,excluded,universal_bound,universal_bound,0/1,0/1,0/1,0/1,0/1,0/1,False
anchor_rows,2453,,4/5,image-58,singleton,current_strict,1,0,excluded,universal_bound,universal_bound,0/1,0/1,0/1,0/1,0/1,0/1,False
anchor_rows,2454,,4/5,image-58,singleton,current_partial,1,0,excluded,universal_bound,universal_bound,0/1,0/1,0/1,0/1,0/1,0/1,False
anchor_rows,2455,,4/5,image-58,singleton,union_strict,1,0,excluded,universal_bound,universal_bound,0/1,0/1,0/1,0/1,0/1,0/1,False
anchor_rows,2456,,4/5,image-58,singleton,union_partial,1,0,excluded,universal_bound,universal_bound,0/1,0/1,0/1,0/1,0/1,0/1,False
anchor_rows,2457,,4/5,image-59,singleton,exact_projection,1,0,excluded,universal_bound,universal_bound,0/1,0/1,0/1,0/1,0/1,0/1,False
anchor_rows,2458,,4/5,image-59,singleton,one_edit_per_image,1,0,excluded,universal_bound,universal_bound,0/1,0/1,0/1,0/1,0/1,0/1,False
anchor_rows,2459,,4/5,image-59,singleton,one_edit_global,1,0,excluded,universal_bound,universal_bound,0/1,0/1,0/1,0/1,0/1,0/1,False
anchor_rows,2460,,4/5,image-59,singleton,current_strict,1,1,input_blocked,,,,,,,,,False
anchor_rows,2461,,4/5,image-59,singleton,current_partial,1,0,excluded,universal_bound,universal_bound,0/1,0/1,0/1,0/1,0/1,0/1,False
anchor_rows,2462,,4/5,image-59,singleton,union_strict,1,1,input_blocked,,,,,,,,,False
anchor_rows,2463,,4/5,image-59,singleton,union_partial,1,0,excluded,universal_bound,universal_bound,0/1,0/1,0/1,0/1,0/1,0/1,False
anchor_rows,2464,,4/5,image-60,singleton,exact_projection,1,0,excluded,universal_bound,universal_bound,0/1,0/1,0/1,0/1,0/1,0/1,False
anchor_rows,2465,,4/5,image-60,singleton,one_edit_per_image,1,0,unresolved,bound_gap,opposite_worlds,-2/1,2/1,0/1,0/1,-2/1,2/1,True
anchor_rows,2466,,4/5,image-60,singleton,one_edit_global,1,0,unresolved,bound_gap,opposite_worlds,-2/1,2/1,0/1,0/1,-2/1,2/1,True
anchor_rows,2467,,4/5,image-60,singleton,current_strict,1,0,excluded,universal_bound,universal_bound,0/1,0/1,0/1,0/1,0/1,0/1,False
anchor_rows,2468,,4/5,image-60,singleton,current_partial,1,0,excluded,universal_bound,universal_bound,0/1,0/1,0/1,0/1,0/1,0/1,False
anchor_rows,2469,,4/5,image-60,singleton,union_strict,1,1,input_blocked,,,,,,,,,False
anchor_rows,2470,,4/5,image-60,singleton,union_partial,1,0,excluded,universal_bound,universal_bound,0/1,0/1,0/1,0/1,0/1,0/1,False
anchor_rows,2471,,4/5,image-61,singleton,exact_projection,1,0,excluded,universal_bound,universal_bound,-1/1,-1/1,-1/1,-1/1,-1/1,-1/1,False
anchor_rows,2472,,4/5,image-61,singleton,one_edit_per_image,1,0,unresolved,opposite_worlds,opposite_worlds,-3/1,3/1,-1/1,1/1,-3/1,3/1,False
anchor_rows,2473,,4/5,image-61,singleton,one_edit_global,1,0,unresolved,opposite_worlds,opposite_worlds,-3/1,3/1,-1/1,1/1,-3/1,3/1,False
anchor_rows,2474,,4/5,image-61,singleton,current_strict,1,1,input_blocked,,,,,,,,,False
anchor_rows,2475,,4/5,image-61,singleton,current_partial,1,0,unresolved,bound_gap,bound_gap,-3/1,1/1,-1/1,-1/1,-1/1,-1/1,False
anchor_rows,2476,,4/5,image-61,singleton,union_strict,1,1,input_blocked,,,,,,,,,False
anchor_rows,2477,,4/5,image-61,singleton,union_partial,1,0,unresolved,bound_gap,bound_gap,-3/1,1/1,-1/1,-1/1,-1/1,-1/1,False
anchor_rows,2478,,4/5,image-62,singleton,exact_projection,1,0,excluded,universal_bound,universal_bound,0/1,0/1,0/1,0/1,0/1,0/1,False
anchor_rows,2479,,4/5,image-62,singleton,one_edit_per_image,1,0,excluded,universal_bound,universal_bound,0/1,0/1,0/1,0/1,0/1,0/1,False
anchor_rows,2480,,4/5,image-62,singleton,one_edit_global,1,0,excluded,universal_bound,universal_bound,0/1,0/1,0/1,0/1,0/1,0/1,False
anchor_rows,2481,,4/5,image-62,singleton,current_strict,1,1,input_blocked,,,,,,,,,False
anchor_rows,2482,,4/5,image-62,singleton,current_partial,1,0,excluded,universal_bound,universal_bound,0/1,0/1,0/1,0/1,0/1,0/1,False
anchor_rows,2483,,4/5,image-62,singleton,union_strict,1,1,input_blocked,,,,,,,,,False
anchor_rows,2484,,4/5,image-62,singleton,union_partial,1,1,input_blocked,,,,,,,,,False
anchor_rows,2485,,4/5,image-63,singleton,exact_projection,1,0,excluded,universal_bound,universal_bound,0/1,0/1,0/1,0/1,0/1,0/1,False
anchor_rows,2486,,4/5,image-63,singleton,one_edit_per_image,1,0,excluded,universal_bound,universal_bound,0/1,0/1,0/1,0/1,0/1,0/1,False
anchor_rows,2487,,4/5,image-63,singleton,one_edit_global,1,0,excluded,universal_bound,universal_bound,0/1,0/1,0/1,0/1,0/1,0/1,False
anchor_rows,2488,,4/5,image-63,singleton,current_strict,1,0,excluded,universal_bound,universal_bound,0/1,0/1,0/1,0/1,0/1,0/1,False
anchor_rows,2489,,4/5,image-63,singleton,current_partial,1,0,excluded,universal_bound,universal_bound,0/1,0/1,0/1,0/1,0/1,0/1,False
anchor_rows,2490,,4/5,image-63,singleton,union_strict,1,0,excluded,universal_bound,universal_bound,0/1,0/1,0/1,0/1,0/1,0/1,False
anchor_rows,2491,,4/5,image-63,singleton,union_partial,1,0,excluded,universal_bound,universal_bound,0/1,0/1,0/1,0/1,0/1,0/1,False
anchor_rows,2492,,4/5,block-00,block,exact_projection,8,0,excluded,universal_bound,universal_bound,-1/8,-1/8,-1/8,-1/8,-1/8,-1/8,False
anchor_rows,2493,,4/5,block-00,block,one_edit_per_image,8,0,unresolved,opposite_worlds,opposite_worlds,-7/8,7/8,-3/8,3/8,-7/8,7/8,False
anchor_rows,2494,,4/5,block-00,block,one_edit_global,8,0,unresolved,opposite_worlds,opposite_worlds,-3/8,1/8,-3/8,1/8,-3/8,1/8,False
anchor_rows,2495,,4/5,block-00,block,current_strict,8,0,excluded,universal_bound,universal_bound,-1/8,-1/8,-1/8,-1/8,-1/8,-1/8,False
anchor_rows,2496,,4/5,block-00,block,current_partial,8,0,excluded,universal_bound,universal_bound,-1/8,-1/8,-1/8,-1/8,-1/8,-1/8,False
anchor_rows,2497,,4/5,block-00,block,union_strict,8,2,input_blocked,,,,,,,,,False
anchor_rows,2498,,4/5,block-00,block,union_partial,8,0,unresolved,opposite_worlds,opposite_worlds,-3/8,1/8,-3/8,1/8,-3/8,1/8,False
anchor_rows,2499,,4/5,block-01,block,exact_projection,8,0,excluded,universal_bound,universal_bound,-1/8,-1/8,-1/8,-1/8,-1/8,-1/8,False
anchor_rows,2500,,4/5,block-01,block,one_edit_per_image,8,0,unresolved,opposite_worlds,opposite_worlds,-13/8,9/8,-5/8,5/8,-11/8,9/8,False
anchor_rows,2501,,4/5,block-01,block,one_edit_global,8,0,unresolved,opposite_worlds,opposite_worlds,-3/8,1/8,-3/8,1/8,-3/8,1/8,False
anchor_rows,2502,,4/5,block-01,block,current_strict,8,4,input_blocked,,,,,,,,,False
anchor_rows,2503,,4/5,block-01,block,current_partial,8,0,excluded,universal_bound,universal_bound,-1/8,-1/8,-1/8,-1/8,-1/8,-1/8,False
anchor_rows,2504,,4/5,block-01,block,union_strict,8,5,input_blocked,,,,,,,,,False
anchor_rows,2505,,4/5,block-01,block,union_partial,8,0,excluded,universal_bound,universal_bound,-1/8,-1/8,-1/8,-1/8,-1/8,-1/8,False
anchor_rows,2506,,4/5,block-02,block,exact_projection,8,0,excluded,universal_bound,universal_bound,-1/4,-1/4,-1/4,-1/4,-1/4,-1/4,False
anchor_rows,2507,,4/5,block-02,block,one_edit_per_image,8,0,unresolved,opposite_worlds,opposite_worlds,-1/2,1/2,-1/2,1/2,-1/2,1/2,False
anchor_rows,2508,,4/5,block-02,block,one_edit_global,8,0,excluded,universal_bound,universal_bound,-1/2,0/1,-1/2,0/1,-1/2,0/1,False
anchor_rows,2509,,4/5,block-02,block,current_strict,8,2,input_blocked,,,,,,,,,False
anchor_rows,2510,,4/5,block-02,block,current_partial,8,0,excluded,universal_bound,universal_bound,-1/4,-1/4,-1/4,-1/4,-1/4,-1/4,False
anchor_rows,2511,,4/5,block-02,block,union_strict,8,4,input_blocked,,,,,,,,,False
anchor_rows,2512,,4/5,block-02,block,union_partial,8,0,excluded,universal_bound,universal_bound,-1/4,-1/4,-1/4,-1/4,-1/4,-1/4,False
anchor_rows,2513,,4/5,block-03,block,exact_projection,8,0,excluded,universal_bound,universal_bound,-1/4,-1/4,-1/4,-1/4,-1/4,-1/4,False
anchor_rows,2514,,4/5,block-03,block,one_edit_per_image,8,0,unresolved,opposite_worlds,opposite_worlds,-1/1,3/4,-1/4,1/4,-1/1,3/4,False
anchor_rows,2515,,4/5,block-03,block,one_edit_global,8,0,excluded,universal_bound,universal_bound,-1/2,0/1,-1/4,0/1,-1/2,0/1,False
anchor_rows,2516,,4/5,block-03,block,current_strict,8,5,input_blocked,,,,,,,,,False
anchor_rows,2517,,4/5,block-03,block,current_partial,8,0,excluded,universal_bound,universal_bound,-1/2,0/1,-1/4,-1/4,-1/4,-1/4,False
anchor_rows,2518,,4/5,block-03,block,union_strict,8,6,input_blocked,,,,,,,,,False
anchor_rows,2519,,4/5,block-03,block,union_partial,8,0,excluded,universal_bound,universal_bound,-1/2,0/1,-1/4,-1/4,-1/4,-1/4,False
anchor_rows,2520,,4/5,block-04,block,exact_projection,8,0,supported,universal_bound,universal_bound,1/8,1/8,1/8,1/8,1/8,1/8,False
anchor_rows,2521,,4/5,block-04,block,one_edit_per_image,8,0,unresolved,opposite_worlds,opposite_worlds,-7/8,7/8,-1/8,1/8,-7/8,7/8,False
anchor_rows,2522,,4/5,block-04,block,one_edit_global,8,0,unresolved,opposite_worlds,opposite_worlds,-1/8,3/8,-1/8,1/8,-1/8,3/8,False
anchor_rows,2523,,4/5,block-04,block,current_strict,8,4,input_blocked,,,,,,,,,False
anchor_rows,2524,,4/5,block-04,block,current_partial,8,0,supported,universal_bound,universal_bound,1/8,1/8,1/8,1/8,1/8,1/8,False
anchor_rows,2525,,4/5,block-04,block,union_strict,8,5,input_blocked,,,,,,,,,False
anchor_rows,2526,,4/5,block-04,block,union_partial,8,0,supported,universal_bound,universal_bound,1/8,1/8,1/8,1/8,1/8,1/8,False
anchor_rows,2527,,4/5,block-05,block,exact_projection,8,0,supported,universal_bound,universal_bound,1/8,1/8,1/8,1/8,1/8,1/8,False
anchor_rows,2528,,4/5,block-05,block,one_edit_per_image,8,0,unresolved,opposite_worlds,opposite_worlds,-3/8,3/8,-1/8,1/8,-3/8,3/8,False
anchor_rows,2529,,4/5,block-05,block,one_edit_global,8,0,unresolved,opposite_worlds,opposite_worlds,-1/8,3/8,-1/8,1/8,-1/8,3/8,False
anchor_rows,2530,,4/5,block-05,block,current_strict,8,3,input_blocked,,,,,,,,,False
anchor_rows,2531,,4/5,block-05,block,current_partial,8,0,unresolved,bound_gap,bound_gap,-1/8,1/8,-1/8,-1/8,-1/8,-1/8,False
anchor_rows,2532,,4/5,block-05,block,union_strict,8,6,input_blocked,,,,,,,,,False
anchor_rows,2533,,4/5,block-05,block,union_partial,8,0,unresolved,bound_gap,bound_gap,-1/8,1/8,-1/8,-1/8,-1/8,-1/8,False
anchor_rows,2534,,4/5,block-06,block,exact_projection,8,0,excluded,universal_bound,universal_bound,0/1,0/1,0/1,0/1,0/1,0/1,False
anchor_rows,2535,,4/5,block-06,block,one_edit_per_image,8,0,unresolved,opposite_worlds,opposite_worlds,-1/2,1/2,-1/4,1/4,-1/2,1/2,False
anchor_rows,2536,,4/5,block-06,block,one_edit_global,8,0,unresolved,opposite_worlds,opposite_worlds,-1/4,1/4,-1/4,1/4,-1/4,1/4,False
anchor_rows,2537,,4/5,block-06,block,current_strict,8,3,input_blocked,,,,,,,,,False
anchor_rows,2538,,4/5,block-06,block,current_partial,8,0,excluded,universal_bound,universal_bound,0/1,0/1,0/1,0/1,0/1,0/1,False
anchor_rows,2539,,4/5,block-06,block,union_strict,8,3,input_blocked,,,,,,,,,False
anchor_rows,2540,,4/5,block-06,block,union_partial,8,0,excluded,universal_bound,universal_bound,0/1,0/1,0/1,0/1,0/1,0/1,False
anchor_rows,2541,,4/5,block-07,block,exact_projection,8,0,excluded,universal_bound,universal_bound,-1/8,-1/8,-1/8,-1/8,-1/8,-1/8,False
anchor_rows,2542,,4/5,block-07,block,one_edit_per_image,8,0,unresolved,opposite_worlds,opposite_worlds,-5/8,5/8,-1/8,1/8,-5/8,5/8,False
anchor_rows,2543,,4/5,block-07,block,one_edit_global,8,0,unresolved,opposite_worlds,opposite_worlds,-3/8,3/8,-1/8,1/8,-3/8,3/8,False
anchor_rows,2544,,4/5,block-07,block,current_strict,8,4,input_blocked,,,,,,,,,False
anchor_rows,2545,,4/5,block-07,block,current_partial,8,0,unresolved,bound_gap,bound_gap,-3/8,1/8,-1/8,-1/8,-1/8,-1/8,False
anchor_rows,2546,,4/5,block-07,block,union_strict,8,5,input_blocked,,,,,,,,,False
anchor_rows,2547,,4/5,block-07,block,union_partial,8,1,input_blocked,,,,,,,,,False
anchor_rows,2548,,4/5,all-64,primary,exact_projection,64,0,excluded,universal_bound,universal_bound,-5/64,-5/64,-5/64,-5/64,-5/64,-5/64,False
anchor_rows,2549,,4/5,all-64,primary,one_edit_per_image,64,0,unresolved,opposite_worlds,opposite_worlds,-51/64,45/64,-19/64,19/64,-49/64,45/64,False
anchor_rows,2550,,4/5,all-64,primary,one_edit_global,64,0,excluded,universal_bound,universal_bound,-7/64,-1/64,-7/64,-3/64,-7/64,-1/64,False
anchor_rows,2551,,4/5,all-64,primary,current_strict,64,25,input_blocked,,,,,,,,,False
anchor_rows,2552,,4/5,all-64,primary,current_partial,64,0,excluded,universal_bound,universal_bound,-11/64,-1/64,-7/64,-7/64,-7/64,-7/64,False
anchor_rows,2553,,4/5,all-64,primary,union_strict,64,36,input_blocked,,,,,,,,,False
anchor_rows,2554,,4/5,all-64,primary,union_partial,64,1,input_blocked,,,,,,,,,False
anchor_rows,2555,,9/10,image-00,singleton,exact_projection,1,0,excluded,universal_bound,universal_bound,0/1,0/1,0/1,0/1,0/1,0/1,False
anchor_rows,2556,,9/10,image-00,singleton,one_edit_per_image,1,0,excluded,universal_bound,universal_bound,0/1,0/1,0/1,0/1,0/1,0/1,False
anchor_rows,2557,,9/10,image-00,singleton,one_edit_global,1,0,excluded,universal_bound,universal_bound,0/1,0/1,0/1,0/1,0/1,0/1,False
anchor_rows,2558,,9/10,image-00,singleton,current_strict,1,0,excluded,universal_bound,universal_bound,0/1,0/1,0/1,0/1,0/1,0/1,False
anchor_rows,2559,,9/10,image-00,singleton,current_partial,1,0,excluded,universal_bound,universal_bound,0/1,0/1,0/1,0/1,0/1,0/1,False
anchor_rows,2560,,9/10,image-00,singleton,union_strict,1,0,excluded,universal_bound,universal_bound,0/1,0/1,0/1,0/1,0/1,0/1,False
anchor_rows,2561,,9/10,image-00,singleton,union_partial,1,0,excluded,universal_bound,universal_bound,0/1,0/1,0/1,0/1,0/1,0/1,False
anchor_rows,2562,,9/10,image-01,singleton,exact_projection,1,0,excluded,universal_bound,universal_bound,0/1,0/1,0/1,0/1,0/1,0/1,False
anchor_rows,2563,,9/10,image-01,singleton,one_edit_per_image,1,0,excluded,universal_bound,universal_bound,0/1,0/1,0/1,0/1,0/1,0/1,False
anchor_rows,2564,,9/10,image-01,singleton,one_edit_global,1,0,excluded,universal_bound,universal_bound,0/1,0/1,0/1,0/1,0/1,0/1,False
anchor_rows,2565,,9/10,image-01,singleton,current_strict,1,0,excluded,universal_bound,universal_bound,0/1,0/1,0/1,0/1,0/1,0/1,False
anchor_rows,2566,,9/10,image-01,singleton,current_partial,1,0,excluded,universal_bound,universal_bound,0/1,0/1,0/1,0/1,0/1,0/1,False
anchor_rows,2567,,9/10,image-01,singleton,union_strict,1,0,excluded,universal_bound,universal_bound,0/1,0/1,0/1,0/1,0/1,0/1,False
anchor_rows,2568,,9/10,image-01,singleton,union_partial,1,0,excluded,universal_bound,universal_bound,0/1,0/1,0/1,0/1,0/1,0/1,False
anchor_rows,2569,,9/10,image-02,singleton,exact_projection,1,0,excluded,universal_bound,universal_bound,0/1,0/1,0/1,0/1,0/1,0/1,False
anchor_rows,2570,,9/10,image-02,singleton,one_edit_per_image,1,0,excluded,universal_bound,universal_bound,0/1,0/1,0/1,0/1,0/1,0/1,False
anchor_rows,2571,,9/10,image-02,singleton,one_edit_global,1,0,excluded,universal_bound,universal_bound,0/1,0/1,0/1,0/1,0/1,0/1,False
anchor_rows,2572,,9/10,image-02,singleton,current_strict,1,0,excluded,universal_bound,universal_bound,0/1,0/1,0/1,0/1,0/1,0/1,False
anchor_rows,2573,,9/10,image-02,singleton,current_partial,1,0,excluded,universal_bound,universal_bound,0/1,0/1,0/1,0/1,0/1,0/1,False
anchor_rows,2574,,9/10,image-02,singleton,union_strict,1,0,excluded,universal_bound,universal_bound,0/1,0/1,0/1,0/1,0/1,0/1,False
anchor_rows,2575,,9/10,image-02,singleton,union_partial,1,0,excluded,universal_bound,universal_bound,0/1,0/1,0/1,0/1,0/1,0/1,False
anchor_rows,2576,,9/10,image-03,singleton,exact_projection,1,0,excluded,universal_bound,universal_bound,0/1,0/1,0/1,0/1,0/1,0/1,False
anchor_rows,2577,,9/10,image-03,singleton,one_edit_per_image,1,0,excluded,universal_bound,universal_bound,0/1,0/1,0/1,0/1,0/1,0/1,False
anchor_rows,2578,,9/10,image-03,singleton,one_edit_global,1,0,excluded,universal_bound,universal_bound,0/1,0/1,0/1,0/1,0/1,0/1,False
anchor_rows,2579,,9/10,image-03,singleton,current_strict,1,0,excluded,universal_bound,universal_bound,0/1,0/1,0/1,0/1,0/1,0/1,False
anchor_rows,2580,,9/10,image-03,singleton,current_partial,1,0,excluded,universal_bound,universal_bound,0/1,0/1,0/1,0/1,0/1,0/1,False
anchor_rows,2581,,9/10,image-03,singleton,union_strict,1,0,excluded,universal_bound,universal_bound,0/1,0/1,0/1,0/1,0/1,0/1,False
anchor_rows,2582,,9/10,image-03,singleton,union_partial,1,0,excluded,universal_bound,universal_bound,0/1,0/1,0/1,0/1,0/1,0/1,False
anchor_rows,2583,,9/10,image-04,singleton,exact_projection,1,0,excluded,universal_bound,universal_bound,0/1,0/1,0/1,0/1,0/1,0/1,False
anchor_rows,2584,,9/10,image-04,singleton,one_edit_per_image,1,0,excluded,universal_bound,universal_bound,0/1,0/1,0/1,0/1,0/1,0/1,False
anchor_rows,2585,,9/10,image-04,singleton,one_edit_global,1,0,excluded,universal_bound,universal_bound,0/1,0/1,0/1,0/1,0/1,0/1,False
anchor_rows,2586,,9/10,image-04,singleton,current_strict,1,0,excluded,universal_bound,universal_bound,0/1,0/1,0/1,0/1,0/1,0/1,False
anchor_rows,2587,,9/10,image-04,singleton,current_partial,1,0,excluded,universal_bound,universal_bound,0/1,0/1,0/1,0/1,0/1,0/1,False
anchor_rows,2588,,9/10,image-04,singleton,union_strict,1,1,input_blocked,,,,,,,,,False
anchor_rows,2589,,9/10,image-04,singleton,union_partial,1,0,excluded,universal_bound,universal_bound,0/1,0/1,0/1,0/1,0/1,0/1,False
anchor_rows,2590,,9/10,image-05,singleton,exact_projection,1,0,excluded,universal_bound,universal_bound,0/1,0/1,0/1,0/1,0/1,0/1,False
anchor_rows,2591,,9/10,image-05,singleton,one_edit_per_image,1,0,excluded,universal_bound,universal_bound,0/1,0/1,0/1,0/1,0/1,0/1,False
anchor_rows,2592,,9/10,image-05,singleton,one_edit_global,1,0,excluded,universal_bound,universal_bound,0/1,0/1,0/1,0/1,0/1,0/1,False
anchor_rows,2593,,9/10,image-05,singleton,current_strict,1,0,excluded,universal_bound,universal_bound,0/1,0/1,0/1,0/1,0/1,0/1,False
anchor_rows,2594,,9/10,image-05,singleton,current_partial,1,0,excluded,universal_bound,universal_bound,0/1,0/1,0/1,0/1,0/1,0/1,False
anchor_rows,2595,,9/10,image-05,singleton,union_strict,1,1,input_blocked,,,,,,,,,False
anchor_rows,2596,,9/10,image-05,singleton,union_partial,1,0,excluded,universal_bound,universal_bound,0/1,0/1,0/1,0/1,0/1,0/1,False
anchor_rows,2597,,9/10,image-06,singleton,exact_projection,1,0,excluded,universal_bound,universal_bound,0/1,0/1,0/1,0/1,0/1,0/1,False
anchor_rows,2598,,9/10,image-06,singleton,one_edit_per_image,1,0,excluded,universal_bound,universal_bound,0/1,0/1,0/1,0/1,0/1,0/1,False
anchor_rows,2599,,9/10,image-06,singleton,one_edit_global,1,0,excluded,universal_bound,universal_bound,0/1,0/1,0/1,0/1,0/1,0/1,False
anchor_rows,2600,,9/10,image-06,singleton,current_strict,1,0,excluded,universal_bound,universal_bound,0/1,0/1,0/1,0/1,0/1,0/1,False
anchor_rows,2601,,9/10,image-06,singleton,current_partial,1,0,excluded,universal_bound,universal_bound,0/1,0/1,0/1,0/1,0/1,0/1,False
anchor_rows,2602,,9/10,image-06,singleton,union_strict,1,0,excluded,universal_bound,universal_bound,0/1,0/1,0/1,0/1,0/1,0/1,False
anchor_rows,2603,,9/10,image-06,singleton,union_partial,1,0,excluded,universal_bound,universal_bound,0/1,0/1,0/1,0/1,0/1,0/1,False
anchor_rows,2604,,9/10,image-07,singleton,exact_projection,1,0,excluded,universal_bound,universal_bound,0/1,0/1,0/1,0/1,0/1,0/1,False
anchor_rows,2605,,9/10,image-07,singleton,one_edit_per_image,1,0,excluded,universal_bound,universal_bound,0/1,0/1,0/1,0/1,0/1,0/1,False
anchor_rows,2606,,9/10,image-07,singleton,one_edit_global,1,0,excluded,universal_bound,universal_bound,0/1,0/1,0/1,0/1,0/1,0/1,False
anchor_rows,2607,,9/10,image-07,singleton,current_strict,1,0,excluded,universal_bound,universal_bound,0/1,0/1,0/1,0/1,0/1,0/1,False
anchor_rows,2608,,9/10,image-07,singleton,current_partial,1,0,excluded,universal_bound,universal_bound,0/1,0/1,0/1,0/1,0/1,0/1,False
anchor_rows,2609,,9/10,image-07,singleton,union_strict,1,0,excluded,universal_bound,universal_bound,0/1,0/1,0/1,0/1,0/1,0/1,False
anchor_rows,2610,,9/10,image-07,singleton,union_partial,1,0,excluded,universal_bound,universal_bound,0/1,0/1,0/1,0/1,0/1,0/1,False
anchor_rows,2611,,9/10,image-08,singleton,exact_projection,1,0,excluded,universal_bound,universal_bound,0/1,0/1,0/1,0/1,0/1,0/1,False
anchor_rows,2612,,9/10,image-08,singleton,one_edit_per_image,1,0,unresolved,bound_gap,opposite_worlds,-2/1,2/1,0/1,0/1,-2/1,2/1,True
anchor_rows,2613,,9/10,image-08,singleton,one_edit_global,1,0,unresolved,bound_gap,opposite_worlds,-2/1,2/1,0/1,0/1,-2/1,2/1,True
anchor_rows,2614,,9/10,image-08,singleton,current_strict,1,0,excluded,universal_bound,universal_bound,0/1,0/1,0/1,0/1,0/1,0/1,False
anchor_rows,2615,,9/10,image-08,singleton,current_partial,1,0,excluded,universal_bound,universal_bound,0/1,0/1,0/1,0/1,0/1,0/1,False
anchor_rows,2616,,9/10,image-08,singleton,union_strict,1,1,input_blocked,,,,,,,,,False
anchor_rows,2617,,9/10,image-08,singleton,union_partial,1,0,excluded,universal_bound,universal_bound,0/1,0/1,0/1,0/1,0/1,0/1,False
anchor_rows,2618,,9/10,image-09,singleton,exact_projection,1,0,excluded,universal_bound,universal_bound,0/1,0/1,0/1,0/1,0/1,0/1,False
anchor_rows,2619,,9/10,image-09,singleton,one_edit_per_image,1,0,excluded,universal_bound,universal_bound,0/1,0/1,0/1,0/1,0/1,0/1,False
anchor_rows,2620,,9/10,image-09,singleton,one_edit_global,1,0,excluded,universal_bound,universal_bound,0/1,0/1,0/1,0/1,0/1,0/1,False
anchor_rows,2621,,9/10,image-09,singleton,current_strict,1,1,input_blocked,,,,,,,,,False
anchor_rows,2622,,9/10,image-09,singleton,current_partial,1,0,excluded,universal_bound,universal_bound,0/1,0/1,0/1,0/1,0/1,0/1,False
anchor_rows,2623,,9/10,image-09,singleton,union_strict,1,1,input_blocked,,,,,,,,,False
anchor_rows,2624,,9/10,image-09,singleton,union_partial,1,0,excluded,universal_bound,universal_bound,0/1,0/1,0/1,0/1,0/1,0/1,False
anchor_rows,2625,,9/10,image-10,singleton,exact_projection,1,0,excluded,universal_bound,universal_bound,0/1,0/1,0/1,0/1,0/1,0/1,False
anchor_rows,2626,,9/10,image-10,singleton,one_edit_per_image,1,0,excluded,universal_bound,universal_bound,0/1,0/1,0/1,0/1,0/1,0/1,False
anchor_rows,2627,,9/10,image-10,singleton,one_edit_global,1,0,excluded,universal_bound,universal_bound,0/1,0/1,0/1,0/1,0/1,0/1,False
anchor_rows,2628,,9/10,image-10,singleton,current_strict,1,0,excluded,universal_bound,universal_bound,0/1,0/1,0/1,0/1,0/1,0/1,False
anchor_rows,2629,,9/10,image-10,singleton,current_partial,1,0,excluded,universal_bound,universal_bound,0/1,0/1,0/1,0/1,0/1,0/1,False
anchor_rows,2630,,9/10,image-10,singleton,union_strict,1,0,excluded,universal_bound,universal_bound,0/1,0/1,0/1,0/1,0/1,0/1,False
anchor_rows,2631,,9/10,image-10,singleton,union_partial,1,0,excluded,universal_bound,universal_bound,0/1,0/1,0/1,0/1,0/1,0/1,False
anchor_rows,2632,,9/10,image-11,singleton,exact_projection,1,0,excluded,universal_bound,universal_bound,0/1,0/1,0/1,0/1,0/1,0/1,False
anchor_rows,2633,,9/10,image-11,singleton,one_edit_per_image,1,0,excluded,universal_bound,universal_bound,0/1,0/1,0/1,0/1,0/1,0/1,False
anchor_rows,2634,,9/10,image-11,singleton,one_edit_global,1,0,excluded,universal_bound,universal_bound,0/1,0/1,0/1,0/1,0/1,0/1,False
anchor_rows,2635,,9/10,image-11,singleton,current_strict,1,1,input_blocked,,,,,,,,,False
anchor_rows,2636,,9/10,image-11,singleton,current_partial,1,0,excluded,universal_bound,universal_bound,0/1,0/1,0/1,0/1,0/1,0/1,False
anchor_rows,2637,,9/10,image-11,singleton,union_strict,1,1,input_blocked,,,,,,,,,False
anchor_rows,2638,,9/10,image-11,singleton,union_partial,1,0,excluded,universal_bound,universal_bound,0/1,0/1,0/1,0/1,0/1,0/1,False
anchor_rows,2639,,9/10,image-12,singleton,exact_projection,1,0,excluded,universal_bound,universal_bound,0/1,0/1,0/1,0/1,0/1,0/1,False
anchor_rows,2640,,9/10,image-12,singleton,one_edit_per_image,1,0,excluded,universal_bound,universal_bound,0/1,0/1,0/1,0/1,0/1,0/1,False
anchor_rows,2641,,9/10,image-12,singleton,one_edit_global,1,0,excluded,universal_bound,universal_bound,0/1,0/1,0/1,0/1,0/1,0/1,False
anchor_rows,2642,,9/10,image-12,singleton,current_strict,1,0,excluded,universal_bound,universal_bound,0/1,0/1,0/1,0/1,0/1,0/1,False
anchor_rows,2643,,9/10,image-12,singleton,current_partial,1,0,excluded,universal_bound,universal_bound,0/1,0/1,0/1,0/1,0/1,0/1,False
anchor_rows,2644,,9/10,image-12,singleton,union_strict,1,0,excluded,universal_bound,universal_bound,0/1,0/1,0/1,0/1,0/1,0/1,False
anchor_rows,2645,,9/10,image-12,singleton,union_partial,1,0,excluded,universal_bound,universal_bound,0/1,0/1,0/1,0/1,0/1,0/1,False
anchor_rows,2646,,9/10,image-13,singleton,exact_projection,1,0,excluded,universal_bound,universal_bound,0/1,0/1,0/1,0/1,0/1,0/1,False
anchor_rows,2647,,9/10,image-13,singleton,one_edit_per_image,1,0,excluded,universal_bound,universal_bound,0/1,0/1,0/1,0/1,0/1,0/1,False
anchor_rows,2648,,9/10,image-13,singleton,one_edit_global,1,0,excluded,universal_bound,universal_bound,0/1,0/1,0/1,0/1,0/1,0/1,False
anchor_rows,2649,,9/10,image-13,singleton,current_strict,1,1,input_blocked,,,,,,,,,False
anchor_rows,2650,,9/10,image-13,singleton,current_partial,1,0,excluded,universal_bound,universal_bound,0/1,0/1,0/1,0/1,0/1,0/1,False
anchor_rows,2651,,9/10,image-13,singleton,union_strict,1,1,input_blocked,,,,,,,,,False
anchor_rows,2652,,9/10,image-13,singleton,union_partial,1,0,excluded,universal_bound,universal_bound,0/1,0/1,0/1,0/1,0/1,0/1,False
anchor_rows,2653,,9/10,image-14,singleton,exact_projection,1,0,excluded,universal_bound,universal_bound,0/1,0/1,0/1,0/1,0/1,0/1,False
anchor_rows,2654,,9/10,image-14,singleton,one_edit_per_image,1,0,excluded,universal_bound,universal_bound,0/1,0/1,0/1,0/1,0/1,0/1,False
anchor_rows,2655,,9/10,image-14,singleton,one_edit_global,1,0,excluded,universal_bound,universal_bound,0/1,0/1,0/1,0/1,0/1,0/1,False
anchor_rows,2656,,9/10,image-14,singleton,current_strict,1,1,input_blocked,,,,,,,,,False
anchor_rows,2657,,9/10,image-14,singleton,current_partial,1,0,excluded,universal_bound,universal_bound,0/1,0/1,0/1,0/1,0/1,0/1,False
anchor_rows,2658,,9/10,image-14,singleton,union_strict,1,1,input_blocked,,,,,,,,,False
anchor_rows,2659,,9/10,image-14,singleton,union_partial,1,0,excluded,universal_bound,universal_bound,0/1,0/1,0/1,0/1,0/1,0/1,False
anchor_rows,2660,,9/10,image-15,singleton,exact_projection,1,0,excluded,universal_bound,universal_bound,0/1,0/1,0/1,0/1,0/1,0/1,False
anchor_rows,2661,,9/10,image-15,singleton,one_edit_per_image,1,0,unresolved,opposite_worlds,opposite_worlds,-2/1,2/1,-2/1,2/1,-2/1,2/1,False
anchor_rows,2662,,9/10,image-15,singleton,one_edit_global,1,0,unresolved,opposite_worlds,opposite_worlds,-2/1,2/1,-2/1,2/1,-2/1,2/1,False
anchor_rows,2663,,9/10,image-15,singleton,current_strict,1,0,excluded,universal_bound,universal_bound,0/1,0/1,0/1,0/1,0/1,0/1,False
anchor_rows,2664,,9/10,image-15,singleton,current_partial,1,0,excluded,universal_bound,universal_bound,0/1,0/1,0/1,0/1,0/1,0/1,False
anchor_rows,2665,,9/10,image-15,singleton,union_strict,1,0,excluded,universal_bound,universal_bound,0/1,0/1,0/1,0/1,0/1,0/1,False
anchor_rows,2666,,9/10,image-15,singleton,union_partial,1,0,excluded,universal_bound,universal_bound,0/1,0/1,0/1,0/1,0/1,0/1,False
anchor_rows,2667,,9/10,image-16,singleton,exact_projection,1,0,excluded,universal_bound,universal_bound,0/1,0/1,0/1,0/1,0/1,0/1,False
anchor_rows,2668,,9/10,image-16,singleton,one_edit_per_image,1,0,excluded,universal_bound,universal_bound,0/1,0/1,0/1,0/1,0/1,0/1,False
anchor_rows,2669,,9/10,image-16,singleton,one_edit_global,1,0,excluded,universal_bound,universal_bound,0/1,0/1,0/1,0/1,0/1,0/1,False
anchor_rows,2670,,9/10,image-16,singleton,current_strict,1,0,excluded,universal_bound,universal_bound,0/1,0/1,0/1,0/1,0/1,0/1,False
anchor_rows,2671,,9/10,image-16,singleton,current_partial,1,0,excluded,universal_bound,universal_bound,0/1,0/1,0/1,0/1,0/1,0/1,False
anchor_rows,2672,,9/10,image-16,singleton,union_strict,1,0,excluded,universal_bound,universal_bound,0/1,0/1,0/1,0/1,0/1,0/1,False
anchor_rows,2673,,9/10,image-16,singleton,union_partial,1,0,excluded,universal_bound,universal_bound,0/1,0/1,0/1,0/1,0/1,0/1,False
anchor_rows,2674,,9/10,image-17,singleton,exact_projection,1,0,excluded,universal_bound,universal_bound,0/1,0/1,0/1,0/1,0/1,0/1,False
anchor_rows,2675,,9/10,image-17,singleton,one_edit_per_image,1,0,unresolved,opposite_worlds,opposite_worlds,-2/1,2/1,-2/1,2/1,-2/1,2/1,False
anchor_rows,2676,,9/10,image-17,singleton,one_edit_global,1,0,unresolved,opposite_worlds,opposite_worlds,-2/1,2/1,-2/1,2/1,-2/1,2/1,False
anchor_rows,2677,,9/10,image-17,singleton,current_strict,1,0,excluded,universal_bound,universal_bound,0/1,0/1,0/1,0/1,0/1,0/1,False
anchor_rows,2678,,9/10,image-17,singleton,current_partial,1,0,excluded,universal_bound,universal_bound,0/1,0/1,0/1,0/1,0/1,0/1,False
anchor_rows,2679,,9/10,image-17,singleton,union_strict,1,0,excluded,universal_bound,universal_bound,0/1,0/1,0/1,0/1,0/1,0/1,False
anchor_rows,2680,,9/10,image-17,singleton,union_partial,1,0,excluded,universal_bound,universal_bound,0/1,0/1,0/1,0/1,0/1,0/1,False
anchor_rows,2681,,9/10,image-18,singleton,exact_projection,1,0,excluded,universal_bound,universal_bound,0/1,0/1,0/1,0/1,0/1,0/1,False
anchor_rows,2682,,9/10,image-18,singleton,one_edit_per_image,1,0,excluded,universal_bound,universal_bound,0/1,0/1,0/1,0/1,0/1,0/1,False
anchor_rows,2683,,9/10,image-18,singleton,one_edit_global,1,0,excluded,universal_bound,universal_bound,0/1,0/1,0/1,0/1,0/1,0/1,False
anchor_rows,2684,,9/10,image-18,singleton,current_strict,1,1,input_blocked,,,,,,,,,False
anchor_rows,2685,,9/10,image-18,singleton,current_partial,1,0,excluded,universal_bound,universal_bound,0/1,0/1,0/1,0/1,0/1,0/1,False
anchor_rows,2686,,9/10,image-18,singleton,union_strict,1,1,input_blocked,,,,,,,,,False
anchor_rows,2687,,9/10,image-18,singleton,union_partial,1,0,excluded,universal_bound,universal_bound,0/1,0/1,0/1,0/1,0/1,0/1,False
anchor_rows,2688,,9/10,image-19,singleton,exact_projection,1,0,excluded,universal_bound,universal_bound,0/1,0/1,0/1,0/1,0/1,0/1,False
anchor_rows,2689,,9/10,image-19,singleton,one_edit_per_image,1,0,excluded,universal_bound,universal_bound,0/1,0/1,0/1,0/1,0/1,0/1,False
anchor_rows,2690,,9/10,image-19,singleton,one_edit_global,1,0,excluded,universal_bound,universal_bound,0/1,0/1,0/1,0/1,0/1,0/1,False
anchor_rows,2691,,9/10,image-19,singleton,current_strict,1,0,excluded,universal_bound,universal_bound,0/1,0/1,0/1,0/1,0/1,0/1,False
anchor_rows,2692,,9/10,image-19,singleton,current_partial,1,0,excluded,universal_bound,universal_bound,0/1,0/1,0/1,0/1,0/1,0/1,False
anchor_rows,2693,,9/10,image-19,singleton,union_strict,1,0,excluded,universal_bound,universal_bound,0/1,0/1,0/1,0/1,0/1,0/1,False
anchor_rows,2694,,9/10,image-19,singleton,union_partial,1,0,excluded,universal_bound,universal_bound,0/1,0/1,0/1,0/1,0/1,0/1,False
anchor_rows,2695,,9/10,image-20,singleton,exact_projection,1,0,excluded,universal_bound,universal_bound,0/1,0/1,0/1,0/1,0/1,0/1,False
anchor_rows,2696,,9/10,image-20,singleton,one_edit_per_image,1,0,excluded,universal_bound,universal_bound,0/1,0/1,0/1,0/1,0/1,0/1,False
anchor_rows,2697,,9/10,image-20,singleton,one_edit_global,1,0,excluded,universal_bound,universal_bound,0/1,0/1,0/1,0/1,0/1,0/1,False
anchor_rows,2698,,9/10,image-20,singleton,current_strict,1,0,excluded,universal_bound,universal_bound,0/1,0/1,0/1,0/1,0/1,0/1,False
anchor_rows,2699,,9/10,image-20,singleton,current_partial,1,0,excluded,universal_bound,universal_bound,0/1,0/1,0/1,0/1,0/1,0/1,False
anchor_rows,2700,,9/10,image-20,singleton,union_strict,1,0,excluded,universal_bound,universal_bound,0/1,0/1,0/1,0/1,0/1,0/1,False
anchor_rows,2701,,9/10,image-20,singleton,union_partial,1,0,excluded,universal_bound,universal_bound,0/1,0/1,0/1,0/1,0/1,0/1,False
anchor_rows,2702,,9/10,image-21,singleton,exact_projection,1,0,supported,universal_bound,universal_bound,1/1,1/1,1/1,1/1,1/1,1/1,False
anchor_rows,2703,,9/10,image-21,singleton,one_edit_per_image,1,0,supported,universal_bound,universal_bound,1/1,1/1,1/1,1/1,1/1,1/1,False
anchor_rows,2704,,9/10,image-21,singleton,one_edit_global,1,0,supported,universal_bound,universal_bound,1/1,1/1,1/1,1/1,1/1,1/1,False
anchor_rows,2705,,9/10,image-21,singleton,current_strict,1,0,supported,universal_bound,universal_bound,1/1,1/1,1/1,1/1,1/1,1/1,False
anchor_rows,2706,,9/10,image-21,singleton,current_partial,1,0,supported,universal_bound,universal_bound,1/1,1/1,1/1,1/1,1/1,1/1,False
anchor_rows,2707,,9/10,image-21,singleton,union_strict,1,1,input_blocked,,,,,,,,,False
anchor_rows,2708,,9/10,image-21,singleton,union_partial,1,0,supported,universal_bound,universal_bound,1/1,1/1,1/1,1/1,1/1,1/1,False
anchor_rows,2709,,9/10,image-22,singleton,exact_projection,1,0,excluded,universal_bound,universal_bound,0/1,0/1,0/1,0/1,0/1,0/1,False
anchor_rows,2710,,9/10,image-22,singleton,one_edit_per_image,1,0,excluded,universal_bound,universal_bound,0/1,0/1,0/1,0/1,0/1,0/1,False
anchor_rows,2711,,9/10,image-22,singleton,one_edit_global,1,0,excluded,universal_bound,universal_bound,0/1,0/1,0/1,0/1,0/1,0/1,False
anchor_rows,2712,,9/10,image-22,singleton,current_strict,1,1,input_blocked,,,,,,,,,False
anchor_rows,2713,,9/10,image-22,singleton,current_partial,1,0,excluded,universal_bound,universal_bound,0/1,0/1,0/1,0/1,0/1,0/1,False
anchor_rows,2714,,9/10,image-22,singleton,union_strict,1,1,input_blocked,,,,,,,,,False
anchor_rows,2715,,9/10,image-22,singleton,union_partial,1,0,excluded,universal_bound,universal_bound,0/1,0/1,0/1,0/1,0/1,0/1,False
anchor_rows,2716,,9/10,image-23,singleton,exact_projection,1,0,excluded,universal_bound,universal_bound,0/1,0/1,0/1,0/1,0/1,0/1,False
anchor_rows,2717,,9/10,image-23,singleton,one_edit_per_image,1,0,excluded,universal_bound,universal_bound,0/1,0/1,0/1,0/1,0/1,0/1,False
anchor_rows,2718,,9/10,image-23,singleton,one_edit_global,1,0,excluded,universal_bound,universal_bound,0/1,0/1,0/1,0/1,0/1,0/1,False
anchor_rows,2719,,9/10,image-23,singleton,current_strict,1,0,excluded,universal_bound,universal_bound,0/1,0/1,0/1,0/1,0/1,0/1,False
anchor_rows,2720,,9/10,image-23,singleton,current_partial,1,0,excluded,universal_bound,universal_bound,0/1,0/1,0/1,0/1,0/1,0/1,False
anchor_rows,2721,,9/10,image-23,singleton,union_strict,1,1,input_blocked,,,,,,,,,False
anchor_rows,2722,,9/10,image-23,singleton,union_partial,1,0,excluded,universal_bound,universal_bound,0/1,0/1,0/1,0/1,0/1,0/1,False
anchor_rows,2723,,9/10,image-24,singleton,exact_projection,1,0,excluded,universal_bound,universal_bound,0/1,0/1,0/1,0/1,0/1,0/1,False
anchor_rows,2724,,9/10,image-24,singleton,one_edit_per_image,1,0,excluded,universal_bound,universal_bound,0/1,0/1,0/1,0/1,0/1,0/1,False
anchor_rows,2725,,9/10,image-24,singleton,one_edit_global,1,0,excluded,universal_bound,universal_bound,0/1,0/1,0/1,0/1,0/1,0/1,False
anchor_rows,2726,,9/10,image-24,singleton,current_strict,1,0,excluded,universal_bound,universal_bound,0/1,0/1,0/1,0/1,0/1,0/1,False
anchor_rows,2727,,9/10,image-24,singleton,current_partial,1,0,excluded,universal_bound,universal_bound,0/1,0/1,0/1,0/1,0/1,0/1,False
anchor_rows,2728,,9/10,image-24,singleton,union_strict,1,0,excluded,universal_bound,universal_bound,0/1,0/1,0/1,0/1,0/1,0/1,False
anchor_rows,2729,,9/10,image-24,singleton,union_partial,1,0,excluded,universal_bound,universal_bound,0/1,0/1,0/1,0/1,0/1,0/1,False
anchor_rows,2730,,9/10,image-25,singleton,exact_projection,1,0,excluded,universal_bound,universal_bound,0/1,0/1,0/1,0/1,0/1,0/1,False
anchor_rows,2731,,9/10,image-25,singleton,one_edit_per_image,1,0,excluded,universal_bound,universal_bound,0/1,0/1,0/1,0/1,0/1,0/1,False
anchor_rows,2732,,9/10,image-25,singleton,one_edit_global,1,0,excluded,universal_bound,universal_bound,0/1,0/1,0/1,0/1,0/1,0/1,False
anchor_rows,2733,,9/10,image-25,singleton,current_strict,1,0,excluded,universal_bound,universal_bound,0/1,0/1,0/1,0/1,0/1,0/1,False
anchor_rows,2734,,9/10,image-25,singleton,current_partial,1,0,excluded,universal_bound,universal_bound,0/1,0/1,0/1,0/1,0/1,0/1,False
anchor_rows,2735,,9/10,image-25,singleton,union_strict,1,1,input_blocked,,,,,,,,,False
anchor_rows,2736,,9/10,image-25,singleton,union_partial,1,0,excluded,universal_bound,universal_bound,0/1,0/1,0/1,0/1,0/1,0/1,False
anchor_rows,2737,,9/10,image-26,singleton,exact_projection,1,0,supported,universal_bound,universal_bound,1/1,1/1,1/1,1/1,1/1,1/1,False
anchor_rows,2738,,9/10,image-26,singleton,one_edit_per_image,1,0,unresolved,opposite_worlds,opposite_worlds,-1/1,1/1,-1/1,1/1,-1/1,1/1,False
anchor_rows,2739,,9/10,image-26,singleton,one_edit_global,1,0,unresolved,opposite_worlds,opposite_worlds,-1/1,1/1,-1/1,1/1,-1/1,1/1,False
anchor_rows,2740,,9/10,image-26,singleton,current_strict,1,0,supported,universal_bound,universal_bound,1/1,1/1,1/1,1/1,1/1,1/1,False
anchor_rows,2741,,9/10,image-26,singleton,current_partial,1,0,supported,universal_bound,universal_bound,1/1,1/1,1/1,1/1,1/1,1/1,False
anchor_rows,2742,,9/10,image-26,singleton,union_strict,1,0,supported,universal_bound,universal_bound,1/1,1/1,1/1,1/1,1/1,1/1,False
anchor_rows,2743,,9/10,image-26,singleton,union_partial,1,0,supported,universal_bound,universal_bound,1/1,1/1,1/1,1/1,1/1,1/1,False
anchor_rows,2744,,9/10,image-27,singleton,exact_projection,1,0,excluded,universal_bound,universal_bound,0/1,0/1,0/1,0/1,0/1,0/1,False
anchor_rows,2745,,9/10,image-27,singleton,one_edit_per_image,1,0,excluded,universal_bound,universal_bound,0/1,0/1,0/1,0/1,0/1,0/1,False
anchor_rows,2746,,9/10,image-27,singleton,one_edit_global,1,0,excluded,universal_bound,universal_bound,0/1,0/1,0/1,0/1,0/1,0/1,False
anchor_rows,2747,,9/10,image-27,singleton,current_strict,1,1,input_blocked,,,,,,,,,False
anchor_rows,2748,,9/10,image-27,singleton,current_partial,1,0,excluded,universal_bound,universal_bound,0/1,0/1,0/1,0/1,0/1,0/1,False
anchor_rows,2749,,9/10,image-27,singleton,union_strict,1,1,input_blocked,,,,,,,,,False
anchor_rows,2750,,9/10,image-27,singleton,union_partial,1,0,excluded,universal_bound,universal_bound,0/1,0/1,0/1,0/1,0/1,0/1,False
anchor_rows,2751,,9/10,image-28,singleton,exact_projection,1,0,excluded,universal_bound,universal_bound,0/1,0/1,0/1,0/1,0/1,0/1,False
anchor_rows,2752,,9/10,image-28,singleton,one_edit_per_image,1,0,excluded,universal_bound,universal_bound,0/1,0/1,0/1,0/1,0/1,0/1,False
anchor_rows,2753,,9/10,image-28,singleton,one_edit_global,1,0,excluded,universal_bound,universal_bound,0/1,0/1,0/1,0/1,0/1,0/1,False
anchor_rows,2754,,9/10,image-28,singleton,current_strict,1,1,input_blocked,,,,,,,,,False
anchor_rows,2755,,9/10,image-28,singleton,current_partial,1,0,excluded,universal_bound,universal_bound,0/1,0/1,0/1,0/1,0/1,0/1,False
anchor_rows,2756,,9/10,image-28,singleton,union_strict,1,1,input_blocked,,,,,,,,,False
anchor_rows,2757,,9/10,image-28,singleton,union_partial,1,0,excluded,universal_bound,universal_bound,0/1,0/1,0/1,0/1,0/1,0/1,False
anchor_rows,2758,,9/10,image-29,singleton,exact_projection,1,0,excluded,universal_bound,universal_bound,0/1,0/1,0/1,0/1,0/1,0/1,False
anchor_rows,2759,,9/10,image-29,singleton,one_edit_per_image,1,0,excluded,universal_bound,universal_bound,0/1,0/1,0/1,0/1,0/1,0/1,False
anchor_rows,2760,,9/10,image-29,singleton,one_edit_global,1,0,excluded,universal_bound,universal_bound,0/1,0/1,0/1,0/1,0/1,0/1,False
anchor_rows,2761,,9/10,image-29,singleton,current_strict,1,1,input_blocked,,,,,,,,,False
anchor_rows,2762,,9/10,image-29,singleton,current_partial,1,0,excluded,universal_bound,universal_bound,0/1,0/1,0/1,0/1,0/1,0/1,False
anchor_rows,2763,,9/10,image-29,singleton,union_strict,1,1,input_blocked,,,,,,,,,False
anchor_rows,2764,,9/10,image-29,singleton,union_partial,1,0,excluded,universal_bound,universal_bound,0/1,0/1,0/1,0/1,0/1,0/1,False
anchor_rows,2765,,9/10,image-30,singleton,exact_projection,1,0,supported,universal_bound,universal_bound,1/1,1/1,1/1,1/1,1/1,1/1,False
anchor_rows,2766,,9/10,image-30,singleton,one_edit_per_image,1,0,unresolved,opposite_worlds,opposite_worlds,-1/1,1/1,-1/1,1/1,-1/1,1/1,False
anchor_rows,2767,,9/10,image-30,singleton,one_edit_global,1,0,unresolved,opposite_worlds,opposite_worlds,-1/1,1/1,-1/1,1/1,-1/1,1/1,False
anchor_rows,2768,,9/10,image-30,singleton,current_strict,1,1,input_blocked,,,,,,,,,False
anchor_rows,2769,,9/10,image-30,singleton,current_partial,1,0,supported,universal_bound,universal_bound,1/1,1/1,1/1,1/1,1/1,1/1,False
anchor_rows,2770,,9/10,image-30,singleton,union_strict,1,1,input_blocked,,,,,,,,,False
anchor_rows,2771,,9/10,image-30,singleton,union_partial,1,0,supported,universal_bound,universal_bound,1/1,1/1,1/1,1/1,1/1,1/1,False
anchor_rows,2772,,9/10,image-31,singleton,exact_projection,1,0,excluded,universal_bound,universal_bound,0/1,0/1,0/1,0/1,0/1,0/1,False
anchor_rows,2773,,9/10,image-31,singleton,one_edit_per_image,1,0,unresolved,bound_gap,opposite_worlds,-2/1,2/1,0/1,0/1,-2/1,2/1,True
anchor_rows,2774,,9/10,image-31,singleton,one_edit_global,1,0,unresolved,bound_gap,opposite_worlds,-2/1,2/1,0/1,0/1,-2/1,2/1,True
anchor_rows,2775,,9/10,image-31,singleton,current_strict,1,1,input_blocked,,,,,,,,,False
anchor_rows,2776,,9/10,image-31,singleton,current_partial,1,0,excluded,universal_bound,universal_bound,0/1,0/1,0/1,0/1,0/1,0/1,False
anchor_rows,2777,,9/10,image-31,singleton,union_strict,1,1,input_blocked,,,,,,,,,False
anchor_rows,2778,,9/10,image-31,singleton,union_partial,1,0,excluded,universal_bound,universal_bound,0/1,0/1,0/1,0/1,0/1,0/1,False
anchor_rows,2779,,9/10,image-32,singleton,exact_projection,1,0,excluded,universal_bound,universal_bound,0/1,0/1,0/1,0/1,0/1,0/1,False
anchor_rows,2780,,9/10,image-32,singleton,one_edit_per_image,1,0,excluded,universal_bound,universal_bound,0/1,0/1,0/1,0/1,0/1,0/1,False
anchor_rows,2781,,9/10,image-32,singleton,one_edit_global,1,0,excluded,universal_bound,universal_bound,0/1,0/1,0/1,0/1,0/1,0/1,False
anchor_rows,2782,,9/10,image-32,singleton,current_strict,1,0,excluded,universal_bound,universal_bound,0/1,0/1,0/1,0/1,0/1,0/1,False
anchor_rows,2783,,9/10,image-32,singleton,current_partial,1,0,excluded,universal_bound,universal_bound,0/1,0/1,0/1,0/1,0/1,0/1,False
anchor_rows,2784,,9/10,image-32,singleton,union_strict,1,0,excluded,universal_bound,universal_bound,0/1,0/1,0/1,0/1,0/1,0/1,False
anchor_rows,2785,,9/10,image-32,singleton,union_partial,1,0,excluded,universal_bound,universal_bound,0/1,0/1,0/1,0/1,0/1,0/1,False
anchor_rows,2786,,9/10,image-33,singleton,exact_projection,1,0,excluded,universal_bound,universal_bound,0/1,0/1,0/1,0/1,0/1,0/1,False
anchor_rows,2787,,9/10,image-33,singleton,one_edit_per_image,1,0,excluded,universal_bound,universal_bound,0/1,0/1,0/1,0/1,0/1,0/1,False
anchor_rows,2788,,9/10,image-33,singleton,one_edit_global,1,0,excluded,universal_bound,universal_bound,0/1,0/1,0/1,0/1,0/1,0/1,False
anchor_rows,2789,,9/10,image-33,singleton,current_strict,1,1,input_blocked,,,,,,,,,False
anchor_rows,2790,,9/10,image-33,singleton,current_partial,1,0,excluded,universal_bound,universal_bound,0/1,0/1,0/1,0/1,0/1,0/1,False
anchor_rows,2791,,9/10,image-33,singleton,union_strict,1,1,input_blocked,,,,,,,,,False
anchor_rows,2792,,9/10,image-33,singleton,union_partial,1,0,excluded,universal_bound,universal_bound,0/1,0/1,0/1,0/1,0/1,0/1,False
anchor_rows,2793,,9/10,image-34,singleton,exact_projection,1,0,excluded,universal_bound,universal_bound,0/1,0/1,0/1,0/1,0/1,0/1,False
anchor_rows,2794,,9/10,image-34,singleton,one_edit_per_image,1,0,excluded,universal_bound,universal_bound,0/1,0/1,0/1,0/1,0/1,0/1,False
anchor_rows,2795,,9/10,image-34,singleton,one_edit_global,1,0,excluded,universal_bound,universal_bound,0/1,0/1,0/1,0/1,0/1,0/1,False
anchor_rows,2796,,9/10,image-34,singleton,current_strict,1,0,excluded,universal_bound,universal_bound,0/1,0/1,0/1,0/1,0/1,0/1,False
anchor_rows,2797,,9/10,image-34,singleton,current_partial,1,0,excluded,universal_bound,universal_bound,0/1,0/1,0/1,0/1,0/1,0/1,False
anchor_rows,2798,,9/10,image-34,singleton,union_strict,1,1,input_blocked,,,,,,,,,False
anchor_rows,2799,,9/10,image-34,singleton,union_partial,1,0,excluded,universal_bound,universal_bound,0/1,0/1,0/1,0/1,0/1,0/1,False
anchor_rows,2800,,9/10,image-35,singleton,exact_projection,1,0,excluded,universal_bound,universal_bound,0/1,0/1,0/1,0/1,0/1,0/1,False
anchor_rows,2801,,9/10,image-35,singleton,one_edit_per_image,1,0,excluded,universal_bound,universal_bound,0/1,0/1,0/1,0/1,0/1,0/1,False
anchor_rows,2802,,9/10,image-35,singleton,one_edit_global,1,0,excluded,universal_bound,universal_bound,0/1,0/1,0/1,0/1,0/1,0/1,False
anchor_rows,2803,,9/10,image-35,singleton,current_strict,1,0,excluded,universal_bound,universal_bound,0/1,0/1,0/1,0/1,0/1,0/1,False
anchor_rows,2804,,9/10,image-35,singleton,current_partial,1,0,excluded,universal_bound,universal_bound,0/1,0/1,0/1,0/1,0/1,0/1,False
anchor_rows,2805,,9/10,image-35,singleton,union_strict,1,0,excluded,universal_bound,universal_bound,0/1,0/1,0/1,0/1,0/1,0/1,False
anchor_rows,2806,,9/10,image-35,singleton,union_partial,1,0,excluded,universal_bound,universal_bound,0/1,0/1,0/1,0/1,0/1,0/1,False
anchor_rows,2807,,9/10,image-36,singleton,exact_projection,1,0,excluded,universal_bound,universal_bound,0/1,0/1,0/1,0/1,0/1,0/1,False
anchor_rows,2808,,9/10,image-36,singleton,one_edit_per_image,1,0,excluded,universal_bound,universal_bound,0/1,0/1,0/1,0/1,0/1,0/1,False
anchor_rows,2809,,9/10,image-36,singleton,one_edit_global,1,0,excluded,universal_bound,universal_bound,0/1,0/1,0/1,0/1,0/1,0/1,False
anchor_rows,2810,,9/10,image-36,singleton,current_strict,1,0,excluded,universal_bound,universal_bound,0/1,0/1,0/1,0/1,0/1,0/1,False
anchor_rows,2811,,9/10,image-36,singleton,current_partial,1,0,excluded,universal_bound,universal_bound,0/1,0/1,0/1,0/1,0/1,0/1,False
anchor_rows,2812,,9/10,image-36,singleton,union_strict,1,0,excluded,universal_bound,universal_bound,0/1,0/1,0/1,0/1,0/1,0/1,False
anchor_rows,2813,,9/10,image-36,singleton,union_partial,1,0,excluded,universal_bound,universal_bound,0/1,0/1,0/1,0/1,0/1,0/1,False
anchor_rows,2814,,9/10,image-37,singleton,exact_projection,1,0,excluded,universal_bound,universal_bound,0/1,0/1,0/1,0/1,0/1,0/1,False
anchor_rows,2815,,9/10,image-37,singleton,one_edit_per_image,1,0,excluded,universal_bound,universal_bound,0/1,0/1,0/1,0/1,0/1,0/1,False
anchor_rows,2816,,9/10,image-37,singleton,one_edit_global,1,0,excluded,universal_bound,universal_bound,0/1,0/1,0/1,0/1,0/1,0/1,False
anchor_rows,2817,,9/10,image-37,singleton,current_strict,1,1,input_blocked,,,,,,,,,False
anchor_rows,2818,,9/10,image-37,singleton,current_partial,1,0,excluded,universal_bound,universal_bound,0/1,0/1,0/1,0/1,0/1,0/1,False
anchor_rows,2819,,9/10,image-37,singleton,union_strict,1,1,input_blocked,,,,,,,,,False
anchor_rows,2820,,9/10,image-37,singleton,union_partial,1,0,excluded,universal_bound,universal_bound,0/1,0/1,0/1,0/1,0/1,0/1,False
anchor_rows,2821,,9/10,image-38,singleton,exact_projection,1,0,excluded,universal_bound,universal_bound,0/1,0/1,0/1,0/1,0/1,0/1,False
anchor_rows,2822,,9/10,image-38,singleton,one_edit_per_image,1,0,unresolved,bound_gap,opposite_worlds,-2/1,2/1,0/1,0/1,-2/1,2/1,True
anchor_rows,2823,,9/10,image-38,singleton,one_edit_global,1,0,unresolved,bound_gap,opposite_worlds,-2/1,2/1,0/1,0/1,-2/1,2/1,True
anchor_rows,2824,,9/10,image-38,singleton,current_strict,1,1,input_blocked,,,,,,,,,False
anchor_rows,2825,,9/10,image-38,singleton,current_partial,1,0,excluded,universal_bound,universal_bound,0/1,0/1,0/1,0/1,0/1,0/1,False
anchor_rows,2826,,9/10,image-38,singleton,union_strict,1,1,input_blocked,,,,,,,,,False
anchor_rows,2827,,9/10,image-38,singleton,union_partial,1,0,excluded,universal_bound,universal_bound,0/1,0/1,0/1,0/1,0/1,0/1,False
anchor_rows,2828,,9/10,image-39,singleton,exact_projection,1,0,excluded,universal_bound,universal_bound,0/1,0/1,0/1,0/1,0/1,0/1,False
anchor_rows,2829,,9/10,image-39,singleton,one_edit_per_image,1,0,unresolved,bound_gap,opposite_worlds,-2/1,2/1,0/1,0/1,-2/1,2/1,True
anchor_rows,2830,,9/10,image-39,singleton,one_edit_global,1,0,unresolved,bound_gap,opposite_worlds,-2/1,2/1,0/1,0/1,-2/1,2/1,True
anchor_rows,2831,,9/10,image-39,singleton,current_strict,1,1,input_blocked,,,,,,,,,False
anchor_rows,2832,,9/10,image-39,singleton,current_partial,1,0,excluded,universal_bound,universal_bound,0/1,0/1,0/1,0/1,0/1,0/1,False
anchor_rows,2833,,9/10,image-39,singleton,union_strict,1,1,input_blocked,,,,,,,,,False
anchor_rows,2834,,9/10,image-39,singleton,union_partial,1,0,excluded,universal_bound,universal_bound,0/1,0/1,0/1,0/1,0/1,0/1,False
anchor_rows,2835,,9/10,image-40,singleton,exact_projection,1,0,excluded,universal_bound,universal_bound,-1/1,-1/1,-1/1,-1/1,-1/1,-1/1,False
anchor_rows,2836,,9/10,image-40,singleton,one_edit_per_image,1,0,unresolved,opposite_worlds,opposite_worlds,-3/1,1/1,-1/1,1/1,-1/1,1/1,False
anchor_rows,2837,,9/10,image-40,singleton,one_edit_global,1,0,unresolved,opposite_worlds,opposite_worlds,-3/1,1/1,-1/1,1/1,-1/1,1/1,False
anchor_rows,2838,,9/10,image-40,singleton,current_strict,1,0,excluded,universal_bound,universal_bound,-1/1,-1/1,-1/1,-1/1,-1/1,-1/1,False
anchor_rows,2839,,9/10,image-40,singleton,current_partial,1,0,excluded,universal_bound,universal_bound,-1/1,-1/1,-1/1,-1/1,-1/1,-1/1,False
anchor_rows,2840,,9/10,image-40,singleton,union_strict,1,1,input_blocked,,,,,,,,,False
anchor_rows,2841,,9/10,image-40,singleton,union_partial,1,0,excluded,universal_bound,universal_bound,-1/1,-1/1,-1/1,-1/1,-1/1,-1/1,False
anchor_rows,2842,,9/10,image-41,singleton,exact_projection,1,0,excluded,universal_bound,universal_bound,0/1,0/1,0/1,0/1,0/1,0/1,False
anchor_rows,2843,,9/10,image-41,singleton,one_edit_per_image,1,0,excluded,universal_bound,universal_bound,0/1,0/1,0/1,0/1,0/1,0/1,False
anchor_rows,2844,,9/10,image-41,singleton,one_edit_global,1,0,excluded,universal_bound,universal_bound,0/1,0/1,0/1,0/1,0/1,0/1,False
anchor_rows,2845,,9/10,image-41,singleton,current_strict,1,1,input_blocked,,,,,,,,,False
anchor_rows,2846,,9/10,image-41,singleton,current_partial,1,0,excluded,universal_bound,universal_bound,0/1,0/1,0/1,0/1,0/1,0/1,False
anchor_rows,2847,,9/10,image-41,singleton,union_strict,1,1,input_blocked,,,,,,,,,False
anchor_rows,2848,,9/10,image-41,singleton,union_partial,1,0,excluded,universal_bound,universal_bound,0/1,0/1,0/1,0/1,0/1,0/1,False
anchor_rows,2849,,9/10,image-42,singleton,exact_projection,1,0,excluded,universal_bound,universal_bound,0/1,0/1,0/1,0/1,0/1,0/1,False
anchor_rows,2850,,9/10,image-42,singleton,one_edit_per_image,1,0,excluded,universal_bound,universal_bound,0/1,0/1,0/1,0/1,0/1,0/1,False
anchor_rows,2851,,9/10,image-42,singleton,one_edit_global,1,0,excluded,universal_bound,universal_bound,0/1,0/1,0/1,0/1,0/1,0/1,False
anchor_rows,2852,,9/10,image-42,singleton,current_strict,1,0,excluded,universal_bound,universal_bound,0/1,0/1,0/1,0/1,0/1,0/1,False
anchor_rows,2853,,9/10,image-42,singleton,current_partial,1,0,excluded,universal_bound,universal_bound,0/1,0/1,0/1,0/1,0/1,0/1,False
anchor_rows,2854,,9/10,image-42,singleton,union_strict,1,1,input_blocked,,,,,,,,,False
anchor_rows,2855,,9/10,image-42,singleton,union_partial,1,0,excluded,universal_bound,universal_bound,0/1,0/1,0/1,0/1,0/1,0/1,False
anchor_rows,2856,,9/10,image-43,singleton,exact_projection,1,0,excluded,universal_bound,universal_bound,0/1,0/1,0/1,0/1,0/1,0/1,False
anchor_rows,2857,,9/10,image-43,singleton,one_edit_per_image,1,0,excluded,universal_bound,universal_bound,0/1,0/1,0/1,0/1,0/1,0/1,False
anchor_rows,2858,,9/10,image-43,singleton,one_edit_global,1,0,excluded,universal_bound,universal_bound,0/1,0/1,0/1,0/1,0/1,0/1,False
anchor_rows,2859,,9/10,image-43,singleton,current_strict,1,1,input_blocked,,,,,,,,,False
anchor_rows,2860,,9/10,image-43,singleton,current_partial,1,0,excluded,universal_bound,universal_bound,0/1,0/1,0/1,0/1,0/1,0/1,False
anchor_rows,2861,,9/10,image-43,singleton,union_strict,1,1,input_blocked,,,,,,,,,False
anchor_rows,2862,,9/10,image-43,singleton,union_partial,1,0,excluded,universal_bound,universal_bound,0/1,0/1,0/1,0/1,0/1,0/1,False
anchor_rows,2863,,9/10,image-44,singleton,exact_projection,1,0,excluded,universal_bound,universal_bound,0/1,0/1,0/1,0/1,0/1,0/1,False
anchor_rows,2864,,9/10,image-44,singleton,one_edit_per_image,1,0,excluded,universal_bound,universal_bound,0/1,0/1,0/1,0/1,0/1,0/1,False
anchor_rows,2865,,9/10,image-44,singleton,one_edit_global,1,0,excluded,universal_bound,universal_bound,0/1,0/1,0/1,0/1,0/1,0/1,False
anchor_rows,2866,,9/10,image-44,singleton,current_strict,1,0,excluded,universal_bound,universal_bound,0/1,0/1,0/1,0/1,0/1,0/1,False
anchor_rows,2867,,9/10,image-44,singleton,current_partial,1,0,excluded,universal_bound,universal_bound,0/1,0/1,0/1,0/1,0/1,0/1,False
anchor_rows,2868,,9/10,image-44,singleton,union_strict,1,0,excluded,universal_bound,universal_bound,0/1,0/1,0/1,0/1,0/1,0/1,False
anchor_rows,2869,,9/10,image-44,singleton,union_partial,1,0,excluded,universal_bound,universal_bound,0/1,0/1,0/1,0/1,0/1,0/1,False
anchor_rows,2870,,9/10,image-45,singleton,exact_projection,1,0,excluded,universal_bound,universal_bound,0/1,0/1,0/1,0/1,0/1,0/1,False
anchor_rows,2871,,9/10,image-45,singleton,one_edit_per_image,1,0,excluded,universal_bound,universal_bound,0/1,0/1,0/1,0/1,0/1,0/1,False
anchor_rows,2872,,9/10,image-45,singleton,one_edit_global,1,0,excluded,universal_bound,universal_bound,0/1,0/1,0/1,0/1,0/1,0/1,False
anchor_rows,2873,,9/10,image-45,singleton,current_strict,1,1,input_blocked,,,,,,,,,False
anchor_rows,2874,,9/10,image-45,singleton,current_partial,1,0,excluded,universal_bound,universal_bound,0/1,0/1,0/1,0/1,0/1,0/1,False
anchor_rows,2875,,9/10,image-45,singleton,union_strict,1,1,input_blocked,,,,,,,,,False
anchor_rows,2876,,9/10,image-45,singleton,union_partial,1,0,excluded,universal_bound,universal_bound,0/1,0/1,0/1,0/1,0/1,0/1,False
anchor_rows,2877,,9/10,image-46,singleton,exact_projection,1,0,excluded,universal_bound,universal_bound,0/1,0/1,0/1,0/1,0/1,0/1,False
anchor_rows,2878,,9/10,image-46,singleton,one_edit_per_image,1,0,excluded,universal_bound,universal_bound,0/1,0/1,0/1,0/1,0/1,0/1,False
anchor_rows,2879,,9/10,image-46,singleton,one_edit_global,1,0,excluded,universal_bound,universal_bound,0/1,0/1,0/1,0/1,0/1,0/1,False
anchor_rows,2880,,9/10,image-46,singleton,current_strict,1,0,excluded,universal_bound,universal_bound,0/1,0/1,0/1,0/1,0/1,0/1,False
anchor_rows,2881,,9/10,image-46,singleton,current_partial,1,0,excluded,universal_bound,universal_bound,0/1,0/1,0/1,0/1,0/1,0/1,False
anchor_rows,2882,,9/10,image-46,singleton,union_strict,1,1,input_blocked,,,,,,,,,False
anchor_rows,2883,,9/10,image-46,singleton,union_partial,1,0,excluded,universal_bound,universal_bound,0/1,0/1,0/1,0/1,0/1,0/1,False
anchor_rows,2884,,9/10,image-47,singleton,exact_projection,1,0,excluded,universal_bound,universal_bound,0/1,0/1,0/1,0/1,0/1,0/1,False
anchor_rows,2885,,9/10,image-47,singleton,one_edit_per_image,1,0,excluded,universal_bound,universal_bound,0/1,0/1,0/1,0/1,0/1,0/1,False
anchor_rows,2886,,9/10,image-47,singleton,one_edit_global,1,0,excluded,universal_bound,universal_bound,0/1,0/1,0/1,0/1,0/1,0/1,False
anchor_rows,2887,,9/10,image-47,singleton,current_strict,1,0,excluded,universal_bound,universal_bound,0/1,0/1,0/1,0/1,0/1,0/1,False
anchor_rows,2888,,9/10,image-47,singleton,current_partial,1,0,excluded,universal_bound,universal_bound,0/1,0/1,0/1,0/1,0/1,0/1,False
anchor_rows,2889,,9/10,image-47,singleton,union_strict,1,0,excluded,universal_bound,universal_bound,0/1,0/1,0/1,0/1,0/1,0/1,False
anchor_rows,2890,,9/10,image-47,singleton,union_partial,1,0,excluded,universal_bound,universal_bound,0/1,0/1,0/1,0/1,0/1,0/1,False
anchor_rows,2891,,9/10,image-48,singleton,exact_projection,1,0,supported,universal_bound,universal_bound,1/1,1/1,1/1,1/1,1/1,1/1,False
anchor_rows,2892,,9/10,image-48,singleton,one_edit_per_image,1,0,unresolved,opposite_worlds,opposite_worlds,-1/1,1/1,-1/1,1/1,-1/1,1/1,False
anchor_rows,2893,,9/10,image-48,singleton,one_edit_global,1,0,unresolved,opposite_worlds,opposite_worlds,-1/1,1/1,-1/1,1/1,-1/1,1/1,False
anchor_rows,2894,,9/10,image-48,singleton,current_strict,1,0,supported,universal_bound,universal_bound,1/1,1/1,1/1,1/1,1/1,1/1,False
anchor_rows,2895,,9/10,image-48,singleton,current_partial,1,0,supported,universal_bound,universal_bound,1/1,1/1,1/1,1/1,1/1,1/1,False
anchor_rows,2896,,9/10,image-48,singleton,union_strict,1,0,supported,universal_bound,universal_bound,1/1,1/1,1/1,1/1,1/1,1/1,False
anchor_rows,2897,,9/10,image-48,singleton,union_partial,1,0,supported,universal_bound,universal_bound,1/1,1/1,1/1,1/1,1/1,1/1,False
anchor_rows,2898,,9/10,image-49,singleton,exact_projection,1,0,excluded,universal_bound,universal_bound,0/1,0/1,0/1,0/1,0/1,0/1,False
anchor_rows,2899,,9/10,image-49,singleton,one_edit_per_image,1,0,excluded,universal_bound,universal_bound,0/1,0/1,0/1,0/1,0/1,0/1,False
anchor_rows,2900,,9/10,image-49,singleton,one_edit_global,1,0,excluded,universal_bound,universal_bound,0/1,0/1,0/1,0/1,0/1,0/1,False
anchor_rows,2901,,9/10,image-49,singleton,current_strict,1,0,excluded,universal_bound,universal_bound,0/1,0/1,0/1,0/1,0/1,0/1,False
anchor_rows,2902,,9/10,image-49,singleton,current_partial,1,0,excluded,universal_bound,universal_bound,0/1,0/1,0/1,0/1,0/1,0/1,False
anchor_rows,2903,,9/10,image-49,singleton,union_strict,1,0,excluded,universal_bound,universal_bound,0/1,0/1,0/1,0/1,0/1,0/1,False
anchor_rows,2904,,9/10,image-49,singleton,union_partial,1,0,excluded,universal_bound,universal_bound,0/1,0/1,0/1,0/1,0/1,0/1,False
anchor_rows,2905,,9/10,image-50,singleton,exact_projection,1,0,excluded,universal_bound,universal_bound,0/1,0/1,0/1,0/1,0/1,0/1,False
anchor_rows,2906,,9/10,image-50,singleton,one_edit_per_image,1,0,excluded,universal_bound,universal_bound,0/1,0/1,0/1,0/1,0/1,0/1,False
anchor_rows,2907,,9/10,image-50,singleton,one_edit_global,1,0,excluded,universal_bound,universal_bound,0/1,0/1,0/1,0/1,0/1,0/1,False
anchor_rows,2908,,9/10,image-50,singleton,current_strict,1,0,excluded,universal_bound,universal_bound,0/1,0/1,0/1,0/1,0/1,0/1,False
anchor_rows,2909,,9/10,image-50,singleton,current_partial,1,0,excluded,universal_bound,universal_bound,0/1,0/1,0/1,0/1,0/1,0/1,False
anchor_rows,2910,,9/10,image-50,singleton,union_strict,1,0,excluded,universal_bound,universal_bound,0/1,0/1,0/1,0/1,0/1,0/1,False
anchor_rows,2911,,9/10,image-50,singleton,union_partial,1,0,excluded,universal_bound,universal_bound,0/1,0/1,0/1,0/1,0/1,0/1,False
anchor_rows,2912,,9/10,image-51,singleton,exact_projection,1,0,excluded,universal_bound,universal_bound,0/1,0/1,0/1,0/1,0/1,0/1,False
anchor_rows,2913,,9/10,image-51,singleton,one_edit_per_image,1,0,excluded,universal_bound,universal_bound,0/1,0/1,0/1,0/1,0/1,0/1,False
anchor_rows,2914,,9/10,image-51,singleton,one_edit_global,1,0,excluded,universal_bound,universal_bound,0/1,0/1,0/1,0/1,0/1,0/1,False
anchor_rows,2915,,9/10,image-51,singleton,current_strict,1,0,excluded,universal_bound,universal_bound,0/1,0/1,0/1,0/1,0/1,0/1,False
anchor_rows,2916,,9/10,image-51,singleton,current_partial,1,0,excluded,universal_bound,universal_bound,0/1,0/1,0/1,0/1,0/1,0/1,False
anchor_rows,2917,,9/10,image-51,singleton,union_strict,1,0,excluded,universal_bound,universal_bound,0/1,0/1,0/1,0/1,0/1,0/1,False
anchor_rows,2918,,9/10,image-51,singleton,union_partial,1,0,excluded,universal_bound,universal_bound,0/1,0/1,0/1,0/1,0/1,0/1,False
anchor_rows,2919,,9/10,image-52,singleton,exact_projection,1,0,excluded,universal_bound,universal_bound,0/1,0/1,0/1,0/1,0/1,0/1,False
anchor_rows,2920,,9/10,image-52,singleton,one_edit_per_image,1,0,excluded,universal_bound,universal_bound,0/1,0/1,0/1,0/1,0/1,0/1,False
anchor_rows,2921,,9/10,image-52,singleton,one_edit_global,1,0,excluded,universal_bound,universal_bound,0/1,0/1,0/1,0/1,0/1,0/1,False
anchor_rows,2922,,9/10,image-52,singleton,current_strict,1,1,input_blocked,,,,,,,,,False
anchor_rows,2923,,9/10,image-52,singleton,current_partial,1,0,excluded,universal_bound,universal_bound,0/1,0/1,0/1,0/1,0/1,0/1,False
anchor_rows,2924,,9/10,image-52,singleton,union_strict,1,1,input_blocked,,,,,,,,,False
anchor_rows,2925,,9/10,image-52,singleton,union_partial,1,0,excluded,universal_bound,universal_bound,0/1,0/1,0/1,0/1,0/1,0/1,False
anchor_rows,2926,,9/10,image-53,singleton,exact_projection,1,0,excluded,universal_bound,universal_bound,0/1,0/1,0/1,0/1,0/1,0/1,False
anchor_rows,2927,,9/10,image-53,singleton,one_edit_per_image,1,0,excluded,universal_bound,universal_bound,0/1,0/1,0/1,0/1,0/1,0/1,False
anchor_rows,2928,,9/10,image-53,singleton,one_edit_global,1,0,excluded,universal_bound,universal_bound,0/1,0/1,0/1,0/1,0/1,0/1,False
anchor_rows,2929,,9/10,image-53,singleton,current_strict,1,0,excluded,universal_bound,universal_bound,0/1,0/1,0/1,0/1,0/1,0/1,False
anchor_rows,2930,,9/10,image-53,singleton,current_partial,1,0,excluded,universal_bound,universal_bound,0/1,0/1,0/1,0/1,0/1,0/1,False
anchor_rows,2931,,9/10,image-53,singleton,union_strict,1,0,excluded,universal_bound,universal_bound,0/1,0/1,0/1,0/1,0/1,0/1,False
anchor_rows,2932,,9/10,image-53,singleton,union_partial,1,0,excluded,universal_bound,universal_bound,0/1,0/1,0/1,0/1,0/1,0/1,False
anchor_rows,2933,,9/10,image-54,singleton,exact_projection,1,0,excluded,universal_bound,universal_bound,0/1,0/1,0/1,0/1,0/1,0/1,False
anchor_rows,2934,,9/10,image-54,singleton,one_edit_per_image,1,0,excluded,universal_bound,universal_bound,0/1,0/1,0/1,0/1,0/1,0/1,False
anchor_rows,2935,,9/10,image-54,singleton,one_edit_global,1,0,excluded,universal_bound,universal_bound,0/1,0/1,0/1,0/1,0/1,0/1,False
anchor_rows,2936,,9/10,image-54,singleton,current_strict,1,1,input_blocked,,,,,,,,,False
anchor_rows,2937,,9/10,image-54,singleton,current_partial,1,0,excluded,universal_bound,universal_bound,0/1,0/1,0/1,0/1,0/1,0/1,False
anchor_rows,2938,,9/10,image-54,singleton,union_strict,1,1,input_blocked,,,,,,,,,False
anchor_rows,2939,,9/10,image-54,singleton,union_partial,1,0,excluded,universal_bound,universal_bound,0/1,0/1,0/1,0/1,0/1,0/1,False
anchor_rows,2940,,9/10,image-55,singleton,exact_projection,1,0,excluded,universal_bound,universal_bound,0/1,0/1,0/1,0/1,0/1,0/1,False
anchor_rows,2941,,9/10,image-55,singleton,one_edit_per_image,1,0,excluded,universal_bound,universal_bound,0/1,0/1,0/1,0/1,0/1,0/1,False
anchor_rows,2942,,9/10,image-55,singleton,one_edit_global,1,0,excluded,universal_bound,universal_bound,0/1,0/1,0/1,0/1,0/1,0/1,False
anchor_rows,2943,,9/10,image-55,singleton,current_strict,1,1,input_blocked,,,,,,,,,False
anchor_rows,2944,,9/10,image-55,singleton,current_partial,1,0,excluded,universal_bound,universal_bound,0/1,0/1,0/1,0/1,0/1,0/1,False
anchor_rows,2945,,9/10,image-55,singleton,union_strict,1,1,input_blocked,,,,,,,,,False
anchor_rows,2946,,9/10,image-55,singleton,union_partial,1,0,excluded,universal_bound,universal_bound,0/1,0/1,0/1,0/1,0/1,0/1,False
anchor_rows,2947,,9/10,image-56,singleton,exact_projection,1,0,excluded,universal_bound,universal_bound,0/1,0/1,0/1,0/1,0/1,0/1,False
anchor_rows,2948,,9/10,image-56,singleton,one_edit_per_image,1,0,excluded,universal_bound,universal_bound,0/1,0/1,0/1,0/1,0/1,0/1,False
anchor_rows,2949,,9/10,image-56,singleton,one_edit_global,1,0,excluded,universal_bound,universal_bound,0/1,0/1,0/1,0/1,0/1,0/1,False
anchor_rows,2950,,9/10,image-56,singleton,current_strict,1,0,excluded,universal_bound,universal_bound,0/1,0/1,0/1,0/1,0/1,0/1,False
anchor_rows,2951,,9/10,image-56,singleton,current_partial,1,0,excluded,universal_bound,universal_bound,0/1,0/1,0/1,0/1,0/1,0/1,False
anchor_rows,2952,,9/10,image-56,singleton,union_strict,1,0,excluded,universal_bound,universal_bound,0/1,0/1,0/1,0/1,0/1,0/1,False
anchor_rows,2953,,9/10,image-56,singleton,union_partial,1,0,excluded,universal_bound,universal_bound,0/1,0/1,0/1,0/1,0/1,0/1,False
anchor_rows,2954,,9/10,image-57,singleton,exact_projection,1,0,excluded,universal_bound,universal_bound,0/1,0/1,0/1,0/1,0/1,0/1,False
anchor_rows,2955,,9/10,image-57,singleton,one_edit_per_image,1,0,excluded,universal_bound,universal_bound,0/1,0/1,0/1,0/1,0/1,0/1,False
anchor_rows,2956,,9/10,image-57,singleton,one_edit_global,1,0,excluded,universal_bound,universal_bound,0/1,0/1,0/1,0/1,0/1,0/1,False
anchor_rows,2957,,9/10,image-57,singleton,current_strict,1,1,input_blocked,,,,,,,,,False
anchor_rows,2958,,9/10,image-57,singleton,current_partial,1,0,excluded,universal_bound,universal_bound,0/1,0/1,0/1,0/1,0/1,0/1,False
anchor_rows,2959,,9/10,image-57,singleton,union_strict,1,1,input_blocked,,,,,,,,,False
anchor_rows,2960,,9/10,image-57,singleton,union_partial,1,0,excluded,universal_bound,universal_bound,0/1,0/1,0/1,0/1,0/1,0/1,False
anchor_rows,2961,,9/10,image-58,singleton,exact_projection,1,0,excluded,universal_bound,universal_bound,0/1,0/1,0/1,0/1,0/1,0/1,False
anchor_rows,2962,,9/10,image-58,singleton,one_edit_per_image,1,0,excluded,universal_bound,universal_bound,0/1,0/1,0/1,0/1,0/1,0/1,False
anchor_rows,2963,,9/10,image-58,singleton,one_edit_global,1,0,excluded,universal_bound,universal_bound,0/1,0/1,0/1,0/1,0/1,0/1,False
anchor_rows,2964,,9/10,image-58,singleton,current_strict,1,0,excluded,universal_bound,universal_bound,0/1,0/1,0/1,0/1,0/1,0/1,False
anchor_rows,2965,,9/10,image-58,singleton,current_partial,1,0,excluded,universal_bound,universal_bound,0/1,0/1,0/1,0/1,0/1,0/1,False
anchor_rows,2966,,9/10,image-58,singleton,union_strict,1,0,excluded,universal_bound,universal_bound,0/1,0/1,0/1,0/1,0/1,0/1,False
anchor_rows,2967,,9/10,image-58,singleton,union_partial,1,0,excluded,universal_bound,universal_bound,0/1,0/1,0/1,0/1,0/1,0/1,False
anchor_rows,2968,,9/10,image-59,singleton,exact_projection,1,0,excluded,universal_bound,universal_bound,0/1,0/1,0/1,0/1,0/1,0/1,False
anchor_rows,2969,,9/10,image-59,singleton,one_edit_per_image,1,0,excluded,universal_bound,universal_bound,0/1,0/1,0/1,0/1,0/1,0/1,False
anchor_rows,2970,,9/10,image-59,singleton,one_edit_global,1,0,excluded,universal_bound,universal_bound,0/1,0/1,0/1,0/1,0/1,0/1,False
anchor_rows,2971,,9/10,image-59,singleton,current_strict,1,1,input_blocked,,,,,,,,,False
anchor_rows,2972,,9/10,image-59,singleton,current_partial,1,0,excluded,universal_bound,universal_bound,0/1,0/1,0/1,0/1,0/1,0/1,False
anchor_rows,2973,,9/10,image-59,singleton,union_strict,1,1,input_blocked,,,,,,,,,False
anchor_rows,2974,,9/10,image-59,singleton,union_partial,1,0,excluded,universal_bound,universal_bound,0/1,0/1,0/1,0/1,0/1,0/1,False
anchor_rows,2975,,9/10,image-60,singleton,exact_projection,1,0,excluded,universal_bound,universal_bound,-1/1,-1/1,-1/1,-1/1,-1/1,-1/1,False
anchor_rows,2976,,9/10,image-60,singleton,one_edit_per_image,1,0,unresolved,opposite_worlds,opposite_worlds,-3/1,1/1,-1/1,1/1,-1/1,1/1,False
anchor_rows,2977,,9/10,image-60,singleton,one_edit_global,1,0,unresolved,opposite_worlds,opposite_worlds,-3/1,1/1,-1/1,1/1,-1/1,1/1,False
anchor_rows,2978,,9/10,image-60,singleton,current_strict,1,0,excluded,universal_bound,universal_bound,-1/1,-1/1,-1/1,-1/1,-1/1,-1/1,False
anchor_rows,2979,,9/10,image-60,singleton,current_partial,1,0,excluded,universal_bound,universal_bound,-1/1,-1/1,-1/1,-1/1,-1/1,-1/1,False
anchor_rows,2980,,9/10,image-60,singleton,union_strict,1,1,input_blocked,,,,,,,,,False
anchor_rows,2981,,9/10,image-60,singleton,union_partial,1,0,excluded,universal_bound,universal_bound,-1/1,-1/1,-1/1,-1/1,-1/1,-1/1,False
anchor_rows,2982,,9/10,image-61,singleton,exact_projection,1,0,excluded,universal_bound,universal_bound,-1/1,-1/1,-1/1,-1/1,-1/1,-1/1,False
anchor_rows,2983,,9/10,image-61,singleton,one_edit_per_image,1,0,unresolved,opposite_worlds,opposite_worlds,-1/1,1/1,-1/1,1/1,-1/1,1/1,False
anchor_rows,2984,,9/10,image-61,singleton,one_edit_global,1,0,unresolved,opposite_worlds,opposite_worlds,-1/1,1/1,-1/1,1/1,-1/1,1/1,False
anchor_rows,2985,,9/10,image-61,singleton,current_strict,1,1,input_blocked,,,,,,,,,False
anchor_rows,2986,,9/10,image-61,singleton,current_partial,1,0,excluded,universal_bound,universal_bound,-1/1,-1/1,-1/1,-1/1,-1/1,-1/1,False
anchor_rows,2987,,9/10,image-61,singleton,union_strict,1,1,input_blocked,,,,,,,,,False
anchor_rows,2988,,9/10,image-61,singleton,union_partial,1,0,excluded,universal_bound,universal_bound,-1/1,-1/1,-1/1,-1/1,-1/1,-1/1,False
anchor_rows,2989,,9/10,image-62,singleton,exact_projection,1,0,excluded,universal_bound,universal_bound,0/1,0/1,0/1,0/1,0/1,0/1,False
anchor_rows,2990,,9/10,image-62,singleton,one_edit_per_image,1,0,excluded,universal_bound,universal_bound,0/1,0/1,0/1,0/1,0/1,0/1,False
anchor_rows,2991,,9/10,image-62,singleton,one_edit_global,1,0,excluded,universal_bound,universal_bound,0/1,0/1,0/1,0/1,0/1,0/1,False
anchor_rows,2992,,9/10,image-62,singleton,current_strict,1,1,input_blocked,,,,,,,,,False
anchor_rows,2993,,9/10,image-62,singleton,current_partial,1,0,excluded,universal_bound,universal_bound,0/1,0/1,0/1,0/1,0/1,0/1,False
anchor_rows,2994,,9/10,image-62,singleton,union_strict,1,1,input_blocked,,,,,,,,,False
anchor_rows,2995,,9/10,image-62,singleton,union_partial,1,1,input_blocked,,,,,,,,,False
anchor_rows,2996,,9/10,image-63,singleton,exact_projection,1,0,excluded,universal_bound,universal_bound,0/1,0/1,0/1,0/1,0/1,0/1,False
anchor_rows,2997,,9/10,image-63,singleton,one_edit_per_image,1,0,excluded,universal_bound,universal_bound,0/1,0/1,0/1,0/1,0/1,0/1,False
anchor_rows,2998,,9/10,image-63,singleton,one_edit_global,1,0,excluded,universal_bound,universal_bound,0/1,0/1,0/1,0/1,0/1,0/1,False
anchor_rows,2999,,9/10,image-63,singleton,current_strict,1,0,excluded,universal_bound,universal_bound,0/1,0/1,0/1,0/1,0/1,0/1,False
anchor_rows,3000,,9/10,image-63,singleton,current_partial,1,0,excluded,universal_bound,universal_bound,0/1,0/1,0/1,0/1,0/1,0/1,False
anchor_rows,3001,,9/10,image-63,singleton,union_strict,1,0,excluded,universal_bound,universal_bound,0/1,0/1,0/1,0/1,0/1,0/1,False
anchor_rows,3002,,9/10,image-63,singleton,union_partial,1,0,excluded,universal_bound,universal_bound,0/1,0/1,0/1,0/1,0/1,0/1,False
anchor_rows,3003,,9/10,block-00,block,exact_projection,8,0,excluded,universal_bound,universal_bound,0/1,0/1,0/1,0/1,0/1,0/1,False
anchor_rows,3004,,9/10,block-00,block,one_edit_per_image,8,0,excluded,universal_bound,universal_bound,0/1,0/1,0/1,0/1,0/1,0/1,False
anchor_rows,3005,,9/10,block-00,block,one_edit_global,8,0,excluded,universal_bound,universal_bound,0/1,0/1,0/1,0/1,0/1,0/1,False
anchor_rows,3006,,9/10,block-00,block,current_strict,8,0,excluded,universal_bound,universal_bound,0/1,0/1,0/1,0/1,0/1,0/1,False
anchor_rows,3007,,9/10,block-00,block,current_partial,8,0,excluded,universal_bound,universal_bound,0/1,0/1,0/1,0/1,0/1,0/1,False
anchor_rows,3008,,9/10,block-00,block,union_strict,8,2,input_blocked,,,,,,,,,False
anchor_rows,3009,,9/10,block-00,block,union_partial,8,0,excluded,universal_bound,universal_bound,0/1,0/1,0/1,0/1,0/1,0/1,False
anchor_rows,3010,,9/10,block-01,block,exact_projection,8,0,excluded,universal_bound,universal_bound,0/1,0/1,0/1,0/1,0/1,0/1,False
anchor_rows,3011,,9/10,block-01,block,one_edit_per_image,8,0,unresolved,opposite_worlds,opposite_worlds,-1/2,1/2,-1/4,1/4,-1/2,1/2,False
anchor_rows,3012,,9/10,block-01,block,one_edit_global,8,0,unresolved,opposite_worlds,opposite_worlds,-1/4,1/4,-1/4,1/4,-1/4,1/4,False
anchor_rows,3013,,9/10,block-01,block,current_strict,8,4,input_blocked,,,,,,,,,False
anchor_rows,3014,,9/10,block-01,block,current_partial,8,0,excluded,universal_bound,universal_bound,0/1,0/1,0/1,0/1,0/1,0/1,False
anchor_rows,3015,,9/10,block-01,block,union_strict,8,5,input_blocked,,,,,,,,,False
anchor_rows,3016,,9/10,block-01,block,union_partial,8,0,excluded,universal_bound,universal_bound,0/1,0/1,0/1,0/1,0/1,0/1,False
anchor_rows,3017,,9/10,block-02,block,exact_projection,8,0,supported,universal_bound,universal_bound,1/8,1/8,1/8,1/8,1/8,1/8,False
anchor_rows,3018,,9/10,block-02,block,one_edit_per_image,8,0,unresolved,opposite_worlds,opposite_worlds,-1/8,3/8,-1/8,3/8,-1/8,3/8,False
anchor_rows,3019,,9/10,block-02,block,one_edit_global,8,0,unresolved,opposite_worlds,opposite_worlds,-1/8,3/8,-1/8,3/8,-1/8,3/8,False
anchor_rows,3020,,9/10,block-02,block,current_strict,8,2,input_blocked,,,,,,,,,False
anchor_rows,3021,,9/10,block-02,block,current_partial,8,0,supported,universal_bound,universal_bound,1/8,1/8,1/8,1/8,1/8,1/8,False
anchor_rows,3022,,9/10,block-02,block,union_strict,8,4,input_blocked,,,,,,,,,False
anchor_rows,3023,,9/10,block-02,block,union_partial,8,0,supported,universal_bound,universal_bound,1/8,1/8,1/8,1/8,1/8,1/8,False
anchor_rows,3024,,9/10,block-03,block,exact_projection,8,0,supported,universal_bound,universal_bound,1/4,1/4,1/4,1/4,1/4,1/4,False
anchor_rows,3025,,9/10,block-03,block,one_edit_per_image,8,0,unresolved,opposite_worlds,opposite_worlds,-1/2,1/2,-1/4,1/4,-1/2,1/2,False
anchor_rows,3026,,9/10,block-03,block,one_edit_global,8,0,unresolved,opposite_worlds,opposite_worlds,0/1,1/2,0/1,1/4,0/1,1/2,False
anchor_rows,3027,,9/10,block-03,block,current_strict,8,5,input_blocked,,,,,,,,,False
anchor_rows,3028,,9/10,block-03,block,current_partial,8,0,supported,universal_bound,universal_bound,1/4,1/4,1/4,1/4,1/4,1/4,False
anchor_rows,3029,,9/10,block-03,block,union_strict,8,6,input_blocked,,,,,,,,,False
anchor_rows,3030,,9/10,block-03,block,union_partial,8,0,supported,universal_bound,universal_bound,1/4,1/4,1/4,1/4,1/4,1/4,False
anchor_rows,3031,,9/10,block-04,block,exact_projection,8,0,excluded,universal_bound,universal_bound,0/1,0/1,0/1,0/1,0/1,0/1,False
anchor_rows,3032,,9/10,block-04,block,one_edit_per_image,8,0,unresolved,bound_gap,opposite_worlds,-1/2,1/2,0/1,0/1,-1/2,1/2,True
anchor_rows,3033,,9/10,block-04,block,one_edit_global,8,0,unresolved,bound_gap,opposite_worlds,-1/4,1/4,0/1,0/1,-1/4,1/4,True
anchor_rows,3034,,9/10,block-04,block,current_strict,8,4,input_blocked,,,,,,,,,False
anchor_rows,3035,,9/10,block-04,block,current_partial,8,0,excluded,universal_bound,universal_bound,0/1,0/1,0/1,0/1,0/1,0/1,False
anchor_rows,3036,,9/10,block-04,block,union_strict,8,5,input_blocked,,,,,,,,,False
anchor_rows,3037,,9/10,block-04,block,union_partial,8,0,excluded,universal_bound,universal_bound,0/1,0/1,0/1,0/1,0/1,0/1,False
anchor_rows,3038,,9/10,block-05,block,exact_projection,8,0,excluded,universal_bound,universal_bound,-1/8,-1/8,-1/8,-1/8,-1/8,-1/8,False
anchor_rows,3039,,9/10,block-05,block,one_edit_per_image,8,0,unresolved,opposite_worlds,opposite_worlds,-3/8,1/8,-1/8,1/8,-1/8,1/8,False
anchor_rows,3040,,9/10,block-05,block,one_edit_global,8,0,unresolved,opposite_worlds,opposite_worlds,-3/8,1/8,-1/8,1/8,-1/8,1/8,False
anchor_rows,3041,,9/10,block-05,block,current_strict,8,3,input_blocked,,,,,,,,,False
anchor_rows,3042,,9/10,block-05,block,current_partial,8,0,excluded,universal_bound,universal_bound,-1/8,-1/8,-1/8,-1/8,-1/8,-1/8,False
anchor_rows,3043,,9/10,block-05,block,union_strict,8,6,input_blocked,,,,,,,,,False
anchor_rows,3044,,9/10,block-05,block,union_partial,8,0,excluded,universal_bound,universal_bound,-1/8,-1/8,-1/8,-1/8,-1/8,-1/8,False
anchor_rows,3045,,9/10,block-06,block,exact_projection,8,0,supported,universal_bound,universal_bound,1/8,1/8,1/8,1/8,1/8,1/8,False
anchor_rows,3046,,9/10,block-06,block,one_edit_per_image,8,0,unresolved,opposite_worlds,opposite_worlds,-1/8,1/8,-1/8,1/8,-1/8,1/8,False
anchor_rows,3047,,9/10,block-06,block,one_edit_global,8,0,unresolved,opposite_worlds,opposite_worlds,-1/8,1/8,-1/8,1/8,-1/8,1/8,False
anchor_rows,3048,,9/10,block-06,block,current_strict,8,3,input_blocked,,,,,,,,,False
anchor_rows,3049,,9/10,block-06,block,current_partial,8,0,supported,universal_bound,universal_bound,1/8,1/8,1/8,1/8,1/8,1/8,False
anchor_rows,3050,,9/10,block-06,block,union_strict,8,3,input_blocked,,,,,,,,,False
anchor_rows,3051,,9/10,block-06,block,union_partial,8,0,supported,universal_bound,universal_bound,1/8,1/8,1/8,1/8,1/8,1/8,False
anchor_rows,3052,,9/10,block-07,block,exact_projection,8,0,excluded,universal_bound,universal_bound,-1/4,-1/4,-1/4,-1/4,-1/4,-1/4,False
anchor_rows,3053,,9/10,block-07,block,one_edit_per_image,8,0,unresolved,opposite_worlds,opposite_worlds,-1/2,1/4,-1/4,1/4,-1/4,1/4,False
anchor_rows,3054,,9/10,block-07,block,one_edit_global,8,0,excluded,universal_bound,universal_bound,-1/2,0/1,-1/4,0/1,-1/4,0/1,False
anchor_rows,3055,,9/10,block-07,block,current_strict,8,4,input_blocked,,,,,,,,,False
anchor_rows,3056,,9/10,block-07,block,current_partial,8,0,excluded,universal_bound,universal_bound,-1/4,-1/4,-1/4,-1/4,-1/4,-1/4,False
anchor_rows,3057,,9/10,block-07,block,union_strict,8,5,input_blocked,,,,,,,,,False
anchor_rows,3058,,9/10,block-07,block,union_partial,8,1,input_blocked,,,,,,,,,False
anchor_rows,3059,,9/10,all-64,primary,exact_projection,64,0,supported,universal_bound,universal_bound,1/64,1/64,1/64,1/64,1/64,1/64,False
anchor_rows,3060,,9/10,all-64,primary,one_edit_per_image,64,0,unresolved,opposite_worlds,opposite_worlds,-21/64,19/64,-9/64,11/64,-17/64,19/64,False
anchor_rows,3061,,9/10,all-64,primary,one_edit_global,64,0,unresolved,opposite_worlds,opposite_worlds,-1/64,3/64,-1/64,3/64,-1/64,3/64,False
anchor_rows,3062,,9/10,all-64,primary,current_strict,64,25,input_blocked,,,,,,,,,False
anchor_rows,3063,,9/10,all-64,primary,current_partial,64,0,supported,universal_bound,universal_bound,1/64,1/64,1/64,1/64,1/64,1/64,False
anchor_rows,3064,,9/10,all-64,primary,union_strict,64,36,input_blocked,,,,,,,,,False
anchor_rows,3065,,9/10,all-64,primary,union_partial,64,1,input_blocked,,,,,,,,,False
anchor_rows,3066,,19/20,image-00,singleton,exact_projection,1,0,excluded,universal_bound,universal_bound,0/1,0/1,0/1,0/1,0/1,0/1,False
anchor_rows,3067,,19/20,image-00,singleton,one_edit_per_image,1,0,excluded,universal_bound,universal_bound,0/1,0/1,0/1,0/1,0/1,0/1,False
anchor_rows,3068,,19/20,image-00,singleton,one_edit_global,1,0,excluded,universal_bound,universal_bound,0/1,0/1,0/1,0/1,0/1,0/1,False
anchor_rows,3069,,19/20,image-00,singleton,current_strict,1,0,excluded,universal_bound,universal_bound,0/1,0/1,0/1,0/1,0/1,0/1,False
anchor_rows,3070,,19/20,image-00,singleton,current_partial,1,0,excluded,universal_bound,universal_bound,0/1,0/1,0/1,0/1,0/1,0/1,False
anchor_rows,3071,,19/20,image-00,singleton,union_strict,1,0,excluded,universal_bound,universal_bound,0/1,0/1,0/1,0/1,0/1,0/1,False
anchor_rows,3072,,19/20,image-00,singleton,union_partial,1,0,excluded,universal_bound,universal_bound,0/1,0/1,0/1,0/1,0/1,0/1,False
anchor_rows,3073,,19/20,image-01,singleton,exact_projection,1,0,excluded,universal_bound,universal_bound,0/1,0/1,0/1,0/1,0/1,0/1,False
anchor_rows,3074,,19/20,image-01,singleton,one_edit_per_image,1,0,excluded,universal_bound,universal_bound,0/1,0/1,0/1,0/1,0/1,0/1,False
anchor_rows,3075,,19/20,image-01,singleton,one_edit_global,1,0,excluded,universal_bound,universal_bound,0/1,0/1,0/1,0/1,0/1,0/1,False
anchor_rows,3076,,19/20,image-01,singleton,current_strict,1,0,excluded,universal_bound,universal_bound,0/1,0/1,0/1,0/1,0/1,0/1,False
anchor_rows,3077,,19/20,image-01,singleton,current_partial,1,0,excluded,universal_bound,universal_bound,0/1,0/1,0/1,0/1,0/1,0/1,False
anchor_rows,3078,,19/20,image-01,singleton,union_strict,1,0,excluded,universal_bound,universal_bound,0/1,0/1,0/1,0/1,0/1,0/1,False
anchor_rows,3079,,19/20,image-01,singleton,union_partial,1,0,excluded,universal_bound,universal_bound,0/1,0/1,0/1,0/1,0/1,0/1,False
anchor_rows,3080,,19/20,image-02,singleton,exact_projection,1,0,excluded,universal_bound,universal_bound,0/1,0/1,0/1,0/1,0/1,0/1,False
anchor_rows,3081,,19/20,image-02,singleton,one_edit_per_image,1,0,excluded,universal_bound,universal_bound,0/1,0/1,0/1,0/1,0/1,0/1,False
anchor_rows,3082,,19/20,image-02,singleton,one_edit_global,1,0,excluded,universal_bound,universal_bound,0/1,0/1,0/1,0/1,0/1,0/1,False
anchor_rows,3083,,19/20,image-02,singleton,current_strict,1,0,excluded,universal_bound,universal_bound,0/1,0/1,0/1,0/1,0/1,0/1,False
anchor_rows,3084,,19/20,image-02,singleton,current_partial,1,0,excluded,universal_bound,universal_bound,0/1,0/1,0/1,0/1,0/1,0/1,False
anchor_rows,3085,,19/20,image-02,singleton,union_strict,1,0,excluded,universal_bound,universal_bound,0/1,0/1,0/1,0/1,0/1,0/1,False
anchor_rows,3086,,19/20,image-02,singleton,union_partial,1,0,excluded,universal_bound,universal_bound,0/1,0/1,0/1,0/1,0/1,0/1,False
anchor_rows,3087,,19/20,image-03,singleton,exact_projection,1,0,excluded,universal_bound,universal_bound,0/1,0/1,0/1,0/1,0/1,0/1,False
anchor_rows,3088,,19/20,image-03,singleton,one_edit_per_image,1,0,excluded,universal_bound,universal_bound,0/1,0/1,0/1,0/1,0/1,0/1,False
anchor_rows,3089,,19/20,image-03,singleton,one_edit_global,1,0,excluded,universal_bound,universal_bound,0/1,0/1,0/1,0/1,0/1,0/1,False
anchor_rows,3090,,19/20,image-03,singleton,current_strict,1,0,excluded,universal_bound,universal_bound,0/1,0/1,0/1,0/1,0/1,0/1,False
anchor_rows,3091,,19/20,image-03,singleton,current_partial,1,0,excluded,universal_bound,universal_bound,0/1,0/1,0/1,0/1,0/1,0/1,False
anchor_rows,3092,,19/20,image-03,singleton,union_strict,1,0,excluded,universal_bound,universal_bound,0/1,0/1,0/1,0/1,0/1,0/1,False
anchor_rows,3093,,19/20,image-03,singleton,union_partial,1,0,excluded,universal_bound,universal_bound,0/1,0/1,0/1,0/1,0/1,0/1,False
anchor_rows,3094,,19/20,image-04,singleton,exact_projection,1,0,excluded,universal_bound,universal_bound,0/1,0/1,0/1,0/1,0/1,0/1,False
anchor_rows,3095,,19/20,image-04,singleton,one_edit_per_image,1,0,excluded,universal_bound,universal_bound,0/1,0/1,0/1,0/1,0/1,0/1,False
anchor_rows,3096,,19/20,image-04,singleton,one_edit_global,1,0,excluded,universal_bound,universal_bound,0/1,0/1,0/1,0/1,0/1,0/1,False
anchor_rows,3097,,19/20,image-04,singleton,current_strict,1,0,excluded,universal_bound,universal_bound,0/1,0/1,0/1,0/1,0/1,0/1,False
anchor_rows,3098,,19/20,image-04,singleton,current_partial,1,0,excluded,universal_bound,universal_bound,0/1,0/1,0/1,0/1,0/1,0/1,False
anchor_rows,3099,,19/20,image-04,singleton,union_strict,1,1,input_blocked,,,,,,,,,False
anchor_rows,3100,,19/20,image-04,singleton,union_partial,1,0,excluded,universal_bound,universal_bound,0/1,0/1,0/1,0/1,0/1,0/1,False
anchor_rows,3101,,19/20,image-05,singleton,exact_projection,1,0,excluded,universal_bound,universal_bound,0/1,0/1,0/1,0/1,0/1,0/1,False
anchor_rows,3102,,19/20,image-05,singleton,one_edit_per_image,1,0,excluded,universal_bound,universal_bound,0/1,0/1,0/1,0/1,0/1,0/1,False
anchor_rows,3103,,19/20,image-05,singleton,one_edit_global,1,0,excluded,universal_bound,universal_bound,0/1,0/1,0/1,0/1,0/1,0/1,False
anchor_rows,3104,,19/20,image-05,singleton,current_strict,1,0,excluded,universal_bound,universal_bound,0/1,0/1,0/1,0/1,0/1,0/1,False
anchor_rows,3105,,19/20,image-05,singleton,current_partial,1,0,excluded,universal_bound,universal_bound,0/1,0/1,0/1,0/1,0/1,0/1,False
anchor_rows,3106,,19/20,image-05,singleton,union_strict,1,1,input_blocked,,,,,,,,,False
anchor_rows,3107,,19/20,image-05,singleton,union_partial,1,0,excluded,universal_bound,universal_bound,0/1,0/1,0/1,0/1,0/1,0/1,False
anchor_rows,3108,,19/20,image-06,singleton,exact_projection,1,0,excluded,universal_bound,universal_bound,0/1,0/1,0/1,0/1,0/1,0/1,False
anchor_rows,3109,,19/20,image-06,singleton,one_edit_per_image,1,0,excluded,universal_bound,universal_bound,0/1,0/1,0/1,0/1,0/1,0/1,False
anchor_rows,3110,,19/20,image-06,singleton,one_edit_global,1,0,excluded,universal_bound,universal_bound,0/1,0/1,0/1,0/1,0/1,0/1,False
anchor_rows,3111,,19/20,image-06,singleton,current_strict,1,0,excluded,universal_bound,universal_bound,0/1,0/1,0/1,0/1,0/1,0/1,False
anchor_rows,3112,,19/20,image-06,singleton,current_partial,1,0,excluded,universal_bound,universal_bound,0/1,0/1,0/1,0/1,0/1,0/1,False
anchor_rows,3113,,19/20,image-06,singleton,union_strict,1,0,excluded,universal_bound,universal_bound,0/1,0/1,0/1,0/1,0/1,0/1,False
anchor_rows,3114,,19/20,image-06,singleton,union_partial,1,0,excluded,universal_bound,universal_bound,0/1,0/1,0/1,0/1,0/1,0/1,False
anchor_rows,3115,,19/20,image-07,singleton,exact_projection,1,0,excluded,universal_bound,universal_bound,0/1,0/1,0/1,0/1,0/1,0/1,False
anchor_rows,3116,,19/20,image-07,singleton,one_edit_per_image,1,0,excluded,universal_bound,universal_bound,0/1,0/1,0/1,0/1,0/1,0/1,False
anchor_rows,3117,,19/20,image-07,singleton,one_edit_global,1,0,excluded,universal_bound,universal_bound,0/1,0/1,0/1,0/1,0/1,0/1,False
anchor_rows,3118,,19/20,image-07,singleton,current_strict,1,0,excluded,universal_bound,universal_bound,0/1,0/1,0/1,0/1,0/1,0/1,False
anchor_rows,3119,,19/20,image-07,singleton,current_partial,1,0,excluded,universal_bound,universal_bound,0/1,0/1,0/1,0/1,0/1,0/1,False
anchor_rows,3120,,19/20,image-07,singleton,union_strict,1,0,excluded,universal_bound,universal_bound,0/1,0/1,0/1,0/1,0/1,0/1,False
anchor_rows,3121,,19/20,image-07,singleton,union_partial,1,0,excluded,universal_bound,universal_bound,0/1,0/1,0/1,0/1,0/1,0/1,False
anchor_rows,3122,,19/20,image-08,singleton,exact_projection,1,0,excluded,universal_bound,universal_bound,0/1,0/1,0/1,0/1,0/1,0/1,False
anchor_rows,3123,,19/20,image-08,singleton,one_edit_per_image,1,0,excluded,universal_bound,universal_bound,0/1,0/1,0/1,0/1,0/1,0/1,False
anchor_rows,3124,,19/20,image-08,singleton,one_edit_global,1,0,excluded,universal_bound,universal_bound,0/1,0/1,0/1,0/1,0/1,0/1,False
anchor_rows,3125,,19/20,image-08,singleton,current_strict,1,0,excluded,universal_bound,universal_bound,0/1,0/1,0/1,0/1,0/1,0/1,False
anchor_rows,3126,,19/20,image-08,singleton,current_partial,1,0,excluded,universal_bound,universal_bound,0/1,0/1,0/1,0/1,0/1,0/1,False
anchor_rows,3127,,19/20,image-08,singleton,union_strict,1,1,input_blocked,,,,,,,,,False
anchor_rows,3128,,19/20,image-08,singleton,union_partial,1,0,excluded,universal_bound,universal_bound,0/1,0/1,0/1,0/1,0/1,0/1,False
anchor_rows,3129,,19/20,image-09,singleton,exact_projection,1,0,excluded,universal_bound,universal_bound,0/1,0/1,0/1,0/1,0/1,0/1,False
anchor_rows,3130,,19/20,image-09,singleton,one_edit_per_image,1,0,excluded,universal_bound,universal_bound,0/1,0/1,0/1,0/1,0/1,0/1,False
anchor_rows,3131,,19/20,image-09,singleton,one_edit_global,1,0,excluded,universal_bound,universal_bound,0/1,0/1,0/1,0/1,0/1,0/1,False
anchor_rows,3132,,19/20,image-09,singleton,current_strict,1,1,input_blocked,,,,,,,,,False
anchor_rows,3133,,19/20,image-09,singleton,current_partial,1,0,excluded,universal_bound,universal_bound,0/1,0/1,0/1,0/1,0/1,0/1,False
anchor_rows,3134,,19/20,image-09,singleton,union_strict,1,1,input_blocked,,,,,,,,,False
anchor_rows,3135,,19/20,image-09,singleton,union_partial,1,0,excluded,universal_bound,universal_bound,0/1,0/1,0/1,0/1,0/1,0/1,False
anchor_rows,3136,,19/20,image-10,singleton,exact_projection,1,0,excluded,universal_bound,universal_bound,0/1,0/1,0/1,0/1,0/1,0/1,False
anchor_rows,3137,,19/20,image-10,singleton,one_edit_per_image,1,0,excluded,universal_bound,universal_bound,0/1,0/1,0/1,0/1,0/1,0/1,False
anchor_rows,3138,,19/20,image-10,singleton,one_edit_global,1,0,excluded,universal_bound,universal_bound,0/1,0/1,0/1,0/1,0/1,0/1,False
anchor_rows,3139,,19/20,image-10,singleton,current_strict,1,0,excluded,universal_bound,universal_bound,0/1,0/1,0/1,0/1,0/1,0/1,False
anchor_rows,3140,,19/20,image-10,singleton,current_partial,1,0,excluded,universal_bound,universal_bound,0/1,0/1,0/1,0/1,0/1,0/1,False
anchor_rows,3141,,19/20,image-10,singleton,union_strict,1,0,excluded,universal_bound,universal_bound,0/1,0/1,0/1,0/1,0/1,0/1,False
anchor_rows,3142,,19/20,image-10,singleton,union_partial,1,0,excluded,universal_bound,universal_bound,0/1,0/1,0/1,0/1,0/1,0/1,False
anchor_rows,3143,,19/20,image-11,singleton,exact_projection,1,0,excluded,universal_bound,universal_bound,0/1,0/1,0/1,0/1,0/1,0/1,False
anchor_rows,3144,,19/20,image-11,singleton,one_edit_per_image,1,0,excluded,universal_bound,universal_bound,0/1,0/1,0/1,0/1,0/1,0/1,False
anchor_rows,3145,,19/20,image-11,singleton,one_edit_global,1,0,excluded,universal_bound,universal_bound,0/1,0/1,0/1,0/1,0/1,0/1,False
anchor_rows,3146,,19/20,image-11,singleton,current_strict,1,1,input_blocked,,,,,,,,,False
anchor_rows,3147,,19/20,image-11,singleton,current_partial,1,0,excluded,universal_bound,universal_bound,0/1,0/1,0/1,0/1,0/1,0/1,False
anchor_rows,3148,,19/20,image-11,singleton,union_strict,1,1,input_blocked,,,,,,,,,False
anchor_rows,3149,,19/20,image-11,singleton,union_partial,1,0,excluded,universal_bound,universal_bound,0/1,0/1,0/1,0/1,0/1,0/1,False
anchor_rows,3150,,19/20,image-12,singleton,exact_projection,1,0,excluded,universal_bound,universal_bound,0/1,0/1,0/1,0/1,0/1,0/1,False
anchor_rows,3151,,19/20,image-12,singleton,one_edit_per_image,1,0,excluded,universal_bound,universal_bound,0/1,0/1,0/1,0/1,0/1,0/1,False
anchor_rows,3152,,19/20,image-12,singleton,one_edit_global,1,0,excluded,universal_bound,universal_bound,0/1,0/1,0/1,0/1,0/1,0/1,False
anchor_rows,3153,,19/20,image-12,singleton,current_strict,1,0,excluded,universal_bound,universal_bound,0/1,0/1,0/1,0/1,0/1,0/1,False
anchor_rows,3154,,19/20,image-12,singleton,current_partial,1,0,excluded,universal_bound,universal_bound,0/1,0/1,0/1,0/1,0/1,0/1,False
anchor_rows,3155,,19/20,image-12,singleton,union_strict,1,0,excluded,universal_bound,universal_bound,0/1,0/1,0/1,0/1,0/1,0/1,False
anchor_rows,3156,,19/20,image-12,singleton,union_partial,1,0,excluded,universal_bound,universal_bound,0/1,0/1,0/1,0/1,0/1,0/1,False
anchor_rows,3157,,19/20,image-13,singleton,exact_projection,1,0,excluded,universal_bound,universal_bound,0/1,0/1,0/1,0/1,0/1,0/1,False
anchor_rows,3158,,19/20,image-13,singleton,one_edit_per_image,1,0,excluded,universal_bound,universal_bound,0/1,0/1,0/1,0/1,0/1,0/1,False
anchor_rows,3159,,19/20,image-13,singleton,one_edit_global,1,0,excluded,universal_bound,universal_bound,0/1,0/1,0/1,0/1,0/1,0/1,False
anchor_rows,3160,,19/20,image-13,singleton,current_strict,1,1,input_blocked,,,,,,,,,False
anchor_rows,3161,,19/20,image-13,singleton,current_partial,1,0,excluded,universal_bound,universal_bound,0/1,0/1,0/1,0/1,0/1,0/1,False
anchor_rows,3162,,19/20,image-13,singleton,union_strict,1,1,input_blocked,,,,,,,,,False
anchor_rows,3163,,19/20,image-13,singleton,union_partial,1,0,excluded,universal_bound,universal_bound,0/1,0/1,0/1,0/1,0/1,0/1,False
anchor_rows,3164,,19/20,image-14,singleton,exact_projection,1,0,excluded,universal_bound,universal_bound,0/1,0/1,0/1,0/1,0/1,0/1,False
anchor_rows,3165,,19/20,image-14,singleton,one_edit_per_image,1,0,excluded,universal_bound,universal_bound,0/1,0/1,0/1,0/1,0/1,0/1,False
anchor_rows,3166,,19/20,image-14,singleton,one_edit_global,1,0,excluded,universal_bound,universal_bound,0/1,0/1,0/1,0/1,0/1,0/1,False
anchor_rows,3167,,19/20,image-14,singleton,current_strict,1,1,input_blocked,,,,,,,,,False
anchor_rows,3168,,19/20,image-14,singleton,current_partial,1,0,excluded,universal_bound,universal_bound,0/1,0/1,0/1,0/1,0/1,0/1,False
anchor_rows,3169,,19/20,image-14,singleton,union_strict,1,1,input_blocked,,,,,,,,,False
anchor_rows,3170,,19/20,image-14,singleton,union_partial,1,0,excluded,universal_bound,universal_bound,0/1,0/1,0/1,0/1,0/1,0/1,False
anchor_rows,3171,,19/20,image-15,singleton,exact_projection,1,0,excluded,universal_bound,universal_bound,0/1,0/1,0/1,0/1,0/1,0/1,False
anchor_rows,3172,,19/20,image-15,singleton,one_edit_per_image,1,0,excluded,universal_bound,universal_bound,0/1,0/1,0/1,0/1,0/1,0/1,False
anchor_rows,3173,,19/20,image-15,singleton,one_edit_global,1,0,excluded,universal_bound,universal_bound,0/1,0/1,0/1,0/1,0/1,0/1,False
anchor_rows,3174,,19/20,image-15,singleton,current_strict,1,0,excluded,universal_bound,universal_bound,0/1,0/1,0/1,0/1,0/1,0/1,False
anchor_rows,3175,,19/20,image-15,singleton,current_partial,1,0,excluded,universal_bound,universal_bound,0/1,0/1,0/1,0/1,0/1,0/1,False
anchor_rows,3176,,19/20,image-15,singleton,union_strict,1,0,excluded,universal_bound,universal_bound,0/1,0/1,0/1,0/1,0/1,0/1,False
anchor_rows,3177,,19/20,image-15,singleton,union_partial,1,0,excluded,universal_bound,universal_bound,0/1,0/1,0/1,0/1,0/1,0/1,False
anchor_rows,3178,,19/20,image-16,singleton,exact_projection,1,0,excluded,universal_bound,universal_bound,0/1,0/1,0/1,0/1,0/1,0/1,False
anchor_rows,3179,,19/20,image-16,singleton,one_edit_per_image,1,0,excluded,universal_bound,universal_bound,0/1,0/1,0/1,0/1,0/1,0/1,False
anchor_rows,3180,,19/20,image-16,singleton,one_edit_global,1,0,excluded,universal_bound,universal_bound,0/1,0/1,0/1,0/1,0/1,0/1,False
anchor_rows,3181,,19/20,image-16,singleton,current_strict,1,0,excluded,universal_bound,universal_bound,0/1,0/1,0/1,0/1,0/1,0/1,False
anchor_rows,3182,,19/20,image-16,singleton,current_partial,1,0,excluded,universal_bound,universal_bound,0/1,0/1,0/1,0/1,0/1,0/1,False
anchor_rows,3183,,19/20,image-16,singleton,union_strict,1,0,excluded,universal_bound,universal_bound,0/1,0/1,0/1,0/1,0/1,0/1,False
anchor_rows,3184,,19/20,image-16,singleton,union_partial,1,0,excluded,universal_bound,universal_bound,0/1,0/1,0/1,0/1,0/1,0/1,False
anchor_rows,3185,,19/20,image-17,singleton,exact_projection,1,0,excluded,universal_bound,universal_bound,0/1,0/1,0/1,0/1,0/1,0/1,False
anchor_rows,3186,,19/20,image-17,singleton,one_edit_per_image,1,0,excluded,universal_bound,universal_bound,0/1,0/1,0/1,0/1,0/1,0/1,False
anchor_rows,3187,,19/20,image-17,singleton,one_edit_global,1,0,excluded,universal_bound,universal_bound,0/1,0/1,0/1,0/1,0/1,0/1,False
anchor_rows,3188,,19/20,image-17,singleton,current_strict,1,0,excluded,universal_bound,universal_bound,0/1,0/1,0/1,0/1,0/1,0/1,False
anchor_rows,3189,,19/20,image-17,singleton,current_partial,1,0,excluded,universal_bound,universal_bound,0/1,0/1,0/1,0/1,0/1,0/1,False
anchor_rows,3190,,19/20,image-17,singleton,union_strict,1,0,excluded,universal_bound,universal_bound,0/1,0/1,0/1,0/1,0/1,0/1,False
anchor_rows,3191,,19/20,image-17,singleton,union_partial,1,0,excluded,universal_bound,universal_bound,0/1,0/1,0/1,0/1,0/1,0/1,False
anchor_rows,3192,,19/20,image-18,singleton,exact_projection,1,0,excluded,universal_bound,universal_bound,0/1,0/1,0/1,0/1,0/1,0/1,False
anchor_rows,3193,,19/20,image-18,singleton,one_edit_per_image,1,0,excluded,universal_bound,universal_bound,0/1,0/1,0/1,0/1,0/1,0/1,False
anchor_rows,3194,,19/20,image-18,singleton,one_edit_global,1,0,excluded,universal_bound,universal_bound,0/1,0/1,0/1,0/1,0/1,0/1,False
anchor_rows,3195,,19/20,image-18,singleton,current_strict,1,1,input_blocked,,,,,,,,,False
anchor_rows,3196,,19/20,image-18,singleton,current_partial,1,0,excluded,universal_bound,universal_bound,0/1,0/1,0/1,0/1,0/1,0/1,False
anchor_rows,3197,,19/20,image-18,singleton,union_strict,1,1,input_blocked,,,,,,,,,False
anchor_rows,3198,,19/20,image-18,singleton,union_partial,1,0,excluded,universal_bound,universal_bound,0/1,0/1,0/1,0/1,0/1,0/1,False
anchor_rows,3199,,19/20,image-19,singleton,exact_projection,1,0,excluded,universal_bound,universal_bound,0/1,0/1,0/1,0/1,0/1,0/1,False
anchor_rows,3200,,19/20,image-19,singleton,one_edit_per_image,1,0,excluded,universal_bound,universal_bound,0/1,0/1,0/1,0/1,0/1,0/1,False
anchor_rows,3201,,19/20,image-19,singleton,one_edit_global,1,0,excluded,universal_bound,universal_bound,0/1,0/1,0/1,0/1,0/1,0/1,False
anchor_rows,3202,,19/20,image-19,singleton,current_strict,1,0,excluded,universal_bound,universal_bound,0/1,0/1,0/1,0/1,0/1,0/1,False
anchor_rows,3203,,19/20,image-19,singleton,current_partial,1,0,excluded,universal_bound,universal_bound,0/1,0/1,0/1,0/1,0/1,0/1,False
anchor_rows,3204,,19/20,image-19,singleton,union_strict,1,0,excluded,universal_bound,universal_bound,0/1,0/1,0/1,0/1,0/1,0/1,False
anchor_rows,3205,,19/20,image-19,singleton,union_partial,1,0,excluded,universal_bound,universal_bound,0/1,0/1,0/1,0/1,0/1,0/1,False
anchor_rows,3206,,19/20,image-20,singleton,exact_projection,1,0,excluded,universal_bound,universal_bound,0/1,0/1,0/1,0/1,0/1,0/1,False
anchor_rows,3207,,19/20,image-20,singleton,one_edit_per_image,1,0,excluded,universal_bound,universal_bound,0/1,0/1,0/1,0/1,0/1,0/1,False
anchor_rows,3208,,19/20,image-20,singleton,one_edit_global,1,0,excluded,universal_bound,universal_bound,0/1,0/1,0/1,0/1,0/1,0/1,False
anchor_rows,3209,,19/20,image-20,singleton,current_strict,1,0,excluded,universal_bound,universal_bound,0/1,0/1,0/1,0/1,0/1,0/1,False
anchor_rows,3210,,19/20,image-20,singleton,current_partial,1,0,excluded,universal_bound,universal_bound,0/1,0/1,0/1,0/1,0/1,0/1,False
anchor_rows,3211,,19/20,image-20,singleton,union_strict,1,0,excluded,universal_bound,universal_bound,0/1,0/1,0/1,0/1,0/1,0/1,False
anchor_rows,3212,,19/20,image-20,singleton,union_partial,1,0,excluded,universal_bound,universal_bound,0/1,0/1,0/1,0/1,0/1,0/1,False
anchor_rows,3213,,19/20,image-21,singleton,exact_projection,1,0,excluded,universal_bound,universal_bound,0/1,0/1,0/1,0/1,0/1,0/1,False
anchor_rows,3214,,19/20,image-21,singleton,one_edit_per_image,1,0,excluded,universal_bound,universal_bound,0/1,0/1,0/1,0/1,0/1,0/1,False
anchor_rows,3215,,19/20,image-21,singleton,one_edit_global,1,0,excluded,universal_bound,universal_bound,0/1,0/1,0/1,0/1,0/1,0/1,False
anchor_rows,3216,,19/20,image-21,singleton,current_strict,1,0,excluded,universal_bound,universal_bound,0/1,0/1,0/1,0/1,0/1,0/1,False
anchor_rows,3217,,19/20,image-21,singleton,current_partial,1,0,excluded,universal_bound,universal_bound,0/1,0/1,0/1,0/1,0/1,0/1,False
anchor_rows,3218,,19/20,image-21,singleton,union_strict,1,1,input_blocked,,,,,,,,,False
anchor_rows,3219,,19/20,image-21,singleton,union_partial,1,0,excluded,universal_bound,universal_bound,0/1,0/1,0/1,0/1,0/1,0/1,False
anchor_rows,3220,,19/20,image-22,singleton,exact_projection,1,0,excluded,universal_bound,universal_bound,0/1,0/1,0/1,0/1,0/1,0/1,False
anchor_rows,3221,,19/20,image-22,singleton,one_edit_per_image,1,0,excluded,universal_bound,universal_bound,0/1,0/1,0/1,0/1,0/1,0/1,False
anchor_rows,3222,,19/20,image-22,singleton,one_edit_global,1,0,excluded,universal_bound,universal_bound,0/1,0/1,0/1,0/1,0/1,0/1,False
anchor_rows,3223,,19/20,image-22,singleton,current_strict,1,1,input_blocked,,,,,,,,,False
anchor_rows,3224,,19/20,image-22,singleton,current_partial,1,0,excluded,universal_bound,universal_bound,0/1,0/1,0/1,0/1,0/1,0/1,False
anchor_rows,3225,,19/20,image-22,singleton,union_strict,1,1,input_blocked,,,,,,,,,False
anchor_rows,3226,,19/20,image-22,singleton,union_partial,1,0,excluded,universal_bound,universal_bound,0/1,0/1,0/1,0/1,0/1,0/1,False
anchor_rows,3227,,19/20,image-23,singleton,exact_projection,1,0,excluded,universal_bound,universal_bound,0/1,0/1,0/1,0/1,0/1,0/1,False
anchor_rows,3228,,19/20,image-23,singleton,one_edit_per_image,1,0,excluded,universal_bound,universal_bound,0/1,0/1,0/1,0/1,0/1,0/1,False
anchor_rows,3229,,19/20,image-23,singleton,one_edit_global,1,0,excluded,universal_bound,universal_bound,0/1,0/1,0/1,0/1,0/1,0/1,False
anchor_rows,3230,,19/20,image-23,singleton,current_strict,1,0,excluded,universal_bound,universal_bound,0/1,0/1,0/1,0/1,0/1,0/1,False
anchor_rows,3231,,19/20,image-23,singleton,current_partial,1,0,excluded,universal_bound,universal_bound,0/1,0/1,0/1,0/1,0/1,0/1,False
anchor_rows,3232,,19/20,image-23,singleton,union_strict,1,1,input_blocked,,,,,,,,,False
anchor_rows,3233,,19/20,image-23,singleton,union_partial,1,0,excluded,universal_bound,universal_bound,0/1,0/1,0/1,0/1,0/1,0/1,False
anchor_rows,3234,,19/20,image-24,singleton,exact_projection,1,0,excluded,universal_bound,universal_bound,0/1,0/1,0/1,0/1,0/1,0/1,False
anchor_rows,3235,,19/20,image-24,singleton,one_edit_per_image,1,0,excluded,universal_bound,universal_bound,0/1,0/1,0/1,0/1,0/1,0/1,False
anchor_rows,3236,,19/20,image-24,singleton,one_edit_global,1,0,excluded,universal_bound,universal_bound,0/1,0/1,0/1,0/1,0/1,0/1,False
anchor_rows,3237,,19/20,image-24,singleton,current_strict,1,0,excluded,universal_bound,universal_bound,0/1,0/1,0/1,0/1,0/1,0/1,False
anchor_rows,3238,,19/20,image-24,singleton,current_partial,1,0,excluded,universal_bound,universal_bound,0/1,0/1,0/1,0/1,0/1,0/1,False
anchor_rows,3239,,19/20,image-24,singleton,union_strict,1,0,excluded,universal_bound,universal_bound,0/1,0/1,0/1,0/1,0/1,0/1,False
anchor_rows,3240,,19/20,image-24,singleton,union_partial,1,0,excluded,universal_bound,universal_bound,0/1,0/1,0/1,0/1,0/1,0/1,False
anchor_rows,3241,,19/20,image-25,singleton,exact_projection,1,0,excluded,universal_bound,universal_bound,0/1,0/1,0/1,0/1,0/1,0/1,False
anchor_rows,3242,,19/20,image-25,singleton,one_edit_per_image,1,0,excluded,universal_bound,universal_bound,0/1,0/1,0/1,0/1,0/1,0/1,False
anchor_rows,3243,,19/20,image-25,singleton,one_edit_global,1,0,excluded,universal_bound,universal_bound,0/1,0/1,0/1,0/1,0/1,0/1,False
anchor_rows,3244,,19/20,image-25,singleton,current_strict,1,0,excluded,universal_bound,universal_bound,0/1,0/1,0/1,0/1,0/1,0/1,False
anchor_rows,3245,,19/20,image-25,singleton,current_partial,1,0,excluded,universal_bound,universal_bound,0/1,0/1,0/1,0/1,0/1,0/1,False
anchor_rows,3246,,19/20,image-25,singleton,union_strict,1,1,input_blocked,,,,,,,,,False
anchor_rows,3247,,19/20,image-25,singleton,union_partial,1,0,excluded,universal_bound,universal_bound,0/1,0/1,0/1,0/1,0/1,0/1,False
anchor_rows,3248,,19/20,image-26,singleton,exact_projection,1,0,excluded,universal_bound,universal_bound,0/1,0/1,0/1,0/1,0/1,0/1,False
anchor_rows,3249,,19/20,image-26,singleton,one_edit_per_image,1,0,excluded,universal_bound,universal_bound,0/1,0/1,0/1,0/1,0/1,0/1,False
anchor_rows,3250,,19/20,image-26,singleton,one_edit_global,1,0,excluded,universal_bound,universal_bound,0/1,0/1,0/1,0/1,0/1,0/1,False
anchor_rows,3251,,19/20,image-26,singleton,current_strict,1,0,excluded,universal_bound,universal_bound,0/1,0/1,0/1,0/1,0/1,0/1,False
anchor_rows,3252,,19/20,image-26,singleton,current_partial,1,0,excluded,universal_bound,universal_bound,0/1,0/1,0/1,0/1,0/1,0/1,False
anchor_rows,3253,,19/20,image-26,singleton,union_strict,1,0,excluded,universal_bound,universal_bound,0/1,0/1,0/1,0/1,0/1,0/1,False
anchor_rows,3254,,19/20,image-26,singleton,union_partial,1,0,excluded,universal_bound,universal_bound,0/1,0/1,0/1,0/1,0/1,0/1,False
anchor_rows,3255,,19/20,image-27,singleton,exact_projection,1,0,excluded,universal_bound,universal_bound,0/1,0/1,0/1,0/1,0/1,0/1,False
anchor_rows,3256,,19/20,image-27,singleton,one_edit_per_image,1,0,excluded,universal_bound,universal_bound,0/1,0/1,0/1,0/1,0/1,0/1,False
anchor_rows,3257,,19/20,image-27,singleton,one_edit_global,1,0,excluded,universal_bound,universal_bound,0/1,0/1,0/1,0/1,0/1,0/1,False
anchor_rows,3258,,19/20,image-27,singleton,current_strict,1,1,input_blocked,,,,,,,,,False
anchor_rows,3259,,19/20,image-27,singleton,current_partial,1,0,excluded,universal_bound,universal_bound,0/1,0/1,0/1,0/1,0/1,0/1,False
anchor_rows,3260,,19/20,image-27,singleton,union_strict,1,1,input_blocked,,,,,,,,,False
anchor_rows,3261,,19/20,image-27,singleton,union_partial,1,0,excluded,universal_bound,universal_bound,0/1,0/1,0/1,0/1,0/1,0/1,False
anchor_rows,3262,,19/20,image-28,singleton,exact_projection,1,0,excluded,universal_bound,universal_bound,0/1,0/1,0/1,0/1,0/1,0/1,False
anchor_rows,3263,,19/20,image-28,singleton,one_edit_per_image,1,0,excluded,universal_bound,universal_bound,0/1,0/1,0/1,0/1,0/1,0/1,False
anchor_rows,3264,,19/20,image-28,singleton,one_edit_global,1,0,excluded,universal_bound,universal_bound,0/1,0/1,0/1,0/1,0/1,0/1,False
anchor_rows,3265,,19/20,image-28,singleton,current_strict,1,1,input_blocked,,,,,,,,,False
anchor_rows,3266,,19/20,image-28,singleton,current_partial,1,0,excluded,universal_bound,universal_bound,0/1,0/1,0/1,0/1,0/1,0/1,False
anchor_rows,3267,,19/20,image-28,singleton,union_strict,1,1,input_blocked,,,,,,,,,False
anchor_rows,3268,,19/20,image-28,singleton,union_partial,1,0,excluded,universal_bound,universal_bound,0/1,0/1,0/1,0/1,0/1,0/1,False
anchor_rows,3269,,19/20,image-29,singleton,exact_projection,1,0,excluded,universal_bound,universal_bound,0/1,0/1,0/1,0/1,0/1,0/1,False
anchor_rows,3270,,19/20,image-29,singleton,one_edit_per_image,1,0,excluded,universal_bound,universal_bound,0/1,0/1,0/1,0/1,0/1,0/1,False
anchor_rows,3271,,19/20,image-29,singleton,one_edit_global,1,0,excluded,universal_bound,universal_bound,0/1,0/1,0/1,0/1,0/1,0/1,False
anchor_rows,3272,,19/20,image-29,singleton,current_strict,1,1,input_blocked,,,,,,,,,False
anchor_rows,3273,,19/20,image-29,singleton,current_partial,1,0,excluded,universal_bound,universal_bound,0/1,0/1,0/1,0/1,0/1,0/1,False
anchor_rows,3274,,19/20,image-29,singleton,union_strict,1,1,input_blocked,,,,,,,,,False
anchor_rows,3275,,19/20,image-29,singleton,union_partial,1,0,excluded,universal_bound,universal_bound,0/1,0/1,0/1,0/1,0/1,0/1,False
anchor_rows,3276,,19/20,image-30,singleton,exact_projection,1,0,excluded,universal_bound,universal_bound,0/1,0/1,0/1,0/1,0/1,0/1,False
anchor_rows,3277,,19/20,image-30,singleton,one_edit_per_image,1,0,excluded,universal_bound,universal_bound,0/1,0/1,0/1,0/1,0/1,0/1,False
anchor_rows,3278,,19/20,image-30,singleton,one_edit_global,1,0,excluded,universal_bound,universal_bound,0/1,0/1,0/1,0/1,0/1,0/1,False
anchor_rows,3279,,19/20,image-30,singleton,current_strict,1,1,input_blocked,,,,,,,,,False
anchor_rows,3280,,19/20,image-30,singleton,current_partial,1,0,excluded,universal_bound,universal_bound,0/1,0/1,0/1,0/1,0/1,0/1,False
anchor_rows,3281,,19/20,image-30,singleton,union_strict,1,1,input_blocked,,,,,,,,,False
anchor_rows,3282,,19/20,image-30,singleton,union_partial,1,0,excluded,universal_bound,universal_bound,0/1,0/1,0/1,0/1,0/1,0/1,False
anchor_rows,3283,,19/20,image-31,singleton,exact_projection,1,0,excluded,universal_bound,universal_bound,0/1,0/1,0/1,0/1,0/1,0/1,False
anchor_rows,3284,,19/20,image-31,singleton,one_edit_per_image,1,0,excluded,universal_bound,universal_bound,0/1,0/1,0/1,0/1,0/1,0/1,False
anchor_rows,3285,,19/20,image-31,singleton,one_edit_global,1,0,excluded,universal_bound,universal_bound,0/1,0/1,0/1,0/1,0/1,0/1,False
anchor_rows,3286,,19/20,image-31,singleton,current_strict,1,1,input_blocked,,,,,,,,,False
anchor_rows,3287,,19/20,image-31,singleton,current_partial,1,0,excluded,universal_bound,universal_bound,0/1,0/1,0/1,0/1,0/1,0/1,False
anchor_rows,3288,,19/20,image-31,singleton,union_strict,1,1,input_blocked,,,,,,,,,False
anchor_rows,3289,,19/20,image-31,singleton,union_partial,1,0,excluded,universal_bound,universal_bound,0/1,0/1,0/1,0/1,0/1,0/1,False
anchor_rows,3290,,19/20,image-32,singleton,exact_projection,1,0,excluded,universal_bound,universal_bound,0/1,0/1,0/1,0/1,0/1,0/1,False
anchor_rows,3291,,19/20,image-32,singleton,one_edit_per_image,1,0,excluded,universal_bound,universal_bound,0/1,0/1,0/1,0/1,0/1,0/1,False
anchor_rows,3292,,19/20,image-32,singleton,one_edit_global,1,0,excluded,universal_bound,universal_bound,0/1,0/1,0/1,0/1,0/1,0/1,False
anchor_rows,3293,,19/20,image-32,singleton,current_strict,1,0,excluded,universal_bound,universal_bound,0/1,0/1,0/1,0/1,0/1,0/1,False
anchor_rows,3294,,19/20,image-32,singleton,current_partial,1,0,excluded,universal_bound,universal_bound,0/1,0/1,0/1,0/1,0/1,0/1,False
anchor_rows,3295,,19/20,image-32,singleton,union_strict,1,0,excluded,universal_bound,universal_bound,0/1,0/1,0/1,0/1,0/1,0/1,False
anchor_rows,3296,,19/20,image-32,singleton,union_partial,1,0,excluded,universal_bound,universal_bound,0/1,0/1,0/1,0/1,0/1,0/1,False
anchor_rows,3297,,19/20,image-33,singleton,exact_projection,1,0,excluded,universal_bound,universal_bound,0/1,0/1,0/1,0/1,0/1,0/1,False
anchor_rows,3298,,19/20,image-33,singleton,one_edit_per_image,1,0,excluded,universal_bound,universal_bound,0/1,0/1,0/1,0/1,0/1,0/1,False
anchor_rows,3299,,19/20,image-33,singleton,one_edit_global,1,0,excluded,universal_bound,universal_bound,0/1,0/1,0/1,0/1,0/1,0/1,False
anchor_rows,3300,,19/20,image-33,singleton,current_strict,1,1,input_blocked,,,,,,,,,False
anchor_rows,3301,,19/20,image-33,singleton,current_partial,1,0,excluded,universal_bound,universal_bound,0/1,0/1,0/1,0/1,0/1,0/1,False
anchor_rows,3302,,19/20,image-33,singleton,union_strict,1,1,input_blocked,,,,,,,,,False
anchor_rows,3303,,19/20,image-33,singleton,union_partial,1,0,excluded,universal_bound,universal_bound,0/1,0/1,0/1,0/1,0/1,0/1,False
anchor_rows,3304,,19/20,image-34,singleton,exact_projection,1,0,excluded,universal_bound,universal_bound,0/1,0/1,0/1,0/1,0/1,0/1,False
anchor_rows,3305,,19/20,image-34,singleton,one_edit_per_image,1,0,excluded,universal_bound,universal_bound,0/1,0/1,0/1,0/1,0/1,0/1,False
anchor_rows,3306,,19/20,image-34,singleton,one_edit_global,1,0,excluded,universal_bound,universal_bound,0/1,0/1,0/1,0/1,0/1,0/1,False
anchor_rows,3307,,19/20,image-34,singleton,current_strict,1,0,excluded,universal_bound,universal_bound,0/1,0/1,0/1,0/1,0/1,0/1,False
anchor_rows,3308,,19/20,image-34,singleton,current_partial,1,0,excluded,universal_bound,universal_bound,0/1,0/1,0/1,0/1,0/1,0/1,False
anchor_rows,3309,,19/20,image-34,singleton,union_strict,1,1,input_blocked,,,,,,,,,False
anchor_rows,3310,,19/20,image-34,singleton,union_partial,1,0,excluded,universal_bound,universal_bound,0/1,0/1,0/1,0/1,0/1,0/1,False
anchor_rows,3311,,19/20,image-35,singleton,exact_projection,1,0,excluded,universal_bound,universal_bound,0/1,0/1,0/1,0/1,0/1,0/1,False
anchor_rows,3312,,19/20,image-35,singleton,one_edit_per_image,1,0,excluded,universal_bound,universal_bound,0/1,0/1,0/1,0/1,0/1,0/1,False
anchor_rows,3313,,19/20,image-35,singleton,one_edit_global,1,0,excluded,universal_bound,universal_bound,0/1,0/1,0/1,0/1,0/1,0/1,False
anchor_rows,3314,,19/20,image-35,singleton,current_strict,1,0,excluded,universal_bound,universal_bound,0/1,0/1,0/1,0/1,0/1,0/1,False
anchor_rows,3315,,19/20,image-35,singleton,current_partial,1,0,excluded,universal_bound,universal_bound,0/1,0/1,0/1,0/1,0/1,0/1,False
anchor_rows,3316,,19/20,image-35,singleton,union_strict,1,0,excluded,universal_bound,universal_bound,0/1,0/1,0/1,0/1,0/1,0/1,False
anchor_rows,3317,,19/20,image-35,singleton,union_partial,1,0,excluded,universal_bound,universal_bound,0/1,0/1,0/1,0/1,0/1,0/1,False
anchor_rows,3318,,19/20,image-36,singleton,exact_projection,1,0,excluded,universal_bound,universal_bound,0/1,0/1,0/1,0/1,0/1,0/1,False
anchor_rows,3319,,19/20,image-36,singleton,one_edit_per_image,1,0,excluded,universal_bound,universal_bound,0/1,0/1,0/1,0/1,0/1,0/1,False
anchor_rows,3320,,19/20,image-36,singleton,one_edit_global,1,0,excluded,universal_bound,universal_bound,0/1,0/1,0/1,0/1,0/1,0/1,False
anchor_rows,3321,,19/20,image-36,singleton,current_strict,1,0,excluded,universal_bound,universal_bound,0/1,0/1,0/1,0/1,0/1,0/1,False
anchor_rows,3322,,19/20,image-36,singleton,current_partial,1,0,excluded,universal_bound,universal_bound,0/1,0/1,0/1,0/1,0/1,0/1,False
anchor_rows,3323,,19/20,image-36,singleton,union_strict,1,0,excluded,universal_bound,universal_bound,0/1,0/1,0/1,0/1,0/1,0/1,False
anchor_rows,3324,,19/20,image-36,singleton,union_partial,1,0,excluded,universal_bound,universal_bound,0/1,0/1,0/1,0/1,0/1,0/1,False
anchor_rows,3325,,19/20,image-37,singleton,exact_projection,1,0,excluded,universal_bound,universal_bound,0/1,0/1,0/1,0/1,0/1,0/1,False
anchor_rows,3326,,19/20,image-37,singleton,one_edit_per_image,1,0,excluded,universal_bound,universal_bound,0/1,0/1,0/1,0/1,0/1,0/1,False
anchor_rows,3327,,19/20,image-37,singleton,one_edit_global,1,0,excluded,universal_bound,universal_bound,0/1,0/1,0/1,0/1,0/1,0/1,False
anchor_rows,3328,,19/20,image-37,singleton,current_strict,1,1,input_blocked,,,,,,,,,False
anchor_rows,3329,,19/20,image-37,singleton,current_partial,1,0,excluded,universal_bound,universal_bound,0/1,0/1,0/1,0/1,0/1,0/1,False
anchor_rows,3330,,19/20,image-37,singleton,union_strict,1,1,input_blocked,,,,,,,,,False
anchor_rows,3331,,19/20,image-37,singleton,union_partial,1,0,excluded,universal_bound,universal_bound,0/1,0/1,0/1,0/1,0/1,0/1,False
anchor_rows,3332,,19/20,image-38,singleton,exact_projection,1,0,excluded,universal_bound,universal_bound,0/1,0/1,0/1,0/1,0/1,0/1,False
anchor_rows,3333,,19/20,image-38,singleton,one_edit_per_image,1,0,excluded,universal_bound,universal_bound,0/1,0/1,0/1,0/1,0/1,0/1,False
anchor_rows,3334,,19/20,image-38,singleton,one_edit_global,1,0,excluded,universal_bound,universal_bound,0/1,0/1,0/1,0/1,0/1,0/1,False
anchor_rows,3335,,19/20,image-38,singleton,current_strict,1,1,input_blocked,,,,,,,,,False
anchor_rows,3336,,19/20,image-38,singleton,current_partial,1,0,excluded,universal_bound,universal_bound,0/1,0/1,0/1,0/1,0/1,0/1,False
anchor_rows,3337,,19/20,image-38,singleton,union_strict,1,1,input_blocked,,,,,,,,,False
anchor_rows,3338,,19/20,image-38,singleton,union_partial,1,0,excluded,universal_bound,universal_bound,0/1,0/1,0/1,0/1,0/1,0/1,False
anchor_rows,3339,,19/20,image-39,singleton,exact_projection,1,0,excluded,universal_bound,universal_bound,0/1,0/1,0/1,0/1,0/1,0/1,False
anchor_rows,3340,,19/20,image-39,singleton,one_edit_per_image,1,0,excluded,universal_bound,universal_bound,0/1,0/1,0/1,0/1,0/1,0/1,False
anchor_rows,3341,,19/20,image-39,singleton,one_edit_global,1,0,excluded,universal_bound,universal_bound,0/1,0/1,0/1,0/1,0/1,0/1,False
anchor_rows,3342,,19/20,image-39,singleton,current_strict,1,1,input_blocked,,,,,,,,,False
anchor_rows,3343,,19/20,image-39,singleton,current_partial,1,0,excluded,universal_bound,universal_bound,0/1,0/1,0/1,0/1,0/1,0/1,False
anchor_rows,3344,,19/20,image-39,singleton,union_strict,1,1,input_blocked,,,,,,,,,False
anchor_rows,3345,,19/20,image-39,singleton,union_partial,1,0,excluded,universal_bound,universal_bound,0/1,0/1,0/1,0/1,0/1,0/1,False
anchor_rows,3346,,19/20,image-40,singleton,exact_projection,1,0,excluded,universal_bound,universal_bound,0/1,0/1,0/1,0/1,0/1,0/1,False
anchor_rows,3347,,19/20,image-40,singleton,one_edit_per_image,1,0,excluded,universal_bound,universal_bound,0/1,0/1,0/1,0/1,0/1,0/1,False
anchor_rows,3348,,19/20,image-40,singleton,one_edit_global,1,0,excluded,universal_bound,universal_bound,0/1,0/1,0/1,0/1,0/1,0/1,False
anchor_rows,3349,,19/20,image-40,singleton,current_strict,1,0,excluded,universal_bound,universal_bound,0/1,0/1,0/1,0/1,0/1,0/1,False
anchor_rows,3350,,19/20,image-40,singleton,current_partial,1,0,excluded,universal_bound,universal_bound,0/1,0/1,0/1,0/1,0/1,0/1,False
anchor_rows,3351,,19/20,image-40,singleton,union_strict,1,1,input_blocked,,,,,,,,,False
anchor_rows,3352,,19/20,image-40,singleton,union_partial,1,0,excluded,universal_bound,universal_bound,0/1,0/1,0/1,0/1,0/1,0/1,False
anchor_rows,3353,,19/20,image-41,singleton,exact_projection,1,0,excluded,universal_bound,universal_bound,0/1,0/1,0/1,0/1,0/1,0/1,False
anchor_rows,3354,,19/20,image-41,singleton,one_edit_per_image,1,0,excluded,universal_bound,universal_bound,0/1,0/1,0/1,0/1,0/1,0/1,False
anchor_rows,3355,,19/20,image-41,singleton,one_edit_global,1,0,excluded,universal_bound,universal_bound,0/1,0/1,0/1,0/1,0/1,0/1,False
anchor_rows,3356,,19/20,image-41,singleton,current_strict,1,1,input_blocked,,,,,,,,,False
anchor_rows,3357,,19/20,image-41,singleton,current_partial,1,0,excluded,universal_bound,universal_bound,0/1,0/1,0/1,0/1,0/1,0/1,False
anchor_rows,3358,,19/20,image-41,singleton,union_strict,1,1,input_blocked,,,,,,,,,False
anchor_rows,3359,,19/20,image-41,singleton,union_partial,1,0,excluded,universal_bound,universal_bound,0/1,0/1,0/1,0/1,0/1,0/1,False
anchor_rows,3360,,19/20,image-42,singleton,exact_projection,1,0,excluded,universal_bound,universal_bound,0/1,0/1,0/1,0/1,0/1,0/1,False
anchor_rows,3361,,19/20,image-42,singleton,one_edit_per_image,1,0,excluded,universal_bound,universal_bound,0/1,0/1,0/1,0/1,0/1,0/1,False
anchor_rows,3362,,19/20,image-42,singleton,one_edit_global,1,0,excluded,universal_bound,universal_bound,0/1,0/1,0/1,0/1,0/1,0/1,False
anchor_rows,3363,,19/20,image-42,singleton,current_strict,1,0,excluded,universal_bound,universal_bound,0/1,0/1,0/1,0/1,0/1,0/1,False
anchor_rows,3364,,19/20,image-42,singleton,current_partial,1,0,excluded,universal_bound,universal_bound,0/1,0/1,0/1,0/1,0/1,0/1,False
anchor_rows,3365,,19/20,image-42,singleton,union_strict,1,1,input_blocked,,,,,,,,,False
anchor_rows,3366,,19/20,image-42,singleton,union_partial,1,0,excluded,universal_bound,universal_bound,0/1,0/1,0/1,0/1,0/1,0/1,False
anchor_rows,3367,,19/20,image-43,singleton,exact_projection,1,0,excluded,universal_bound,universal_bound,0/1,0/1,0/1,0/1,0/1,0/1,False
anchor_rows,3368,,19/20,image-43,singleton,one_edit_per_image,1,0,excluded,universal_bound,universal_bound,0/1,0/1,0/1,0/1,0/1,0/1,False
anchor_rows,3369,,19/20,image-43,singleton,one_edit_global,1,0,excluded,universal_bound,universal_bound,0/1,0/1,0/1,0/1,0/1,0/1,False
anchor_rows,3370,,19/20,image-43,singleton,current_strict,1,1,input_blocked,,,,,,,,,False
anchor_rows,3371,,19/20,image-43,singleton,current_partial,1,0,excluded,universal_bound,universal_bound,0/1,0/1,0/1,0/1,0/1,0/1,False
anchor_rows,3372,,19/20,image-43,singleton,union_strict,1,1,input_blocked,,,,,,,,,False
anchor_rows,3373,,19/20,image-43,singleton,union_partial,1,0,excluded,universal_bound,universal_bound,0/1,0/1,0/1,0/1,0/1,0/1,False
anchor_rows,3374,,19/20,image-44,singleton,exact_projection,1,0,excluded,universal_bound,universal_bound,0/1,0/1,0/1,0/1,0/1,0/1,False
anchor_rows,3375,,19/20,image-44,singleton,one_edit_per_image,1,0,excluded,universal_bound,universal_bound,0/1,0/1,0/1,0/1,0/1,0/1,False
anchor_rows,3376,,19/20,image-44,singleton,one_edit_global,1,0,excluded,universal_bound,universal_bound,0/1,0/1,0/1,0/1,0/1,0/1,False
anchor_rows,3377,,19/20,image-44,singleton,current_strict,1,0,excluded,universal_bound,universal_bound,0/1,0/1,0/1,0/1,0/1,0/1,False
anchor_rows,3378,,19/20,image-44,singleton,current_partial,1,0,excluded,universal_bound,universal_bound,0/1,0/1,0/1,0/1,0/1,0/1,False
anchor_rows,3379,,19/20,image-44,singleton,union_strict,1,0,excluded,universal_bound,universal_bound,0/1,0/1,0/1,0/1,0/1,0/1,False
anchor_rows,3380,,19/20,image-44,singleton,union_partial,1,0,excluded,universal_bound,universal_bound,0/1,0/1,0/1,0/1,0/1,0/1,False
anchor_rows,3381,,19/20,image-45,singleton,exact_projection,1,0,excluded,universal_bound,universal_bound,0/1,0/1,0/1,0/1,0/1,0/1,False
anchor_rows,3382,,19/20,image-45,singleton,one_edit_per_image,1,0,excluded,universal_bound,universal_bound,0/1,0/1,0/1,0/1,0/1,0/1,False
anchor_rows,3383,,19/20,image-45,singleton,one_edit_global,1,0,excluded,universal_bound,universal_bound,0/1,0/1,0/1,0/1,0/1,0/1,False
anchor_rows,3384,,19/20,image-45,singleton,current_strict,1,1,input_blocked,,,,,,,,,False
anchor_rows,3385,,19/20,image-45,singleton,current_partial,1,0,excluded,universal_bound,universal_bound,0/1,0/1,0/1,0/1,0/1,0/1,False
anchor_rows,3386,,19/20,image-45,singleton,union_strict,1,1,input_blocked,,,,,,,,,False
anchor_rows,3387,,19/20,image-45,singleton,union_partial,1,0,excluded,universal_bound,universal_bound,0/1,0/1,0/1,0/1,0/1,0/1,False
anchor_rows,3388,,19/20,image-46,singleton,exact_projection,1,0,excluded,universal_bound,universal_bound,0/1,0/1,0/1,0/1,0/1,0/1,False
anchor_rows,3389,,19/20,image-46,singleton,one_edit_per_image,1,0,excluded,universal_bound,universal_bound,0/1,0/1,0/1,0/1,0/1,0/1,False
anchor_rows,3390,,19/20,image-46,singleton,one_edit_global,1,0,excluded,universal_bound,universal_bound,0/1,0/1,0/1,0/1,0/1,0/1,False
anchor_rows,3391,,19/20,image-46,singleton,current_strict,1,0,excluded,universal_bound,universal_bound,0/1,0/1,0/1,0/1,0/1,0/1,False
anchor_rows,3392,,19/20,image-46,singleton,current_partial,1,0,excluded,universal_bound,universal_bound,0/1,0/1,0/1,0/1,0/1,0/1,False
anchor_rows,3393,,19/20,image-46,singleton,union_strict,1,1,input_blocked,,,,,,,,,False
anchor_rows,3394,,19/20,image-46,singleton,union_partial,1,0,excluded,universal_bound,universal_bound,0/1,0/1,0/1,0/1,0/1,0/1,False
anchor_rows,3395,,19/20,image-47,singleton,exact_projection,1,0,excluded,universal_bound,universal_bound,0/1,0/1,0/1,0/1,0/1,0/1,False
anchor_rows,3396,,19/20,image-47,singleton,one_edit_per_image,1,0,excluded,universal_bound,universal_bound,0/1,0/1,0/1,0/1,0/1,0/1,False
anchor_rows,3397,,19/20,image-47,singleton,one_edit_global,1,0,excluded,universal_bound,universal_bound,0/1,0/1,0/1,0/1,0/1,0/1,False
anchor_rows,3398,,19/20,image-47,singleton,current_strict,1,0,excluded,universal_bound,universal_bound,0/1,0/1,0/1,0/1,0/1,0/1,False
anchor_rows,3399,,19/20,image-47,singleton,current_partial,1,0,excluded,universal_bound,universal_bound,0/1,0/1,0/1,0/1,0/1,0/1,False
anchor_rows,3400,,19/20,image-47,singleton,union_strict,1,0,excluded,universal_bound,universal_bound,0/1,0/1,0/1,0/1,0/1,0/1,False
anchor_rows,3401,,19/20,image-47,singleton,union_partial,1,0,excluded,universal_bound,universal_bound,0/1,0/1,0/1,0/1,0/1,0/1,False
anchor_rows,3402,,19/20,image-48,singleton,exact_projection,1,0,excluded,universal_bound,universal_bound,0/1,0/1,0/1,0/1,0/1,0/1,False
anchor_rows,3403,,19/20,image-48,singleton,one_edit_per_image,1,0,excluded,universal_bound,universal_bound,0/1,0/1,0/1,0/1,0/1,0/1,False
anchor_rows,3404,,19/20,image-48,singleton,one_edit_global,1,0,excluded,universal_bound,universal_bound,0/1,0/1,0/1,0/1,0/1,0/1,False
anchor_rows,3405,,19/20,image-48,singleton,current_strict,1,0,excluded,universal_bound,universal_bound,0/1,0/1,0/1,0/1,0/1,0/1,False
anchor_rows,3406,,19/20,image-48,singleton,current_partial,1,0,excluded,universal_bound,universal_bound,0/1,0/1,0/1,0/1,0/1,0/1,False
anchor_rows,3407,,19/20,image-48,singleton,union_strict,1,0,excluded,universal_bound,universal_bound,0/1,0/1,0/1,0/1,0/1,0/1,False
anchor_rows,3408,,19/20,image-48,singleton,union_partial,1,0,excluded,universal_bound,universal_bound,0/1,0/1,0/1,0/1,0/1,0/1,False
anchor_rows,3409,,19/20,image-49,singleton,exact_projection,1,0,excluded,universal_bound,universal_bound,0/1,0/1,0/1,0/1,0/1,0/1,False
anchor_rows,3410,,19/20,image-49,singleton,one_edit_per_image,1,0,excluded,universal_bound,universal_bound,0/1,0/1,0/1,0/1,0/1,0/1,False
anchor_rows,3411,,19/20,image-49,singleton,one_edit_global,1,0,excluded,universal_bound,universal_bound,0/1,0/1,0/1,0/1,0/1,0/1,False
anchor_rows,3412,,19/20,image-49,singleton,current_strict,1,0,excluded,universal_bound,universal_bound,0/1,0/1,0/1,0/1,0/1,0/1,False
anchor_rows,3413,,19/20,image-49,singleton,current_partial,1,0,excluded,universal_bound,universal_bound,0/1,0/1,0/1,0/1,0/1,0/1,False
anchor_rows,3414,,19/20,image-49,singleton,union_strict,1,0,excluded,universal_bound,universal_bound,0/1,0/1,0/1,0/1,0/1,0/1,False
anchor_rows,3415,,19/20,image-49,singleton,union_partial,1,0,excluded,universal_bound,universal_bound,0/1,0/1,0/1,0/1,0/1,0/1,False
anchor_rows,3416,,19/20,image-50,singleton,exact_projection,1,0,excluded,universal_bound,universal_bound,0/1,0/1,0/1,0/1,0/1,0/1,False
anchor_rows,3417,,19/20,image-50,singleton,one_edit_per_image,1,0,excluded,universal_bound,universal_bound,0/1,0/1,0/1,0/1,0/1,0/1,False
anchor_rows,3418,,19/20,image-50,singleton,one_edit_global,1,0,excluded,universal_bound,universal_bound,0/1,0/1,0/1,0/1,0/1,0/1,False
anchor_rows,3419,,19/20,image-50,singleton,current_strict,1,0,excluded,universal_bound,universal_bound,0/1,0/1,0/1,0/1,0/1,0/1,False
anchor_rows,3420,,19/20,image-50,singleton,current_partial,1,0,excluded,universal_bound,universal_bound,0/1,0/1,0/1,0/1,0/1,0/1,False
anchor_rows,3421,,19/20,image-50,singleton,union_strict,1,0,excluded,universal_bound,universal_bound,0/1,0/1,0/1,0/1,0/1,0/1,False
anchor_rows,3422,,19/20,image-50,singleton,union_partial,1,0,excluded,universal_bound,universal_bound,0/1,0/1,0/1,0/1,0/1,0/1,False
anchor_rows,3423,,19/20,image-51,singleton,exact_projection,1,0,excluded,universal_bound,universal_bound,0/1,0/1,0/1,0/1,0/1,0/1,False
anchor_rows,3424,,19/20,image-51,singleton,one_edit_per_image,1,0,excluded,universal_bound,universal_bound,0/1,0/1,0/1,0/1,0/1,0/1,False
anchor_rows,3425,,19/20,image-51,singleton,one_edit_global,1,0,excluded,universal_bound,universal_bound,0/1,0/1,0/1,0/1,0/1,0/1,False
anchor_rows,3426,,19/20,image-51,singleton,current_strict,1,0,excluded,universal_bound,universal_bound,0/1,0/1,0/1,0/1,0/1,0/1,False
anchor_rows,3427,,19/20,image-51,singleton,current_partial,1,0,excluded,universal_bound,universal_bound,0/1,0/1,0/1,0/1,0/1,0/1,False
anchor_rows,3428,,19/20,image-51,singleton,union_strict,1,0,excluded,universal_bound,universal_bound,0/1,0/1,0/1,0/1,0/1,0/1,False
anchor_rows,3429,,19/20,image-51,singleton,union_partial,1,0,excluded,universal_bound,universal_bound,0/1,0/1,0/1,0/1,0/1,0/1,False
anchor_rows,3430,,19/20,image-52,singleton,exact_projection,1,0,excluded,universal_bound,universal_bound,0/1,0/1,0/1,0/1,0/1,0/1,False
anchor_rows,3431,,19/20,image-52,singleton,one_edit_per_image,1,0,excluded,universal_bound,universal_bound,0/1,0/1,0/1,0/1,0/1,0/1,False
anchor_rows,3432,,19/20,image-52,singleton,one_edit_global,1,0,excluded,universal_bound,universal_bound,0/1,0/1,0/1,0/1,0/1,0/1,False
anchor_rows,3433,,19/20,image-52,singleton,current_strict,1,1,input_blocked,,,,,,,,,False
anchor_rows,3434,,19/20,image-52,singleton,current_partial,1,0,excluded,universal_bound,universal_bound,0/1,0/1,0/1,0/1,0/1,0/1,False
anchor_rows,3435,,19/20,image-52,singleton,union_strict,1,1,input_blocked,,,,,,,,,False
anchor_rows,3436,,19/20,image-52,singleton,union_partial,1,0,excluded,universal_bound,universal_bound,0/1,0/1,0/1,0/1,0/1,0/1,False
anchor_rows,3437,,19/20,image-53,singleton,exact_projection,1,0,excluded,universal_bound,universal_bound,0/1,0/1,0/1,0/1,0/1,0/1,False
anchor_rows,3438,,19/20,image-53,singleton,one_edit_per_image,1,0,excluded,universal_bound,universal_bound,0/1,0/1,0/1,0/1,0/1,0/1,False
anchor_rows,3439,,19/20,image-53,singleton,one_edit_global,1,0,excluded,universal_bound,universal_bound,0/1,0/1,0/1,0/1,0/1,0/1,False
anchor_rows,3440,,19/20,image-53,singleton,current_strict,1,0,excluded,universal_bound,universal_bound,0/1,0/1,0/1,0/1,0/1,0/1,False
anchor_rows,3441,,19/20,image-53,singleton,current_partial,1,0,excluded,universal_bound,universal_bound,0/1,0/1,0/1,0/1,0/1,0/1,False
anchor_rows,3442,,19/20,image-53,singleton,union_strict,1,0,excluded,universal_bound,universal_bound,0/1,0/1,0/1,0/1,0/1,0/1,False
anchor_rows,3443,,19/20,image-53,singleton,union_partial,1,0,excluded,universal_bound,universal_bound,0/1,0/1,0/1,0/1,0/1,0/1,False
anchor_rows,3444,,19/20,image-54,singleton,exact_projection,1,0,excluded,universal_bound,universal_bound,0/1,0/1,0/1,0/1,0/1,0/1,False
anchor_rows,3445,,19/20,image-54,singleton,one_edit_per_image,1,0,excluded,universal_bound,universal_bound,0/1,0/1,0/1,0/1,0/1,0/1,False
anchor_rows,3446,,19/20,image-54,singleton,one_edit_global,1,0,excluded,universal_bound,universal_bound,0/1,0/1,0/1,0/1,0/1,0/1,False
anchor_rows,3447,,19/20,image-54,singleton,current_strict,1,1,input_blocked,,,,,,,,,False
anchor_rows,3448,,19/20,image-54,singleton,current_partial,1,0,excluded,universal_bound,universal_bound,0/1,0/1,0/1,0/1,0/1,0/1,False
anchor_rows,3449,,19/20,image-54,singleton,union_strict,1,1,input_blocked,,,,,,,,,False
anchor_rows,3450,,19/20,image-54,singleton,union_partial,1,0,excluded,universal_bound,universal_bound,0/1,0/1,0/1,0/1,0/1,0/1,False
anchor_rows,3451,,19/20,image-55,singleton,exact_projection,1,0,excluded,universal_bound,universal_bound,0/1,0/1,0/1,0/1,0/1,0/1,False
anchor_rows,3452,,19/20,image-55,singleton,one_edit_per_image,1,0,excluded,universal_bound,universal_bound,0/1,0/1,0/1,0/1,0/1,0/1,False
anchor_rows,3453,,19/20,image-55,singleton,one_edit_global,1,0,excluded,universal_bound,universal_bound,0/1,0/1,0/1,0/1,0/1,0/1,False
anchor_rows,3454,,19/20,image-55,singleton,current_strict,1,1,input_blocked,,,,,,,,,False
anchor_rows,3455,,19/20,image-55,singleton,current_partial,1,0,excluded,universal_bound,universal_bound,0/1,0/1,0/1,0/1,0/1,0/1,False
anchor_rows,3456,,19/20,image-55,singleton,union_strict,1,1,input_blocked,,,,,,,,,False
anchor_rows,3457,,19/20,image-55,singleton,union_partial,1,0,excluded,universal_bound,universal_bound,0/1,0/1,0/1,0/1,0/1,0/1,False
anchor_rows,3458,,19/20,image-56,singleton,exact_projection,1,0,excluded,universal_bound,universal_bound,0/1,0/1,0/1,0/1,0/1,0/1,False
anchor_rows,3459,,19/20,image-56,singleton,one_edit_per_image,1,0,excluded,universal_bound,universal_bound,0/1,0/1,0/1,0/1,0/1,0/1,False
anchor_rows,3460,,19/20,image-56,singleton,one_edit_global,1,0,excluded,universal_bound,universal_bound,0/1,0/1,0/1,0/1,0/1,0/1,False
anchor_rows,3461,,19/20,image-56,singleton,current_strict,1,0,excluded,universal_bound,universal_bound,0/1,0/1,0/1,0/1,0/1,0/1,False
anchor_rows,3462,,19/20,image-56,singleton,current_partial,1,0,excluded,universal_bound,universal_bound,0/1,0/1,0/1,0/1,0/1,0/1,False
anchor_rows,3463,,19/20,image-56,singleton,union_strict,1,0,excluded,universal_bound,universal_bound,0/1,0/1,0/1,0/1,0/1,0/1,False
anchor_rows,3464,,19/20,image-56,singleton,union_partial,1,0,excluded,universal_bound,universal_bound,0/1,0/1,0/1,0/1,0/1,0/1,False
anchor_rows,3465,,19/20,image-57,singleton,exact_projection,1,0,excluded,universal_bound,universal_bound,0/1,0/1,0/1,0/1,0/1,0/1,False
anchor_rows,3466,,19/20,image-57,singleton,one_edit_per_image,1,0,excluded,universal_bound,universal_bound,0/1,0/1,0/1,0/1,0/1,0/1,False
anchor_rows,3467,,19/20,image-57,singleton,one_edit_global,1,0,excluded,universal_bound,universal_bound,0/1,0/1,0/1,0/1,0/1,0/1,False
anchor_rows,3468,,19/20,image-57,singleton,current_strict,1,1,input_blocked,,,,,,,,,False
anchor_rows,3469,,19/20,image-57,singleton,current_partial,1,0,excluded,universal_bound,universal_bound,0/1,0/1,0/1,0/1,0/1,0/1,False
anchor_rows,3470,,19/20,image-57,singleton,union_strict,1,1,input_blocked,,,,,,,,,False
anchor_rows,3471,,19/20,image-57,singleton,union_partial,1,0,excluded,universal_bound,universal_bound,0/1,0/1,0/1,0/1,0/1,0/1,False
anchor_rows,3472,,19/20,image-58,singleton,exact_projection,1,0,excluded,universal_bound,universal_bound,0/1,0/1,0/1,0/1,0/1,0/1,False
anchor_rows,3473,,19/20,image-58,singleton,one_edit_per_image,1,0,excluded,universal_bound,universal_bound,0/1,0/1,0/1,0/1,0/1,0/1,False
anchor_rows,3474,,19/20,image-58,singleton,one_edit_global,1,0,excluded,universal_bound,universal_bound,0/1,0/1,0/1,0/1,0/1,0/1,False
anchor_rows,3475,,19/20,image-58,singleton,current_strict,1,0,excluded,universal_bound,universal_bound,0/1,0/1,0/1,0/1,0/1,0/1,False
anchor_rows,3476,,19/20,image-58,singleton,current_partial,1,0,excluded,universal_bound,universal_bound,0/1,0/1,0/1,0/1,0/1,0/1,False
anchor_rows,3477,,19/20,image-58,singleton,union_strict,1,0,excluded,universal_bound,universal_bound,0/1,0/1,0/1,0/1,0/1,0/1,False
anchor_rows,3478,,19/20,image-58,singleton,union_partial,1,0,excluded,universal_bound,universal_bound,0/1,0/1,0/1,0/1,0/1,0/1,False
anchor_rows,3479,,19/20,image-59,singleton,exact_projection,1,0,excluded,universal_bound,universal_bound,0/1,0/1,0/1,0/1,0/1,0/1,False
anchor_rows,3480,,19/20,image-59,singleton,one_edit_per_image,1,0,excluded,universal_bound,universal_bound,0/1,0/1,0/1,0/1,0/1,0/1,False
anchor_rows,3481,,19/20,image-59,singleton,one_edit_global,1,0,excluded,universal_bound,universal_bound,0/1,0/1,0/1,0/1,0/1,0/1,False
anchor_rows,3482,,19/20,image-59,singleton,current_strict,1,1,input_blocked,,,,,,,,,False
anchor_rows,3483,,19/20,image-59,singleton,current_partial,1,0,excluded,universal_bound,universal_bound,0/1,0/1,0/1,0/1,0/1,0/1,False
anchor_rows,3484,,19/20,image-59,singleton,union_strict,1,1,input_blocked,,,,,,,,,False
anchor_rows,3485,,19/20,image-59,singleton,union_partial,1,0,excluded,universal_bound,universal_bound,0/1,0/1,0/1,0/1,0/1,0/1,False
anchor_rows,3486,,19/20,image-60,singleton,exact_projection,1,0,excluded,universal_bound,universal_bound,0/1,0/1,0/1,0/1,0/1,0/1,False
anchor_rows,3487,,19/20,image-60,singleton,one_edit_per_image,1,0,excluded,universal_bound,universal_bound,0/1,0/1,0/1,0/1,0/1,0/1,False
anchor_rows,3488,,19/20,image-60,singleton,one_edit_global,1,0,excluded,universal_bound,universal_bound,0/1,0/1,0/1,0/1,0/1,0/1,False
anchor_rows,3489,,19/20,image-60,singleton,current_strict,1,0,excluded,universal_bound,universal_bound,0/1,0/1,0/1,0/1,0/1,0/1,False
anchor_rows,3490,,19/20,image-60,singleton,current_partial,1,0,excluded,universal_bound,universal_bound,0/1,0/1,0/1,0/1,0/1,0/1,False
anchor_rows,3491,,19/20,image-60,singleton,union_strict,1,1,input_blocked,,,,,,,,,False
anchor_rows,3492,,19/20,image-60,singleton,union_partial,1,0,excluded,universal_bound,universal_bound,0/1,0/1,0/1,0/1,0/1,0/1,False
anchor_rows,3493,,19/20,image-61,singleton,exact_projection,1,0,excluded,universal_bound,universal_bound,0/1,0/1,0/1,0/1,0/1,0/1,False
anchor_rows,3494,,19/20,image-61,singleton,one_edit_per_image,1,0,excluded,universal_bound,universal_bound,0/1,0/1,0/1,0/1,0/1,0/1,False
anchor_rows,3495,,19/20,image-61,singleton,one_edit_global,1,0,excluded,universal_bound,universal_bound,0/1,0/1,0/1,0/1,0/1,0/1,False
anchor_rows,3496,,19/20,image-61,singleton,current_strict,1,1,input_blocked,,,,,,,,,False
anchor_rows,3497,,19/20,image-61,singleton,current_partial,1,0,excluded,universal_bound,universal_bound,0/1,0/1,0/1,0/1,0/1,0/1,False
anchor_rows,3498,,19/20,image-61,singleton,union_strict,1,1,input_blocked,,,,,,,,,False
anchor_rows,3499,,19/20,image-61,singleton,union_partial,1,0,excluded,universal_bound,universal_bound,0/1,0/1,0/1,0/1,0/1,0/1,False
anchor_rows,3500,,19/20,image-62,singleton,exact_projection,1,0,excluded,universal_bound,universal_bound,0/1,0/1,0/1,0/1,0/1,0/1,False
anchor_rows,3501,,19/20,image-62,singleton,one_edit_per_image,1,0,excluded,universal_bound,universal_bound,0/1,0/1,0/1,0/1,0/1,0/1,False
anchor_rows,3502,,19/20,image-62,singleton,one_edit_global,1,0,excluded,universal_bound,universal_bound,0/1,0/1,0/1,0/1,0/1,0/1,False
anchor_rows,3503,,19/20,image-62,singleton,current_strict,1,1,input_blocked,,,,,,,,,False
anchor_rows,3504,,19/20,image-62,singleton,current_partial,1,0,excluded,universal_bound,universal_bound,0/1,0/1,0/1,0/1,0/1,0/1,False
anchor_rows,3505,,19/20,image-62,singleton,union_strict,1,1,input_blocked,,,,,,,,,False
anchor_rows,3506,,19/20,image-62,singleton,union_partial,1,1,input_blocked,,,,,,,,,False
anchor_rows,3507,,19/20,image-63,singleton,exact_projection,1,0,excluded,universal_bound,universal_bound,0/1,0/1,0/1,0/1,0/1,0/1,False
anchor_rows,3508,,19/20,image-63,singleton,one_edit_per_image,1,0,excluded,universal_bound,universal_bound,0/1,0/1,0/1,0/1,0/1,0/1,False
anchor_rows,3509,,19/20,image-63,singleton,one_edit_global,1,0,excluded,universal_bound,universal_bound,0/1,0/1,0/1,0/1,0/1,0/1,False
anchor_rows,3510,,19/20,image-63,singleton,current_strict,1,0,excluded,universal_bound,universal_bound,0/1,0/1,0/1,0/1,0/1,0/1,False
anchor_rows,3511,,19/20,image-63,singleton,current_partial,1,0,excluded,universal_bound,universal_bound,0/1,0/1,0/1,0/1,0/1,0/1,False
anchor_rows,3512,,19/20,image-63,singleton,union_strict,1,0,excluded,universal_bound,universal_bound,0/1,0/1,0/1,0/1,0/1,0/1,False
anchor_rows,3513,,19/20,image-63,singleton,union_partial,1,0,excluded,universal_bound,universal_bound,0/1,0/1,0/1,0/1,0/1,0/1,False
anchor_rows,3514,,19/20,block-00,block,exact_projection,8,0,excluded,universal_bound,universal_bound,0/1,0/1,0/1,0/1,0/1,0/1,False
anchor_rows,3515,,19/20,block-00,block,one_edit_per_image,8,0,excluded,universal_bound,universal_bound,0/1,0/1,0/1,0/1,0/1,0/1,False
anchor_rows,3516,,19/20,block-00,block,one_edit_global,8,0,excluded,universal_bound,universal_bound,0/1,0/1,0/1,0/1,0/1,0/1,False
anchor_rows,3517,,19/20,block-00,block,current_strict,8,0,excluded,universal_bound,universal_bound,0/1,0/1,0/1,0/1,0/1,0/1,False
anchor_rows,3518,,19/20,block-00,block,current_partial,8,0,excluded,universal_bound,universal_bound,0/1,0/1,0/1,0/1,0/1,0/1,False
anchor_rows,3519,,19/20,block-00,block,union_strict,8,2,input_blocked,,,,,,,,,False
anchor_rows,3520,,19/20,block-00,block,union_partial,8,0,excluded,universal_bound,universal_bound,0/1,0/1,0/1,0/1,0/1,0/1,False
anchor_rows,3521,,19/20,block-01,block,exact_projection,8,0,excluded,universal_bound,universal_bound,0/1,0/1,0/1,0/1,0/1,0/1,False
anchor_rows,3522,,19/20,block-01,block,one_edit_per_image,8,0,excluded,universal_bound,universal_bound,0/1,0/1,0/1,0/1,0/1,0/1,False
anchor_rows,3523,,19/20,block-01,block,one_edit_global,8,0,excluded,universal_bound,universal_bound,0/1,0/1,0/1,0/1,0/1,0/1,False
anchor_rows,3524,,19/20,block-01,block,current_strict,8,4,input_blocked,,,,,,,,,False
anchor_rows,3525,,19/20,block-01,block,current_partial,8,0,excluded,universal_bound,universal_bound,0/1,0/1,0/1,0/1,0/1,0/1,False
anchor_rows,3526,,19/20,block-01,block,union_strict,8,5,input_blocked,,,,,,,,,False
anchor_rows,3527,,19/20,block-01,block,union_partial,8,0,excluded,universal_bound,universal_bound,0/1,0/1,0/1,0/1,0/1,0/1,False
anchor_rows,3528,,19/20,block-02,block,exact_projection,8,0,excluded,universal_bound,universal_bound,0/1,0/1,0/1,0/1,0/1,0/1,False
anchor_rows,3529,,19/20,block-02,block,one_edit_per_image,8,0,excluded,universal_bound,universal_bound,0/1,0/1,0/1,0/1,0/1,0/1,False
anchor_rows,3530,,19/20,block-02,block,one_edit_global,8,0,excluded,universal_bound,universal_bound,0/1,0/1,0/1,0/1,0/1,0/1,False
anchor_rows,3531,,19/20,block-02,block,current_strict,8,2,input_blocked,,,,,,,,,False
anchor_rows,3532,,19/20,block-02,block,current_partial,8,0,excluded,universal_bound,universal_bound,0/1,0/1,0/1,0/1,0/1,0/1,False
anchor_rows,3533,,19/20,block-02,block,union_strict,8,4,input_blocked,,,,,,,,,False
anchor_rows,3534,,19/20,block-02,block,union_partial,8,0,excluded,universal_bound,universal_bound,0/1,0/1,0/1,0/1,0/1,0/1,False
anchor_rows,3535,,19/20,block-03,block,exact_projection,8,0,excluded,universal_bound,universal_bound,0/1,0/1,0/1,0/1,0/1,0/1,False
anchor_rows,3536,,19/20,block-03,block,one_edit_per_image,8,0,excluded,universal_bound,universal_bound,0/1,0/1,0/1,0/1,0/1,0/1,False
anchor_rows,3537,,19/20,block-03,block,one_edit_global,8,0,excluded,universal_bound,universal_bound,0/1,0/1,0/1,0/1,0/1,0/1,False
anchor_rows,3538,,19/20,block-03,block,current_strict,8,5,input_blocked,,,,,,,,,False
anchor_rows,3539,,19/20,block-03,block,current_partial,8,0,excluded,universal_bound,universal_bound,0/1,0/1,0/1,0/1,0/1,0/1,False
anchor_rows,3540,,19/20,block-03,block,union_strict,8,6,input_blocked,,,,,,,,,False
anchor_rows,3541,,19/20,block-03,block,union_partial,8,0,excluded,universal_bound,universal_bound,0/1,0/1,0/1,0/1,0/1,0/1,False
anchor_rows,3542,,19/20,block-04,block,exact_projection,8,0,excluded,universal_bound,universal_bound,0/1,0/1,0/1,0/1,0/1,0/1,False
anchor_rows,3543,,19/20,block-04,block,one_edit_per_image,8,0,excluded,universal_bound,universal_bound,0/1,0/1,0/1,0/1,0/1,0/1,False
anchor_rows,3544,,19/20,block-04,block,one_edit_global,8,0,excluded,universal_bound,universal_bound,0/1,0/1,0/1,0/1,0/1,0/1,False
anchor_rows,3545,,19/20,block-04,block,current_strict,8,4,input_blocked,,,,,,,,,False
anchor_rows,3546,,19/20,block-04,block,current_partial,8,0,excluded,universal_bound,universal_bound,0/1,0/1,0/1,0/1,0/1,0/1,False
anchor_rows,3547,,19/20,block-04,block,union_strict,8,5,input_blocked,,,,,,,,,False
anchor_rows,3548,,19/20,block-04,block,union_partial,8,0,excluded,universal_bound,universal_bound,0/1,0/1,0/1,0/1,0/1,0/1,False
anchor_rows,3549,,19/20,block-05,block,exact_projection,8,0,excluded,universal_bound,universal_bound,0/1,0/1,0/1,0/1,0/1,0/1,False
anchor_rows,3550,,19/20,block-05,block,one_edit_per_image,8,0,excluded,universal_bound,universal_bound,0/1,0/1,0/1,0/1,0/1,0/1,False
anchor_rows,3551,,19/20,block-05,block,one_edit_global,8,0,excluded,universal_bound,universal_bound,0/1,0/1,0/1,0/1,0/1,0/1,False
anchor_rows,3552,,19/20,block-05,block,current_strict,8,3,input_blocked,,,,,,,,,False
anchor_rows,3553,,19/20,block-05,block,current_partial,8,0,excluded,universal_bound,universal_bound,0/1,0/1,0/1,0/1,0/1,0/1,False
anchor_rows,3554,,19/20,block-05,block,union_strict,8,6,input_blocked,,,,,,,,,False
anchor_rows,3555,,19/20,block-05,block,union_partial,8,0,excluded,universal_bound,universal_bound,0/1,0/1,0/1,0/1,0/1,0/1,False
anchor_rows,3556,,19/20,block-06,block,exact_projection,8,0,excluded,universal_bound,universal_bound,0/1,0/1,0/1,0/1,0/1,0/1,False
anchor_rows,3557,,19/20,block-06,block,one_edit_per_image,8,0,excluded,universal_bound,universal_bound,0/1,0/1,0/1,0/1,0/1,0/1,False
anchor_rows,3558,,19/20,block-06,block,one_edit_global,8,0,excluded,universal_bound,universal_bound,0/1,0/1,0/1,0/1,0/1,0/1,False
anchor_rows,3559,,19/20,block-06,block,current_strict,8,3,input_blocked,,,,,,,,,False
anchor_rows,3560,,19/20,block-06,block,current_partial,8,0,excluded,universal_bound,universal_bound,0/1,0/1,0/1,0/1,0/1,0/1,False
anchor_rows,3561,,19/20,block-06,block,union_strict,8,3,input_blocked,,,,,,,,,False
anchor_rows,3562,,19/20,block-06,block,union_partial,8,0,excluded,universal_bound,universal_bound,0/1,0/1,0/1,0/1,0/1,0/1,False
anchor_rows,3563,,19/20,block-07,block,exact_projection,8,0,excluded,universal_bound,universal_bound,0/1,0/1,0/1,0/1,0/1,0/1,False
anchor_rows,3564,,19/20,block-07,block,one_edit_per_image,8,0,excluded,universal_bound,universal_bound,0/1,0/1,0/1,0/1,0/1,0/1,False
anchor_rows,3565,,19/20,block-07,block,one_edit_global,8,0,excluded,universal_bound,universal_bound,0/1,0/1,0/1,0/1,0/1,0/1,False
anchor_rows,3566,,19/20,block-07,block,current_strict,8,4,input_blocked,,,,,,,,,False
anchor_rows,3567,,19/20,block-07,block,current_partial,8,0,excluded,universal_bound,universal_bound,0/1,0/1,0/1,0/1,0/1,0/1,False
anchor_rows,3568,,19/20,block-07,block,union_strict,8,5,input_blocked,,,,,,,,,False
anchor_rows,3569,,19/20,block-07,block,union_partial,8,1,input_blocked,,,,,,,,,False
anchor_rows,3570,,19/20,all-64,primary,exact_projection,64,0,excluded,universal_bound,universal_bound,0/1,0/1,0/1,0/1,0/1,0/1,False
anchor_rows,3571,,19/20,all-64,primary,one_edit_per_image,64,0,excluded,universal_bound,universal_bound,0/1,0/1,0/1,0/1,0/1,0/1,False
anchor_rows,3572,,19/20,all-64,primary,one_edit_global,64,0,excluded,universal_bound,universal_bound,0/1,0/1,0/1,0/1,0/1,0/1,False
anchor_rows,3573,,19/20,all-64,primary,current_strict,64,25,input_blocked,,,,,,,,,False
anchor_rows,3574,,19/20,all-64,primary,current_partial,64,0,excluded,universal_bound,universal_bound,0/1,0/1,0/1,0/1,0/1,0/1,False
anchor_rows,3575,,19/20,all-64,primary,union_strict,64,36,input_blocked,,,,,,,,,False
anchor_rows,3576,,19/20,all-64,primary,union_partial,64,1,input_blocked,,,,,,,,,False
anchor_rows,3577,,1/1,image-00,singleton,exact_projection,1,0,excluded,universal_bound,universal_bound,0/1,0/1,0/1,0/1,0/1,0/1,False
anchor_rows,3578,,1/1,image-00,singleton,one_edit_per_image,1,0,excluded,universal_bound,universal_bound,0/1,0/1,0/1,0/1,0/1,0/1,False
anchor_rows,3579,,1/1,image-00,singleton,one_edit_global,1,0,excluded,universal_bound,universal_bound,0/1,0/1,0/1,0/1,0/1,0/1,False
anchor_rows,3580,,1/1,image-00,singleton,current_strict,1,0,excluded,universal_bound,universal_bound,0/1,0/1,0/1,0/1,0/1,0/1,False
anchor_rows,3581,,1/1,image-00,singleton,current_partial,1,0,excluded,universal_bound,universal_bound,0/1,0/1,0/1,0/1,0/1,0/1,False
anchor_rows,3582,,1/1,image-00,singleton,union_strict,1,0,excluded,universal_bound,universal_bound,0/1,0/1,0/1,0/1,0/1,0/1,False
anchor_rows,3583,,1/1,image-00,singleton,union_partial,1,0,excluded,universal_bound,universal_bound,0/1,0/1,0/1,0/1,0/1,0/1,False
anchor_rows,3584,,1/1,image-01,singleton,exact_projection,1,0,excluded,universal_bound,universal_bound,0/1,0/1,0/1,0/1,0/1,0/1,False
anchor_rows,3585,,1/1,image-01,singleton,one_edit_per_image,1,0,excluded,universal_bound,universal_bound,0/1,0/1,0/1,0/1,0/1,0/1,False
anchor_rows,3586,,1/1,image-01,singleton,one_edit_global,1,0,excluded,universal_bound,universal_bound,0/1,0/1,0/1,0/1,0/1,0/1,False
anchor_rows,3587,,1/1,image-01,singleton,current_strict,1,0,excluded,universal_bound,universal_bound,0/1,0/1,0/1,0/1,0/1,0/1,False
anchor_rows,3588,,1/1,image-01,singleton,current_partial,1,0,excluded,universal_bound,universal_bound,0/1,0/1,0/1,0/1,0/1,0/1,False
anchor_rows,3589,,1/1,image-01,singleton,union_strict,1,0,excluded,universal_bound,universal_bound,0/1,0/1,0/1,0/1,0/1,0/1,False
anchor_rows,3590,,1/1,image-01,singleton,union_partial,1,0,excluded,universal_bound,universal_bound,0/1,0/1,0/1,0/1,0/1,0/1,False
anchor_rows,3591,,1/1,image-02,singleton,exact_projection,1,0,excluded,universal_bound,universal_bound,0/1,0/1,0/1,0/1,0/1,0/1,False
anchor_rows,3592,,1/1,image-02,singleton,one_edit_per_image,1,0,excluded,universal_bound,universal_bound,0/1,0/1,0/1,0/1,0/1,0/1,False
anchor_rows,3593,,1/1,image-02,singleton,one_edit_global,1,0,excluded,universal_bound,universal_bound,0/1,0/1,0/1,0/1,0/1,0/1,False
anchor_rows,3594,,1/1,image-02,singleton,current_strict,1,0,excluded,universal_bound,universal_bound,0/1,0/1,0/1,0/1,0/1,0/1,False
anchor_rows,3595,,1/1,image-02,singleton,current_partial,1,0,excluded,universal_bound,universal_bound,0/1,0/1,0/1,0/1,0/1,0/1,False
anchor_rows,3596,,1/1,image-02,singleton,union_strict,1,0,excluded,universal_bound,universal_bound,0/1,0/1,0/1,0/1,0/1,0/1,False
anchor_rows,3597,,1/1,image-02,singleton,union_partial,1,0,excluded,universal_bound,universal_bound,0/1,0/1,0/1,0/1,0/1,0/1,False
anchor_rows,3598,,1/1,image-03,singleton,exact_projection,1,0,excluded,universal_bound,universal_bound,0/1,0/1,0/1,0/1,0/1,0/1,False
anchor_rows,3599,,1/1,image-03,singleton,one_edit_per_image,1,0,excluded,universal_bound,universal_bound,0/1,0/1,0/1,0/1,0/1,0/1,False
anchor_rows,3600,,1/1,image-03,singleton,one_edit_global,1,0,excluded,universal_bound,universal_bound,0/1,0/1,0/1,0/1,0/1,0/1,False
anchor_rows,3601,,1/1,image-03,singleton,current_strict,1,0,excluded,universal_bound,universal_bound,0/1,0/1,0/1,0/1,0/1,0/1,False
anchor_rows,3602,,1/1,image-03,singleton,current_partial,1,0,excluded,universal_bound,universal_bound,0/1,0/1,0/1,0/1,0/1,0/1,False
anchor_rows,3603,,1/1,image-03,singleton,union_strict,1,0,excluded,universal_bound,universal_bound,0/1,0/1,0/1,0/1,0/1,0/1,False
anchor_rows,3604,,1/1,image-03,singleton,union_partial,1,0,excluded,universal_bound,universal_bound,0/1,0/1,0/1,0/1,0/1,0/1,False
anchor_rows,3605,,1/1,image-04,singleton,exact_projection,1,0,excluded,universal_bound,universal_bound,0/1,0/1,0/1,0/1,0/1,0/1,False
anchor_rows,3606,,1/1,image-04,singleton,one_edit_per_image,1,0,excluded,universal_bound,universal_bound,0/1,0/1,0/1,0/1,0/1,0/1,False
anchor_rows,3607,,1/1,image-04,singleton,one_edit_global,1,0,excluded,universal_bound,universal_bound,0/1,0/1,0/1,0/1,0/1,0/1,False
anchor_rows,3608,,1/1,image-04,singleton,current_strict,1,0,excluded,universal_bound,universal_bound,0/1,0/1,0/1,0/1,0/1,0/1,False
anchor_rows,3609,,1/1,image-04,singleton,current_partial,1,0,excluded,universal_bound,universal_bound,0/1,0/1,0/1,0/1,0/1,0/1,False
anchor_rows,3610,,1/1,image-04,singleton,union_strict,1,1,input_blocked,,,,,,,,,False
anchor_rows,3611,,1/1,image-04,singleton,union_partial,1,0,excluded,universal_bound,universal_bound,0/1,0/1,0/1,0/1,0/1,0/1,False
anchor_rows,3612,,1/1,image-05,singleton,exact_projection,1,0,excluded,universal_bound,universal_bound,0/1,0/1,0/1,0/1,0/1,0/1,False
anchor_rows,3613,,1/1,image-05,singleton,one_edit_per_image,1,0,excluded,universal_bound,universal_bound,0/1,0/1,0/1,0/1,0/1,0/1,False
anchor_rows,3614,,1/1,image-05,singleton,one_edit_global,1,0,excluded,universal_bound,universal_bound,0/1,0/1,0/1,0/1,0/1,0/1,False
anchor_rows,3615,,1/1,image-05,singleton,current_strict,1,0,excluded,universal_bound,universal_bound,0/1,0/1,0/1,0/1,0/1,0/1,False
anchor_rows,3616,,1/1,image-05,singleton,current_partial,1,0,excluded,universal_bound,universal_bound,0/1,0/1,0/1,0/1,0/1,0/1,False
anchor_rows,3617,,1/1,image-05,singleton,union_strict,1,1,input_blocked,,,,,,,,,False
anchor_rows,3618,,1/1,image-05,singleton,union_partial,1,0,excluded,universal_bound,universal_bound,0/1,0/1,0/1,0/1,0/1,0/1,False
anchor_rows,3619,,1/1,image-06,singleton,exact_projection,1,0,excluded,universal_bound,universal_bound,0/1,0/1,0/1,0/1,0/1,0/1,False
anchor_rows,3620,,1/1,image-06,singleton,one_edit_per_image,1,0,excluded,universal_bound,universal_bound,0/1,0/1,0/1,0/1,0/1,0/1,False
anchor_rows,3621,,1/1,image-06,singleton,one_edit_global,1,0,excluded,universal_bound,universal_bound,0/1,0/1,0/1,0/1,0/1,0/1,False
anchor_rows,3622,,1/1,image-06,singleton,current_strict,1,0,excluded,universal_bound,universal_bound,0/1,0/1,0/1,0/1,0/1,0/1,False
anchor_rows,3623,,1/1,image-06,singleton,current_partial,1,0,excluded,universal_bound,universal_bound,0/1,0/1,0/1,0/1,0/1,0/1,False
anchor_rows,3624,,1/1,image-06,singleton,union_strict,1,0,excluded,universal_bound,universal_bound,0/1,0/1,0/1,0/1,0/1,0/1,False
anchor_rows,3625,,1/1,image-06,singleton,union_partial,1,0,excluded,universal_bound,universal_bound,0/1,0/1,0/1,0/1,0/1,0/1,False
anchor_rows,3626,,1/1,image-07,singleton,exact_projection,1,0,excluded,universal_bound,universal_bound,0/1,0/1,0/1,0/1,0/1,0/1,False
anchor_rows,3627,,1/1,image-07,singleton,one_edit_per_image,1,0,excluded,universal_bound,universal_bound,0/1,0/1,0/1,0/1,0/1,0/1,False
anchor_rows,3628,,1/1,image-07,singleton,one_edit_global,1,0,excluded,universal_bound,universal_bound,0/1,0/1,0/1,0/1,0/1,0/1,False
anchor_rows,3629,,1/1,image-07,singleton,current_strict,1,0,excluded,universal_bound,universal_bound,0/1,0/1,0/1,0/1,0/1,0/1,False
anchor_rows,3630,,1/1,image-07,singleton,current_partial,1,0,excluded,universal_bound,universal_bound,0/1,0/1,0/1,0/1,0/1,0/1,False
anchor_rows,3631,,1/1,image-07,singleton,union_strict,1,0,excluded,universal_bound,universal_bound,0/1,0/1,0/1,0/1,0/1,0/1,False
anchor_rows,3632,,1/1,image-07,singleton,union_partial,1,0,excluded,universal_bound,universal_bound,0/1,0/1,0/1,0/1,0/1,0/1,False
anchor_rows,3633,,1/1,image-08,singleton,exact_projection,1,0,excluded,universal_bound,universal_bound,0/1,0/1,0/1,0/1,0/1,0/1,False
anchor_rows,3634,,1/1,image-08,singleton,one_edit_per_image,1,0,excluded,universal_bound,universal_bound,0/1,0/1,0/1,0/1,0/1,0/1,False
anchor_rows,3635,,1/1,image-08,singleton,one_edit_global,1,0,excluded,universal_bound,universal_bound,0/1,0/1,0/1,0/1,0/1,0/1,False
anchor_rows,3636,,1/1,image-08,singleton,current_strict,1,0,excluded,universal_bound,universal_bound,0/1,0/1,0/1,0/1,0/1,0/1,False
anchor_rows,3637,,1/1,image-08,singleton,current_partial,1,0,excluded,universal_bound,universal_bound,0/1,0/1,0/1,0/1,0/1,0/1,False
anchor_rows,3638,,1/1,image-08,singleton,union_strict,1,1,input_blocked,,,,,,,,,False
anchor_rows,3639,,1/1,image-08,singleton,union_partial,1,0,excluded,universal_bound,universal_bound,0/1,0/1,0/1,0/1,0/1,0/1,False
anchor_rows,3640,,1/1,image-09,singleton,exact_projection,1,0,excluded,universal_bound,universal_bound,0/1,0/1,0/1,0/1,0/1,0/1,False
anchor_rows,3641,,1/1,image-09,singleton,one_edit_per_image,1,0,excluded,universal_bound,universal_bound,0/1,0/1,0/1,0/1,0/1,0/1,False
anchor_rows,3642,,1/1,image-09,singleton,one_edit_global,1,0,excluded,universal_bound,universal_bound,0/1,0/1,0/1,0/1,0/1,0/1,False
anchor_rows,3643,,1/1,image-09,singleton,current_strict,1,1,input_blocked,,,,,,,,,False
anchor_rows,3644,,1/1,image-09,singleton,current_partial,1,0,excluded,universal_bound,universal_bound,0/1,0/1,0/1,0/1,0/1,0/1,False
anchor_rows,3645,,1/1,image-09,singleton,union_strict,1,1,input_blocked,,,,,,,,,False
anchor_rows,3646,,1/1,image-09,singleton,union_partial,1,0,excluded,universal_bound,universal_bound,0/1,0/1,0/1,0/1,0/1,0/1,False
anchor_rows,3647,,1/1,image-10,singleton,exact_projection,1,0,excluded,universal_bound,universal_bound,0/1,0/1,0/1,0/1,0/1,0/1,False
anchor_rows,3648,,1/1,image-10,singleton,one_edit_per_image,1,0,excluded,universal_bound,universal_bound,0/1,0/1,0/1,0/1,0/1,0/1,False
anchor_rows,3649,,1/1,image-10,singleton,one_edit_global,1,0,excluded,universal_bound,universal_bound,0/1,0/1,0/1,0/1,0/1,0/1,False
anchor_rows,3650,,1/1,image-10,singleton,current_strict,1,0,excluded,universal_bound,universal_bound,0/1,0/1,0/1,0/1,0/1,0/1,False
anchor_rows,3651,,1/1,image-10,singleton,current_partial,1,0,excluded,universal_bound,universal_bound,0/1,0/1,0/1,0/1,0/1,0/1,False
anchor_rows,3652,,1/1,image-10,singleton,union_strict,1,0,excluded,universal_bound,universal_bound,0/1,0/1,0/1,0/1,0/1,0/1,False
anchor_rows,3653,,1/1,image-10,singleton,union_partial,1,0,excluded,universal_bound,universal_bound,0/1,0/1,0/1,0/1,0/1,0/1,False
anchor_rows,3654,,1/1,image-11,singleton,exact_projection,1,0,excluded,universal_bound,universal_bound,0/1,0/1,0/1,0/1,0/1,0/1,False
anchor_rows,3655,,1/1,image-11,singleton,one_edit_per_image,1,0,excluded,universal_bound,universal_bound,0/1,0/1,0/1,0/1,0/1,0/1,False
anchor_rows,3656,,1/1,image-11,singleton,one_edit_global,1,0,excluded,universal_bound,universal_bound,0/1,0/1,0/1,0/1,0/1,0/1,False
anchor_rows,3657,,1/1,image-11,singleton,current_strict,1,1,input_blocked,,,,,,,,,False
anchor_rows,3658,,1/1,image-11,singleton,current_partial,1,0,excluded,universal_bound,universal_bound,0/1,0/1,0/1,0/1,0/1,0/1,False
anchor_rows,3659,,1/1,image-11,singleton,union_strict,1,1,input_blocked,,,,,,,,,False
anchor_rows,3660,,1/1,image-11,singleton,union_partial,1,0,excluded,universal_bound,universal_bound,0/1,0/1,0/1,0/1,0/1,0/1,False
anchor_rows,3661,,1/1,image-12,singleton,exact_projection,1,0,excluded,universal_bound,universal_bound,0/1,0/1,0/1,0/1,0/1,0/1,False
anchor_rows,3662,,1/1,image-12,singleton,one_edit_per_image,1,0,excluded,universal_bound,universal_bound,0/1,0/1,0/1,0/1,0/1,0/1,False
anchor_rows,3663,,1/1,image-12,singleton,one_edit_global,1,0,excluded,universal_bound,universal_bound,0/1,0/1,0/1,0/1,0/1,0/1,False
anchor_rows,3664,,1/1,image-12,singleton,current_strict,1,0,excluded,universal_bound,universal_bound,0/1,0/1,0/1,0/1,0/1,0/1,False
anchor_rows,3665,,1/1,image-12,singleton,current_partial,1,0,excluded,universal_bound,universal_bound,0/1,0/1,0/1,0/1,0/1,0/1,False
anchor_rows,3666,,1/1,image-12,singleton,union_strict,1,0,excluded,universal_bound,universal_bound,0/1,0/1,0/1,0/1,0/1,0/1,False
anchor_rows,3667,,1/1,image-12,singleton,union_partial,1,0,excluded,universal_bound,universal_bound,0/1,0/1,0/1,0/1,0/1,0/1,False
anchor_rows,3668,,1/1,image-13,singleton,exact_projection,1,0,excluded,universal_bound,universal_bound,0/1,0/1,0/1,0/1,0/1,0/1,False
anchor_rows,3669,,1/1,image-13,singleton,one_edit_per_image,1,0,excluded,universal_bound,universal_bound,0/1,0/1,0/1,0/1,0/1,0/1,False
anchor_rows,3670,,1/1,image-13,singleton,one_edit_global,1,0,excluded,universal_bound,universal_bound,0/1,0/1,0/1,0/1,0/1,0/1,False
anchor_rows,3671,,1/1,image-13,singleton,current_strict,1,1,input_blocked,,,,,,,,,False
anchor_rows,3672,,1/1,image-13,singleton,current_partial,1,0,excluded,universal_bound,universal_bound,0/1,0/1,0/1,0/1,0/1,0/1,False
anchor_rows,3673,,1/1,image-13,singleton,union_strict,1,1,input_blocked,,,,,,,,,False
anchor_rows,3674,,1/1,image-13,singleton,union_partial,1,0,excluded,universal_bound,universal_bound,0/1,0/1,0/1,0/1,0/1,0/1,False
anchor_rows,3675,,1/1,image-14,singleton,exact_projection,1,0,excluded,universal_bound,universal_bound,0/1,0/1,0/1,0/1,0/1,0/1,False
anchor_rows,3676,,1/1,image-14,singleton,one_edit_per_image,1,0,excluded,universal_bound,universal_bound,0/1,0/1,0/1,0/1,0/1,0/1,False
anchor_rows,3677,,1/1,image-14,singleton,one_edit_global,1,0,excluded,universal_bound,universal_bound,0/1,0/1,0/1,0/1,0/1,0/1,False
anchor_rows,3678,,1/1,image-14,singleton,current_strict,1,1,input_blocked,,,,,,,,,False
anchor_rows,3679,,1/1,image-14,singleton,current_partial,1,0,excluded,universal_bound,universal_bound,0/1,0/1,0/1,0/1,0/1,0/1,False
anchor_rows,3680,,1/1,image-14,singleton,union_strict,1,1,input_blocked,,,,,,,,,False
anchor_rows,3681,,1/1,image-14,singleton,union_partial,1,0,excluded,universal_bound,universal_bound,0/1,0/1,0/1,0/1,0/1,0/1,False
anchor_rows,3682,,1/1,image-15,singleton,exact_projection,1,0,excluded,universal_bound,universal_bound,0/1,0/1,0/1,0/1,0/1,0/1,False
anchor_rows,3683,,1/1,image-15,singleton,one_edit_per_image,1,0,excluded,universal_bound,universal_bound,0/1,0/1,0/1,0/1,0/1,0/1,False
anchor_rows,3684,,1/1,image-15,singleton,one_edit_global,1,0,excluded,universal_bound,universal_bound,0/1,0/1,0/1,0/1,0/1,0/1,False
anchor_rows,3685,,1/1,image-15,singleton,current_strict,1,0,excluded,universal_bound,universal_bound,0/1,0/1,0/1,0/1,0/1,0/1,False
anchor_rows,3686,,1/1,image-15,singleton,current_partial,1,0,excluded,universal_bound,universal_bound,0/1,0/1,0/1,0/1,0/1,0/1,False
anchor_rows,3687,,1/1,image-15,singleton,union_strict,1,0,excluded,universal_bound,universal_bound,0/1,0/1,0/1,0/1,0/1,0/1,False
anchor_rows,3688,,1/1,image-15,singleton,union_partial,1,0,excluded,universal_bound,universal_bound,0/1,0/1,0/1,0/1,0/1,0/1,False
anchor_rows,3689,,1/1,image-16,singleton,exact_projection,1,0,excluded,universal_bound,universal_bound,0/1,0/1,0/1,0/1,0/1,0/1,False
anchor_rows,3690,,1/1,image-16,singleton,one_edit_per_image,1,0,excluded,universal_bound,universal_bound,0/1,0/1,0/1,0/1,0/1,0/1,False
anchor_rows,3691,,1/1,image-16,singleton,one_edit_global,1,0,excluded,universal_bound,universal_bound,0/1,0/1,0/1,0/1,0/1,0/1,False
anchor_rows,3692,,1/1,image-16,singleton,current_strict,1,0,excluded,universal_bound,universal_bound,0/1,0/1,0/1,0/1,0/1,0/1,False
anchor_rows,3693,,1/1,image-16,singleton,current_partial,1,0,excluded,universal_bound,universal_bound,0/1,0/1,0/1,0/1,0/1,0/1,False
anchor_rows,3694,,1/1,image-16,singleton,union_strict,1,0,excluded,universal_bound,universal_bound,0/1,0/1,0/1,0/1,0/1,0/1,False
anchor_rows,3695,,1/1,image-16,singleton,union_partial,1,0,excluded,universal_bound,universal_bound,0/1,0/1,0/1,0/1,0/1,0/1,False
anchor_rows,3696,,1/1,image-17,singleton,exact_projection,1,0,excluded,universal_bound,universal_bound,0/1,0/1,0/1,0/1,0/1,0/1,False
anchor_rows,3697,,1/1,image-17,singleton,one_edit_per_image,1,0,excluded,universal_bound,universal_bound,0/1,0/1,0/1,0/1,0/1,0/1,False
anchor_rows,3698,,1/1,image-17,singleton,one_edit_global,1,0,excluded,universal_bound,universal_bound,0/1,0/1,0/1,0/1,0/1,0/1,False
anchor_rows,3699,,1/1,image-17,singleton,current_strict,1,0,excluded,universal_bound,universal_bound,0/1,0/1,0/1,0/1,0/1,0/1,False
anchor_rows,3700,,1/1,image-17,singleton,current_partial,1,0,excluded,universal_bound,universal_bound,0/1,0/1,0/1,0/1,0/1,0/1,False
anchor_rows,3701,,1/1,image-17,singleton,union_strict,1,0,excluded,universal_bound,universal_bound,0/1,0/1,0/1,0/1,0/1,0/1,False
anchor_rows,3702,,1/1,image-17,singleton,union_partial,1,0,excluded,universal_bound,universal_bound,0/1,0/1,0/1,0/1,0/1,0/1,False
anchor_rows,3703,,1/1,image-18,singleton,exact_projection,1,0,excluded,universal_bound,universal_bound,0/1,0/1,0/1,0/1,0/1,0/1,False
anchor_rows,3704,,1/1,image-18,singleton,one_edit_per_image,1,0,excluded,universal_bound,universal_bound,0/1,0/1,0/1,0/1,0/1,0/1,False
anchor_rows,3705,,1/1,image-18,singleton,one_edit_global,1,0,excluded,universal_bound,universal_bound,0/1,0/1,0/1,0/1,0/1,0/1,False
anchor_rows,3706,,1/1,image-18,singleton,current_strict,1,1,input_blocked,,,,,,,,,False
anchor_rows,3707,,1/1,image-18,singleton,current_partial,1,0,excluded,universal_bound,universal_bound,0/1,0/1,0/1,0/1,0/1,0/1,False
anchor_rows,3708,,1/1,image-18,singleton,union_strict,1,1,input_blocked,,,,,,,,,False
anchor_rows,3709,,1/1,image-18,singleton,union_partial,1,0,excluded,universal_bound,universal_bound,0/1,0/1,0/1,0/1,0/1,0/1,False
anchor_rows,3710,,1/1,image-19,singleton,exact_projection,1,0,excluded,universal_bound,universal_bound,0/1,0/1,0/1,0/1,0/1,0/1,False
anchor_rows,3711,,1/1,image-19,singleton,one_edit_per_image,1,0,excluded,universal_bound,universal_bound,0/1,0/1,0/1,0/1,0/1,0/1,False
anchor_rows,3712,,1/1,image-19,singleton,one_edit_global,1,0,excluded,universal_bound,universal_bound,0/1,0/1,0/1,0/1,0/1,0/1,False
anchor_rows,3713,,1/1,image-19,singleton,current_strict,1,0,excluded,universal_bound,universal_bound,0/1,0/1,0/1,0/1,0/1,0/1,False
anchor_rows,3714,,1/1,image-19,singleton,current_partial,1,0,excluded,universal_bound,universal_bound,0/1,0/1,0/1,0/1,0/1,0/1,False
anchor_rows,3715,,1/1,image-19,singleton,union_strict,1,0,excluded,universal_bound,universal_bound,0/1,0/1,0/1,0/1,0/1,0/1,False
anchor_rows,3716,,1/1,image-19,singleton,union_partial,1,0,excluded,universal_bound,universal_bound,0/1,0/1,0/1,0/1,0/1,0/1,False
anchor_rows,3717,,1/1,image-20,singleton,exact_projection,1,0,excluded,universal_bound,universal_bound,0/1,0/1,0/1,0/1,0/1,0/1,False
anchor_rows,3718,,1/1,image-20,singleton,one_edit_per_image,1,0,excluded,universal_bound,universal_bound,0/1,0/1,0/1,0/1,0/1,0/1,False
anchor_rows,3719,,1/1,image-20,singleton,one_edit_global,1,0,excluded,universal_bound,universal_bound,0/1,0/1,0/1,0/1,0/1,0/1,False
anchor_rows,3720,,1/1,image-20,singleton,current_strict,1,0,excluded,universal_bound,universal_bound,0/1,0/1,0/1,0/1,0/1,0/1,False
anchor_rows,3721,,1/1,image-20,singleton,current_partial,1,0,excluded,universal_bound,universal_bound,0/1,0/1,0/1,0/1,0/1,0/1,False
anchor_rows,3722,,1/1,image-20,singleton,union_strict,1,0,excluded,universal_bound,universal_bound,0/1,0/1,0/1,0/1,0/1,0/1,False
anchor_rows,3723,,1/1,image-20,singleton,union_partial,1,0,excluded,universal_bound,universal_bound,0/1,0/1,0/1,0/1,0/1,0/1,False
anchor_rows,3724,,1/1,image-21,singleton,exact_projection,1,0,excluded,universal_bound,universal_bound,0/1,0/1,0/1,0/1,0/1,0/1,False
anchor_rows,3725,,1/1,image-21,singleton,one_edit_per_image,1,0,excluded,universal_bound,universal_bound,0/1,0/1,0/1,0/1,0/1,0/1,False
anchor_rows,3726,,1/1,image-21,singleton,one_edit_global,1,0,excluded,universal_bound,universal_bound,0/1,0/1,0/1,0/1,0/1,0/1,False
anchor_rows,3727,,1/1,image-21,singleton,current_strict,1,0,excluded,universal_bound,universal_bound,0/1,0/1,0/1,0/1,0/1,0/1,False
anchor_rows,3728,,1/1,image-21,singleton,current_partial,1,0,excluded,universal_bound,universal_bound,0/1,0/1,0/1,0/1,0/1,0/1,False
anchor_rows,3729,,1/1,image-21,singleton,union_strict,1,1,input_blocked,,,,,,,,,False
anchor_rows,3730,,1/1,image-21,singleton,union_partial,1,0,excluded,universal_bound,universal_bound,0/1,0/1,0/1,0/1,0/1,0/1,False
anchor_rows,3731,,1/1,image-22,singleton,exact_projection,1,0,excluded,universal_bound,universal_bound,0/1,0/1,0/1,0/1,0/1,0/1,False
anchor_rows,3732,,1/1,image-22,singleton,one_edit_per_image,1,0,excluded,universal_bound,universal_bound,0/1,0/1,0/1,0/1,0/1,0/1,False
anchor_rows,3733,,1/1,image-22,singleton,one_edit_global,1,0,excluded,universal_bound,universal_bound,0/1,0/1,0/1,0/1,0/1,0/1,False
anchor_rows,3734,,1/1,image-22,singleton,current_strict,1,1,input_blocked,,,,,,,,,False
anchor_rows,3735,,1/1,image-22,singleton,current_partial,1,0,excluded,universal_bound,universal_bound,0/1,0/1,0/1,0/1,0/1,0/1,False
anchor_rows,3736,,1/1,image-22,singleton,union_strict,1,1,input_blocked,,,,,,,,,False
anchor_rows,3737,,1/1,image-22,singleton,union_partial,1,0,excluded,universal_bound,universal_bound,0/1,0/1,0/1,0/1,0/1,0/1,False
anchor_rows,3738,,1/1,image-23,singleton,exact_projection,1,0,excluded,universal_bound,universal_bound,0/1,0/1,0/1,0/1,0/1,0/1,False
anchor_rows,3739,,1/1,image-23,singleton,one_edit_per_image,1,0,excluded,universal_bound,universal_bound,0/1,0/1,0/1,0/1,0/1,0/1,False
anchor_rows,3740,,1/1,image-23,singleton,one_edit_global,1,0,excluded,universal_bound,universal_bound,0/1,0/1,0/1,0/1,0/1,0/1,False
anchor_rows,3741,,1/1,image-23,singleton,current_strict,1,0,excluded,universal_bound,universal_bound,0/1,0/1,0/1,0/1,0/1,0/1,False
anchor_rows,3742,,1/1,image-23,singleton,current_partial,1,0,excluded,universal_bound,universal_bound,0/1,0/1,0/1,0/1,0/1,0/1,False
anchor_rows,3743,,1/1,image-23,singleton,union_strict,1,1,input_blocked,,,,,,,,,False
anchor_rows,3744,,1/1,image-23,singleton,union_partial,1,0,excluded,universal_bound,universal_bound,0/1,0/1,0/1,0/1,0/1,0/1,False
anchor_rows,3745,,1/1,image-24,singleton,exact_projection,1,0,excluded,universal_bound,universal_bound,0/1,0/1,0/1,0/1,0/1,0/1,False
anchor_rows,3746,,1/1,image-24,singleton,one_edit_per_image,1,0,excluded,universal_bound,universal_bound,0/1,0/1,0/1,0/1,0/1,0/1,False
anchor_rows,3747,,1/1,image-24,singleton,one_edit_global,1,0,excluded,universal_bound,universal_bound,0/1,0/1,0/1,0/1,0/1,0/1,False
anchor_rows,3748,,1/1,image-24,singleton,current_strict,1,0,excluded,universal_bound,universal_bound,0/1,0/1,0/1,0/1,0/1,0/1,False
anchor_rows,3749,,1/1,image-24,singleton,current_partial,1,0,excluded,universal_bound,universal_bound,0/1,0/1,0/1,0/1,0/1,0/1,False
anchor_rows,3750,,1/1,image-24,singleton,union_strict,1,0,excluded,universal_bound,universal_bound,0/1,0/1,0/1,0/1,0/1,0/1,False
anchor_rows,3751,,1/1,image-24,singleton,union_partial,1,0,excluded,universal_bound,universal_bound,0/1,0/1,0/1,0/1,0/1,0/1,False
anchor_rows,3752,,1/1,image-25,singleton,exact_projection,1,0,excluded,universal_bound,universal_bound,0/1,0/1,0/1,0/1,0/1,0/1,False
anchor_rows,3753,,1/1,image-25,singleton,one_edit_per_image,1,0,excluded,universal_bound,universal_bound,0/1,0/1,0/1,0/1,0/1,0/1,False
anchor_rows,3754,,1/1,image-25,singleton,one_edit_global,1,0,excluded,universal_bound,universal_bound,0/1,0/1,0/1,0/1,0/1,0/1,False
anchor_rows,3755,,1/1,image-25,singleton,current_strict,1,0,excluded,universal_bound,universal_bound,0/1,0/1,0/1,0/1,0/1,0/1,False
anchor_rows,3756,,1/1,image-25,singleton,current_partial,1,0,excluded,universal_bound,universal_bound,0/1,0/1,0/1,0/1,0/1,0/1,False
anchor_rows,3757,,1/1,image-25,singleton,union_strict,1,1,input_blocked,,,,,,,,,False
anchor_rows,3758,,1/1,image-25,singleton,union_partial,1,0,excluded,universal_bound,universal_bound,0/1,0/1,0/1,0/1,0/1,0/1,False
anchor_rows,3759,,1/1,image-26,singleton,exact_projection,1,0,excluded,universal_bound,universal_bound,0/1,0/1,0/1,0/1,0/1,0/1,False
anchor_rows,3760,,1/1,image-26,singleton,one_edit_per_image,1,0,excluded,universal_bound,universal_bound,0/1,0/1,0/1,0/1,0/1,0/1,False
anchor_rows,3761,,1/1,image-26,singleton,one_edit_global,1,0,excluded,universal_bound,universal_bound,0/1,0/1,0/1,0/1,0/1,0/1,False
anchor_rows,3762,,1/1,image-26,singleton,current_strict,1,0,excluded,universal_bound,universal_bound,0/1,0/1,0/1,0/1,0/1,0/1,False
anchor_rows,3763,,1/1,image-26,singleton,current_partial,1,0,excluded,universal_bound,universal_bound,0/1,0/1,0/1,0/1,0/1,0/1,False
anchor_rows,3764,,1/1,image-26,singleton,union_strict,1,0,excluded,universal_bound,universal_bound,0/1,0/1,0/1,0/1,0/1,0/1,False
anchor_rows,3765,,1/1,image-26,singleton,union_partial,1,0,excluded,universal_bound,universal_bound,0/1,0/1,0/1,0/1,0/1,0/1,False
anchor_rows,3766,,1/1,image-27,singleton,exact_projection,1,0,excluded,universal_bound,universal_bound,0/1,0/1,0/1,0/1,0/1,0/1,False
anchor_rows,3767,,1/1,image-27,singleton,one_edit_per_image,1,0,excluded,universal_bound,universal_bound,0/1,0/1,0/1,0/1,0/1,0/1,False
anchor_rows,3768,,1/1,image-27,singleton,one_edit_global,1,0,excluded,universal_bound,universal_bound,0/1,0/1,0/1,0/1,0/1,0/1,False
anchor_rows,3769,,1/1,image-27,singleton,current_strict,1,1,input_blocked,,,,,,,,,False
anchor_rows,3770,,1/1,image-27,singleton,current_partial,1,0,excluded,universal_bound,universal_bound,0/1,0/1,0/1,0/1,0/1,0/1,False
anchor_rows,3771,,1/1,image-27,singleton,union_strict,1,1,input_blocked,,,,,,,,,False
anchor_rows,3772,,1/1,image-27,singleton,union_partial,1,0,excluded,universal_bound,universal_bound,0/1,0/1,0/1,0/1,0/1,0/1,False
anchor_rows,3773,,1/1,image-28,singleton,exact_projection,1,0,excluded,universal_bound,universal_bound,0/1,0/1,0/1,0/1,0/1,0/1,False
anchor_rows,3774,,1/1,image-28,singleton,one_edit_per_image,1,0,excluded,universal_bound,universal_bound,0/1,0/1,0/1,0/1,0/1,0/1,False
anchor_rows,3775,,1/1,image-28,singleton,one_edit_global,1,0,excluded,universal_bound,universal_bound,0/1,0/1,0/1,0/1,0/1,0/1,False
anchor_rows,3776,,1/1,image-28,singleton,current_strict,1,1,input_blocked,,,,,,,,,False
anchor_rows,3777,,1/1,image-28,singleton,current_partial,1,0,excluded,universal_bound,universal_bound,0/1,0/1,0/1,0/1,0/1,0/1,False
anchor_rows,3778,,1/1,image-28,singleton,union_strict,1,1,input_blocked,,,,,,,,,False
anchor_rows,3779,,1/1,image-28,singleton,union_partial,1,0,excluded,universal_bound,universal_bound,0/1,0/1,0/1,0/1,0/1,0/1,False
anchor_rows,3780,,1/1,image-29,singleton,exact_projection,1,0,excluded,universal_bound,universal_bound,0/1,0/1,0/1,0/1,0/1,0/1,False
anchor_rows,3781,,1/1,image-29,singleton,one_edit_per_image,1,0,excluded,universal_bound,universal_bound,0/1,0/1,0/1,0/1,0/1,0/1,False
anchor_rows,3782,,1/1,image-29,singleton,one_edit_global,1,0,excluded,universal_bound,universal_bound,0/1,0/1,0/1,0/1,0/1,0/1,False
anchor_rows,3783,,1/1,image-29,singleton,current_strict,1,1,input_blocked,,,,,,,,,False
anchor_rows,3784,,1/1,image-29,singleton,current_partial,1,0,excluded,universal_bound,universal_bound,0/1,0/1,0/1,0/1,0/1,0/1,False
anchor_rows,3785,,1/1,image-29,singleton,union_strict,1,1,input_blocked,,,,,,,,,False
anchor_rows,3786,,1/1,image-29,singleton,union_partial,1,0,excluded,universal_bound,universal_bound,0/1,0/1,0/1,0/1,0/1,0/1,False
anchor_rows,3787,,1/1,image-30,singleton,exact_projection,1,0,excluded,universal_bound,universal_bound,0/1,0/1,0/1,0/1,0/1,0/1,False
anchor_rows,3788,,1/1,image-30,singleton,one_edit_per_image,1,0,excluded,universal_bound,universal_bound,0/1,0/1,0/1,0/1,0/1,0/1,False
anchor_rows,3789,,1/1,image-30,singleton,one_edit_global,1,0,excluded,universal_bound,universal_bound,0/1,0/1,0/1,0/1,0/1,0/1,False
anchor_rows,3790,,1/1,image-30,singleton,current_strict,1,1,input_blocked,,,,,,,,,False
anchor_rows,3791,,1/1,image-30,singleton,current_partial,1,0,excluded,universal_bound,universal_bound,0/1,0/1,0/1,0/1,0/1,0/1,False
anchor_rows,3792,,1/1,image-30,singleton,union_strict,1,1,input_blocked,,,,,,,,,False
anchor_rows,3793,,1/1,image-30,singleton,union_partial,1,0,excluded,universal_bound,universal_bound,0/1,0/1,0/1,0/1,0/1,0/1,False
anchor_rows,3794,,1/1,image-31,singleton,exact_projection,1,0,excluded,universal_bound,universal_bound,0/1,0/1,0/1,0/1,0/1,0/1,False
anchor_rows,3795,,1/1,image-31,singleton,one_edit_per_image,1,0,excluded,universal_bound,universal_bound,0/1,0/1,0/1,0/1,0/1,0/1,False
anchor_rows,3796,,1/1,image-31,singleton,one_edit_global,1,0,excluded,universal_bound,universal_bound,0/1,0/1,0/1,0/1,0/1,0/1,False
anchor_rows,3797,,1/1,image-31,singleton,current_strict,1,1,input_blocked,,,,,,,,,False
anchor_rows,3798,,1/1,image-31,singleton,current_partial,1,0,excluded,universal_bound,universal_bound,0/1,0/1,0/1,0/1,0/1,0/1,False
anchor_rows,3799,,1/1,image-31,singleton,union_strict,1,1,input_blocked,,,,,,,,,False
anchor_rows,3800,,1/1,image-31,singleton,union_partial,1,0,excluded,universal_bound,universal_bound,0/1,0/1,0/1,0/1,0/1,0/1,False
anchor_rows,3801,,1/1,image-32,singleton,exact_projection,1,0,excluded,universal_bound,universal_bound,0/1,0/1,0/1,0/1,0/1,0/1,False
anchor_rows,3802,,1/1,image-32,singleton,one_edit_per_image,1,0,excluded,universal_bound,universal_bound,0/1,0/1,0/1,0/1,0/1,0/1,False
anchor_rows,3803,,1/1,image-32,singleton,one_edit_global,1,0,excluded,universal_bound,universal_bound,0/1,0/1,0/1,0/1,0/1,0/1,False
anchor_rows,3804,,1/1,image-32,singleton,current_strict,1,0,excluded,universal_bound,universal_bound,0/1,0/1,0/1,0/1,0/1,0/1,False
anchor_rows,3805,,1/1,image-32,singleton,current_partial,1,0,excluded,universal_bound,universal_bound,0/1,0/1,0/1,0/1,0/1,0/1,False
anchor_rows,3806,,1/1,image-32,singleton,union_strict,1,0,excluded,universal_bound,universal_bound,0/1,0/1,0/1,0/1,0/1,0/1,False
anchor_rows,3807,,1/1,image-32,singleton,union_partial,1,0,excluded,universal_bound,universal_bound,0/1,0/1,0/1,0/1,0/1,0/1,False
anchor_rows,3808,,1/1,image-33,singleton,exact_projection,1,0,excluded,universal_bound,universal_bound,0/1,0/1,0/1,0/1,0/1,0/1,False
anchor_rows,3809,,1/1,image-33,singleton,one_edit_per_image,1,0,excluded,universal_bound,universal_bound,0/1,0/1,0/1,0/1,0/1,0/1,False
anchor_rows,3810,,1/1,image-33,singleton,one_edit_global,1,0,excluded,universal_bound,universal_bound,0/1,0/1,0/1,0/1,0/1,0/1,False
anchor_rows,3811,,1/1,image-33,singleton,current_strict,1,1,input_blocked,,,,,,,,,False
anchor_rows,3812,,1/1,image-33,singleton,current_partial,1,0,excluded,universal_bound,universal_bound,0/1,0/1,0/1,0/1,0/1,0/1,False
anchor_rows,3813,,1/1,image-33,singleton,union_strict,1,1,input_blocked,,,,,,,,,False
anchor_rows,3814,,1/1,image-33,singleton,union_partial,1,0,excluded,universal_bound,universal_bound,0/1,0/1,0/1,0/1,0/1,0/1,False
anchor_rows,3815,,1/1,image-34,singleton,exact_projection,1,0,excluded,universal_bound,universal_bound,0/1,0/1,0/1,0/1,0/1,0/1,False
anchor_rows,3816,,1/1,image-34,singleton,one_edit_per_image,1,0,excluded,universal_bound,universal_bound,0/1,0/1,0/1,0/1,0/1,0/1,False
anchor_rows,3817,,1/1,image-34,singleton,one_edit_global,1,0,excluded,universal_bound,universal_bound,0/1,0/1,0/1,0/1,0/1,0/1,False
anchor_rows,3818,,1/1,image-34,singleton,current_strict,1,0,excluded,universal_bound,universal_bound,0/1,0/1,0/1,0/1,0/1,0/1,False
anchor_rows,3819,,1/1,image-34,singleton,current_partial,1,0,excluded,universal_bound,universal_bound,0/1,0/1,0/1,0/1,0/1,0/1,False
anchor_rows,3820,,1/1,image-34,singleton,union_strict,1,1,input_blocked,,,,,,,,,False
anchor_rows,3821,,1/1,image-34,singleton,union_partial,1,0,excluded,universal_bound,universal_bound,0/1,0/1,0/1,0/1,0/1,0/1,False
anchor_rows,3822,,1/1,image-35,singleton,exact_projection,1,0,excluded,universal_bound,universal_bound,0/1,0/1,0/1,0/1,0/1,0/1,False
anchor_rows,3823,,1/1,image-35,singleton,one_edit_per_image,1,0,excluded,universal_bound,universal_bound,0/1,0/1,0/1,0/1,0/1,0/1,False
anchor_rows,3824,,1/1,image-35,singleton,one_edit_global,1,0,excluded,universal_bound,universal_bound,0/1,0/1,0/1,0/1,0/1,0/1,False
anchor_rows,3825,,1/1,image-35,singleton,current_strict,1,0,excluded,universal_bound,universal_bound,0/1,0/1,0/1,0/1,0/1,0/1,False
anchor_rows,3826,,1/1,image-35,singleton,current_partial,1,0,excluded,universal_bound,universal_bound,0/1,0/1,0/1,0/1,0/1,0/1,False
anchor_rows,3827,,1/1,image-35,singleton,union_strict,1,0,excluded,universal_bound,universal_bound,0/1,0/1,0/1,0/1,0/1,0/1,False
anchor_rows,3828,,1/1,image-35,singleton,union_partial,1,0,excluded,universal_bound,universal_bound,0/1,0/1,0/1,0/1,0/1,0/1,False
anchor_rows,3829,,1/1,image-36,singleton,exact_projection,1,0,excluded,universal_bound,universal_bound,0/1,0/1,0/1,0/1,0/1,0/1,False
anchor_rows,3830,,1/1,image-36,singleton,one_edit_per_image,1,0,excluded,universal_bound,universal_bound,0/1,0/1,0/1,0/1,0/1,0/1,False
anchor_rows,3831,,1/1,image-36,singleton,one_edit_global,1,0,excluded,universal_bound,universal_bound,0/1,0/1,0/1,0/1,0/1,0/1,False
anchor_rows,3832,,1/1,image-36,singleton,current_strict,1,0,excluded,universal_bound,universal_bound,0/1,0/1,0/1,0/1,0/1,0/1,False
anchor_rows,3833,,1/1,image-36,singleton,current_partial,1,0,excluded,universal_bound,universal_bound,0/1,0/1,0/1,0/1,0/1,0/1,False
anchor_rows,3834,,1/1,image-36,singleton,union_strict,1,0,excluded,universal_bound,universal_bound,0/1,0/1,0/1,0/1,0/1,0/1,False
anchor_rows,3835,,1/1,image-36,singleton,union_partial,1,0,excluded,universal_bound,universal_bound,0/1,0/1,0/1,0/1,0/1,0/1,False
anchor_rows,3836,,1/1,image-37,singleton,exact_projection,1,0,excluded,universal_bound,universal_bound,0/1,0/1,0/1,0/1,0/1,0/1,False
anchor_rows,3837,,1/1,image-37,singleton,one_edit_per_image,1,0,excluded,universal_bound,universal_bound,0/1,0/1,0/1,0/1,0/1,0/1,False
anchor_rows,3838,,1/1,image-37,singleton,one_edit_global,1,0,excluded,universal_bound,universal_bound,0/1,0/1,0/1,0/1,0/1,0/1,False
anchor_rows,3839,,1/1,image-37,singleton,current_strict,1,1,input_blocked,,,,,,,,,False
anchor_rows,3840,,1/1,image-37,singleton,current_partial,1,0,excluded,universal_bound,universal_bound,0/1,0/1,0/1,0/1,0/1,0/1,False
anchor_rows,3841,,1/1,image-37,singleton,union_strict,1,1,input_blocked,,,,,,,,,False
anchor_rows,3842,,1/1,image-37,singleton,union_partial,1,0,excluded,universal_bound,universal_bound,0/1,0/1,0/1,0/1,0/1,0/1,False
anchor_rows,3843,,1/1,image-38,singleton,exact_projection,1,0,excluded,universal_bound,universal_bound,0/1,0/1,0/1,0/1,0/1,0/1,False
anchor_rows,3844,,1/1,image-38,singleton,one_edit_per_image,1,0,excluded,universal_bound,universal_bound,0/1,0/1,0/1,0/1,0/1,0/1,False
anchor_rows,3845,,1/1,image-38,singleton,one_edit_global,1,0,excluded,universal_bound,universal_bound,0/1,0/1,0/1,0/1,0/1,0/1,False
anchor_rows,3846,,1/1,image-38,singleton,current_strict,1,1,input_blocked,,,,,,,,,False
anchor_rows,3847,,1/1,image-38,singleton,current_partial,1,0,excluded,universal_bound,universal_bound,0/1,0/1,0/1,0/1,0/1,0/1,False
anchor_rows,3848,,1/1,image-38,singleton,union_strict,1,1,input_blocked,,,,,,,,,False
anchor_rows,3849,,1/1,image-38,singleton,union_partial,1,0,excluded,universal_bound,universal_bound,0/1,0/1,0/1,0/1,0/1,0/1,False
anchor_rows,3850,,1/1,image-39,singleton,exact_projection,1,0,excluded,universal_bound,universal_bound,0/1,0/1,0/1,0/1,0/1,0/1,False
anchor_rows,3851,,1/1,image-39,singleton,one_edit_per_image,1,0,excluded,universal_bound,universal_bound,0/1,0/1,0/1,0/1,0/1,0/1,False
anchor_rows,3852,,1/1,image-39,singleton,one_edit_global,1,0,excluded,universal_bound,universal_bound,0/1,0/1,0/1,0/1,0/1,0/1,False
anchor_rows,3853,,1/1,image-39,singleton,current_strict,1,1,input_blocked,,,,,,,,,False
anchor_rows,3854,,1/1,image-39,singleton,current_partial,1,0,excluded,universal_bound,universal_bound,0/1,0/1,0/1,0/1,0/1,0/1,False
anchor_rows,3855,,1/1,image-39,singleton,union_strict,1,1,input_blocked,,,,,,,,,False
anchor_rows,3856,,1/1,image-39,singleton,union_partial,1,0,excluded,universal_bound,universal_bound,0/1,0/1,0/1,0/1,0/1,0/1,False
anchor_rows,3857,,1/1,image-40,singleton,exact_projection,1,0,excluded,universal_bound,universal_bound,0/1,0/1,0/1,0/1,0/1,0/1,False
anchor_rows,3858,,1/1,image-40,singleton,one_edit_per_image,1,0,excluded,universal_bound,universal_bound,0/1,0/1,0/1,0/1,0/1,0/1,False
anchor_rows,3859,,1/1,image-40,singleton,one_edit_global,1,0,excluded,universal_bound,universal_bound,0/1,0/1,0/1,0/1,0/1,0/1,False
anchor_rows,3860,,1/1,image-40,singleton,current_strict,1,0,excluded,universal_bound,universal_bound,0/1,0/1,0/1,0/1,0/1,0/1,False
anchor_rows,3861,,1/1,image-40,singleton,current_partial,1,0,excluded,universal_bound,universal_bound,0/1,0/1,0/1,0/1,0/1,0/1,False
anchor_rows,3862,,1/1,image-40,singleton,union_strict,1,1,input_blocked,,,,,,,,,False
anchor_rows,3863,,1/1,image-40,singleton,union_partial,1,0,excluded,universal_bound,universal_bound,0/1,0/1,0/1,0/1,0/1,0/1,False
anchor_rows,3864,,1/1,image-41,singleton,exact_projection,1,0,excluded,universal_bound,universal_bound,0/1,0/1,0/1,0/1,0/1,0/1,False
anchor_rows,3865,,1/1,image-41,singleton,one_edit_per_image,1,0,excluded,universal_bound,universal_bound,0/1,0/1,0/1,0/1,0/1,0/1,False
anchor_rows,3866,,1/1,image-41,singleton,one_edit_global,1,0,excluded,universal_bound,universal_bound,0/1,0/1,0/1,0/1,0/1,0/1,False
anchor_rows,3867,,1/1,image-41,singleton,current_strict,1,1,input_blocked,,,,,,,,,False
anchor_rows,3868,,1/1,image-41,singleton,current_partial,1,0,excluded,universal_bound,universal_bound,0/1,0/1,0/1,0/1,0/1,0/1,False
anchor_rows,3869,,1/1,image-41,singleton,union_strict,1,1,input_blocked,,,,,,,,,False
anchor_rows,3870,,1/1,image-41,singleton,union_partial,1,0,excluded,universal_bound,universal_bound,0/1,0/1,0/1,0/1,0/1,0/1,False
anchor_rows,3871,,1/1,image-42,singleton,exact_projection,1,0,excluded,universal_bound,universal_bound,0/1,0/1,0/1,0/1,0/1,0/1,False
anchor_rows,3872,,1/1,image-42,singleton,one_edit_per_image,1,0,excluded,universal_bound,universal_bound,0/1,0/1,0/1,0/1,0/1,0/1,False
anchor_rows,3873,,1/1,image-42,singleton,one_edit_global,1,0,excluded,universal_bound,universal_bound,0/1,0/1,0/1,0/1,0/1,0/1,False
anchor_rows,3874,,1/1,image-42,singleton,current_strict,1,0,excluded,universal_bound,universal_bound,0/1,0/1,0/1,0/1,0/1,0/1,False
anchor_rows,3875,,1/1,image-42,singleton,current_partial,1,0,excluded,universal_bound,universal_bound,0/1,0/1,0/1,0/1,0/1,0/1,False
anchor_rows,3876,,1/1,image-42,singleton,union_strict,1,1,input_blocked,,,,,,,,,False
anchor_rows,3877,,1/1,image-42,singleton,union_partial,1,0,excluded,universal_bound,universal_bound,0/1,0/1,0/1,0/1,0/1,0/1,False
anchor_rows,3878,,1/1,image-43,singleton,exact_projection,1,0,excluded,universal_bound,universal_bound,0/1,0/1,0/1,0/1,0/1,0/1,False
anchor_rows,3879,,1/1,image-43,singleton,one_edit_per_image,1,0,excluded,universal_bound,universal_bound,0/1,0/1,0/1,0/1,0/1,0/1,False
anchor_rows,3880,,1/1,image-43,singleton,one_edit_global,1,0,excluded,universal_bound,universal_bound,0/1,0/1,0/1,0/1,0/1,0/1,False
anchor_rows,3881,,1/1,image-43,singleton,current_strict,1,1,input_blocked,,,,,,,,,False
anchor_rows,3882,,1/1,image-43,singleton,current_partial,1,0,excluded,universal_bound,universal_bound,0/1,0/1,0/1,0/1,0/1,0/1,False
anchor_rows,3883,,1/1,image-43,singleton,union_strict,1,1,input_blocked,,,,,,,,,False
anchor_rows,3884,,1/1,image-43,singleton,union_partial,1,0,excluded,universal_bound,universal_bound,0/1,0/1,0/1,0/1,0/1,0/1,False
anchor_rows,3885,,1/1,image-44,singleton,exact_projection,1,0,excluded,universal_bound,universal_bound,0/1,0/1,0/1,0/1,0/1,0/1,False
anchor_rows,3886,,1/1,image-44,singleton,one_edit_per_image,1,0,excluded,universal_bound,universal_bound,0/1,0/1,0/1,0/1,0/1,0/1,False
anchor_rows,3887,,1/1,image-44,singleton,one_edit_global,1,0,excluded,universal_bound,universal_bound,0/1,0/1,0/1,0/1,0/1,0/1,False
anchor_rows,3888,,1/1,image-44,singleton,current_strict,1,0,excluded,universal_bound,universal_bound,0/1,0/1,0/1,0/1,0/1,0/1,False
anchor_rows,3889,,1/1,image-44,singleton,current_partial,1,0,excluded,universal_bound,universal_bound,0/1,0/1,0/1,0/1,0/1,0/1,False
anchor_rows,3890,,1/1,image-44,singleton,union_strict,1,0,excluded,universal_bound,universal_bound,0/1,0/1,0/1,0/1,0/1,0/1,False
anchor_rows,3891,,1/1,image-44,singleton,union_partial,1,0,excluded,universal_bound,universal_bound,0/1,0/1,0/1,0/1,0/1,0/1,False
anchor_rows,3892,,1/1,image-45,singleton,exact_projection,1,0,excluded,universal_bound,universal_bound,0/1,0/1,0/1,0/1,0/1,0/1,False
anchor_rows,3893,,1/1,image-45,singleton,one_edit_per_image,1,0,excluded,universal_bound,universal_bound,0/1,0/1,0/1,0/1,0/1,0/1,False
anchor_rows,3894,,1/1,image-45,singleton,one_edit_global,1,0,excluded,universal_bound,universal_bound,0/1,0/1,0/1,0/1,0/1,0/1,False
anchor_rows,3895,,1/1,image-45,singleton,current_strict,1,1,input_blocked,,,,,,,,,False
anchor_rows,3896,,1/1,image-45,singleton,current_partial,1,0,excluded,universal_bound,universal_bound,0/1,0/1,0/1,0/1,0/1,0/1,False
anchor_rows,3897,,1/1,image-45,singleton,union_strict,1,1,input_blocked,,,,,,,,,False
anchor_rows,3898,,1/1,image-45,singleton,union_partial,1,0,excluded,universal_bound,universal_bound,0/1,0/1,0/1,0/1,0/1,0/1,False
anchor_rows,3899,,1/1,image-46,singleton,exact_projection,1,0,excluded,universal_bound,universal_bound,0/1,0/1,0/1,0/1,0/1,0/1,False
anchor_rows,3900,,1/1,image-46,singleton,one_edit_per_image,1,0,excluded,universal_bound,universal_bound,0/1,0/1,0/1,0/1,0/1,0/1,False
anchor_rows,3901,,1/1,image-46,singleton,one_edit_global,1,0,excluded,universal_bound,universal_bound,0/1,0/1,0/1,0/1,0/1,0/1,False
anchor_rows,3902,,1/1,image-46,singleton,current_strict,1,0,excluded,universal_bound,universal_bound,0/1,0/1,0/1,0/1,0/1,0/1,False
anchor_rows,3903,,1/1,image-46,singleton,current_partial,1,0,excluded,universal_bound,universal_bound,0/1,0/1,0/1,0/1,0/1,0/1,False
anchor_rows,3904,,1/1,image-46,singleton,union_strict,1,1,input_blocked,,,,,,,,,False
anchor_rows,3905,,1/1,image-46,singleton,union_partial,1,0,excluded,universal_bound,universal_bound,0/1,0/1,0/1,0/1,0/1,0/1,False
anchor_rows,3906,,1/1,image-47,singleton,exact_projection,1,0,excluded,universal_bound,universal_bound,0/1,0/1,0/1,0/1,0/1,0/1,False
anchor_rows,3907,,1/1,image-47,singleton,one_edit_per_image,1,0,excluded,universal_bound,universal_bound,0/1,0/1,0/1,0/1,0/1,0/1,False
anchor_rows,3908,,1/1,image-47,singleton,one_edit_global,1,0,excluded,universal_bound,universal_bound,0/1,0/1,0/1,0/1,0/1,0/1,False
anchor_rows,3909,,1/1,image-47,singleton,current_strict,1,0,excluded,universal_bound,universal_bound,0/1,0/1,0/1,0/1,0/1,0/1,False
anchor_rows,3910,,1/1,image-47,singleton,current_partial,1,0,excluded,universal_bound,universal_bound,0/1,0/1,0/1,0/1,0/1,0/1,False
anchor_rows,3911,,1/1,image-47,singleton,union_strict,1,0,excluded,universal_bound,universal_bound,0/1,0/1,0/1,0/1,0/1,0/1,False
anchor_rows,3912,,1/1,image-47,singleton,union_partial,1,0,excluded,universal_bound,universal_bound,0/1,0/1,0/1,0/1,0/1,0/1,False
anchor_rows,3913,,1/1,image-48,singleton,exact_projection,1,0,excluded,universal_bound,universal_bound,0/1,0/1,0/1,0/1,0/1,0/1,False
anchor_rows,3914,,1/1,image-48,singleton,one_edit_per_image,1,0,excluded,universal_bound,universal_bound,0/1,0/1,0/1,0/1,0/1,0/1,False
anchor_rows,3915,,1/1,image-48,singleton,one_edit_global,1,0,excluded,universal_bound,universal_bound,0/1,0/1,0/1,0/1,0/1,0/1,False
anchor_rows,3916,,1/1,image-48,singleton,current_strict,1,0,excluded,universal_bound,universal_bound,0/1,0/1,0/1,0/1,0/1,0/1,False
anchor_rows,3917,,1/1,image-48,singleton,current_partial,1,0,excluded,universal_bound,universal_bound,0/1,0/1,0/1,0/1,0/1,0/1,False
anchor_rows,3918,,1/1,image-48,singleton,union_strict,1,0,excluded,universal_bound,universal_bound,0/1,0/1,0/1,0/1,0/1,0/1,False
anchor_rows,3919,,1/1,image-48,singleton,union_partial,1,0,excluded,universal_bound,universal_bound,0/1,0/1,0/1,0/1,0/1,0/1,False
anchor_rows,3920,,1/1,image-49,singleton,exact_projection,1,0,excluded,universal_bound,universal_bound,0/1,0/1,0/1,0/1,0/1,0/1,False
anchor_rows,3921,,1/1,image-49,singleton,one_edit_per_image,1,0,excluded,universal_bound,universal_bound,0/1,0/1,0/1,0/1,0/1,0/1,False
anchor_rows,3922,,1/1,image-49,singleton,one_edit_global,1,0,excluded,universal_bound,universal_bound,0/1,0/1,0/1,0/1,0/1,0/1,False
anchor_rows,3923,,1/1,image-49,singleton,current_strict,1,0,excluded,universal_bound,universal_bound,0/1,0/1,0/1,0/1,0/1,0/1,False
anchor_rows,3924,,1/1,image-49,singleton,current_partial,1,0,excluded,universal_bound,universal_bound,0/1,0/1,0/1,0/1,0/1,0/1,False
anchor_rows,3925,,1/1,image-49,singleton,union_strict,1,0,excluded,universal_bound,universal_bound,0/1,0/1,0/1,0/1,0/1,0/1,False
anchor_rows,3926,,1/1,image-49,singleton,union_partial,1,0,excluded,universal_bound,universal_bound,0/1,0/1,0/1,0/1,0/1,0/1,False
anchor_rows,3927,,1/1,image-50,singleton,exact_projection,1,0,excluded,universal_bound,universal_bound,0/1,0/1,0/1,0/1,0/1,0/1,False
anchor_rows,3928,,1/1,image-50,singleton,one_edit_per_image,1,0,excluded,universal_bound,universal_bound,0/1,0/1,0/1,0/1,0/1,0/1,False
anchor_rows,3929,,1/1,image-50,singleton,one_edit_global,1,0,excluded,universal_bound,universal_bound,0/1,0/1,0/1,0/1,0/1,0/1,False
anchor_rows,3930,,1/1,image-50,singleton,current_strict,1,0,excluded,universal_bound,universal_bound,0/1,0/1,0/1,0/1,0/1,0/1,False
anchor_rows,3931,,1/1,image-50,singleton,current_partial,1,0,excluded,universal_bound,universal_bound,0/1,0/1,0/1,0/1,0/1,0/1,False
anchor_rows,3932,,1/1,image-50,singleton,union_strict,1,0,excluded,universal_bound,universal_bound,0/1,0/1,0/1,0/1,0/1,0/1,False
anchor_rows,3933,,1/1,image-50,singleton,union_partial,1,0,excluded,universal_bound,universal_bound,0/1,0/1,0/1,0/1,0/1,0/1,False
anchor_rows,3934,,1/1,image-51,singleton,exact_projection,1,0,excluded,universal_bound,universal_bound,0/1,0/1,0/1,0/1,0/1,0/1,False
anchor_rows,3935,,1/1,image-51,singleton,one_edit_per_image,1,0,excluded,universal_bound,universal_bound,0/1,0/1,0/1,0/1,0/1,0/1,False
anchor_rows,3936,,1/1,image-51,singleton,one_edit_global,1,0,excluded,universal_bound,universal_bound,0/1,0/1,0/1,0/1,0/1,0/1,False
anchor_rows,3937,,1/1,image-51,singleton,current_strict,1,0,excluded,universal_bound,universal_bound,0/1,0/1,0/1,0/1,0/1,0/1,False
anchor_rows,3938,,1/1,image-51,singleton,current_partial,1,0,excluded,universal_bound,universal_bound,0/1,0/1,0/1,0/1,0/1,0/1,False
anchor_rows,3939,,1/1,image-51,singleton,union_strict,1,0,excluded,universal_bound,universal_bound,0/1,0/1,0/1,0/1,0/1,0/1,False
anchor_rows,3940,,1/1,image-51,singleton,union_partial,1,0,excluded,universal_bound,universal_bound,0/1,0/1,0/1,0/1,0/1,0/1,False
anchor_rows,3941,,1/1,image-52,singleton,exact_projection,1,0,excluded,universal_bound,universal_bound,0/1,0/1,0/1,0/1,0/1,0/1,False
anchor_rows,3942,,1/1,image-52,singleton,one_edit_per_image,1,0,excluded,universal_bound,universal_bound,0/1,0/1,0/1,0/1,0/1,0/1,False
anchor_rows,3943,,1/1,image-52,singleton,one_edit_global,1,0,excluded,universal_bound,universal_bound,0/1,0/1,0/1,0/1,0/1,0/1,False
anchor_rows,3944,,1/1,image-52,singleton,current_strict,1,1,input_blocked,,,,,,,,,False
anchor_rows,3945,,1/1,image-52,singleton,current_partial,1,0,excluded,universal_bound,universal_bound,0/1,0/1,0/1,0/1,0/1,0/1,False
anchor_rows,3946,,1/1,image-52,singleton,union_strict,1,1,input_blocked,,,,,,,,,False
anchor_rows,3947,,1/1,image-52,singleton,union_partial,1,0,excluded,universal_bound,universal_bound,0/1,0/1,0/1,0/1,0/1,0/1,False
anchor_rows,3948,,1/1,image-53,singleton,exact_projection,1,0,excluded,universal_bound,universal_bound,0/1,0/1,0/1,0/1,0/1,0/1,False
anchor_rows,3949,,1/1,image-53,singleton,one_edit_per_image,1,0,excluded,universal_bound,universal_bound,0/1,0/1,0/1,0/1,0/1,0/1,False
anchor_rows,3950,,1/1,image-53,singleton,one_edit_global,1,0,excluded,universal_bound,universal_bound,0/1,0/1,0/1,0/1,0/1,0/1,False
anchor_rows,3951,,1/1,image-53,singleton,current_strict,1,0,excluded,universal_bound,universal_bound,0/1,0/1,0/1,0/1,0/1,0/1,False
anchor_rows,3952,,1/1,image-53,singleton,current_partial,1,0,excluded,universal_bound,universal_bound,0/1,0/1,0/1,0/1,0/1,0/1,False
anchor_rows,3953,,1/1,image-53,singleton,union_strict,1,0,excluded,universal_bound,universal_bound,0/1,0/1,0/1,0/1,0/1,0/1,False
anchor_rows,3954,,1/1,image-53,singleton,union_partial,1,0,excluded,universal_bound,universal_bound,0/1,0/1,0/1,0/1,0/1,0/1,False
anchor_rows,3955,,1/1,image-54,singleton,exact_projection,1,0,excluded,universal_bound,universal_bound,0/1,0/1,0/1,0/1,0/1,0/1,False
anchor_rows,3956,,1/1,image-54,singleton,one_edit_per_image,1,0,excluded,universal_bound,universal_bound,0/1,0/1,0/1,0/1,0/1,0/1,False
anchor_rows,3957,,1/1,image-54,singleton,one_edit_global,1,0,excluded,universal_bound,universal_bound,0/1,0/1,0/1,0/1,0/1,0/1,False
anchor_rows,3958,,1/1,image-54,singleton,current_strict,1,1,input_blocked,,,,,,,,,False
anchor_rows,3959,,1/1,image-54,singleton,current_partial,1,0,excluded,universal_bound,universal_bound,0/1,0/1,0/1,0/1,0/1,0/1,False
anchor_rows,3960,,1/1,image-54,singleton,union_strict,1,1,input_blocked,,,,,,,,,False
anchor_rows,3961,,1/1,image-54,singleton,union_partial,1,0,excluded,universal_bound,universal_bound,0/1,0/1,0/1,0/1,0/1,0/1,False
anchor_rows,3962,,1/1,image-55,singleton,exact_projection,1,0,excluded,universal_bound,universal_bound,0/1,0/1,0/1,0/1,0/1,0/1,False
anchor_rows,3963,,1/1,image-55,singleton,one_edit_per_image,1,0,excluded,universal_bound,universal_bound,0/1,0/1,0/1,0/1,0/1,0/1,False
anchor_rows,3964,,1/1,image-55,singleton,one_edit_global,1,0,excluded,universal_bound,universal_bound,0/1,0/1,0/1,0/1,0/1,0/1,False
anchor_rows,3965,,1/1,image-55,singleton,current_strict,1,1,input_blocked,,,,,,,,,False
anchor_rows,3966,,1/1,image-55,singleton,current_partial,1,0,excluded,universal_bound,universal_bound,0/1,0/1,0/1,0/1,0/1,0/1,False
anchor_rows,3967,,1/1,image-55,singleton,union_strict,1,1,input_blocked,,,,,,,,,False
anchor_rows,3968,,1/1,image-55,singleton,union_partial,1,0,excluded,universal_bound,universal_bound,0/1,0/1,0/1,0/1,0/1,0/1,False
anchor_rows,3969,,1/1,image-56,singleton,exact_projection,1,0,excluded,universal_bound,universal_bound,0/1,0/1,0/1,0/1,0/1,0/1,False
anchor_rows,3970,,1/1,image-56,singleton,one_edit_per_image,1,0,excluded,universal_bound,universal_bound,0/1,0/1,0/1,0/1,0/1,0/1,False
anchor_rows,3971,,1/1,image-56,singleton,one_edit_global,1,0,excluded,universal_bound,universal_bound,0/1,0/1,0/1,0/1,0/1,0/1,False
anchor_rows,3972,,1/1,image-56,singleton,current_strict,1,0,excluded,universal_bound,universal_bound,0/1,0/1,0/1,0/1,0/1,0/1,False
anchor_rows,3973,,1/1,image-56,singleton,current_partial,1,0,excluded,universal_bound,universal_bound,0/1,0/1,0/1,0/1,0/1,0/1,False
anchor_rows,3974,,1/1,image-56,singleton,union_strict,1,0,excluded,universal_bound,universal_bound,0/1,0/1,0/1,0/1,0/1,0/1,False
anchor_rows,3975,,1/1,image-56,singleton,union_partial,1,0,excluded,universal_bound,universal_bound,0/1,0/1,0/1,0/1,0/1,0/1,False
anchor_rows,3976,,1/1,image-57,singleton,exact_projection,1,0,excluded,universal_bound,universal_bound,0/1,0/1,0/1,0/1,0/1,0/1,False
anchor_rows,3977,,1/1,image-57,singleton,one_edit_per_image,1,0,excluded,universal_bound,universal_bound,0/1,0/1,0/1,0/1,0/1,0/1,False
anchor_rows,3978,,1/1,image-57,singleton,one_edit_global,1,0,excluded,universal_bound,universal_bound,0/1,0/1,0/1,0/1,0/1,0/1,False
anchor_rows,3979,,1/1,image-57,singleton,current_strict,1,1,input_blocked,,,,,,,,,False
anchor_rows,3980,,1/1,image-57,singleton,current_partial,1,0,excluded,universal_bound,universal_bound,0/1,0/1,0/1,0/1,0/1,0/1,False
anchor_rows,3981,,1/1,image-57,singleton,union_strict,1,1,input_blocked,,,,,,,,,False
anchor_rows,3982,,1/1,image-57,singleton,union_partial,1,0,excluded,universal_bound,universal_bound,0/1,0/1,0/1,0/1,0/1,0/1,False
anchor_rows,3983,,1/1,image-58,singleton,exact_projection,1,0,excluded,universal_bound,universal_bound,0/1,0/1,0/1,0/1,0/1,0/1,False
anchor_rows,3984,,1/1,image-58,singleton,one_edit_per_image,1,0,excluded,universal_bound,universal_bound,0/1,0/1,0/1,0/1,0/1,0/1,False
anchor_rows,3985,,1/1,image-58,singleton,one_edit_global,1,0,excluded,universal_bound,universal_bound,0/1,0/1,0/1,0/1,0/1,0/1,False
anchor_rows,3986,,1/1,image-58,singleton,current_strict,1,0,excluded,universal_bound,universal_bound,0/1,0/1,0/1,0/1,0/1,0/1,False
anchor_rows,3987,,1/1,image-58,singleton,current_partial,1,0,excluded,universal_bound,universal_bound,0/1,0/1,0/1,0/1,0/1,0/1,False
anchor_rows,3988,,1/1,image-58,singleton,union_strict,1,0,excluded,universal_bound,universal_bound,0/1,0/1,0/1,0/1,0/1,0/1,False
anchor_rows,3989,,1/1,image-58,singleton,union_partial,1,0,excluded,universal_bound,universal_bound,0/1,0/1,0/1,0/1,0/1,0/1,False
anchor_rows,3990,,1/1,image-59,singleton,exact_projection,1,0,excluded,universal_bound,universal_bound,0/1,0/1,0/1,0/1,0/1,0/1,False
anchor_rows,3991,,1/1,image-59,singleton,one_edit_per_image,1,0,excluded,universal_bound,universal_bound,0/1,0/1,0/1,0/1,0/1,0/1,False
anchor_rows,3992,,1/1,image-59,singleton,one_edit_global,1,0,excluded,universal_bound,universal_bound,0/1,0/1,0/1,0/1,0/1,0/1,False
anchor_rows,3993,,1/1,image-59,singleton,current_strict,1,1,input_blocked,,,,,,,,,False
anchor_rows,3994,,1/1,image-59,singleton,current_partial,1,0,excluded,universal_bound,universal_bound,0/1,0/1,0/1,0/1,0/1,0/1,False
anchor_rows,3995,,1/1,image-59,singleton,union_strict,1,1,input_blocked,,,,,,,,,False
anchor_rows,3996,,1/1,image-59,singleton,union_partial,1,0,excluded,universal_bound,universal_bound,0/1,0/1,0/1,0/1,0/1,0/1,False
anchor_rows,3997,,1/1,image-60,singleton,exact_projection,1,0,excluded,universal_bound,universal_bound,0/1,0/1,0/1,0/1,0/1,0/1,False
anchor_rows,3998,,1/1,image-60,singleton,one_edit_per_image,1,0,excluded,universal_bound,universal_bound,0/1,0/1,0/1,0/1,0/1,0/1,False
anchor_rows,3999,,1/1,image-60,singleton,one_edit_global,1,0,excluded,universal_bound,universal_bound,0/1,0/1,0/1,0/1,0/1,0/1,False
anchor_rows,4000,,1/1,image-60,singleton,current_strict,1,0,excluded,universal_bound,universal_bound,0/1,0/1,0/1,0/1,0/1,0/1,False
anchor_rows,4001,,1/1,image-60,singleton,current_partial,1,0,excluded,universal_bound,universal_bound,0/1,0/1,0/1,0/1,0/1,0/1,False
anchor_rows,4002,,1/1,image-60,singleton,union_strict,1,1,input_blocked,,,,,,,,,False
anchor_rows,4003,,1/1,image-60,singleton,union_partial,1,0,excluded,universal_bound,universal_bound,0/1,0/1,0/1,0/1,0/1,0/1,False
anchor_rows,4004,,1/1,image-61,singleton,exact_projection,1,0,excluded,universal_bound,universal_bound,0/1,0/1,0/1,0/1,0/1,0/1,False
anchor_rows,4005,,1/1,image-61,singleton,one_edit_per_image,1,0,excluded,universal_bound,universal_bound,0/1,0/1,0/1,0/1,0/1,0/1,False
anchor_rows,4006,,1/1,image-61,singleton,one_edit_global,1,0,excluded,universal_bound,universal_bound,0/1,0/1,0/1,0/1,0/1,0/1,False
anchor_rows,4007,,1/1,image-61,singleton,current_strict,1,1,input_blocked,,,,,,,,,False
anchor_rows,4008,,1/1,image-61,singleton,current_partial,1,0,excluded,universal_bound,universal_bound,0/1,0/1,0/1,0/1,0/1,0/1,False
anchor_rows,4009,,1/1,image-61,singleton,union_strict,1,1,input_blocked,,,,,,,,,False
anchor_rows,4010,,1/1,image-61,singleton,union_partial,1,0,excluded,universal_bound,universal_bound,0/1,0/1,0/1,0/1,0/1,0/1,False
anchor_rows,4011,,1/1,image-62,singleton,exact_projection,1,0,excluded,universal_bound,universal_bound,0/1,0/1,0/1,0/1,0/1,0/1,False
anchor_rows,4012,,1/1,image-62,singleton,one_edit_per_image,1,0,excluded,universal_bound,universal_bound,0/1,0/1,0/1,0/1,0/1,0/1,False
anchor_rows,4013,,1/1,image-62,singleton,one_edit_global,1,0,excluded,universal_bound,universal_bound,0/1,0/1,0/1,0/1,0/1,0/1,False
anchor_rows,4014,,1/1,image-62,singleton,current_strict,1,1,input_blocked,,,,,,,,,False
anchor_rows,4015,,1/1,image-62,singleton,current_partial,1,0,excluded,universal_bound,universal_bound,0/1,0/1,0/1,0/1,0/1,0/1,False
anchor_rows,4016,,1/1,image-62,singleton,union_strict,1,1,input_blocked,,,,,,,,,False
anchor_rows,4017,,1/1,image-62,singleton,union_partial,1,1,input_blocked,,,,,,,,,False
anchor_rows,4018,,1/1,image-63,singleton,exact_projection,1,0,excluded,universal_bound,universal_bound,0/1,0/1,0/1,0/1,0/1,0/1,False
anchor_rows,4019,,1/1,image-63,singleton,one_edit_per_image,1,0,excluded,universal_bound,universal_bound,0/1,0/1,0/1,0/1,0/1,0/1,False
anchor_rows,4020,,1/1,image-63,singleton,one_edit_global,1,0,excluded,universal_bound,universal_bound,0/1,0/1,0/1,0/1,0/1,0/1,False
anchor_rows,4021,,1/1,image-63,singleton,current_strict,1,0,excluded,universal_bound,universal_bound,0/1,0/1,0/1,0/1,0/1,0/1,False
anchor_rows,4022,,1/1,image-63,singleton,current_partial,1,0,excluded,universal_bound,universal_bound,0/1,0/1,0/1,0/1,0/1,0/1,False
anchor_rows,4023,,1/1,image-63,singleton,union_strict,1,0,excluded,universal_bound,universal_bound,0/1,0/1,0/1,0/1,0/1,0/1,False
anchor_rows,4024,,1/1,image-63,singleton,union_partial,1,0,excluded,universal_bound,universal_bound,0/1,0/1,0/1,0/1,0/1,0/1,False
anchor_rows,4025,,1/1,block-00,block,exact_projection,8,0,excluded,universal_bound,universal_bound,0/1,0/1,0/1,0/1,0/1,0/1,False
anchor_rows,4026,,1/1,block-00,block,one_edit_per_image,8,0,excluded,universal_bound,universal_bound,0/1,0/1,0/1,0/1,0/1,0/1,False
anchor_rows,4027,,1/1,block-00,block,one_edit_global,8,0,excluded,universal_bound,universal_bound,0/1,0/1,0/1,0/1,0/1,0/1,False
anchor_rows,4028,,1/1,block-00,block,current_strict,8,0,excluded,universal_bound,universal_bound,0/1,0/1,0/1,0/1,0/1,0/1,False
anchor_rows,4029,,1/1,block-00,block,current_partial,8,0,excluded,universal_bound,universal_bound,0/1,0/1,0/1,0/1,0/1,0/1,False
anchor_rows,4030,,1/1,block-00,block,union_strict,8,2,input_blocked,,,,,,,,,False
anchor_rows,4031,,1/1,block-00,block,union_partial,8,0,excluded,universal_bound,universal_bound,0/1,0/1,0/1,0/1,0/1,0/1,False
anchor_rows,4032,,1/1,block-01,block,exact_projection,8,0,excluded,universal_bound,universal_bound,0/1,0/1,0/1,0/1,0/1,0/1,False
anchor_rows,4033,,1/1,block-01,block,one_edit_per_image,8,0,excluded,universal_bound,universal_bound,0/1,0/1,0/1,0/1,0/1,0/1,False
anchor_rows,4034,,1/1,block-01,block,one_edit_global,8,0,excluded,universal_bound,universal_bound,0/1,0/1,0/1,0/1,0/1,0/1,False
anchor_rows,4035,,1/1,block-01,block,current_strict,8,4,input_blocked,,,,,,,,,False
anchor_rows,4036,,1/1,block-01,block,current_partial,8,0,excluded,universal_bound,universal_bound,0/1,0/1,0/1,0/1,0/1,0/1,False
anchor_rows,4037,,1/1,block-01,block,union_strict,8,5,input_blocked,,,,,,,,,False
anchor_rows,4038,,1/1,block-01,block,union_partial,8,0,excluded,universal_bound,universal_bound,0/1,0/1,0/1,0/1,0/1,0/1,False
anchor_rows,4039,,1/1,block-02,block,exact_projection,8,0,excluded,universal_bound,universal_bound,0/1,0/1,0/1,0/1,0/1,0/1,False
anchor_rows,4040,,1/1,block-02,block,one_edit_per_image,8,0,excluded,universal_bound,universal_bound,0/1,0/1,0/1,0/1,0/1,0/1,False
anchor_rows,4041,,1/1,block-02,block,one_edit_global,8,0,excluded,universal_bound,universal_bound,0/1,0/1,0/1,0/1,0/1,0/1,False
anchor_rows,4042,,1/1,block-02,block,current_strict,8,2,input_blocked,,,,,,,,,False
anchor_rows,4043,,1/1,block-02,block,current_partial,8,0,excluded,universal_bound,universal_bound,0/1,0/1,0/1,0/1,0/1,0/1,False
anchor_rows,4044,,1/1,block-02,block,union_strict,8,4,input_blocked,,,,,,,,,False
anchor_rows,4045,,1/1,block-02,block,union_partial,8,0,excluded,universal_bound,universal_bound,0/1,0/1,0/1,0/1,0/1,0/1,False
anchor_rows,4046,,1/1,block-03,block,exact_projection,8,0,excluded,universal_bound,universal_bound,0/1,0/1,0/1,0/1,0/1,0/1,False
anchor_rows,4047,,1/1,block-03,block,one_edit_per_image,8,0,excluded,universal_bound,universal_bound,0/1,0/1,0/1,0/1,0/1,0/1,False
anchor_rows,4048,,1/1,block-03,block,one_edit_global,8,0,excluded,universal_bound,universal_bound,0/1,0/1,0/1,0/1,0/1,0/1,False
anchor_rows,4049,,1/1,block-03,block,current_strict,8,5,input_blocked,,,,,,,,,False
anchor_rows,4050,,1/1,block-03,block,current_partial,8,0,excluded,universal_bound,universal_bound,0/1,0/1,0/1,0/1,0/1,0/1,False
anchor_rows,4051,,1/1,block-03,block,union_strict,8,6,input_blocked,,,,,,,,,False
anchor_rows,4052,,1/1,block-03,block,union_partial,8,0,excluded,universal_bound,universal_bound,0/1,0/1,0/1,0/1,0/1,0/1,False
anchor_rows,4053,,1/1,block-04,block,exact_projection,8,0,excluded,universal_bound,universal_bound,0/1,0/1,0/1,0/1,0/1,0/1,False
anchor_rows,4054,,1/1,block-04,block,one_edit_per_image,8,0,excluded,universal_bound,universal_bound,0/1,0/1,0/1,0/1,0/1,0/1,False
anchor_rows,4055,,1/1,block-04,block,one_edit_global,8,0,excluded,universal_bound,universal_bound,0/1,0/1,0/1,0/1,0/1,0/1,False
anchor_rows,4056,,1/1,block-04,block,current_strict,8,4,input_blocked,,,,,,,,,False
anchor_rows,4057,,1/1,block-04,block,current_partial,8,0,excluded,universal_bound,universal_bound,0/1,0/1,0/1,0/1,0/1,0/1,False
anchor_rows,4058,,1/1,block-04,block,union_strict,8,5,input_blocked,,,,,,,,,False
anchor_rows,4059,,1/1,block-04,block,union_partial,8,0,excluded,universal_bound,universal_bound,0/1,0/1,0/1,0/1,0/1,0/1,False
anchor_rows,4060,,1/1,block-05,block,exact_projection,8,0,excluded,universal_bound,universal_bound,0/1,0/1,0/1,0/1,0/1,0/1,False
anchor_rows,4061,,1/1,block-05,block,one_edit_per_image,8,0,excluded,universal_bound,universal_bound,0/1,0/1,0/1,0/1,0/1,0/1,False
anchor_rows,4062,,1/1,block-05,block,one_edit_global,8,0,excluded,universal_bound,universal_bound,0/1,0/1,0/1,0/1,0/1,0/1,False
anchor_rows,4063,,1/1,block-05,block,current_strict,8,3,input_blocked,,,,,,,,,False
anchor_rows,4064,,1/1,block-05,block,current_partial,8,0,excluded,universal_bound,universal_bound,0/1,0/1,0/1,0/1,0/1,0/1,False
anchor_rows,4065,,1/1,block-05,block,union_strict,8,6,input_blocked,,,,,,,,,False
anchor_rows,4066,,1/1,block-05,block,union_partial,8,0,excluded,universal_bound,universal_bound,0/1,0/1,0/1,0/1,0/1,0/1,False
anchor_rows,4067,,1/1,block-06,block,exact_projection,8,0,excluded,universal_bound,universal_bound,0/1,0/1,0/1,0/1,0/1,0/1,False
anchor_rows,4068,,1/1,block-06,block,one_edit_per_image,8,0,excluded,universal_bound,universal_bound,0/1,0/1,0/1,0/1,0/1,0/1,False
anchor_rows,4069,,1/1,block-06,block,one_edit_global,8,0,excluded,universal_bound,universal_bound,0/1,0/1,0/1,0/1,0/1,0/1,False
anchor_rows,4070,,1/1,block-06,block,current_strict,8,3,input_blocked,,,,,,,,,False
anchor_rows,4071,,1/1,block-06,block,current_partial,8,0,excluded,universal_bound,universal_bound,0/1,0/1,0/1,0/1,0/1,0/1,False
anchor_rows,4072,,1/1,block-06,block,union_strict,8,3,input_blocked,,,,,,,,,False
anchor_rows,4073,,1/1,block-06,block,union_partial,8,0,excluded,universal_bound,universal_bound,0/1,0/1,0/1,0/1,0/1,0/1,False
anchor_rows,4074,,1/1,block-07,block,exact_projection,8,0,excluded,universal_bound,universal_bound,0/1,0/1,0/1,0/1,0/1,0/1,False
anchor_rows,4075,,1/1,block-07,block,one_edit_per_image,8,0,excluded,universal_bound,universal_bound,0/1,0/1,0/1,0/1,0/1,0/1,False
anchor_rows,4076,,1/1,block-07,block,one_edit_global,8,0,excluded,universal_bound,universal_bound,0/1,0/1,0/1,0/1,0/1,0/1,False
anchor_rows,4077,,1/1,block-07,block,current_strict,8,4,input_blocked,,,,,,,,,False
anchor_rows,4078,,1/1,block-07,block,current_partial,8,0,excluded,universal_bound,universal_bound,0/1,0/1,0/1,0/1,0/1,0/1,False
anchor_rows,4079,,1/1,block-07,block,union_strict,8,5,input_blocked,,,,,,,,,False
anchor_rows,4080,,1/1,block-07,block,union_partial,8,1,input_blocked,,,,,,,,,False
anchor_rows,4081,,1/1,all-64,primary,exact_projection,64,0,excluded,universal_bound,universal_bound,0/1,0/1,0/1,0/1,0/1,0/1,False
anchor_rows,4082,,1/1,all-64,primary,one_edit_per_image,64,0,excluded,universal_bound,universal_bound,0/1,0/1,0/1,0/1,0/1,0/1,False
anchor_rows,4083,,1/1,all-64,primary,one_edit_global,64,0,excluded,universal_bound,universal_bound,0/1,0/1,0/1,0/1,0/1,0/1,False
anchor_rows,4084,,1/1,all-64,primary,current_strict,64,25,input_blocked,,,,,,,,,False
anchor_rows,4085,,1/1,all-64,primary,current_partial,64,0,excluded,universal_bound,universal_bound,0/1,0/1,0/1,0/1,0/1,0/1,False
anchor_rows,4086,,1/1,all-64,primary,union_strict,64,36,input_blocked,,,,,,,,,False
anchor_rows,4087,,1/1,all-64,primary,union_partial,64,1,input_blocked,,,,,,,,,False
