case_id,group,family,state,allocated_images,cell,left,right,point,representative,lower_at_representative,upper_at_representative,decision
image-00,singleton,exact_projection,complete,1,0,0/1,0/1,True,0/1,2/1,2/1,supported
image-00,singleton,exact_projection,complete,1,1,0/1,1/1,False,1/2,1/1,1/1,supported
image-00,singleton,exact_projection,complete,1,2,1/1,1/1,True,1/1,0/1,0/1,excluded
image-00,singleton,one_edit_global,complete,1,0,0/1,0/1,True,0/1,1/1,3/1,supported
image-00,singleton,one_edit_global,complete,1,1,0/1,1/2,False,1/4,1/2,5/2,supported
image-00,singleton,one_edit_global,complete,1,2,1/2,1/2,True,1/2,0/1,2/1,unresolved
image-00,singleton,one_edit_global,complete,1,3,1/2,1/1,False,3/4,-1/2,3/2,unresolved
image-00,singleton,one_edit_global,complete,1,4,1/1,1/1,True,1/1,-1/1,1/1,unresolved
image-00,singleton,one_edit_per_image,complete,1,0,0/1,0/1,True,0/1,1/1,3/1,supported
image-00,singleton,one_edit_per_image,complete,1,1,0/1,1/2,False,1/4,1/2,5/2,supported
image-00,singleton,one_edit_per_image,complete,1,2,1/2,1/2,True,1/2,0/1,2/1,unresolved
image-00,singleton,one_edit_per_image,complete,1,3,1/2,1/1,False,3/4,-1/2,3/2,unresolved
image-00,singleton,one_edit_per_image,complete,1,4,1/1,1/1,True,1/1,-1/1,1/1,unresolved
image-00,singleton,axis_translation_1_1,complete,1,0,0/1,0/1,True,0/1,2/1,2/1,supported
image-00,singleton,axis_translation_1_1,complete,1,1,0/1,1/1,False,1/2,1/1,1/1,supported
image-00,singleton,axis_translation_1_1,complete,1,2,1/1,1/1,True,1/1,0/1,0/1,excluded
image-00,singleton,axis_translation_2_1,complete,1,0,0/1,0/1,True,0/1,2/1,2/1,supported
image-00,singleton,axis_translation_2_1,complete,1,1,0/1,1/1,False,1/2,1/1,1/1,supported
image-00,singleton,axis_translation_2_1,complete,1,2,1/1,1/1,True,1/1,0/1,0/1,excluded
image-00,singleton,axis_translation_4_1,complete,1,0,0/1,0/1,True,0/1,2/1,2/1,supported
image-00,singleton,axis_translation_4_1,complete,1,1,0/1,1/1,False,1/2,1/1,1/1,supported
image-00,singleton,axis_translation_4_1,complete,1,2,1/1,1/1,True,1/1,0/1,0/1,excluded
image-00,singleton,axis_translation_8_1,complete,1,0,0/1,0/1,True,0/1,2/1,2/1,supported
image-00,singleton,axis_translation_8_1,complete,1,1,0/1,1/1,False,1/2,1/1,1/1,supported
image-00,singleton,axis_translation_8_1,complete,1,2,1/1,1/1,True,1/1,0/1,0/1,excluded
image-00,singleton,axis_translation_16_1,complete,1,0,0/1,0/1,True,0/1,2/1,2/1,supported
image-00,singleton,axis_translation_16_1,complete,1,1,0/1,1/1,False,1/2,1/1,1/1,supported
image-00,singleton,axis_translation_16_1,complete,1,2,1/1,1/1,True,1/1,0/1,0/1,excluded
image-00,singleton,axis_translation_32_1,complete,1,0,0/1,0/1,True,0/1,1/1,3/1,supported
image-00,singleton,axis_translation_32_1,complete,1,1,0/1,1/2,False,1/4,1/2,5/2,supported
image-00,singleton,axis_translation_32_1,complete,1,2,1/2,1/2,True,1/2,0/1,2/1,unresolved
image-00,singleton,axis_translation_32_1,complete,1,3,1/2,1/1,False,3/4,-1/2,3/2,unresolved
image-00,singleton,axis_translation_32_1,complete,1,4,1/1,1/1,True,1/1,-1/1,1/1,unresolved
image-00,singleton,axis_translation_64_1,complete,1,0,0/1,0/1,True,0/1,1/1,3/1,supported
image-00,singleton,axis_translation_64_1,complete,1,1,0/1,1/2,False,1/4,1/2,5/2,supported
image-00,singleton,axis_translation_64_1,complete,1,2,1/2,1/2,True,1/2,0/1,2/1,unresolved
image-00,singleton,axis_translation_64_1,complete,1,3,1/2,1/1,False,3/4,-1/2,3/2,unresolved
image-00,singleton,axis_translation_64_1,complete,1,4,1/1,1/1,True,1/1,-1/1,1/1,unresolved
image-00,singleton,planar_translation_1_1,complete,1,0,0/1,0/1,True,0/1,2/1,2/1,supported
image-00,singleton,planar_translation_1_1,complete,1,1,0/1,1/1,False,1/2,1/1,1/1,supported
image-00,singleton,planar_translation_1_1,complete,1,2,1/1,1/1,True,1/1,0/1,0/1,excluded
image-00,singleton,planar_translation_2_1,complete,1,0,0/1,0/1,True,0/1,2/1,2/1,supported
image-00,singleton,planar_translation_2_1,complete,1,1,0/1,1/1,False,1/2,1/1,1/1,supported
image-00,singleton,planar_translation_2_1,complete,1,2,1/1,1/1,True,1/1,0/1,0/1,excluded
image-00,singleton,planar_translation_4_1,complete,1,0,0/1,0/1,True,0/1,2/1,2/1,supported
image-00,singleton,planar_translation_4_1,complete,1,1,0/1,1/1,False,1/2,1/1,1/1,supported
image-00,singleton,planar_translation_4_1,complete,1,2,1/1,1/1,True,1/1,0/1,0/1,excluded
image-00,singleton,planar_translation_5_1,complete,1,0,0/1,0/1,True,0/1,2/1,2/1,supported
image-00,singleton,planar_translation_5_1,complete,1,1,0/1,1/1,False,1/2,1/1,1/1,supported
image-00,singleton,planar_translation_5_1,complete,1,2,1/1,1/1,True,1/1,0/1,0/1,excluded
image-00,singleton,planar_translation_161_32,complete,1,0,0/1,0/1,True,0/1,2/1,2/1,supported
image-00,singleton,planar_translation_161_32,complete,1,1,0/1,1/1,False,1/2,1/1,1/1,supported
image-00,singleton,planar_translation_161_32,complete,1,2,1/1,1/1,True,1/1,0/1,0/1,excluded
image-00,singleton,planar_translation_8_1,complete,1,0,0/1,0/1,True,0/1,2/1,2/1,supported
image-00,singleton,planar_translation_8_1,complete,1,1,0/1,1/1,False,1/2,1/1,1/1,supported
image-00,singleton,planar_translation_8_1,complete,1,2,1/1,1/1,True,1/1,0/1,0/1,excluded
image-00,singleton,planar_translation_16_1,complete,1,0,0/1,0/1,True,0/1,1/1,3/1,supported
image-00,singleton,planar_translation_16_1,complete,1,1,0/1,1/2,False,1/4,1/2,5/2,supported
image-00,singleton,planar_translation_16_1,complete,1,2,1/2,1/2,True,1/2,0/1,2/1,unresolved
image-00,singleton,planar_translation_16_1,complete,1,3,1/2,1/1,False,3/4,-1/2,3/2,unresolved
image-00,singleton,planar_translation_16_1,complete,1,4,1/1,1/1,True,1/1,-1/1,1/1,unresolved
image-00,singleton,planar_translation_32_1,complete,1,0,0/1,0/1,True,0/1,1/1,3/1,supported
image-00,singleton,planar_translation_32_1,complete,1,1,0/1,1/2,False,1/4,1/2,5/2,supported
image-00,singleton,planar_translation_32_1,complete,1,2,1/2,1/2,True,1/2,0/1,2/1,unresolved
image-00,singleton,planar_translation_32_1,complete,1,3,1/2,1/1,False,3/4,-1/2,3/2,unresolved
image-00,singleton,planar_translation_32_1,complete,1,4,1/1,1/1,True,1/1,-1/1,1/1,unresolved
image-00,singleton,planar_translation_64_1,complete,1,0,0/1,0/1,True,0/1,1/1,3/1,supported
image-00,singleton,planar_translation_64_1,complete,1,1,0/1,1/2,False,1/4,1/2,5/2,supported
image-00,singleton,planar_translation_64_1,complete,1,2,1/2,1/2,True,1/2,0/1,2/1,unresolved
image-00,singleton,planar_translation_64_1,complete,1,3,1/2,1/1,False,3/4,-1/2,3/2,unresolved
image-00,singleton,planar_translation_64_1,complete,1,4,1/1,1/1,True,1/1,-1/1,1/1,unresolved
image-01,singleton,exact_projection,complete,1,0,0/1,0/1,True,0/1,5/1,5/1,supported
image-01,singleton,exact_projection,complete,1,1,0/1,5/7,False,5/14,5/2,5/2,supported
image-01,singleton,exact_projection,complete,1,2,5/7,5/7,True,5/7,0/1,0/1,excluded
image-01,singleton,exact_projection,complete,1,3,5/7,1/1,False,6/7,-1/1,-1/1,excluded
image-01,singleton,exact_projection,complete,1,4,1/1,1/1,True,1/1,-2/1,-2/1,excluded
image-01,singleton,one_edit_global,complete,1,0,0/1,0/1,True,0/1,4/1,7/1,supported
image-01,singleton,one_edit_global,complete,1,1,0/1,4/7,False,2/7,2/1,5/1,supported
image-01,singleton,one_edit_global,complete,1,2,4/7,4/7,True,4/7,0/1,3/1,unresolved
image-01,singleton,one_edit_global,complete,1,3,4/7,1/1,False,11/14,-3/2,3/2,unresolved
image-01,singleton,one_edit_global,complete,1,4,1/1,1/1,True,1/1,-3/1,0/1,excluded
image-01,singleton,one_edit_per_image,complete,1,0,0/1,0/1,True,0/1,4/1,7/1,supported
image-01,singleton,one_edit_per_image,complete,1,1,0/1,4/7,False,2/7,2/1,5/1,supported
image-01,singleton,one_edit_per_image,complete,1,2,4/7,4/7,True,4/7,0/1,3/1,unresolved
image-01,singleton,one_edit_per_image,complete,1,3,4/7,1/1,False,11/14,-3/2,3/2,unresolved
image-01,singleton,one_edit_per_image,complete,1,4,1/1,1/1,True,1/1,-3/1,0/1,excluded
image-01,singleton,axis_translation_1_1,complete,1,0,0/1,0/1,True,0/1,5/1,6/1,supported
image-01,singleton,axis_translation_1_1,complete,1,1,0/1,5/7,False,5/14,5/2,7/2,supported
image-01,singleton,axis_translation_1_1,complete,1,2,5/7,5/7,True,5/7,0/1,1/1,unresolved
image-01,singleton,axis_translation_1_1,complete,1,3,5/7,6/7,False,11/14,-1/2,1/2,unresolved
image-01,singleton,axis_translation_1_1,complete,1,4,6/7,6/7,True,6/7,-1/1,0/1,excluded
image-01,singleton,axis_translation_1_1,complete,1,5,6/7,1/1,False,13/14,-3/2,-1/2,excluded
image-01,singleton,axis_translation_1_1,complete,1,6,1/1,1/1,True,1/1,-2/1,-1/1,excluded
image-01,singleton,axis_translation_2_1,complete,1,0,0/1,0/1,True,0/1,5/1,6/1,supported
image-01,singleton,axis_translation_2_1,complete,1,1,0/1,5/7,False,5/14,5/2,7/2,supported
image-01,singleton,axis_translation_2_1,complete,1,2,5/7,5/7,True,5/7,0/1,1/1,unresolved
image-01,singleton,axis_translation_2_1,complete,1,3,5/7,6/7,False,11/14,-1/2,1/2,unresolved
image-01,singleton,axis_translation_2_1,complete,1,4,6/7,6/7,True,6/7,-1/1,0/1,excluded
image-01,singleton,axis_translation_2_1,complete,1,5,6/7,1/1,False,13/14,-3/2,-1/2,excluded
image-01,singleton,axis_translation_2_1,complete,1,6,1/1,1/1,True,1/1,-2/1,-1/1,excluded
image-01,singleton,axis_translation_4_1,complete,1,0,0/1,0/1,True,0/1,5/1,6/1,supported
image-01,singleton,axis_translation_4_1,complete,1,1,0/1,5/7,False,5/14,5/2,7/2,supported
image-01,singleton,axis_translation_4_1,complete,1,2,5/7,5/7,True,5/7,0/1,1/1,unresolved
image-01,singleton,axis_translation_4_1,complete,1,3,5/7,6/7,False,11/14,-1/2,1/2,unresolved
image-01,singleton,axis_translation_4_1,complete,1,4,6/7,6/7,True,6/7,-1/1,0/1,excluded
image-01,singleton,axis_translation_4_1,complete,1,5,6/7,1/1,False,13/14,-3/2,-1/2,excluded
image-01,singleton,axis_translation_4_1,complete,1,6,1/1,1/1,True,1/1,-2/1,-1/1,excluded
image-01,singleton,axis_translation_8_1,complete,1,0,0/1,0/1,True,0/1,4/1,6/1,supported
image-01,singleton,axis_translation_8_1,complete,1,1,0/1,4/7,False,2/7,2/1,4/1,supported
image-01,singleton,axis_translation_8_1,complete,1,2,4/7,4/7,True,4/7,0/1,2/1,unresolved
image-01,singleton,axis_translation_8_1,complete,1,3,4/7,6/7,False,5/7,-1/1,1/1,unresolved
image-01,singleton,axis_translation_8_1,complete,1,4,6/7,6/7,True,6/7,-2/1,0/1,excluded
image-01,singleton,axis_translation_8_1,complete,1,5,6/7,1/1,False,13/14,-5/2,-1/2,excluded
image-01,singleton,axis_translation_8_1,complete,1,6,1/1,1/1,True,1/1,-3/1,-1/1,excluded
image-01,singleton,axis_translation_16_1,complete,1,0,0/1,0/1,True,0/1,4/1,6/1,supported
image-01,singleton,axis_translation_16_1,complete,1,1,0/1,4/7,False,2/7,2/1,4/1,supported
image-01,singleton,axis_translation_16_1,complete,1,2,4/7,4/7,True,4/7,0/1,2/1,unresolved
image-01,singleton,axis_translation_16_1,complete,1,3,4/7,6/7,False,5/7,-1/1,1/1,unresolved
image-01,singleton,axis_translation_16_1,complete,1,4,6/7,6/7,True,6/7,-2/1,0/1,excluded
image-01,singleton,axis_translation_16_1,complete,1,5,6/7,1/1,False,13/14,-5/2,-1/2,excluded
image-01,singleton,axis_translation_16_1,complete,1,6,1/1,1/1,True,1/1,-3/1,-1/1,excluded
image-01,singleton,axis_translation_32_1,complete,1,0,0/1,0/1,True,0/1,4/1,6/1,supported
image-01,singleton,axis_translation_32_1,complete,1,1,0/1,4/7,False,2/7,2/1,4/1,supported
image-01,singleton,axis_translation_32_1,complete,1,2,4/7,4/7,True,4/7,0/1,2/1,unresolved
image-01,singleton,axis_translation_32_1,complete,1,3,4/7,6/7,False,5/7,-1/1,1/1,unresolved
image-01,singleton,axis_translation_32_1,complete,1,4,6/7,6/7,True,6/7,-2/1,0/1,excluded
image-01,singleton,axis_translation_32_1,complete,1,5,6/7,1/1,False,13/14,-5/2,-1/2,excluded
image-01,singleton,axis_translation_32_1,complete,1,6,1/1,1/1,True,1/1,-3/1,-1/1,excluded
image-01,singleton,axis_translation_64_1,complete,1,0,0/1,0/1,True,0/1,4/1,6/1,supported
image-01,singleton,axis_translation_64_1,complete,1,1,0/1,4/7,False,2/7,2/1,4/1,supported
image-01,singleton,axis_translation_64_1,complete,1,2,4/7,4/7,True,4/7,0/1,2/1,unresolved
image-01,singleton,axis_translation_64_1,complete,1,3,4/7,6/7,False,5/7,-1/1,1/1,unresolved
image-01,singleton,axis_translation_64_1,complete,1,4,6/7,6/7,True,6/7,-2/1,0/1,excluded
image-01,singleton,axis_translation_64_1,complete,1,5,6/7,1/1,False,13/14,-5/2,-1/2,excluded
image-01,singleton,axis_translation_64_1,complete,1,6,1/1,1/1,True,1/1,-3/1,-1/1,excluded
image-01,singleton,planar_translation_1_1,complete,1,0,0/1,0/1,True,0/1,5/1,6/1,supported
image-01,singleton,planar_translation_1_1,complete,1,1,0/1,5/7,False,5/14,5/2,7/2,supported
image-01,singleton,planar_translation_1_1,complete,1,2,5/7,5/7,True,5/7,0/1,1/1,unresolved
image-01,singleton,planar_translation_1_1,complete,1,3,5/7,6/7,False,11/14,-1/2,1/2,unresolved
image-01,singleton,planar_translation_1_1,complete,1,4,6/7,6/7,True,6/7,-1/1,0/1,excluded
image-01,singleton,planar_translation_1_1,complete,1,5,6/7,1/1,False,13/14,-3/2,-1/2,excluded
image-01,singleton,planar_translation_1_1,complete,1,6,1/1,1/1,True,1/1,-2/1,-1/1,excluded
image-01,singleton,planar_translation_2_1,complete,1,0,0/1,0/1,True,0/1,5/1,6/1,supported
image-01,singleton,planar_translation_2_1,complete,1,1,0/1,5/7,False,5/14,5/2,7/2,supported
image-01,singleton,planar_translation_2_1,complete,1,2,5/7,5/7,True,5/7,0/1,1/1,unresolved
image-01,singleton,planar_translation_2_1,complete,1,3,5/7,6/7,False,11/14,-1/2,1/2,unresolved
image-01,singleton,planar_translation_2_1,complete,1,4,6/7,6/7,True,6/7,-1/1,0/1,excluded
image-01,singleton,planar_translation_2_1,complete,1,5,6/7,1/1,False,13/14,-3/2,-1/2,excluded
image-01,singleton,planar_translation_2_1,complete,1,6,1/1,1/1,True,1/1,-2/1,-1/1,excluded
image-01,singleton,planar_translation_4_1,complete,1,0,0/1,0/1,True,0/1,4/1,6/1,supported
image-01,singleton,planar_translation_4_1,complete,1,1,0/1,4/7,False,2/7,2/1,4/1,supported
image-01,singleton,planar_translation_4_1,complete,1,2,4/7,4/7,True,4/7,0/1,2/1,unresolved
image-01,singleton,planar_translation_4_1,complete,1,3,4/7,6/7,False,5/7,-1/1,1/1,unresolved
image-01,singleton,planar_translation_4_1,complete,1,4,6/7,6/7,True,6/7,-2/1,0/1,excluded
image-01,singleton,planar_translation_4_1,complete,1,5,6/7,1/1,False,13/14,-5/2,-1/2,excluded
image-01,singleton,planar_translation_4_1,complete,1,6,1/1,1/1,True,1/1,-3/1,-1/1,excluded
image-01,singleton,planar_translation_5_1,complete,1,0,0/1,0/1,True,0/1,4/1,6/1,supported
image-01,singleton,planar_translation_5_1,complete,1,1,0/1,4/7,False,2/7,2/1,4/1,supported
image-01,singleton,planar_translation_5_1,complete,1,2,4/7,4/7,True,4/7,0/1,2/1,unresolved
image-01,singleton,planar_translation_5_1,complete,1,3,4/7,6/7,False,5/7,-1/1,1/1,unresolved
image-01,singleton,planar_translation_5_1,complete,1,4,6/7,6/7,True,6/7,-2/1,0/1,excluded
image-01,singleton,planar_translation_5_1,complete,1,5,6/7,1/1,False,13/14,-5/2,-1/2,excluded
image-01,singleton,planar_translation_5_1,complete,1,6,1/1,1/1,True,1/1,-3/1,-1/1,excluded
image-01,singleton,planar_translation_161_32,complete,1,0,0/1,0/1,True,0/1,4/1,6/1,supported
image-01,singleton,planar_translation_161_32,complete,1,1,0/1,4/7,False,2/7,2/1,4/1,supported
image-01,singleton,planar_translation_161_32,complete,1,2,4/7,4/7,True,4/7,0/1,2/1,unresolved
image-01,singleton,planar_translation_161_32,complete,1,3,4/7,6/7,False,5/7,-1/1,1/1,unresolved
image-01,singleton,planar_translation_161_32,complete,1,4,6/7,6/7,True,6/7,-2/1,0/1,excluded
image-01,singleton,planar_translation_161_32,complete,1,5,6/7,1/1,False,13/14,-5/2,-1/2,excluded
image-01,singleton,planar_translation_161_32,complete,1,6,1/1,1/1,True,1/1,-3/1,-1/1,excluded
image-01,singleton,planar_translation_8_1,complete,1,0,0/1,0/1,True,0/1,4/1,6/1,supported
image-01,singleton,planar_translation_8_1,complete,1,1,0/1,4/7,False,2/7,2/1,4/1,supported
image-01,singleton,planar_translation_8_1,complete,1,2,4/7,4/7,True,4/7,0/1,2/1,unresolved
image-01,singleton,planar_translation_8_1,complete,1,3,4/7,6/7,False,5/7,-1/1,1/1,unresolved
image-01,singleton,planar_translation_8_1,complete,1,4,6/7,6/7,True,6/7,-2/1,0/1,excluded
image-01,singleton,planar_translation_8_1,complete,1,5,6/7,1/1,False,13/14,-5/2,-1/2,excluded
image-01,singleton,planar_translation_8_1,complete,1,6,1/1,1/1,True,1/1,-3/1,-1/1,excluded
image-01,singleton,planar_translation_16_1,complete,1,0,0/1,0/1,True,0/1,4/1,6/1,supported
image-01,singleton,planar_translation_16_1,complete,1,1,0/1,4/7,False,2/7,2/1,4/1,supported
image-01,singleton,planar_translation_16_1,complete,1,2,4/7,4/7,True,4/7,0/1,2/1,unresolved
image-01,singleton,planar_translation_16_1,complete,1,3,4/7,6/7,False,5/7,-1/1,1/1,unresolved
image-01,singleton,planar_translation_16_1,complete,1,4,6/7,6/7,True,6/7,-2/1,0/1,excluded
image-01,singleton,planar_translation_16_1,complete,1,5,6/7,1/1,False,13/14,-5/2,-1/2,excluded
image-01,singleton,planar_translation_16_1,complete,1,6,1/1,1/1,True,1/1,-3/1,-1/1,excluded
image-01,singleton,planar_translation_32_1,complete,1,0,0/1,0/1,True,0/1,4/1,7/1,supported
image-01,singleton,planar_translation_32_1,complete,1,1,0/1,4/7,False,2/7,2/1,5/1,supported
image-01,singleton,planar_translation_32_1,complete,1,2,4/7,4/7,True,4/7,0/1,3/1,unresolved
image-01,singleton,planar_translation_32_1,complete,1,3,4/7,1/1,False,11/14,-3/2,3/2,unresolved
image-01,singleton,planar_translation_32_1,complete,1,4,1/1,1/1,True,1/1,-3/1,0/1,excluded
image-01,singleton,planar_translation_64_1,complete,1,0,0/1,0/1,True,0/1,4/1,7/1,supported
image-01,singleton,planar_translation_64_1,complete,1,1,0/1,4/7,False,2/7,2/1,5/1,supported
image-01,singleton,planar_translation_64_1,complete,1,2,4/7,4/7,True,4/7,0/1,3/1,unresolved
image-01,singleton,planar_translation_64_1,complete,1,3,4/7,1/1,False,11/14,-3/2,3/2,unresolved
image-01,singleton,planar_translation_64_1,complete,1,4,1/1,1/1,True,1/1,-3/1,0/1,excluded
image-02,singleton,exact_projection,complete,1,0,0/1,0/1,True,0/1,3/1,3/1,supported
image-02,singleton,exact_projection,complete,1,1,0/1,3/4,False,3/8,3/2,3/2,supported
image-02,singleton,exact_projection,complete,1,2,3/4,3/4,True,3/4,0/1,0/1,excluded
image-02,singleton,exact_projection,complete,1,3,3/4,1/1,False,7/8,-1/2,-1/2,excluded
image-02,singleton,exact_projection,complete,1,4,1/1,1/1,True,1/1,-1/1,-1/1,excluded
image-02,singleton,one_edit_global,complete,1,0,0/1,0/1,True,0/1,2/1,5/1,supported
image-02,singleton,one_edit_global,complete,1,1,0/1,1/2,False,1/4,1/1,4/1,supported
image-02,singleton,one_edit_global,complete,1,2,1/2,1/2,True,1/2,0/1,3/1,unresolved
image-02,singleton,one_edit_global,complete,1,3,1/2,1/1,False,3/4,-1/1,2/1,unresolved
image-02,singleton,one_edit_global,complete,1,4,1/1,1/1,True,1/1,-2/1,1/1,unresolved
image-02,singleton,one_edit_per_image,complete,1,0,0/1,0/1,True,0/1,2/1,5/1,supported
image-02,singleton,one_edit_per_image,complete,1,1,0/1,1/2,False,1/4,1/1,4/1,supported
image-02,singleton,one_edit_per_image,complete,1,2,1/2,1/2,True,1/2,0/1,3/1,unresolved
image-02,singleton,one_edit_per_image,complete,1,3,1/2,1/1,False,3/4,-1/1,2/1,unresolved
image-02,singleton,one_edit_per_image,complete,1,4,1/1,1/1,True,1/1,-2/1,1/1,unresolved
image-02,singleton,axis_translation_1_1,complete,1,0,0/1,0/1,True,0/1,3/1,3/1,supported
image-02,singleton,axis_translation_1_1,complete,1,1,0/1,3/4,False,3/8,3/2,3/2,supported
image-02,singleton,axis_translation_1_1,complete,1,2,3/4,3/4,True,3/4,0/1,0/1,excluded
image-02,singleton,axis_translation_1_1,complete,1,3,3/4,1/1,False,7/8,-1/2,-1/2,excluded
image-02,singleton,axis_translation_1_1,complete,1,4,1/1,1/1,True,1/1,-1/1,-1/1,excluded
image-02,singleton,axis_translation_2_1,complete,1,0,0/1,0/1,True,0/1,3/1,3/1,supported
image-02,singleton,axis_translation_2_1,complete,1,1,0/1,3/4,False,3/8,3/2,3/2,supported
image-02,singleton,axis_translation_2_1,complete,1,2,3/4,3/4,True,3/4,0/1,0/1,excluded
image-02,singleton,axis_translation_2_1,complete,1,3,3/4,1/1,False,7/8,-1/2,-1/2,excluded
image-02,singleton,axis_translation_2_1,complete,1,4,1/1,1/1,True,1/1,-1/1,-1/1,excluded
image-02,singleton,axis_translation_4_1,complete,1,0,0/1,0/1,True,0/1,3/1,3/1,supported
image-02,singleton,axis_translation_4_1,complete,1,1,0/1,3/4,False,3/8,3/2,3/2,supported
image-02,singleton,axis_translation_4_1,complete,1,2,3/4,3/4,True,3/4,0/1,0/1,excluded
image-02,singleton,axis_translation_4_1,complete,1,3,3/4,1/1,False,7/8,-1/2,-1/2,excluded
image-02,singleton,axis_translation_4_1,complete,1,4,1/1,1/1,True,1/1,-1/1,-1/1,excluded
image-02,singleton,axis_translation_8_1,complete,1,0,0/1,0/1,True,0/1,3/1,3/1,supported
image-02,singleton,axis_translation_8_1,complete,1,1,0/1,3/4,False,3/8,3/2,3/2,supported
image-02,singleton,axis_translation_8_1,complete,1,2,3/4,3/4,True,3/4,0/1,0/1,excluded
image-02,singleton,axis_translation_8_1,complete,1,3,3/4,1/1,False,7/8,-1/2,-1/2,excluded
image-02,singleton,axis_translation_8_1,complete,1,4,1/1,1/1,True,1/1,-1/1,-1/1,excluded
image-02,singleton,axis_translation_16_1,complete,1,0,0/1,0/1,True,0/1,2/1,4/1,supported
image-02,singleton,axis_translation_16_1,complete,1,1,0/1,1/2,False,1/4,1/1,3/1,supported
image-02,singleton,axis_translation_16_1,complete,1,2,1/2,1/2,True,1/2,0/1,2/1,unresolved
image-02,singleton,axis_translation_16_1,complete,1,3,1/2,1/1,False,3/4,-1/1,1/1,unresolved
image-02,singleton,axis_translation_16_1,complete,1,4,1/1,1/1,True,1/1,-2/1,0/1,excluded
image-02,singleton,axis_translation_32_1,complete,1,0,0/1,0/1,True,0/1,2/1,4/1,supported
image-02,singleton,axis_translation_32_1,complete,1,1,0/1,1/2,False,1/4,1/1,3/1,supported
image-02,singleton,axis_translation_32_1,complete,1,2,1/2,1/2,True,1/2,0/1,2/1,unresolved
image-02,singleton,axis_translation_32_1,complete,1,3,1/2,1/1,False,3/4,-1/1,1/1,unresolved
image-02,singleton,axis_translation_32_1,complete,1,4,1/1,1/1,True,1/1,-2/1,0/1,excluded
image-02,singleton,axis_translation_64_1,complete,1,0,0/1,0/1,True,0/1,2/1,4/1,supported
image-02,singleton,axis_translation_64_1,complete,1,1,0/1,1/2,False,1/4,1/1,3/1,supported
image-02,singleton,axis_translation_64_1,complete,1,2,1/2,1/2,True,1/2,0/1,2/1,unresolved
image-02,singleton,axis_translation_64_1,complete,1,3,1/2,1/1,False,3/4,-1/1,1/1,unresolved
image-02,singleton,axis_translation_64_1,complete,1,4,1/1,1/1,True,1/1,-2/1,0/1,excluded
image-02,singleton,planar_translation_1_1,complete,1,0,0/1,0/1,True,0/1,3/1,3/1,supported
image-02,singleton,planar_translation_1_1,complete,1,1,0/1,3/4,False,3/8,3/2,3/2,supported
image-02,singleton,planar_translation_1_1,complete,1,2,3/4,3/4,True,3/4,0/1,0/1,excluded
image-02,singleton,planar_translation_1_1,complete,1,3,3/4,1/1,False,7/8,-1/2,-1/2,excluded
image-02,singleton,planar_translation_1_1,complete,1,4,1/1,1/1,True,1/1,-1/1,-1/1,excluded
image-02,singleton,planar_translation_2_1,complete,1,0,0/1,0/1,True,0/1,3/1,3/1,supported
image-02,singleton,planar_translation_2_1,complete,1,1,0/1,3/4,False,3/8,3/2,3/2,supported
image-02,singleton,planar_translation_2_1,complete,1,2,3/4,3/4,True,3/4,0/1,0/1,excluded
image-02,singleton,planar_translation_2_1,complete,1,3,3/4,1/1,False,7/8,-1/2,-1/2,excluded
image-02,singleton,planar_translation_2_1,complete,1,4,1/1,1/1,True,1/1,-1/1,-1/1,excluded
image-02,singleton,planar_translation_4_1,complete,1,0,0/1,0/1,True,0/1,3/1,3/1,supported
image-02,singleton,planar_translation_4_1,complete,1,1,0/1,3/4,False,3/8,3/2,3/2,supported
image-02,singleton,planar_translation_4_1,complete,1,2,3/4,3/4,True,3/4,0/1,0/1,excluded
image-02,singleton,planar_translation_4_1,complete,1,3,3/4,1/1,False,7/8,-1/2,-1/2,excluded
image-02,singleton,planar_translation_4_1,complete,1,4,1/1,1/1,True,1/1,-1/1,-1/1,excluded
image-02,singleton,planar_translation_5_1,complete,1,0,0/1,0/1,True,0/1,3/1,3/1,supported
image-02,singleton,planar_translation_5_1,complete,1,1,0/1,3/4,False,3/8,3/2,3/2,supported
image-02,singleton,planar_translation_5_1,complete,1,2,3/4,3/4,True,3/4,0/1,0/1,excluded
image-02,singleton,planar_translation_5_1,complete,1,3,3/4,1/1,False,7/8,-1/2,-1/2,excluded
image-02,singleton,planar_translation_5_1,complete,1,4,1/1,1/1,True,1/1,-1/1,-1/1,excluded
image-02,singleton,planar_translation_161_32,complete,1,0,0/1,0/1,True,0/1,3/1,3/1,supported
image-02,singleton,planar_translation_161_32,complete,1,1,0/1,3/4,False,3/8,3/2,3/2,supported
image-02,singleton,planar_translation_161_32,complete,1,2,3/4,3/4,True,3/4,0/1,0/1,excluded
image-02,singleton,planar_translation_161_32,complete,1,3,3/4,1/1,False,7/8,-1/2,-1/2,excluded
image-02,singleton,planar_translation_161_32,complete,1,4,1/1,1/1,True,1/1,-1/1,-1/1,excluded
image-02,singleton,planar_translation_8_1,complete,1,0,0/1,0/1,True,0/1,2/1,3/1,supported
image-02,singleton,planar_translation_8_1,complete,1,1,0/1,1/2,False,1/4,1/1,2/1,supported
image-02,singleton,planar_translation_8_1,complete,1,2,1/2,1/2,True,1/2,0/1,1/1,unresolved
image-02,singleton,planar_translation_8_1,complete,1,3,1/2,3/4,False,5/8,-1/2,1/2,unresolved
image-02,singleton,planar_translation_8_1,complete,1,4,3/4,3/4,True,3/4,-1/1,0/1,excluded
image-02,singleton,planar_translation_8_1,complete,1,5,3/4,1/1,False,7/8,-3/2,-1/2,excluded
image-02,singleton,planar_translation_8_1,complete,1,6,1/1,1/1,True,1/1,-2/1,-1/1,excluded
image-02,singleton,planar_translation_16_1,complete,1,0,0/1,0/1,True,0/1,2/1,4/1,supported
image-02,singleton,planar_translation_16_1,complete,1,1,0/1,1/2,False,1/4,1/1,3/1,supported
image-02,singleton,planar_translation_16_1,complete,1,2,1/2,1/2,True,1/2,0/1,2/1,unresolved
image-02,singleton,planar_translation_16_1,complete,1,3,1/2,1/1,False,3/4,-1/1,1/1,unresolved
image-02,singleton,planar_translation_16_1,complete,1,4,1/1,1/1,True,1/1,-2/1,0/1,excluded
image-02,singleton,planar_translation_32_1,complete,1,0,0/1,0/1,True,0/1,2/1,4/1,supported
image-02,singleton,planar_translation_32_1,complete,1,1,0/1,1/2,False,1/4,1/1,3/1,supported
image-02,singleton,planar_translation_32_1,complete,1,2,1/2,1/2,True,1/2,0/1,2/1,unresolved
image-02,singleton,planar_translation_32_1,complete,1,3,1/2,1/1,False,3/4,-1/1,1/1,unresolved
image-02,singleton,planar_translation_32_1,complete,1,4,1/1,1/1,True,1/1,-2/1,0/1,excluded
image-02,singleton,planar_translation_64_1,complete,1,0,0/1,0/1,True,0/1,2/1,4/1,supported
image-02,singleton,planar_translation_64_1,complete,1,1,0/1,1/2,False,1/4,1/1,3/1,supported
image-02,singleton,planar_translation_64_1,complete,1,2,1/2,1/2,True,1/2,0/1,2/1,unresolved
image-02,singleton,planar_translation_64_1,complete,1,3,1/2,1/1,False,3/4,-1/1,1/1,unresolved
image-02,singleton,planar_translation_64_1,complete,1,4,1/1,1/1,True,1/1,-2/1,0/1,excluded
image-03,singleton,exact_projection,complete,1,0,0/1,0/1,True,0/1,0/1,0/1,excluded
image-03,singleton,exact_projection,complete,1,1,0/1,1/1,False,1/2,0/1,0/1,excluded
image-03,singleton,exact_projection,complete,1,2,1/1,1/1,True,1/1,0/1,0/1,excluded
image-03,singleton,one_edit_global,complete,1,0,0/1,0/1,True,0/1,-1/1,0/1,excluded
image-03,singleton,one_edit_global,complete,1,1,0/1,1/1,False,1/2,-1/1,0/1,excluded
image-03,singleton,one_edit_global,complete,1,2,1/1,1/1,True,1/1,-1/1,0/1,excluded
image-03,singleton,one_edit_per_image,complete,1,0,0/1,0/1,True,0/1,-1/1,0/1,excluded
image-03,singleton,one_edit_per_image,complete,1,1,0/1,1/1,False,1/2,-1/1,0/1,excluded
image-03,singleton,one_edit_per_image,complete,1,2,1/1,1/1,True,1/1,-1/1,0/1,excluded
image-03,singleton,axis_translation_1_1,complete,1,0,0/1,0/1,True,0/1,0/1,0/1,excluded
image-03,singleton,axis_translation_1_1,complete,1,1,0/1,1/1,False,1/2,0/1,0/1,excluded
image-03,singleton,axis_translation_1_1,complete,1,2,1/1,1/1,True,1/1,0/1,0/1,excluded
image-03,singleton,axis_translation_2_1,complete,1,0,0/1,0/1,True,0/1,0/1,0/1,excluded
image-03,singleton,axis_translation_2_1,complete,1,1,0/1,1/1,False,1/2,0/1,0/1,excluded
image-03,singleton,axis_translation_2_1,complete,1,2,1/1,1/1,True,1/1,0/1,0/1,excluded
image-03,singleton,axis_translation_4_1,complete,1,0,0/1,0/1,True,0/1,0/1,0/1,excluded
image-03,singleton,axis_translation_4_1,complete,1,1,0/1,1/1,False,1/2,0/1,0/1,excluded
image-03,singleton,axis_translation_4_1,complete,1,2,1/1,1/1,True,1/1,0/1,0/1,excluded
image-03,singleton,axis_translation_8_1,complete,1,0,0/1,0/1,True,0/1,0/1,0/1,excluded
image-03,singleton,axis_translation_8_1,complete,1,1,0/1,1/1,False,1/2,0/1,0/1,excluded
image-03,singleton,axis_translation_8_1,complete,1,2,1/1,1/1,True,1/1,0/1,0/1,excluded
image-03,singleton,axis_translation_16_1,complete,1,0,0/1,0/1,True,0/1,0/1,0/1,excluded
image-03,singleton,axis_translation_16_1,complete,1,1,0/1,1/1,False,1/2,0/1,0/1,excluded
image-03,singleton,axis_translation_16_1,complete,1,2,1/1,1/1,True,1/1,0/1,0/1,excluded
image-03,singleton,axis_translation_32_1,complete,1,0,0/1,0/1,True,0/1,0/1,0/1,excluded
image-03,singleton,axis_translation_32_1,complete,1,1,0/1,1/1,False,1/2,0/1,0/1,excluded
image-03,singleton,axis_translation_32_1,complete,1,2,1/1,1/1,True,1/1,0/1,0/1,excluded
image-03,singleton,axis_translation_64_1,complete,1,0,0/1,0/1,True,0/1,-1/1,0/1,excluded
image-03,singleton,axis_translation_64_1,complete,1,1,0/1,1/1,False,1/2,-1/1,0/1,excluded
image-03,singleton,axis_translation_64_1,complete,1,2,1/1,1/1,True,1/1,-1/1,0/1,excluded
image-03,singleton,planar_translation_1_1,complete,1,0,0/1,0/1,True,0/1,0/1,0/1,excluded
image-03,singleton,planar_translation_1_1,complete,1,1,0/1,1/1,False,1/2,0/1,0/1,excluded
image-03,singleton,planar_translation_1_1,complete,1,2,1/1,1/1,True,1/1,0/1,0/1,excluded
image-03,singleton,planar_translation_2_1,complete,1,0,0/1,0/1,True,0/1,0/1,0/1,excluded
image-03,singleton,planar_translation_2_1,complete,1,1,0/1,1/1,False,1/2,0/1,0/1,excluded
image-03,singleton,planar_translation_2_1,complete,1,2,1/1,1/1,True,1/1,0/1,0/1,excluded
image-03,singleton,planar_translation_4_1,complete,1,0,0/1,0/1,True,0/1,0/1,0/1,excluded
image-03,singleton,planar_translation_4_1,complete,1,1,0/1,1/1,False,1/2,0/1,0/1,excluded
image-03,singleton,planar_translation_4_1,complete,1,2,1/1,1/1,True,1/1,0/1,0/1,excluded
image-03,singleton,planar_translation_5_1,complete,1,0,0/1,0/1,True,0/1,0/1,0/1,excluded
image-03,singleton,planar_translation_5_1,complete,1,1,0/1,1/1,False,1/2,0/1,0/1,excluded
image-03,singleton,planar_translation_5_1,complete,1,2,1/1,1/1,True,1/1,0/1,0/1,excluded
image-03,singleton,planar_translation_161_32,complete,1,0,0/1,0/1,True,0/1,0/1,0/1,excluded
image-03,singleton,planar_translation_161_32,complete,1,1,0/1,1/1,False,1/2,0/1,0/1,excluded
image-03,singleton,planar_translation_161_32,complete,1,2,1/1,1/1,True,1/1,0/1,0/1,excluded
image-03,singleton,planar_translation_8_1,complete,1,0,0/1,0/1,True,0/1,0/1,0/1,excluded
image-03,singleton,planar_translation_8_1,complete,1,1,0/1,1/1,False,1/2,0/1,0/1,excluded
image-03,singleton,planar_translation_8_1,complete,1,2,1/1,1/1,True,1/1,0/1,0/1,excluded
image-03,singleton,planar_translation_16_1,complete,1,0,0/1,0/1,True,0/1,0/1,0/1,excluded
image-03,singleton,planar_translation_16_1,complete,1,1,0/1,1/1,False,1/2,0/1,0/1,excluded
image-03,singleton,planar_translation_16_1,complete,1,2,1/1,1/1,True,1/1,0/1,0/1,excluded
image-03,singleton,planar_translation_32_1,complete,1,0,0/1,0/1,True,0/1,-1/1,0/1,excluded
image-03,singleton,planar_translation_32_1,complete,1,1,0/1,1/1,False,1/2,-1/1,0/1,excluded
image-03,singleton,planar_translation_32_1,complete,1,2,1/1,1/1,True,1/1,-1/1,0/1,excluded
image-03,singleton,planar_translation_64_1,complete,1,0,0/1,0/1,True,0/1,-1/1,0/1,excluded
image-03,singleton,planar_translation_64_1,complete,1,1,0/1,1/1,False,1/2,-1/1,0/1,excluded
image-03,singleton,planar_translation_64_1,complete,1,2,1/1,1/1,True,1/1,-1/1,0/1,excluded
image-04,singleton,exact_projection,complete,1,0,0/1,0/1,True,0/1,0/1,0/1,excluded
image-04,singleton,exact_projection,complete,1,1,0/1,1/1,False,1/2,0/1,0/1,excluded
image-04,singleton,exact_projection,complete,1,2,1/1,1/1,True,1/1,0/1,0/1,excluded
image-04,singleton,one_edit_global,complete,1,0,0/1,0/1,True,0/1,-1/1,1/1,unresolved
image-04,singleton,one_edit_global,complete,1,1,0/1,1/1,False,1/2,-1/1,1/1,unresolved
image-04,singleton,one_edit_global,complete,1,2,1/1,1/1,True,1/1,-1/1,1/1,unresolved
image-04,singleton,one_edit_per_image,complete,1,0,0/1,0/1,True,0/1,-1/1,1/1,unresolved
image-04,singleton,one_edit_per_image,complete,1,1,0/1,1/1,False,1/2,-1/1,1/1,unresolved
image-04,singleton,one_edit_per_image,complete,1,2,1/1,1/1,True,1/1,-1/1,1/1,unresolved
image-04,singleton,axis_translation_1_1,complete,1,0,0/1,0/1,True,0/1,0/1,0/1,excluded
image-04,singleton,axis_translation_1_1,complete,1,1,0/1,1/1,False,1/2,0/1,0/1,excluded
image-04,singleton,axis_translation_1_1,complete,1,2,1/1,1/1,True,1/1,0/1,0/1,excluded
image-04,singleton,axis_translation_2_1,complete,1,0,0/1,0/1,True,0/1,0/1,0/1,excluded
image-04,singleton,axis_translation_2_1,complete,1,1,0/1,1/1,False,1/2,0/1,0/1,excluded
image-04,singleton,axis_translation_2_1,complete,1,2,1/1,1/1,True,1/1,0/1,0/1,excluded
image-04,singleton,axis_translation_4_1,complete,1,0,0/1,0/1,True,0/1,0/1,0/1,excluded
image-04,singleton,axis_translation_4_1,complete,1,1,0/1,1/1,False,1/2,0/1,0/1,excluded
image-04,singleton,axis_translation_4_1,complete,1,2,1/1,1/1,True,1/1,0/1,0/1,excluded
image-04,singleton,axis_translation_8_1,complete,1,0,0/1,0/1,True,0/1,0/1,0/1,excluded
image-04,singleton,axis_translation_8_1,complete,1,1,0/1,1/1,False,1/2,0/1,0/1,excluded
image-04,singleton,axis_translation_8_1,complete,1,2,1/1,1/1,True,1/1,0/1,0/1,excluded
image-04,singleton,axis_translation_16_1,complete,1,0,0/1,0/1,True,0/1,0/1,1/1,unresolved
image-04,singleton,axis_translation_16_1,complete,1,1,0/1,1/1,False,1/2,0/1,1/1,unresolved
image-04,singleton,axis_translation_16_1,complete,1,2,1/1,1/1,True,1/1,0/1,1/1,unresolved
image-04,singleton,axis_translation_32_1,complete,1,0,0/1,0/1,True,0/1,-1/1,1/1,unresolved
image-04,singleton,axis_translation_32_1,complete,1,1,0/1,1/1,False,1/2,-1/1,1/1,unresolved
image-04,singleton,axis_translation_32_1,complete,1,2,1/1,1/1,True,1/1,-1/1,1/1,unresolved
image-04,singleton,axis_translation_64_1,complete,1,0,0/1,0/1,True,0/1,-1/1,1/1,unresolved
image-04,singleton,axis_translation_64_1,complete,1,1,0/1,1/1,False,1/2,-1/1,1/1,unresolved
image-04,singleton,axis_translation_64_1,complete,1,2,1/1,1/1,True,1/1,-1/1,1/1,unresolved
image-04,singleton,planar_translation_1_1,complete,1,0,0/1,0/1,True,0/1,0/1,0/1,excluded
image-04,singleton,planar_translation_1_1,complete,1,1,0/1,1/1,False,1/2,0/1,0/1,excluded
image-04,singleton,planar_translation_1_1,complete,1,2,1/1,1/1,True,1/1,0/1,0/1,excluded
image-04,singleton,planar_translation_2_1,complete,1,0,0/1,0/1,True,0/1,0/1,0/1,excluded
image-04,singleton,planar_translation_2_1,complete,1,1,0/1,1/1,False,1/2,0/1,0/1,excluded
image-04,singleton,planar_translation_2_1,complete,1,2,1/1,1/1,True,1/1,0/1,0/1,excluded
image-04,singleton,planar_translation_4_1,complete,1,0,0/1,0/1,True,0/1,0/1,0/1,excluded
image-04,singleton,planar_translation_4_1,complete,1,1,0/1,1/1,False,1/2,0/1,0/1,excluded
image-04,singleton,planar_translation_4_1,complete,1,2,1/1,1/1,True,1/1,0/1,0/1,excluded
image-04,singleton,planar_translation_5_1,complete,1,0,0/1,0/1,True,0/1,0/1,0/1,excluded
image-04,singleton,planar_translation_5_1,complete,1,1,0/1,1/1,False,1/2,0/1,0/1,excluded
image-04,singleton,planar_translation_5_1,complete,1,2,1/1,1/1,True,1/1,0/1,0/1,excluded
image-04,singleton,planar_translation_161_32,complete,1,0,0/1,0/1,True,0/1,0/1,0/1,excluded
image-04,singleton,planar_translation_161_32,complete,1,1,0/1,1/1,False,1/2,0/1,0/1,excluded
image-04,singleton,planar_translation_161_32,complete,1,2,1/1,1/1,True,1/1,0/1,0/1,excluded
image-04,singleton,planar_translation_8_1,complete,1,0,0/1,0/1,True,0/1,0/1,0/1,excluded
image-04,singleton,planar_translation_8_1,complete,1,1,0/1,1/1,False,1/2,0/1,0/1,excluded
image-04,singleton,planar_translation_8_1,complete,1,2,1/1,1/1,True,1/1,0/1,0/1,excluded
image-04,singleton,planar_translation_16_1,complete,1,0,0/1,0/1,True,0/1,-1/1,1/1,unresolved
image-04,singleton,planar_translation_16_1,complete,1,1,0/1,1/1,False,1/2,-1/1,1/1,unresolved
image-04,singleton,planar_translation_16_1,complete,1,2,1/1,1/1,True,1/1,-1/1,1/1,unresolved
image-04,singleton,planar_translation_32_1,complete,1,0,0/1,0/1,True,0/1,-1/1,1/1,unresolved
image-04,singleton,planar_translation_32_1,complete,1,1,0/1,1/1,False,1/2,-1/1,1/1,unresolved
image-04,singleton,planar_translation_32_1,complete,1,2,1/1,1/1,True,1/1,-1/1,1/1,unresolved
image-04,singleton,planar_translation_64_1,complete,1,0,0/1,0/1,True,0/1,-1/1,1/1,unresolved
image-04,singleton,planar_translation_64_1,complete,1,1,0/1,1/1,False,1/2,-1/1,1/1,unresolved
image-04,singleton,planar_translation_64_1,complete,1,2,1/1,1/1,True,1/1,-1/1,1/1,unresolved
image-05,singleton,exact_projection,complete,1,0,0/1,0/1,True,0/1,0/1,0/1,excluded
image-05,singleton,exact_projection,complete,1,1,0/1,1/1,False,1/2,0/1,0/1,excluded
image-05,singleton,exact_projection,complete,1,2,1/1,1/1,True,1/1,0/1,0/1,excluded
image-05,singleton,one_edit_global,complete,1,0,0/1,0/1,True,0/1,-1/1,1/1,unresolved
image-05,singleton,one_edit_global,complete,1,1,0/1,1/1,False,1/2,-1/1,1/1,unresolved
image-05,singleton,one_edit_global,complete,1,2,1/1,1/1,True,1/1,-1/1,1/1,unresolved
image-05,singleton,one_edit_per_image,complete,1,0,0/1,0/1,True,0/1,-1/1,1/1,unresolved
image-05,singleton,one_edit_per_image,complete,1,1,0/1,1/1,False,1/2,-1/1,1/1,unresolved
image-05,singleton,one_edit_per_image,complete,1,2,1/1,1/1,True,1/1,-1/1,1/1,unresolved
image-05,singleton,axis_translation_1_1,complete,1,0,0/1,0/1,True,0/1,0/1,0/1,excluded
image-05,singleton,axis_translation_1_1,complete,1,1,0/1,1/1,False,1/2,0/1,0/1,excluded
image-05,singleton,axis_translation_1_1,complete,1,2,1/1,1/1,True,1/1,0/1,0/1,excluded
image-05,singleton,axis_translation_2_1,complete,1,0,0/1,0/1,True,0/1,0/1,1/1,unresolved
image-05,singleton,axis_translation_2_1,complete,1,1,0/1,1/1,False,1/2,0/1,1/1,unresolved
image-05,singleton,axis_translation_2_1,complete,1,2,1/1,1/1,True,1/1,0/1,1/1,unresolved
image-05,singleton,axis_translation_4_1,complete,1,0,0/1,0/1,True,0/1,0/1,1/1,unresolved
image-05,singleton,axis_translation_4_1,complete,1,1,0/1,1/1,False,1/2,0/1,1/1,unresolved
image-05,singleton,axis_translation_4_1,complete,1,2,1/1,1/1,True,1/1,0/1,1/1,unresolved
image-05,singleton,axis_translation_8_1,complete,1,0,0/1,0/1,True,0/1,-1/1,1/1,unresolved
image-05,singleton,axis_translation_8_1,complete,1,1,0/1,1/1,False,1/2,-1/1,1/1,unresolved
image-05,singleton,axis_translation_8_1,complete,1,2,1/1,1/1,True,1/1,-1/1,1/1,unresolved
image-05,singleton,axis_translation_16_1,complete,1,0,0/1,0/1,True,0/1,-1/1,1/1,unresolved
image-05,singleton,axis_translation_16_1,complete,1,1,0/1,1/1,False,1/2,-1/1,1/1,unresolved
image-05,singleton,axis_translation_16_1,complete,1,2,1/1,1/1,True,1/1,-1/1,1/1,unresolved
image-05,singleton,axis_translation_32_1,complete,1,0,0/1,0/1,True,0/1,-1/1,1/1,unresolved
image-05,singleton,axis_translation_32_1,complete,1,1,0/1,1/1,False,1/2,-1/1,1/1,unresolved
image-05,singleton,axis_translation_32_1,complete,1,2,1/1,1/1,True,1/1,-1/1,1/1,unresolved
image-05,singleton,axis_translation_64_1,complete,1,0,0/1,0/1,True,0/1,-1/1,1/1,unresolved
image-05,singleton,axis_translation_64_1,complete,1,1,0/1,1/1,False,1/2,-1/1,1/1,unresolved
image-05,singleton,axis_translation_64_1,complete,1,2,1/1,1/1,True,1/1,-1/1,1/1,unresolved
image-05,singleton,planar_translation_1_1,complete,1,0,0/1,0/1,True,0/1,0/1,0/1,excluded
image-05,singleton,planar_translation_1_1,complete,1,1,0/1,1/1,False,1/2,0/1,0/1,excluded
image-05,singleton,planar_translation_1_1,complete,1,2,1/1,1/1,True,1/1,0/1,0/1,excluded
image-05,singleton,planar_translation_2_1,complete,1,0,0/1,0/1,True,0/1,0/1,1/1,unresolved
image-05,singleton,planar_translation_2_1,complete,1,1,0/1,1/1,False,1/2,0/1,1/1,unresolved
image-05,singleton,planar_translation_2_1,complete,1,2,1/1,1/1,True,1/1,0/1,1/1,unresolved
image-05,singleton,planar_translation_4_1,complete,1,0,0/1,0/1,True,0/1,0/1,1/1,unresolved
image-05,singleton,planar_translation_4_1,complete,1,1,0/1,1/1,False,1/2,0/1,1/1,unresolved
image-05,singleton,planar_translation_4_1,complete,1,2,1/1,1/1,True,1/1,0/1,1/1,unresolved
image-05,singleton,planar_translation_5_1,complete,1,0,0/1,0/1,True,0/1,0/1,1/1,unresolved
image-05,singleton,planar_translation_5_1,complete,1,1,0/1,1/1,False,1/2,0/1,1/1,unresolved
image-05,singleton,planar_translation_5_1,complete,1,2,1/1,1/1,True,1/1,0/1,1/1,unresolved
image-05,singleton,planar_translation_161_32,complete,1,0,0/1,0/1,True,0/1,0/1,1/1,unresolved
image-05,singleton,planar_translation_161_32,complete,1,1,0/1,1/1,False,1/2,0/1,1/1,unresolved
image-05,singleton,planar_translation_161_32,complete,1,2,1/1,1/1,True,1/1,0/1,1/1,unresolved
image-05,singleton,planar_translation_8_1,complete,1,0,0/1,0/1,True,0/1,-1/1,1/1,unresolved
image-05,singleton,planar_translation_8_1,complete,1,1,0/1,1/1,False,1/2,-1/1,1/1,unresolved
image-05,singleton,planar_translation_8_1,complete,1,2,1/1,1/1,True,1/1,-1/1,1/1,unresolved
image-05,singleton,planar_translation_16_1,complete,1,0,0/1,0/1,True,0/1,-1/1,1/1,unresolved
image-05,singleton,planar_translation_16_1,complete,1,1,0/1,1/1,False,1/2,-1/1,1/1,unresolved
image-05,singleton,planar_translation_16_1,complete,1,2,1/1,1/1,True,1/1,-1/1,1/1,unresolved
image-05,singleton,planar_translation_32_1,complete,1,0,0/1,0/1,True,0/1,-1/1,1/1,unresolved
image-05,singleton,planar_translation_32_1,complete,1,1,0/1,1/1,False,1/2,-1/1,1/1,unresolved
image-05,singleton,planar_translation_32_1,complete,1,2,1/1,1/1,True,1/1,-1/1,1/1,unresolved
image-05,singleton,planar_translation_64_1,complete,1,0,0/1,0/1,True,0/1,-1/1,1/1,unresolved
image-05,singleton,planar_translation_64_1,complete,1,1,0/1,1/1,False,1/2,-1/1,1/1,unresolved
image-05,singleton,planar_translation_64_1,complete,1,2,1/1,1/1,True,1/1,-1/1,1/1,unresolved
image-06,singleton,exact_projection,complete,1,0,0/1,0/1,True,0/1,0/1,0/1,excluded
image-06,singleton,exact_projection,complete,1,1,0/1,1/1,False,1/2,0/1,0/1,excluded
image-06,singleton,exact_projection,complete,1,2,1/1,1/1,True,1/1,0/1,0/1,excluded
image-06,singleton,one_edit_global,complete,1,0,0/1,0/1,True,0/1,-1/1,1/1,unresolved
image-06,singleton,one_edit_global,complete,1,1,0/1,1/1,False,1/2,-1/1,1/1,unresolved
image-06,singleton,one_edit_global,complete,1,2,1/1,1/1,True,1/1,-1/1,1/1,unresolved
image-06,singleton,one_edit_per_image,complete,1,0,0/1,0/1,True,0/1,-1/1,1/1,unresolved
image-06,singleton,one_edit_per_image,complete,1,1,0/1,1/1,False,1/2,-1/1,1/1,unresolved
image-06,singleton,one_edit_per_image,complete,1,2,1/1,1/1,True,1/1,-1/1,1/1,unresolved
image-06,singleton,axis_translation_1_1,complete,1,0,0/1,0/1,True,0/1,0/1,0/1,excluded
image-06,singleton,axis_translation_1_1,complete,1,1,0/1,1/1,False,1/2,0/1,0/1,excluded
image-06,singleton,axis_translation_1_1,complete,1,2,1/1,1/1,True,1/1,0/1,0/1,excluded
image-06,singleton,axis_translation_2_1,complete,1,0,0/1,0/1,True,0/1,0/1,0/1,excluded
image-06,singleton,axis_translation_2_1,complete,1,1,0/1,1/1,False,1/2,0/1,0/1,excluded
image-06,singleton,axis_translation_2_1,complete,1,2,1/1,1/1,True,1/1,0/1,0/1,excluded
image-06,singleton,axis_translation_4_1,complete,1,0,0/1,0/1,True,0/1,0/1,0/1,excluded
image-06,singleton,axis_translation_4_1,complete,1,1,0/1,1/1,False,1/2,0/1,0/1,excluded
image-06,singleton,axis_translation_4_1,complete,1,2,1/1,1/1,True,1/1,0/1,0/1,excluded
image-06,singleton,axis_translation_8_1,complete,1,0,0/1,0/1,True,0/1,0/1,0/1,excluded
image-06,singleton,axis_translation_8_1,complete,1,1,0/1,1/1,False,1/2,0/1,0/1,excluded
image-06,singleton,axis_translation_8_1,complete,1,2,1/1,1/1,True,1/1,0/1,0/1,excluded
image-06,singleton,axis_translation_16_1,complete,1,0,0/1,0/1,True,0/1,0/1,0/1,excluded
image-06,singleton,axis_translation_16_1,complete,1,1,0/1,1/1,False,1/2,0/1,0/1,excluded
image-06,singleton,axis_translation_16_1,complete,1,2,1/1,1/1,True,1/1,0/1,0/1,excluded
image-06,singleton,axis_translation_32_1,complete,1,0,0/1,0/1,True,0/1,0/1,1/1,unresolved
image-06,singleton,axis_translation_32_1,complete,1,1,0/1,1/1,False,1/2,0/1,1/1,unresolved
image-06,singleton,axis_translation_32_1,complete,1,2,1/1,1/1,True,1/1,0/1,1/1,unresolved
image-06,singleton,axis_translation_64_1,complete,1,0,0/1,0/1,True,0/1,-1/1,1/1,unresolved
image-06,singleton,axis_translation_64_1,complete,1,1,0/1,1/1,False,1/2,-1/1,1/1,unresolved
image-06,singleton,axis_translation_64_1,complete,1,2,1/1,1/1,True,1/1,-1/1,1/1,unresolved
image-06,singleton,planar_translation_1_1,complete,1,0,0/1,0/1,True,0/1,0/1,0/1,excluded
image-06,singleton,planar_translation_1_1,complete,1,1,0/1,1/1,False,1/2,0/1,0/1,excluded
image-06,singleton,planar_translation_1_1,complete,1,2,1/1,1/1,True,1/1,0/1,0/1,excluded
image-06,singleton,planar_translation_2_1,complete,1,0,0/1,0/1,True,0/1,0/1,0/1,excluded
image-06,singleton,planar_translation_2_1,complete,1,1,0/1,1/1,False,1/2,0/1,0/1,excluded
image-06,singleton,planar_translation_2_1,complete,1,2,1/1,1/1,True,1/1,0/1,0/1,excluded
image-06,singleton,planar_translation_4_1,complete,1,0,0/1,0/1,True,0/1,0/1,0/1,excluded
image-06,singleton,planar_translation_4_1,complete,1,1,0/1,1/1,False,1/2,0/1,0/1,excluded
image-06,singleton,planar_translation_4_1,complete,1,2,1/1,1/1,True,1/1,0/1,0/1,excluded
image-06,singleton,planar_translation_5_1,complete,1,0,0/1,0/1,True,0/1,0/1,0/1,excluded
image-06,singleton,planar_translation_5_1,complete,1,1,0/1,1/1,False,1/2,0/1,0/1,excluded
image-06,singleton,planar_translation_5_1,complete,1,2,1/1,1/1,True,1/1,0/1,0/1,excluded
image-06,singleton,planar_translation_161_32,complete,1,0,0/1,0/1,True,0/1,0/1,0/1,excluded
image-06,singleton,planar_translation_161_32,complete,1,1,0/1,1/1,False,1/2,0/1,0/1,excluded
image-06,singleton,planar_translation_161_32,complete,1,2,1/1,1/1,True,1/1,0/1,0/1,excluded
image-06,singleton,planar_translation_8_1,complete,1,0,0/1,0/1,True,0/1,0/1,0/1,excluded
image-06,singleton,planar_translation_8_1,complete,1,1,0/1,1/1,False,1/2,0/1,0/1,excluded
image-06,singleton,planar_translation_8_1,complete,1,2,1/1,1/1,True,1/1,0/1,0/1,excluded
image-06,singleton,planar_translation_16_1,complete,1,0,0/1,0/1,True,0/1,-1/1,1/1,unresolved
image-06,singleton,planar_translation_16_1,complete,1,1,0/1,1/1,False,1/2,-1/1,1/1,unresolved
image-06,singleton,planar_translation_16_1,complete,1,2,1/1,1/1,True,1/1,-1/1,1/1,unresolved
image-06,singleton,planar_translation_32_1,complete,1,0,0/1,0/1,True,0/1,-1/1,1/1,unresolved
image-06,singleton,planar_translation_32_1,complete,1,1,0/1,1/1,False,1/2,-1/1,1/1,unresolved
image-06,singleton,planar_translation_32_1,complete,1,2,1/1,1/1,True,1/1,-1/1,1/1,unresolved
image-06,singleton,planar_translation_64_1,complete,1,0,0/1,0/1,True,0/1,-1/1,1/1,unresolved
image-06,singleton,planar_translation_64_1,complete,1,1,0/1,1/1,False,1/2,-1/1,1/1,unresolved
image-06,singleton,planar_translation_64_1,complete,1,2,1/1,1/1,True,1/1,-1/1,1/1,unresolved
image-07,singleton,exact_projection,complete,1,0,0/1,0/1,True,0/1,1/1,1/1,supported
image-07,singleton,exact_projection,complete,1,1,0/1,1/1,False,1/2,1/2,1/2,supported
image-07,singleton,exact_projection,complete,1,2,1/1,1/1,True,1/1,0/1,0/1,excluded
image-07,singleton,one_edit_global,complete,1,0,0/1,0/1,True,0/1,0/1,2/1,unresolved
image-07,singleton,one_edit_global,complete,1,1,0/1,1/1,False,1/2,-1/2,3/2,unresolved
image-07,singleton,one_edit_global,complete,1,2,1/1,1/1,True,1/1,-1/1,1/1,unresolved
image-07,singleton,one_edit_per_image,complete,1,0,0/1,0/1,True,0/1,0/1,2/1,unresolved
image-07,singleton,one_edit_per_image,complete,1,1,0/1,1/1,False,1/2,-1/2,3/2,unresolved
image-07,singleton,one_edit_per_image,complete,1,2,1/1,1/1,True,1/1,-1/1,1/1,unresolved
image-07,singleton,axis_translation_1_1,complete,1,0,0/1,0/1,True,0/1,1/1,1/1,supported
image-07,singleton,axis_translation_1_1,complete,1,1,0/1,1/1,False,1/2,1/2,1/2,supported
image-07,singleton,axis_translation_1_1,complete,1,2,1/1,1/1,True,1/1,0/1,0/1,excluded
image-07,singleton,axis_translation_2_1,complete,1,0,0/1,0/1,True,0/1,1/1,1/1,supported
image-07,singleton,axis_translation_2_1,complete,1,1,0/1,1/1,False,1/2,1/2,1/2,supported
image-07,singleton,axis_translation_2_1,complete,1,2,1/1,1/1,True,1/1,0/1,0/1,excluded
image-07,singleton,axis_translation_4_1,complete,1,0,0/1,0/1,True,0/1,1/1,1/1,supported
image-07,singleton,axis_translation_4_1,complete,1,1,0/1,1/1,False,1/2,1/2,1/2,supported
image-07,singleton,axis_translation_4_1,complete,1,2,1/1,1/1,True,1/1,0/1,0/1,excluded
image-07,singleton,axis_translation_8_1,complete,1,0,0/1,0/1,True,0/1,1/1,2/1,supported
image-07,singleton,axis_translation_8_1,complete,1,1,0/1,1/1,False,1/2,1/2,3/2,supported
image-07,singleton,axis_translation_8_1,complete,1,2,1/1,1/1,True,1/1,0/1,1/1,unresolved
image-07,singleton,axis_translation_16_1,complete,1,0,0/1,0/1,True,0/1,0/1,2/1,unresolved
image-07,singleton,axis_translation_16_1,complete,1,1,0/1,1/1,False,1/2,-1/2,3/2,unresolved
image-07,singleton,axis_translation_16_1,complete,1,2,1/1,1/1,True,1/1,-1/1,1/1,unresolved
image-07,singleton,axis_translation_32_1,complete,1,0,0/1,0/1,True,0/1,0/1,2/1,unresolved
image-07,singleton,axis_translation_32_1,complete,1,1,0/1,1/1,False,1/2,-1/2,3/2,unresolved
image-07,singleton,axis_translation_32_1,complete,1,2,1/1,1/1,True,1/1,-1/1,1/1,unresolved
image-07,singleton,axis_translation_64_1,complete,1,0,0/1,0/1,True,0/1,0/1,2/1,unresolved
image-07,singleton,axis_translation_64_1,complete,1,1,0/1,1/1,False,1/2,-1/2,3/2,unresolved
image-07,singleton,axis_translation_64_1,complete,1,2,1/1,1/1,True,1/1,-1/1,1/1,unresolved
image-07,singleton,planar_translation_1_1,complete,1,0,0/1,0/1,True,0/1,1/1,1/1,supported
image-07,singleton,planar_translation_1_1,complete,1,1,0/1,1/1,False,1/2,1/2,1/2,supported
image-07,singleton,planar_translation_1_1,complete,1,2,1/1,1/1,True,1/1,0/1,0/1,excluded
image-07,singleton,planar_translation_2_1,complete,1,0,0/1,0/1,True,0/1,1/1,1/1,supported
image-07,singleton,planar_translation_2_1,complete,1,1,0/1,1/1,False,1/2,1/2,1/2,supported
image-07,singleton,planar_translation_2_1,complete,1,2,1/1,1/1,True,1/1,0/1,0/1,excluded
image-07,singleton,planar_translation_4_1,complete,1,0,0/1,0/1,True,0/1,1/1,1/1,supported
image-07,singleton,planar_translation_4_1,complete,1,1,0/1,1/1,False,1/2,1/2,1/2,supported
image-07,singleton,planar_translation_4_1,complete,1,2,1/1,1/1,True,1/1,0/1,0/1,excluded
image-07,singleton,planar_translation_5_1,complete,1,0,0/1,0/1,True,0/1,1/1,2/1,supported
image-07,singleton,planar_translation_5_1,complete,1,1,0/1,1/1,False,1/2,1/2,3/2,supported
image-07,singleton,planar_translation_5_1,complete,1,2,1/1,1/1,True,1/1,0/1,1/1,unresolved
image-07,singleton,planar_translation_161_32,complete,1,0,0/1,0/1,True,0/1,1/1,2/1,supported
image-07,singleton,planar_translation_161_32,complete,1,1,0/1,1/1,False,1/2,1/2,3/2,supported
image-07,singleton,planar_translation_161_32,complete,1,2,1/1,1/1,True,1/1,0/1,1/1,unresolved
image-07,singleton,planar_translation_8_1,complete,1,0,0/1,0/1,True,0/1,0/1,2/1,unresolved
image-07,singleton,planar_translation_8_1,complete,1,1,0/1,1/1,False,1/2,-1/2,3/2,unresolved
image-07,singleton,planar_translation_8_1,complete,1,2,1/1,1/1,True,1/1,-1/1,1/1,unresolved
image-07,singleton,planar_translation_16_1,complete,1,0,0/1,0/1,True,0/1,0/1,2/1,unresolved
image-07,singleton,planar_translation_16_1,complete,1,1,0/1,1/1,False,1/2,-1/2,3/2,unresolved
image-07,singleton,planar_translation_16_1,complete,1,2,1/1,1/1,True,1/1,-1/1,1/1,unresolved
image-07,singleton,planar_translation_32_1,complete,1,0,0/1,0/1,True,0/1,0/1,2/1,unresolved
image-07,singleton,planar_translation_32_1,complete,1,1,0/1,1/1,False,1/2,-1/2,3/2,unresolved
image-07,singleton,planar_translation_32_1,complete,1,2,1/1,1/1,True,1/1,-1/1,1/1,unresolved
image-07,singleton,planar_translation_64_1,complete,1,0,0/1,0/1,True,0/1,0/1,2/1,unresolved
image-07,singleton,planar_translation_64_1,complete,1,1,0/1,1/1,False,1/2,-1/2,3/2,unresolved
image-07,singleton,planar_translation_64_1,complete,1,2,1/1,1/1,True,1/1,-1/1,1/1,unresolved
image-08,singleton,exact_projection,complete,1,0,0/1,0/1,True,0/1,0/1,0/1,excluded
image-08,singleton,exact_projection,complete,1,1,0/1,1/1,False,1/2,0/1,0/1,excluded
image-08,singleton,exact_projection,complete,1,2,1/1,1/1,True,1/1,0/1,0/1,excluded
image-08,singleton,one_edit_global,complete,1,0,0/1,0/1,True,0/1,-2/1,2/1,unresolved
image-08,singleton,one_edit_global,complete,1,1,0/1,1/1,False,1/2,-2/1,2/1,unresolved
image-08,singleton,one_edit_global,complete,1,2,1/1,1/1,True,1/1,-2/1,2/1,unresolved
image-08,singleton,one_edit_per_image,complete,1,0,0/1,0/1,True,0/1,-2/1,2/1,unresolved
image-08,singleton,one_edit_per_image,complete,1,1,0/1,1/1,False,1/2,-2/1,2/1,unresolved
image-08,singleton,one_edit_per_image,complete,1,2,1/1,1/1,True,1/1,-2/1,2/1,unresolved
image-08,singleton,axis_translation_1_1,complete,1,0,0/1,0/1,True,0/1,-1/1,0/1,excluded
image-08,singleton,axis_translation_1_1,complete,1,1,0/1,1/1,False,1/2,-1/1,0/1,excluded
image-08,singleton,axis_translation_1_1,complete,1,2,1/1,1/1,True,1/1,-1/1,0/1,excluded
image-08,singleton,axis_translation_2_1,complete,1,0,0/1,0/1,True,0/1,-1/1,0/1,excluded
image-08,singleton,axis_translation_2_1,complete,1,1,0/1,1/1,False,1/2,-1/1,0/1,excluded
image-08,singleton,axis_translation_2_1,complete,1,2,1/1,1/1,True,1/1,-1/1,0/1,excluded
image-08,singleton,axis_translation_4_1,complete,1,0,0/1,0/1,True,0/1,-1/1,0/1,excluded
image-08,singleton,axis_translation_4_1,complete,1,1,0/1,1/1,False,1/2,-1/1,0/1,excluded
image-08,singleton,axis_translation_4_1,complete,1,2,1/1,1/1,True,1/1,-1/1,0/1,excluded
image-08,singleton,axis_translation_8_1,complete,1,0,0/1,0/1,True,0/1,-1/1,1/1,unresolved
image-08,singleton,axis_translation_8_1,complete,1,1,0/1,1/1,False,1/2,-1/1,1/1,unresolved
image-08,singleton,axis_translation_8_1,complete,1,2,1/1,1/1,True,1/1,-1/1,1/1,unresolved
image-08,singleton,axis_translation_16_1,complete,1,0,0/1,0/1,True,0/1,-1/1,1/1,unresolved
image-08,singleton,axis_translation_16_1,complete,1,1,0/1,1/1,False,1/2,-1/1,1/1,unresolved
image-08,singleton,axis_translation_16_1,complete,1,2,1/1,1/1,True,1/1,-1/1,1/1,unresolved
image-08,singleton,axis_translation_32_1,complete,1,0,0/1,0/1,True,0/1,-1/1,1/1,unresolved
image-08,singleton,axis_translation_32_1,complete,1,1,0/1,1/1,False,1/2,-1/1,1/1,unresolved
image-08,singleton,axis_translation_32_1,complete,1,2,1/1,1/1,True,1/1,-1/1,1/1,unresolved
image-08,singleton,axis_translation_64_1,complete,1,0,0/1,0/1,True,0/1,-1/1,1/1,unresolved
image-08,singleton,axis_translation_64_1,complete,1,1,0/1,1/1,False,1/2,-1/1,1/1,unresolved
image-08,singleton,axis_translation_64_1,complete,1,2,1/1,1/1,True,1/1,-1/1,1/1,unresolved
image-08,singleton,planar_translation_1_1,complete,1,0,0/1,0/1,True,0/1,-1/1,0/1,excluded
image-08,singleton,planar_translation_1_1,complete,1,1,0/1,1/1,False,1/2,-1/1,0/1,excluded
image-08,singleton,planar_translation_1_1,complete,1,2,1/1,1/1,True,1/1,-1/1,0/1,excluded
image-08,singleton,planar_translation_2_1,complete,1,0,0/1,0/1,True,0/1,-1/1,0/1,excluded
image-08,singleton,planar_translation_2_1,complete,1,1,0/1,1/1,False,1/2,-1/1,0/1,excluded
image-08,singleton,planar_translation_2_1,complete,1,2,1/1,1/1,True,1/1,-1/1,0/1,excluded
image-08,singleton,planar_translation_4_1,complete,1,0,0/1,0/1,True,0/1,-1/1,0/1,excluded
image-08,singleton,planar_translation_4_1,complete,1,1,0/1,1/1,False,1/2,-1/1,0/1,excluded
image-08,singleton,planar_translation_4_1,complete,1,2,1/1,1/1,True,1/1,-1/1,0/1,excluded
image-08,singleton,planar_translation_5_1,complete,1,0,0/1,0/1,True,0/1,-1/1,0/1,excluded
image-08,singleton,planar_translation_5_1,complete,1,1,0/1,1/1,False,1/2,-1/1,0/1,excluded
image-08,singleton,planar_translation_5_1,complete,1,2,1/1,1/1,True,1/1,-1/1,0/1,excluded
image-08,singleton,planar_translation_161_32,complete,1,0,0/1,0/1,True,0/1,-1/1,0/1,excluded
image-08,singleton,planar_translation_161_32,complete,1,1,0/1,1/1,False,1/2,-1/1,0/1,excluded
image-08,singleton,planar_translation_161_32,complete,1,2,1/1,1/1,True,1/1,-1/1,0/1,excluded
image-08,singleton,planar_translation_8_1,complete,1,0,0/1,0/1,True,0/1,-1/1,1/1,unresolved
image-08,singleton,planar_translation_8_1,complete,1,1,0/1,1/1,False,1/2,-1/1,1/1,unresolved
image-08,singleton,planar_translation_8_1,complete,1,2,1/1,1/1,True,1/1,-1/1,1/1,unresolved
image-08,singleton,planar_translation_16_1,complete,1,0,0/1,0/1,True,0/1,-1/1,1/1,unresolved
image-08,singleton,planar_translation_16_1,complete,1,1,0/1,1/1,False,1/2,-1/1,1/1,unresolved
image-08,singleton,planar_translation_16_1,complete,1,2,1/1,1/1,True,1/1,-1/1,1/1,unresolved
image-08,singleton,planar_translation_32_1,complete,1,0,0/1,0/1,True,0/1,-1/1,1/1,unresolved
image-08,singleton,planar_translation_32_1,complete,1,1,0/1,1/1,False,1/2,-1/1,1/1,unresolved
image-08,singleton,planar_translation_32_1,complete,1,2,1/1,1/1,True,1/1,-1/1,1/1,unresolved
image-08,singleton,planar_translation_64_1,complete,1,0,0/1,0/1,True,0/1,-1/1,1/1,unresolved
image-08,singleton,planar_translation_64_1,complete,1,1,0/1,1/1,False,1/2,-1/1,1/1,unresolved
image-08,singleton,planar_translation_64_1,complete,1,2,1/1,1/1,True,1/1,-1/1,1/1,unresolved
image-09,singleton,exact_projection,complete,1,0,0/1,0/1,True,0/1,-1/1,-1/1,excluded
image-09,singleton,exact_projection,complete,1,1,0/1,1/1,False,1/2,-1/2,-1/2,excluded
image-09,singleton,exact_projection,complete,1,2,1/1,1/1,True,1/1,0/1,0/1,excluded
image-09,singleton,one_edit_global,complete,1,0,0/1,0/1,True,0/1,-2/1,0/1,excluded
image-09,singleton,one_edit_global,complete,1,1,0/1,1/1,False,1/2,-3/2,1/2,unresolved
image-09,singleton,one_edit_global,complete,1,2,1/1,1/1,True,1/1,-1/1,1/1,unresolved
image-09,singleton,one_edit_per_image,complete,1,0,0/1,0/1,True,0/1,-2/1,0/1,excluded
image-09,singleton,one_edit_per_image,complete,1,1,0/1,1/1,False,1/2,-3/2,1/2,unresolved
image-09,singleton,one_edit_per_image,complete,1,2,1/1,1/1,True,1/1,-1/1,1/1,unresolved
image-09,singleton,axis_translation_1_1,complete,1,0,0/1,0/1,True,0/1,-1/1,-1/1,excluded
image-09,singleton,axis_translation_1_1,complete,1,1,0/1,1/1,False,1/2,-1/2,-1/2,excluded
image-09,singleton,axis_translation_1_1,complete,1,2,1/1,1/1,True,1/1,0/1,0/1,excluded
image-09,singleton,axis_translation_2_1,complete,1,0,0/1,0/1,True,0/1,-1/1,-1/1,excluded
image-09,singleton,axis_translation_2_1,complete,1,1,0/1,1/1,False,1/2,-1/2,-1/2,excluded
image-09,singleton,axis_translation_2_1,complete,1,2,1/1,1/1,True,1/1,0/1,0/1,excluded
image-09,singleton,axis_translation_4_1,complete,1,0,0/1,0/1,True,0/1,-1/1,-1/1,excluded
image-09,singleton,axis_translation_4_1,complete,1,1,0/1,1/1,False,1/2,-1/2,-1/2,excluded
image-09,singleton,axis_translation_4_1,complete,1,2,1/1,1/1,True,1/1,0/1,0/1,excluded
image-09,singleton,axis_translation_8_1,complete,1,0,0/1,0/1,True,0/1,-1/1,-1/1,excluded
image-09,singleton,axis_translation_8_1,complete,1,1,0/1,1/1,False,1/2,-1/2,-1/2,excluded
image-09,singleton,axis_translation_8_1,complete,1,2,1/1,1/1,True,1/1,0/1,0/1,excluded
image-09,singleton,axis_translation_16_1,complete,1,0,0/1,0/1,True,0/1,-2/1,0/1,excluded
image-09,singleton,axis_translation_16_1,complete,1,1,0/1,1/1,False,1/2,-3/2,1/2,unresolved
image-09,singleton,axis_translation_16_1,complete,1,2,1/1,1/1,True,1/1,-1/1,1/1,unresolved
image-09,singleton,axis_translation_32_1,complete,1,0,0/1,0/1,True,0/1,-2/1,0/1,excluded
image-09,singleton,axis_translation_32_1,complete,1,1,0/1,1/1,False,1/2,-3/2,1/2,unresolved
image-09,singleton,axis_translation_32_1,complete,1,2,1/1,1/1,True,1/1,-1/1,1/1,unresolved
image-09,singleton,axis_translation_64_1,complete,1,0,0/1,0/1,True,0/1,-2/1,0/1,excluded
image-09,singleton,axis_translation_64_1,complete,1,1,0/1,1/1,False,1/2,-3/2,1/2,unresolved
image-09,singleton,axis_translation_64_1,complete,1,2,1/1,1/1,True,1/1,-1/1,1/1,unresolved
image-09,singleton,planar_translation_1_1,complete,1,0,0/1,0/1,True,0/1,-1/1,-1/1,excluded
image-09,singleton,planar_translation_1_1,complete,1,1,0/1,1/1,False,1/2,-1/2,-1/2,excluded
image-09,singleton,planar_translation_1_1,complete,1,2,1/1,1/1,True,1/1,0/1,0/1,excluded
image-09,singleton,planar_translation_2_1,complete,1,0,0/1,0/1,True,0/1,-1/1,-1/1,excluded
image-09,singleton,planar_translation_2_1,complete,1,1,0/1,1/1,False,1/2,-1/2,-1/2,excluded
image-09,singleton,planar_translation_2_1,complete,1,2,1/1,1/1,True,1/1,0/1,0/1,excluded
image-09,singleton,planar_translation_4_1,complete,1,0,0/1,0/1,True,0/1,-1/1,-1/1,excluded
image-09,singleton,planar_translation_4_1,complete,1,1,0/1,1/1,False,1/2,-1/2,-1/2,excluded
image-09,singleton,planar_translation_4_1,complete,1,2,1/1,1/1,True,1/1,0/1,0/1,excluded
image-09,singleton,planar_translation_5_1,complete,1,0,0/1,0/1,True,0/1,-1/1,-1/1,excluded
image-09,singleton,planar_translation_5_1,complete,1,1,0/1,1/1,False,1/2,-1/2,-1/2,excluded
image-09,singleton,planar_translation_5_1,complete,1,2,1/1,1/1,True,1/1,0/1,0/1,excluded
image-09,singleton,planar_translation_161_32,complete,1,0,0/1,0/1,True,0/1,-1/1,-1/1,excluded
image-09,singleton,planar_translation_161_32,complete,1,1,0/1,1/1,False,1/2,-1/2,-1/2,excluded
image-09,singleton,planar_translation_161_32,complete,1,2,1/1,1/1,True,1/1,0/1,0/1,excluded
image-09,singleton,planar_translation_8_1,complete,1,0,0/1,0/1,True,0/1,-2/1,0/1,excluded
image-09,singleton,planar_translation_8_1,complete,1,1,0/1,1/1,False,1/2,-3/2,1/2,unresolved
image-09,singleton,planar_translation_8_1,complete,1,2,1/1,1/1,True,1/1,-1/1,1/1,unresolved
image-09,singleton,planar_translation_16_1,complete,1,0,0/1,0/1,True,0/1,-2/1,0/1,excluded
image-09,singleton,planar_translation_16_1,complete,1,1,0/1,1/1,False,1/2,-3/2,1/2,unresolved
image-09,singleton,planar_translation_16_1,complete,1,2,1/1,1/1,True,1/1,-1/1,1/1,unresolved
image-09,singleton,planar_translation_32_1,complete,1,0,0/1,0/1,True,0/1,-2/1,0/1,excluded
image-09,singleton,planar_translation_32_1,complete,1,1,0/1,1/1,False,1/2,-3/2,1/2,unresolved
image-09,singleton,planar_translation_32_1,complete,1,2,1/1,1/1,True,1/1,-1/1,1/1,unresolved
image-09,singleton,planar_translation_64_1,complete,1,0,0/1,0/1,True,0/1,-2/1,0/1,excluded
image-09,singleton,planar_translation_64_1,complete,1,1,0/1,1/1,False,1/2,-3/2,1/2,unresolved
image-09,singleton,planar_translation_64_1,complete,1,2,1/1,1/1,True,1/1,-1/1,1/1,unresolved
image-10,singleton,exact_projection,complete,1,0,0/1,0/1,True,0/1,2/1,2/1,supported
image-10,singleton,exact_projection,complete,1,1,0/1,1/1,False,1/2,1/1,1/1,supported
image-10,singleton,exact_projection,complete,1,2,1/1,1/1,True,1/1,0/1,0/1,excluded
image-10,singleton,one_edit_global,complete,1,0,0/1,0/1,True,0/1,1/1,3/1,supported
image-10,singleton,one_edit_global,complete,1,1,0/1,1/2,False,1/4,1/2,5/2,supported
image-10,singleton,one_edit_global,complete,1,2,1/2,1/2,True,1/2,0/1,2/1,unresolved
image-10,singleton,one_edit_global,complete,1,3,1/2,1/1,False,3/4,-1/2,3/2,unresolved
image-10,singleton,one_edit_global,complete,1,4,1/1,1/1,True,1/1,-1/1,1/1,unresolved
image-10,singleton,one_edit_per_image,complete,1,0,0/1,0/1,True,0/1,1/1,3/1,supported
image-10,singleton,one_edit_per_image,complete,1,1,0/1,1/2,False,1/4,1/2,5/2,supported
image-10,singleton,one_edit_per_image,complete,1,2,1/2,1/2,True,1/2,0/1,2/1,unresolved
image-10,singleton,one_edit_per_image,complete,1,3,1/2,1/1,False,3/4,-1/2,3/2,unresolved
image-10,singleton,one_edit_per_image,complete,1,4,1/1,1/1,True,1/1,-1/1,1/1,unresolved
image-10,singleton,axis_translation_1_1,complete,1,0,0/1,0/1,True,0/1,2/1,2/1,supported
image-10,singleton,axis_translation_1_1,complete,1,1,0/1,1/1,False,1/2,1/1,1/1,supported
image-10,singleton,axis_translation_1_1,complete,1,2,1/1,1/1,True,1/1,0/1,0/1,excluded
image-10,singleton,axis_translation_2_1,complete,1,0,0/1,0/1,True,0/1,2/1,2/1,supported
image-10,singleton,axis_translation_2_1,complete,1,1,0/1,1/1,False,1/2,1/1,1/1,supported
image-10,singleton,axis_translation_2_1,complete,1,2,1/1,1/1,True,1/1,0/1,0/1,excluded
image-10,singleton,axis_translation_4_1,complete,1,0,0/1,0/1,True,0/1,1/1,2/1,supported
image-10,singleton,axis_translation_4_1,complete,1,1,0/1,1/2,False,1/4,1/2,3/2,supported
image-10,singleton,axis_translation_4_1,complete,1,2,1/2,1/2,True,1/2,0/1,1/1,unresolved
image-10,singleton,axis_translation_4_1,complete,1,3,1/2,1/1,False,3/4,-1/2,1/2,unresolved
image-10,singleton,axis_translation_4_1,complete,1,4,1/1,1/1,True,1/1,-1/1,0/1,excluded
image-10,singleton,axis_translation_8_1,complete,1,0,0/1,0/1,True,0/1,1/1,2/1,supported
image-10,singleton,axis_translation_8_1,complete,1,1,0/1,1/2,False,1/4,1/2,3/2,supported
image-10,singleton,axis_translation_8_1,complete,1,2,1/2,1/2,True,1/2,0/1,1/1,unresolved
image-10,singleton,axis_translation_8_1,complete,1,3,1/2,1/1,False,3/4,-1/2,1/2,unresolved
image-10,singleton,axis_translation_8_1,complete,1,4,1/1,1/1,True,1/1,-1/1,0/1,excluded
image-10,singleton,axis_translation_16_1,complete,1,0,0/1,0/1,True,0/1,1/1,3/1,supported
image-10,singleton,axis_translation_16_1,complete,1,1,0/1,1/2,False,1/4,1/2,5/2,supported
image-10,singleton,axis_translation_16_1,complete,1,2,1/2,1/2,True,1/2,0/1,2/1,unresolved
image-10,singleton,axis_translation_16_1,complete,1,3,1/2,1/1,False,3/4,-1/2,3/2,unresolved
image-10,singleton,axis_translation_16_1,complete,1,4,1/1,1/1,True,1/1,-1/1,1/1,unresolved
image-10,singleton,axis_translation_32_1,complete,1,0,0/1,0/1,True,0/1,1/1,3/1,supported
image-10,singleton,axis_translation_32_1,complete,1,1,0/1,1/2,False,1/4,1/2,5/2,supported
image-10,singleton,axis_translation_32_1,complete,1,2,1/2,1/2,True,1/2,0/1,2/1,unresolved
image-10,singleton,axis_translation_32_1,complete,1,3,1/2,1/1,False,3/4,-1/2,3/2,unresolved
image-10,singleton,axis_translation_32_1,complete,1,4,1/1,1/1,True,1/1,-1/1,1/1,unresolved
image-10,singleton,axis_translation_64_1,complete,1,0,0/1,0/1,True,0/1,1/1,3/1,supported
image-10,singleton,axis_translation_64_1,complete,1,1,0/1,1/2,False,1/4,1/2,5/2,supported
image-10,singleton,axis_translation_64_1,complete,1,2,1/2,1/2,True,1/2,0/1,2/1,unresolved
image-10,singleton,axis_translation_64_1,complete,1,3,1/2,1/1,False,3/4,-1/2,3/2,unresolved
image-10,singleton,axis_translation_64_1,complete,1,4,1/1,1/1,True,1/1,-1/1,1/1,unresolved
image-10,singleton,planar_translation_1_1,complete,1,0,0/1,0/1,True,0/1,2/1,2/1,supported
image-10,singleton,planar_translation_1_1,complete,1,1,0/1,1/1,False,1/2,1/1,1/1,supported
image-10,singleton,planar_translation_1_1,complete,1,2,1/1,1/1,True,1/1,0/1,0/1,excluded
image-10,singleton,planar_translation_2_1,complete,1,0,0/1,0/1,True,0/1,2/1,2/1,supported
image-10,singleton,planar_translation_2_1,complete,1,1,0/1,1/1,False,1/2,1/1,1/1,supported
image-10,singleton,planar_translation_2_1,complete,1,2,1/1,1/1,True,1/1,0/1,0/1,excluded
image-10,singleton,planar_translation_4_1,complete,1,0,0/1,0/1,True,0/1,1/1,2/1,supported
image-10,singleton,planar_translation_4_1,complete,1,1,0/1,1/2,False,1/4,1/2,3/2,supported
image-10,singleton,planar_translation_4_1,complete,1,2,1/2,1/2,True,1/2,0/1,1/1,unresolved
image-10,singleton,planar_translation_4_1,complete,1,3,1/2,1/1,False,3/4,-1/2,1/2,unresolved
image-10,singleton,planar_translation_4_1,complete,1,4,1/1,1/1,True,1/1,-1/1,0/1,excluded
image-10,singleton,planar_translation_5_1,complete,1,0,0/1,0/1,True,0/1,1/1,2/1,supported
image-10,singleton,planar_translation_5_1,complete,1,1,0/1,1/2,False,1/4,1/2,3/2,supported
image-10,singleton,planar_translation_5_1,complete,1,2,1/2,1/2,True,1/2,0/1,1/1,unresolved
image-10,singleton,planar_translation_5_1,complete,1,3,1/2,1/1,False,3/4,-1/2,1/2,unresolved
image-10,singleton,planar_translation_5_1,complete,1,4,1/1,1/1,True,1/1,-1/1,0/1,excluded
image-10,singleton,planar_translation_161_32,complete,1,0,0/1,0/1,True,0/1,1/1,2/1,supported
image-10,singleton,planar_translation_161_32,complete,1,1,0/1,1/2,False,1/4,1/2,3/2,supported
image-10,singleton,planar_translation_161_32,complete,1,2,1/2,1/2,True,1/2,0/1,1/1,unresolved
image-10,singleton,planar_translation_161_32,complete,1,3,1/2,1/1,False,3/4,-1/2,1/2,unresolved
image-10,singleton,planar_translation_161_32,complete,1,4,1/1,1/1,True,1/1,-1/1,0/1,excluded
image-10,singleton,planar_translation_8_1,complete,1,0,0/1,0/1,True,0/1,1/1,2/1,supported
image-10,singleton,planar_translation_8_1,complete,1,1,0/1,1/2,False,1/4,1/2,3/2,supported
image-10,singleton,planar_translation_8_1,complete,1,2,1/2,1/2,True,1/2,0/1,1/1,unresolved
image-10,singleton,planar_translation_8_1,complete,1,3,1/2,1/1,False,3/4,-1/2,1/2,unresolved
image-10,singleton,planar_translation_8_1,complete,1,4,1/1,1/1,True,1/1,-1/1,0/1,excluded
image-10,singleton,planar_translation_16_1,complete,1,0,0/1,0/1,True,0/1,1/1,3/1,supported
image-10,singleton,planar_translation_16_1,complete,1,1,0/1,1/2,False,1/4,1/2,5/2,supported
image-10,singleton,planar_translation_16_1,complete,1,2,1/2,1/2,True,1/2,0/1,2/1,unresolved
image-10,singleton,planar_translation_16_1,complete,1,3,1/2,1/1,False,3/4,-1/2,3/2,unresolved
image-10,singleton,planar_translation_16_1,complete,1,4,1/1,1/1,True,1/1,-1/1,1/1,unresolved
image-10,singleton,planar_translation_32_1,complete,1,0,0/1,0/1,True,0/1,1/1,3/1,supported
image-10,singleton,planar_translation_32_1,complete,1,1,0/1,1/2,False,1/4,1/2,5/2,supported
image-10,singleton,planar_translation_32_1,complete,1,2,1/2,1/2,True,1/2,0/1,2/1,unresolved
image-10,singleton,planar_translation_32_1,complete,1,3,1/2,1/1,False,3/4,-1/2,3/2,unresolved
image-10,singleton,planar_translation_32_1,complete,1,4,1/1,1/1,True,1/1,-1/1,1/1,unresolved
image-10,singleton,planar_translation_64_1,complete,1,0,0/1,0/1,True,0/1,1/1,3/1,supported
image-10,singleton,planar_translation_64_1,complete,1,1,0/1,1/2,False,1/4,1/2,5/2,supported
image-10,singleton,planar_translation_64_1,complete,1,2,1/2,1/2,True,1/2,0/1,2/1,unresolved
image-10,singleton,planar_translation_64_1,complete,1,3,1/2,1/1,False,3/4,-1/2,3/2,unresolved
image-10,singleton,planar_translation_64_1,complete,1,4,1/1,1/1,True,1/1,-1/1,1/1,unresolved
image-11,singleton,exact_projection,complete,1,0,0/1,0/1,True,0/1,4/1,4/1,supported
image-11,singleton,exact_projection,complete,1,1,0/1,1/1,False,1/2,2/1,2/1,supported
image-11,singleton,exact_projection,complete,1,2,1/1,1/1,True,1/1,0/1,0/1,excluded
image-11,singleton,one_edit_global,complete,1,0,0/1,0/1,True,0/1,3/1,5/1,supported
image-11,singleton,one_edit_global,complete,1,1,0/1,3/4,False,3/8,3/2,7/2,supported
image-11,singleton,one_edit_global,complete,1,2,3/4,3/4,True,3/4,0/1,2/1,unresolved
image-11,singleton,one_edit_global,complete,1,3,3/4,1/1,False,7/8,-1/2,3/2,unresolved
image-11,singleton,one_edit_global,complete,1,4,1/1,1/1,True,1/1,-1/1,1/1,unresolved
image-11,singleton,one_edit_per_image,complete,1,0,0/1,0/1,True,0/1,3/1,5/1,supported
image-11,singleton,one_edit_per_image,complete,1,1,0/1,3/4,False,3/8,3/2,7/2,supported
image-11,singleton,one_edit_per_image,complete,1,2,3/4,3/4,True,3/4,0/1,2/1,unresolved
image-11,singleton,one_edit_per_image,complete,1,3,3/4,1/1,False,7/8,-1/2,3/2,unresolved
image-11,singleton,one_edit_per_image,complete,1,4,1/1,1/1,True,1/1,-1/1,1/1,unresolved
image-11,singleton,axis_translation_1_1,complete,1,0,0/1,0/1,True,0/1,4/1,4/1,supported
image-11,singleton,axis_translation_1_1,complete,1,1,0/1,1/1,False,1/2,2/1,2/1,supported
image-11,singleton,axis_translation_1_1,complete,1,2,1/1,1/1,True,1/1,0/1,0/1,excluded
image-11,singleton,axis_translation_2_1,complete,1,0,0/1,0/1,True,0/1,4/1,4/1,supported
image-11,singleton,axis_translation_2_1,complete,1,1,0/1,1/1,False,1/2,2/1,2/1,supported
image-11,singleton,axis_translation_2_1,complete,1,2,1/1,1/1,True,1/1,0/1,0/1,excluded
image-11,singleton,axis_translation_4_1,complete,1,0,0/1,0/1,True,0/1,4/1,4/1,supported
image-11,singleton,axis_translation_4_1,complete,1,1,0/1,1/1,False,1/2,2/1,2/1,supported
image-11,singleton,axis_translation_4_1,complete,1,2,1/1,1/1,True,1/1,0/1,0/1,excluded
image-11,singleton,axis_translation_8_1,complete,1,0,0/1,0/1,True,0/1,3/1,4/1,supported
image-11,singleton,axis_translation_8_1,complete,1,1,0/1,3/4,False,3/8,3/2,5/2,supported
image-11,singleton,axis_translation_8_1,complete,1,2,3/4,3/4,True,3/4,0/1,1/1,unresolved
image-11,singleton,axis_translation_8_1,complete,1,3,3/4,1/1,False,7/8,-1/2,1/2,unresolved
image-11,singleton,axis_translation_8_1,complete,1,4,1/1,1/1,True,1/1,-1/1,0/1,excluded
image-11,singleton,axis_translation_16_1,complete,1,0,0/1,0/1,True,0/1,3/1,5/1,supported
image-11,singleton,axis_translation_16_1,complete,1,1,0/1,3/4,False,3/8,3/2,7/2,supported
image-11,singleton,axis_translation_16_1,complete,1,2,3/4,3/4,True,3/4,0/1,2/1,unresolved
image-11,singleton,axis_translation_16_1,complete,1,3,3/4,1/1,False,7/8,-1/2,3/2,unresolved
image-11,singleton,axis_translation_16_1,complete,1,4,1/1,1/1,True,1/1,-1/1,1/1,unresolved
image-11,singleton,axis_translation_32_1,complete,1,0,0/1,0/1,True,0/1,3/1,5/1,supported
image-11,singleton,axis_translation_32_1,complete,1,1,0/1,3/4,False,3/8,3/2,7/2,supported
image-11,singleton,axis_translation_32_1,complete,1,2,3/4,3/4,True,3/4,0/1,2/1,unresolved
image-11,singleton,axis_translation_32_1,complete,1,3,3/4,1/1,False,7/8,-1/2,3/2,unresolved
image-11,singleton,axis_translation_32_1,complete,1,4,1/1,1/1,True,1/1,-1/1,1/1,unresolved
image-11,singleton,axis_translation_64_1,complete,1,0,0/1,0/1,True,0/1,3/1,5/1,supported
image-11,singleton,axis_translation_64_1,complete,1,1,0/1,3/4,False,3/8,3/2,7/2,supported
image-11,singleton,axis_translation_64_1,complete,1,2,3/4,3/4,True,3/4,0/1,2/1,unresolved
image-11,singleton,axis_translation_64_1,complete,1,3,3/4,1/1,False,7/8,-1/2,3/2,unresolved
image-11,singleton,axis_translation_64_1,complete,1,4,1/1,1/1,True,1/1,-1/1,1/1,unresolved
image-11,singleton,planar_translation_1_1,complete,1,0,0/1,0/1,True,0/1,4/1,4/1,supported
image-11,singleton,planar_translation_1_1,complete,1,1,0/1,1/1,False,1/2,2/1,2/1,supported
image-11,singleton,planar_translation_1_1,complete,1,2,1/1,1/1,True,1/1,0/1,0/1,excluded
image-11,singleton,planar_translation_2_1,complete,1,0,0/1,0/1,True,0/1,4/1,4/1,supported
image-11,singleton,planar_translation_2_1,complete,1,1,0/1,1/1,False,1/2,2/1,2/1,supported
image-11,singleton,planar_translation_2_1,complete,1,2,1/1,1/1,True,1/1,0/1,0/1,excluded
image-11,singleton,planar_translation_4_1,complete,1,0,0/1,0/1,True,0/1,4/1,4/1,supported
image-11,singleton,planar_translation_4_1,complete,1,1,0/1,1/1,False,1/2,2/1,2/1,supported
image-11,singleton,planar_translation_4_1,complete,1,2,1/1,1/1,True,1/1,0/1,0/1,excluded
image-11,singleton,planar_translation_5_1,complete,1,0,0/1,0/1,True,0/1,4/1,4/1,supported
image-11,singleton,planar_translation_5_1,complete,1,1,0/1,1/1,False,1/2,2/1,2/1,supported
image-11,singleton,planar_translation_5_1,complete,1,2,1/1,1/1,True,1/1,0/1,0/1,excluded
image-11,singleton,planar_translation_161_32,complete,1,0,0/1,0/1,True,0/1,4/1,4/1,supported
image-11,singleton,planar_translation_161_32,complete,1,1,0/1,1/1,False,1/2,2/1,2/1,supported
image-11,singleton,planar_translation_161_32,complete,1,2,1/1,1/1,True,1/1,0/1,0/1,excluded
image-11,singleton,planar_translation_8_1,complete,1,0,0/1,0/1,True,0/1,3/1,5/1,supported
image-11,singleton,planar_translation_8_1,complete,1,1,0/1,3/4,False,3/8,3/2,7/2,supported
image-11,singleton,planar_translation_8_1,complete,1,2,3/4,3/4,True,3/4,0/1,2/1,unresolved
image-11,singleton,planar_translation_8_1,complete,1,3,3/4,1/1,False,7/8,-1/2,3/2,unresolved
image-11,singleton,planar_translation_8_1,complete,1,4,1/1,1/1,True,1/1,-1/1,1/1,unresolved
image-11,singleton,planar_translation_16_1,complete,1,0,0/1,0/1,True,0/1,3/1,5/1,supported
image-11,singleton,planar_translation_16_1,complete,1,1,0/1,3/4,False,3/8,3/2,7/2,supported
image-11,singleton,planar_translation_16_1,complete,1,2,3/4,3/4,True,3/4,0/1,2/1,unresolved
image-11,singleton,planar_translation_16_1,complete,1,3,3/4,1/1,False,7/8,-1/2,3/2,unresolved
image-11,singleton,planar_translation_16_1,complete,1,4,1/1,1/1,True,1/1,-1/1,1/1,unresolved
image-11,singleton,planar_translation_32_1,complete,1,0,0/1,0/1,True,0/1,3/1,5/1,supported
image-11,singleton,planar_translation_32_1,complete,1,1,0/1,3/4,False,3/8,3/2,7/2,supported
image-11,singleton,planar_translation_32_1,complete,1,2,3/4,3/4,True,3/4,0/1,2/1,unresolved
image-11,singleton,planar_translation_32_1,complete,1,3,3/4,1/1,False,7/8,-1/2,3/2,unresolved
image-11,singleton,planar_translation_32_1,complete,1,4,1/1,1/1,True,1/1,-1/1,1/1,unresolved
image-11,singleton,planar_translation_64_1,complete,1,0,0/1,0/1,True,0/1,3/1,5/1,supported
image-11,singleton,planar_translation_64_1,complete,1,1,0/1,3/4,False,3/8,3/2,7/2,supported
image-11,singleton,planar_translation_64_1,complete,1,2,3/4,3/4,True,3/4,0/1,2/1,unresolved
image-11,singleton,planar_translation_64_1,complete,1,3,3/4,1/1,False,7/8,-1/2,3/2,unresolved
image-11,singleton,planar_translation_64_1,complete,1,4,1/1,1/1,True,1/1,-1/1,1/1,unresolved
image-12,singleton,exact_projection,complete,1,0,0/1,0/1,True,0/1,0/1,0/1,excluded
image-12,singleton,exact_projection,complete,1,1,0/1,1/1,False,1/2,-1/2,-1/2,excluded
image-12,singleton,exact_projection,complete,1,2,1/1,1/1,True,1/1,-1/1,-1/1,excluded
image-12,singleton,one_edit_global,complete,1,0,0/1,0/1,True,0/1,-1/1,2/1,unresolved
image-12,singleton,one_edit_global,complete,1,1,0/1,1/1,False,1/2,-3/2,3/2,unresolved
image-12,singleton,one_edit_global,complete,1,2,1/1,1/1,True,1/1,-2/1,1/1,unresolved
image-12,singleton,one_edit_per_image,complete,1,0,0/1,0/1,True,0/1,-1/1,2/1,unresolved
image-12,singleton,one_edit_per_image,complete,1,1,0/1,1/1,False,1/2,-3/2,3/2,unresolved
image-12,singleton,one_edit_per_image,complete,1,2,1/1,1/1,True,1/1,-2/1,1/1,unresolved
image-12,singleton,axis_translation_1_1,complete,1,0,0/1,0/1,True,0/1,0/1,0/1,excluded
image-12,singleton,axis_translation_1_1,complete,1,1,0/1,1/1,False,1/2,-1/2,-1/2,excluded
image-12,singleton,axis_translation_1_1,complete,1,2,1/1,1/1,True,1/1,-1/1,-1/1,excluded
image-12,singleton,axis_translation_2_1,complete,1,0,0/1,0/1,True,0/1,0/1,0/1,excluded
image-12,singleton,axis_translation_2_1,complete,1,1,0/1,1/1,False,1/2,-1/2,-1/2,excluded
image-12,singleton,axis_translation_2_1,complete,1,2,1/1,1/1,True,1/1,-1/1,-1/1,excluded
image-12,singleton,axis_translation_4_1,complete,1,0,0/1,0/1,True,0/1,0/1,0/1,excluded
image-12,singleton,axis_translation_4_1,complete,1,1,0/1,1/1,False,1/2,-1/2,-1/2,excluded
image-12,singleton,axis_translation_4_1,complete,1,2,1/1,1/1,True,1/1,-1/1,-1/1,excluded
image-12,singleton,axis_translation_8_1,complete,1,0,0/1,0/1,True,0/1,0/1,1/1,unresolved
image-12,singleton,axis_translation_8_1,complete,1,1,0/1,1/1,False,1/2,-1/2,1/2,unresolved
image-12,singleton,axis_translation_8_1,complete,1,2,1/1,1/1,True,1/1,-1/1,0/1,excluded
image-12,singleton,axis_translation_16_1,complete,1,0,0/1,0/1,True,0/1,-1/1,1/1,unresolved
image-12,singleton,axis_translation_16_1,complete,1,1,0/1,1/1,False,1/2,-3/2,1/2,unresolved
image-12,singleton,axis_translation_16_1,complete,1,2,1/1,1/1,True,1/1,-2/1,0/1,excluded
image-12,singleton,axis_translation_32_1,complete,1,0,0/1,0/1,True,0/1,-1/1,1/1,unresolved
image-12,singleton,axis_translation_32_1,complete,1,1,0/1,1/1,False,1/2,-3/2,1/2,unresolved
image-12,singleton,axis_translation_32_1,complete,1,2,1/1,1/1,True,1/1,-2/1,0/1,excluded
image-12,singleton,axis_translation_64_1,complete,1,0,0/1,0/1,True,0/1,-1/1,1/1,unresolved
image-12,singleton,axis_translation_64_1,complete,1,1,0/1,1/1,False,1/2,-3/2,1/2,unresolved
image-12,singleton,axis_translation_64_1,complete,1,2,1/1,1/1,True,1/1,-2/1,0/1,excluded
image-12,singleton,planar_translation_1_1,complete,1,0,0/1,0/1,True,0/1,0/1,0/1,excluded
image-12,singleton,planar_translation_1_1,complete,1,1,0/1,1/1,False,1/2,-1/2,-1/2,excluded
image-12,singleton,planar_translation_1_1,complete,1,2,1/1,1/1,True,1/1,-1/1,-1/1,excluded
image-12,singleton,planar_translation_2_1,complete,1,0,0/1,0/1,True,0/1,0/1,0/1,excluded
image-12,singleton,planar_translation_2_1,complete,1,1,0/1,1/1,False,1/2,-1/2,-1/2,excluded
image-12,singleton,planar_translation_2_1,complete,1,2,1/1,1/1,True,1/1,-1/1,-1/1,excluded
image-12,singleton,planar_translation_4_1,complete,1,0,0/1,0/1,True,0/1,0/1,0/1,excluded
image-12,singleton,planar_translation_4_1,complete,1,1,0/1,1/1,False,1/2,-1/2,-1/2,excluded
image-12,singleton,planar_translation_4_1,complete,1,2,1/1,1/1,True,1/1,-1/1,-1/1,excluded
image-12,singleton,planar_translation_5_1,complete,1,0,0/1,0/1,True,0/1,0/1,0/1,excluded
image-12,singleton,planar_translation_5_1,complete,1,1,0/1,1/1,False,1/2,-1/2,-1/2,excluded
image-12,singleton,planar_translation_5_1,complete,1,2,1/1,1/1,True,1/1,-1/1,-1/1,excluded
image-12,singleton,planar_translation_161_32,complete,1,0,0/1,0/1,True,0/1,0/1,0/1,excluded
image-12,singleton,planar_translation_161_32,complete,1,1,0/1,1/1,False,1/2,-1/2,-1/2,excluded
image-12,singleton,planar_translation_161_32,complete,1,2,1/1,1/1,True,1/1,-1/1,-1/1,excluded
image-12,singleton,planar_translation_8_1,complete,1,0,0/1,0/1,True,0/1,0/1,1/1,unresolved
image-12,singleton,planar_translation_8_1,complete,1,1,0/1,1/1,False,1/2,-1/2,1/2,unresolved
image-12,singleton,planar_translation_8_1,complete,1,2,1/1,1/1,True,1/1,-1/1,0/1,excluded
image-12,singleton,planar_translation_16_1,complete,1,0,0/1,0/1,True,0/1,-1/1,1/1,unresolved
image-12,singleton,planar_translation_16_1,complete,1,1,0/1,1/1,False,1/2,-3/2,1/2,unresolved
image-12,singleton,planar_translation_16_1,complete,1,2,1/1,1/1,True,1/1,-2/1,0/1,excluded
image-12,singleton,planar_translation_32_1,complete,1,0,0/1,0/1,True,0/1,-1/1,1/1,unresolved
image-12,singleton,planar_translation_32_1,complete,1,1,0/1,1/1,False,1/2,-3/2,1/2,unresolved
image-12,singleton,planar_translation_32_1,complete,1,2,1/1,1/1,True,1/1,-2/1,0/1,excluded
image-12,singleton,planar_translation_64_1,complete,1,0,0/1,0/1,True,0/1,-1/1,1/1,unresolved
image-12,singleton,planar_translation_64_1,complete,1,1,0/1,1/1,False,1/2,-3/2,1/2,unresolved
image-12,singleton,planar_translation_64_1,complete,1,2,1/1,1/1,True,1/1,-2/1,0/1,excluded
image-13,singleton,exact_projection,complete,1,0,0/1,0/1,True,0/1,9/1,9/1,supported
image-13,singleton,exact_projection,complete,1,1,0/1,1/1,False,1/2,9/2,9/2,supported
image-13,singleton,exact_projection,complete,1,2,1/1,1/1,True,1/1,0/1,0/1,excluded
image-13,singleton,one_edit_global,complete,1,0,0/1,0/1,True,0/1,8/1,10/1,supported
image-13,singleton,one_edit_global,complete,1,1,0/1,8/9,False,4/9,4/1,6/1,supported
image-13,singleton,one_edit_global,complete,1,2,8/9,8/9,True,8/9,0/1,2/1,unresolved
image-13,singleton,one_edit_global,complete,1,3,8/9,1/1,False,17/18,-1/2,3/2,unresolved
image-13,singleton,one_edit_global,complete,1,4,1/1,1/1,True,1/1,-1/1,1/1,unresolved
image-13,singleton,one_edit_per_image,complete,1,0,0/1,0/1,True,0/1,8/1,10/1,supported
image-13,singleton,one_edit_per_image,complete,1,1,0/1,8/9,False,4/9,4/1,6/1,supported
image-13,singleton,one_edit_per_image,complete,1,2,8/9,8/9,True,8/9,0/1,2/1,unresolved
image-13,singleton,one_edit_per_image,complete,1,3,8/9,1/1,False,17/18,-1/2,3/2,unresolved
image-13,singleton,one_edit_per_image,complete,1,4,1/1,1/1,True,1/1,-1/1,1/1,unresolved
image-13,singleton,axis_translation_1_1,complete,1,0,0/1,0/1,True,0/1,8/1,9/1,supported
image-13,singleton,axis_translation_1_1,complete,1,1,0/1,8/9,False,4/9,4/1,5/1,supported
image-13,singleton,axis_translation_1_1,complete,1,2,8/9,8/9,True,8/9,0/1,1/1,unresolved
image-13,singleton,axis_translation_1_1,complete,1,3,8/9,1/1,False,17/18,-1/2,1/2,unresolved
image-13,singleton,axis_translation_1_1,complete,1,4,1/1,1/1,True,1/1,-1/1,0/1,excluded
image-13,singleton,axis_translation_2_1,complete,1,0,0/1,0/1,True,0/1,8/1,9/1,supported
image-13,singleton,axis_translation_2_1,complete,1,1,0/1,8/9,False,4/9,4/1,5/1,supported
image-13,singleton,axis_translation_2_1,complete,1,2,8/9,8/9,True,8/9,0/1,1/1,unresolved
image-13,singleton,axis_translation_2_1,complete,1,3,8/9,1/1,False,17/18,-1/2,1/2,unresolved
image-13,singleton,axis_translation_2_1,complete,1,4,1/1,1/1,True,1/1,-1/1,0/1,excluded
image-13,singleton,axis_translation_4_1,complete,1,0,0/1,0/1,True,0/1,8/1,9/1,supported
image-13,singleton,axis_translation_4_1,complete,1,1,0/1,8/9,False,4/9,4/1,5/1,supported
image-13,singleton,axis_translation_4_1,complete,1,2,8/9,8/9,True,8/9,0/1,1/1,unresolved
image-13,singleton,axis_translation_4_1,complete,1,3,8/9,1/1,False,17/18,-1/2,1/2,unresolved
image-13,singleton,axis_translation_4_1,complete,1,4,1/1,1/1,True,1/1,-1/1,0/1,excluded
image-13,singleton,axis_translation_8_1,complete,1,0,0/1,0/1,True,0/1,8/1,10/1,supported
image-13,singleton,axis_translation_8_1,complete,1,1,0/1,8/9,False,4/9,4/1,6/1,supported
image-13,singleton,axis_translation_8_1,complete,1,2,8/9,8/9,True,8/9,0/1,2/1,unresolved
image-13,singleton,axis_translation_8_1,complete,1,3,8/9,1/1,False,17/18,-1/2,3/2,unresolved
image-13,singleton,axis_translation_8_1,complete,1,4,1/1,1/1,True,1/1,-1/1,1/1,unresolved
image-13,singleton,axis_translation_16_1,complete,1,0,0/1,0/1,True,0/1,8/1,10/1,supported
image-13,singleton,axis_translation_16_1,complete,1,1,0/1,8/9,False,4/9,4/1,6/1,supported
image-13,singleton,axis_translation_16_1,complete,1,2,8/9,8/9,True,8/9,0/1,2/1,unresolved
image-13,singleton,axis_translation_16_1,complete,1,3,8/9,1/1,False,17/18,-1/2,3/2,unresolved
image-13,singleton,axis_translation_16_1,complete,1,4,1/1,1/1,True,1/1,-1/1,1/1,unresolved
image-13,singleton,axis_translation_32_1,complete,1,0,0/1,0/1,True,0/1,8/1,10/1,supported
image-13,singleton,axis_translation_32_1,complete,1,1,0/1,8/9,False,4/9,4/1,6/1,supported
image-13,singleton,axis_translation_32_1,complete,1,2,8/9,8/9,True,8/9,0/1,2/1,unresolved
image-13,singleton,axis_translation_32_1,complete,1,3,8/9,1/1,False,17/18,-1/2,3/2,unresolved
image-13,singleton,axis_translation_32_1,complete,1,4,1/1,1/1,True,1/1,-1/1,1/1,unresolved
image-13,singleton,axis_translation_64_1,complete,1,0,0/1,0/1,True,0/1,8/1,10/1,supported
image-13,singleton,axis_translation_64_1,complete,1,1,0/1,8/9,False,4/9,4/1,6/1,supported
image-13,singleton,axis_translation_64_1,complete,1,2,8/9,8/9,True,8/9,0/1,2/1,unresolved
image-13,singleton,axis_translation_64_1,complete,1,3,8/9,1/1,False,17/18,-1/2,3/2,unresolved
image-13,singleton,axis_translation_64_1,complete,1,4,1/1,1/1,True,1/1,-1/1,1/1,unresolved
image-13,singleton,planar_translation_1_1,complete,1,0,0/1,0/1,True,0/1,8/1,9/1,supported
image-13,singleton,planar_translation_1_1,complete,1,1,0/1,8/9,False,4/9,4/1,5/1,supported
image-13,singleton,planar_translation_1_1,complete,1,2,8/9,8/9,True,8/9,0/1,1/1,unresolved
image-13,singleton,planar_translation_1_1,complete,1,3,8/9,1/1,False,17/18,-1/2,1/2,unresolved
image-13,singleton,planar_translation_1_1,complete,1,4,1/1,1/1,True,1/1,-1/1,0/1,excluded
image-13,singleton,planar_translation_2_1,complete,1,0,0/1,0/1,True,0/1,8/1,9/1,supported
image-13,singleton,planar_translation_2_1,complete,1,1,0/1,8/9,False,4/9,4/1,5/1,supported
image-13,singleton,planar_translation_2_1,complete,1,2,8/9,8/9,True,8/9,0/1,1/1,unresolved
image-13,singleton,planar_translation_2_1,complete,1,3,8/9,1/1,False,17/18,-1/2,1/2,unresolved
image-13,singleton,planar_translation_2_1,complete,1,4,1/1,1/1,True,1/1,-1/1,0/1,excluded
image-13,singleton,planar_translation_4_1,complete,1,0,0/1,0/1,True,0/1,8/1,9/1,supported
image-13,singleton,planar_translation_4_1,complete,1,1,0/1,8/9,False,4/9,4/1,5/1,supported
image-13,singleton,planar_translation_4_1,complete,1,2,8/9,8/9,True,8/9,0/1,1/1,unresolved
image-13,singleton,planar_translation_4_1,complete,1,3,8/9,1/1,False,17/18,-1/2,1/2,unresolved
image-13,singleton,planar_translation_4_1,complete,1,4,1/1,1/1,True,1/1,-1/1,0/1,excluded
image-13,singleton,planar_translation_5_1,complete,1,0,0/1,0/1,True,0/1,8/1,10/1,supported
image-13,singleton,planar_translation_5_1,complete,1,1,0/1,8/9,False,4/9,4/1,6/1,supported
image-13,singleton,planar_translation_5_1,complete,1,2,8/9,8/9,True,8/9,0/1,2/1,unresolved
image-13,singleton,planar_translation_5_1,complete,1,3,8/9,1/1,False,17/18,-1/2,3/2,unresolved
image-13,singleton,planar_translation_5_1,complete,1,4,1/1,1/1,True,1/1,-1/1,1/1,unresolved
image-13,singleton,planar_translation_161_32,complete,1,0,0/1,0/1,True,0/1,8/1,10/1,supported
image-13,singleton,planar_translation_161_32,complete,1,1,0/1,8/9,False,4/9,4/1,6/1,supported
image-13,singleton,planar_translation_161_32,complete,1,2,8/9,8/9,True,8/9,0/1,2/1,unresolved
image-13,singleton,planar_translation_161_32,complete,1,3,8/9,1/1,False,17/18,-1/2,3/2,unresolved
image-13,singleton,planar_translation_161_32,complete,1,4,1/1,1/1,True,1/1,-1/1,1/1,unresolved
image-13,singleton,planar_translation_8_1,complete,1,0,0/1,0/1,True,0/1,8/1,10/1,supported
image-13,singleton,planar_translation_8_1,complete,1,1,0/1,8/9,False,4/9,4/1,6/1,supported
image-13,singleton,planar_translation_8_1,complete,1,2,8/9,8/9,True,8/9,0/1,2/1,unresolved
image-13,singleton,planar_translation_8_1,complete,1,3,8/9,1/1,False,17/18,-1/2,3/2,unresolved
image-13,singleton,planar_translation_8_1,complete,1,4,1/1,1/1,True,1/1,-1/1,1/1,unresolved
image-13,singleton,planar_translation_16_1,complete,1,0,0/1,0/1,True,0/1,8/1,10/1,supported
image-13,singleton,planar_translation_16_1,complete,1,1,0/1,8/9,False,4/9,4/1,6/1,supported
image-13,singleton,planar_translation_16_1,complete,1,2,8/9,8/9,True,8/9,0/1,2/1,unresolved
image-13,singleton,planar_translation_16_1,complete,1,3,8/9,1/1,False,17/18,-1/2,3/2,unresolved
image-13,singleton,planar_translation_16_1,complete,1,4,1/1,1/1,True,1/1,-1/1,1/1,unresolved
image-13,singleton,planar_translation_32_1,complete,1,0,0/1,0/1,True,0/1,8/1,10/1,supported
image-13,singleton,planar_translation_32_1,complete,1,1,0/1,8/9,False,4/9,4/1,6/1,supported
image-13,singleton,planar_translation_32_1,complete,1,2,8/9,8/9,True,8/9,0/1,2/1,unresolved
image-13,singleton,planar_translation_32_1,complete,1,3,8/9,1/1,False,17/18,-1/2,3/2,unresolved
image-13,singleton,planar_translation_32_1,complete,1,4,1/1,1/1,True,1/1,-1/1,1/1,unresolved
image-13,singleton,planar_translation_64_1,complete,1,0,0/1,0/1,True,0/1,8/1,10/1,supported
image-13,singleton,planar_translation_64_1,complete,1,1,0/1,8/9,False,4/9,4/1,6/1,supported
image-13,singleton,planar_translation_64_1,complete,1,2,8/9,8/9,True,8/9,0/1,2/1,unresolved
image-13,singleton,planar_translation_64_1,complete,1,3,8/9,1/1,False,17/18,-1/2,3/2,unresolved
image-13,singleton,planar_translation_64_1,complete,1,4,1/1,1/1,True,1/1,-1/1,1/1,unresolved
image-14,singleton,exact_projection,complete,1,0,0/1,0/1,True,0/1,0/1,0/1,excluded
image-14,singleton,exact_projection,complete,1,1,0/1,1/1,False,1/2,0/1,0/1,excluded
image-14,singleton,exact_projection,complete,1,2,1/1,1/1,True,1/1,0/1,0/1,excluded
image-14,singleton,one_edit_global,complete,1,0,0/1,0/1,True,0/1,-1/1,1/1,unresolved
image-14,singleton,one_edit_global,complete,1,1,0/1,1/1,False,1/2,-1/1,1/1,unresolved
image-14,singleton,one_edit_global,complete,1,2,1/1,1/1,True,1/1,-1/1,1/1,unresolved
image-14,singleton,one_edit_per_image,complete,1,0,0/1,0/1,True,0/1,-1/1,1/1,unresolved
image-14,singleton,one_edit_per_image,complete,1,1,0/1,1/1,False,1/2,-1/1,1/1,unresolved
image-14,singleton,one_edit_per_image,complete,1,2,1/1,1/1,True,1/1,-1/1,1/1,unresolved
image-14,singleton,axis_translation_1_1,complete,1,0,0/1,0/1,True,0/1,0/1,0/1,excluded
image-14,singleton,axis_translation_1_1,complete,1,1,0/1,1/1,False,1/2,0/1,0/1,excluded
image-14,singleton,axis_translation_1_1,complete,1,2,1/1,1/1,True,1/1,0/1,0/1,excluded
image-14,singleton,axis_translation_2_1,complete,1,0,0/1,0/1,True,0/1,0/1,0/1,excluded
image-14,singleton,axis_translation_2_1,complete,1,1,0/1,1/1,False,1/2,0/1,0/1,excluded
image-14,singleton,axis_translation_2_1,complete,1,2,1/1,1/1,True,1/1,0/1,0/1,excluded
image-14,singleton,axis_translation_4_1,complete,1,0,0/1,0/1,True,0/1,0/1,0/1,excluded
image-14,singleton,axis_translation_4_1,complete,1,1,0/1,1/1,False,1/2,0/1,0/1,excluded
image-14,singleton,axis_translation_4_1,complete,1,2,1/1,1/1,True,1/1,0/1,0/1,excluded
image-14,singleton,axis_translation_8_1,complete,1,0,0/1,0/1,True,0/1,0/1,0/1,excluded
image-14,singleton,axis_translation_8_1,complete,1,1,0/1,1/1,False,1/2,0/1,0/1,excluded
image-14,singleton,axis_translation_8_1,complete,1,2,1/1,1/1,True,1/1,0/1,0/1,excluded
image-14,singleton,axis_translation_16_1,complete,1,0,0/1,0/1,True,0/1,0/1,0/1,excluded
image-14,singleton,axis_translation_16_1,complete,1,1,0/1,1/1,False,1/2,0/1,0/1,excluded
image-14,singleton,axis_translation_16_1,complete,1,2,1/1,1/1,True,1/1,0/1,0/1,excluded
image-14,singleton,axis_translation_32_1,complete,1,0,0/1,0/1,True,0/1,-1/1,1/1,unresolved
image-14,singleton,axis_translation_32_1,complete,1,1,0/1,1/1,False,1/2,-1/1,1/1,unresolved
image-14,singleton,axis_translation_32_1,complete,1,2,1/1,1/1,True,1/1,-1/1,1/1,unresolved
image-14,singleton,axis_translation_64_1,complete,1,0,0/1,0/1,True,0/1,-1/1,1/1,unresolved
image-14,singleton,axis_translation_64_1,complete,1,1,0/1,1/1,False,1/2,-1/1,1/1,unresolved
image-14,singleton,axis_translation_64_1,complete,1,2,1/1,1/1,True,1/1,-1/1,1/1,unresolved
image-14,singleton,planar_translation_1_1,complete,1,0,0/1,0/1,True,0/1,0/1,0/1,excluded
image-14,singleton,planar_translation_1_1,complete,1,1,0/1,1/1,False,1/2,0/1,0/1,excluded
image-14,singleton,planar_translation_1_1,complete,1,2,1/1,1/1,True,1/1,0/1,0/1,excluded
image-14,singleton,planar_translation_2_1,complete,1,0,0/1,0/1,True,0/1,0/1,0/1,excluded
image-14,singleton,planar_translation_2_1,complete,1,1,0/1,1/1,False,1/2,0/1,0/1,excluded
image-14,singleton,planar_translation_2_1,complete,1,2,1/1,1/1,True,1/1,0/1,0/1,excluded
image-14,singleton,planar_translation_4_1,complete,1,0,0/1,0/1,True,0/1,0/1,0/1,excluded
image-14,singleton,planar_translation_4_1,complete,1,1,0/1,1/1,False,1/2,0/1,0/1,excluded
image-14,singleton,planar_translation_4_1,complete,1,2,1/1,1/1,True,1/1,0/1,0/1,excluded
image-14,singleton,planar_translation_5_1,complete,1,0,0/1,0/1,True,0/1,0/1,0/1,excluded
image-14,singleton,planar_translation_5_1,complete,1,1,0/1,1/1,False,1/2,0/1,0/1,excluded
image-14,singleton,planar_translation_5_1,complete,1,2,1/1,1/1,True,1/1,0/1,0/1,excluded
image-14,singleton,planar_translation_161_32,complete,1,0,0/1,0/1,True,0/1,0/1,0/1,excluded
image-14,singleton,planar_translation_161_32,complete,1,1,0/1,1/1,False,1/2,0/1,0/1,excluded
image-14,singleton,planar_translation_161_32,complete,1,2,1/1,1/1,True,1/1,0/1,0/1,excluded
image-14,singleton,planar_translation_8_1,complete,1,0,0/1,0/1,True,0/1,0/1,0/1,excluded
image-14,singleton,planar_translation_8_1,complete,1,1,0/1,1/1,False,1/2,0/1,0/1,excluded
image-14,singleton,planar_translation_8_1,complete,1,2,1/1,1/1,True,1/1,0/1,0/1,excluded
image-14,singleton,planar_translation_16_1,complete,1,0,0/1,0/1,True,0/1,-1/1,0/1,excluded
image-14,singleton,planar_translation_16_1,complete,1,1,0/1,1/1,False,1/2,-1/1,0/1,excluded
image-14,singleton,planar_translation_16_1,complete,1,2,1/1,1/1,True,1/1,-1/1,0/1,excluded
image-14,singleton,planar_translation_32_1,complete,1,0,0/1,0/1,True,0/1,-1/1,1/1,unresolved
image-14,singleton,planar_translation_32_1,complete,1,1,0/1,1/1,False,1/2,-1/1,1/1,unresolved
image-14,singleton,planar_translation_32_1,complete,1,2,1/1,1/1,True,1/1,-1/1,1/1,unresolved
image-14,singleton,planar_translation_64_1,complete,1,0,0/1,0/1,True,0/1,-1/1,1/1,unresolved
image-14,singleton,planar_translation_64_1,complete,1,1,0/1,1/1,False,1/2,-1/1,1/1,unresolved
image-14,singleton,planar_translation_64_1,complete,1,2,1/1,1/1,True,1/1,-1/1,1/1,unresolved
image-15,singleton,exact_projection,complete,1,0,0/1,0/1,True,0/1,1/1,1/1,supported
image-15,singleton,exact_projection,complete,1,1,0/1,1/1,False,1/2,1/2,1/2,supported
image-15,singleton,exact_projection,complete,1,2,1/1,1/1,True,1/1,0/1,0/1,excluded
image-15,singleton,one_edit_global,complete,1,0,0/1,0/1,True,0/1,0/1,2/1,unresolved
image-15,singleton,one_edit_global,complete,1,1,0/1,1/1,False,1/2,-1/2,3/2,unresolved
image-15,singleton,one_edit_global,complete,1,2,1/1,1/1,True,1/1,-1/1,1/1,unresolved
image-15,singleton,one_edit_per_image,complete,1,0,0/1,0/1,True,0/1,0/1,2/1,unresolved
image-15,singleton,one_edit_per_image,complete,1,1,0/1,1/1,False,1/2,-1/2,3/2,unresolved
image-15,singleton,one_edit_per_image,complete,1,2,1/1,1/1,True,1/1,-1/1,1/1,unresolved
image-15,singleton,axis_translation_1_1,complete,1,0,0/1,0/1,True,0/1,1/1,1/1,supported
image-15,singleton,axis_translation_1_1,complete,1,1,0/1,1/1,False,1/2,1/2,1/2,supported
image-15,singleton,axis_translation_1_1,complete,1,2,1/1,1/1,True,1/1,0/1,0/1,excluded
image-15,singleton,axis_translation_2_1,complete,1,0,0/1,0/1,True,0/1,1/1,1/1,supported
image-15,singleton,axis_translation_2_1,complete,1,1,0/1,1/1,False,1/2,1/2,1/2,supported
image-15,singleton,axis_translation_2_1,complete,1,2,1/1,1/1,True,1/1,0/1,0/1,excluded
image-15,singleton,axis_translation_4_1,complete,1,0,0/1,0/1,True,0/1,1/1,1/1,supported
image-15,singleton,axis_translation_4_1,complete,1,1,0/1,1/1,False,1/2,1/2,1/2,supported
image-15,singleton,axis_translation_4_1,complete,1,2,1/1,1/1,True,1/1,0/1,0/1,excluded
image-15,singleton,axis_translation_8_1,complete,1,0,0/1,0/1,True,0/1,1/1,1/1,supported
image-15,singleton,axis_translation_8_1,complete,1,1,0/1,1/1,False,1/2,1/2,1/2,supported
image-15,singleton,axis_translation_8_1,complete,1,2,1/1,1/1,True,1/1,0/1,0/1,excluded
image-15,singleton,axis_translation_16_1,complete,1,0,0/1,0/1,True,0/1,1/1,1/1,supported
image-15,singleton,axis_translation_16_1,complete,1,1,0/1,1/1,False,1/2,1/2,1/2,supported
image-15,singleton,axis_translation_16_1,complete,1,2,1/1,1/1,True,1/1,0/1,0/1,excluded
image-15,singleton,axis_translation_32_1,complete,1,0,0/1,0/1,True,0/1,0/1,1/1,unresolved
image-15,singleton,axis_translation_32_1,complete,1,1,0/1,1/1,False,1/2,-1/2,1/2,unresolved
image-15,singleton,axis_translation_32_1,complete,1,2,1/1,1/1,True,1/1,-1/1,0/1,excluded
image-15,singleton,axis_translation_64_1,complete,1,0,0/1,0/1,True,0/1,0/1,2/1,unresolved
image-15,singleton,axis_translation_64_1,complete,1,1,0/1,1/1,False,1/2,-1/2,3/2,unresolved
image-15,singleton,axis_translation_64_1,complete,1,2,1/1,1/1,True,1/1,-1/1,1/1,unresolved
image-15,singleton,planar_translation_1_1,complete,1,0,0/1,0/1,True,0/1,1/1,1/1,supported
image-15,singleton,planar_translation_1_1,complete,1,1,0/1,1/1,False,1/2,1/2,1/2,supported
image-15,singleton,planar_translation_1_1,complete,1,2,1/1,1/1,True,1/1,0/1,0/1,excluded
image-15,singleton,planar_translation_2_1,complete,1,0,0/1,0/1,True,0/1,1/1,1/1,supported
image-15,singleton,planar_translation_2_1,complete,1,1,0/1,1/1,False,1/2,1/2,1/2,supported
image-15,singleton,planar_translation_2_1,complete,1,2,1/1,1/1,True,1/1,0/1,0/1,excluded
image-15,singleton,planar_translation_4_1,complete,1,0,0/1,0/1,True,0/1,1/1,1/1,supported
image-15,singleton,planar_translation_4_1,complete,1,1,0/1,1/1,False,1/2,1/2,1/2,supported
image-15,singleton,planar_translation_4_1,complete,1,2,1/1,1/1,True,1/1,0/1,0/1,excluded
image-15,singleton,planar_translation_5_1,complete,1,0,0/1,0/1,True,0/1,1/1,1/1,supported
image-15,singleton,planar_translation_5_1,complete,1,1,0/1,1/1,False,1/2,1/2,1/2,supported
image-15,singleton,planar_translation_5_1,complete,1,2,1/1,1/1,True,1/1,0/1,0/1,excluded
image-15,singleton,planar_translation_161_32,complete,1,0,0/1,0/1,True,0/1,1/1,1/1,supported
image-15,singleton,planar_translation_161_32,complete,1,1,0/1,1/1,False,1/2,1/2,1/2,supported
image-15,singleton,planar_translation_161_32,complete,1,2,1/1,1/1,True,1/1,0/1,0/1,excluded
image-15,singleton,planar_translation_8_1,complete,1,0,0/1,0/1,True,0/1,1/1,1/1,supported
image-15,singleton,planar_translation_8_1,complete,1,1,0/1,1/1,False,1/2,1/2,1/2,supported
image-15,singleton,planar_translation_8_1,complete,1,2,1/1,1/1,True,1/1,0/1,0/1,excluded
image-15,singleton,planar_translation_16_1,complete,1,0,0/1,0/1,True,0/1,0/1,1/1,unresolved
image-15,singleton,planar_translation_16_1,complete,1,1,0/1,1/1,False,1/2,-1/2,1/2,unresolved
image-15,singleton,planar_translation_16_1,complete,1,2,1/1,1/1,True,1/1,-1/1,0/1,excluded
image-15,singleton,planar_translation_32_1,complete,1,0,0/1,0/1,True,0/1,0/1,2/1,unresolved
image-15,singleton,planar_translation_32_1,complete,1,1,0/1,1/1,False,1/2,-1/2,3/2,unresolved
image-15,singleton,planar_translation_32_1,complete,1,2,1/1,1/1,True,1/1,-1/1,1/1,unresolved
image-15,singleton,planar_translation_64_1,complete,1,0,0/1,0/1,True,0/1,0/1,2/1,unresolved
image-15,singleton,planar_translation_64_1,complete,1,1,0/1,1/1,False,1/2,-1/2,3/2,unresolved
image-15,singleton,planar_translation_64_1,complete,1,2,1/1,1/1,True,1/1,-1/1,1/1,unresolved
image-16,singleton,exact_projection,complete,1,0,0/1,0/1,True,0/1,0/1,0/1,excluded
image-16,singleton,exact_projection,complete,1,1,0/1,1/1,False,1/2,-1/2,-1/2,excluded
image-16,singleton,exact_projection,complete,1,2,1/1,1/1,True,1/1,-1/1,-1/1,excluded
image-16,singleton,one_edit_global,complete,1,0,0/1,0/1,True,0/1,-1/1,2/1,unresolved
image-16,singleton,one_edit_global,complete,1,1,0/1,1/1,False,1/2,-3/2,3/2,unresolved
image-16,singleton,one_edit_global,complete,1,2,1/1,1/1,True,1/1,-2/1,1/1,unresolved
image-16,singleton,one_edit_per_image,complete,1,0,0/1,0/1,True,0/1,-1/1,2/1,unresolved
image-16,singleton,one_edit_per_image,complete,1,1,0/1,1/1,False,1/2,-3/2,3/2,unresolved
image-16,singleton,one_edit_per_image,complete,1,2,1/1,1/1,True,1/1,-2/1,1/1,unresolved
image-16,singleton,axis_translation_1_1,complete,1,0,0/1,0/1,True,0/1,0/1,0/1,excluded
image-16,singleton,axis_translation_1_1,complete,1,1,0/1,1/1,False,1/2,-1/2,-1/2,excluded
image-16,singleton,axis_translation_1_1,complete,1,2,1/1,1/1,True,1/1,-1/1,-1/1,excluded
image-16,singleton,axis_translation_2_1,complete,1,0,0/1,0/1,True,0/1,0/1,0/1,excluded
image-16,singleton,axis_translation_2_1,complete,1,1,0/1,1/1,False,1/2,-1/2,-1/2,excluded
image-16,singleton,axis_translation_2_1,complete,1,2,1/1,1/1,True,1/1,-1/1,-1/1,excluded
image-16,singleton,axis_translation_4_1,complete,1,0,0/1,0/1,True,0/1,0/1,0/1,excluded
image-16,singleton,axis_translation_4_1,complete,1,1,0/1,1/1,False,1/2,-1/2,-1/2,excluded
image-16,singleton,axis_translation_4_1,complete,1,2,1/1,1/1,True,1/1,-1/1,-1/1,excluded
image-16,singleton,axis_translation_8_1,complete,1,0,0/1,0/1,True,0/1,0/1,1/1,unresolved
image-16,singleton,axis_translation_8_1,complete,1,1,0/1,1/1,False,1/2,-1/2,1/2,unresolved
image-16,singleton,axis_translation_8_1,complete,1,2,1/1,1/1,True,1/1,-1/1,0/1,excluded
image-16,singleton,axis_translation_16_1,complete,1,0,0/1,0/1,True,0/1,0/1,1/1,unresolved
image-16,singleton,axis_translation_16_1,complete,1,1,0/1,1/1,False,1/2,-1/2,1/2,unresolved
image-16,singleton,axis_translation_16_1,complete,1,2,1/1,1/1,True,1/1,-1/1,0/1,excluded
image-16,singleton,axis_translation_32_1,complete,1,0,0/1,0/1,True,0/1,0/1,1/1,unresolved
image-16,singleton,axis_translation_32_1,complete,1,1,0/1,1/1,False,1/2,-1/2,1/2,unresolved
image-16,singleton,axis_translation_32_1,complete,1,2,1/1,1/1,True,1/1,-1/1,0/1,excluded
image-16,singleton,axis_translation_64_1,complete,1,0,0/1,0/1,True,0/1,0/1,1/1,unresolved
image-16,singleton,axis_translation_64_1,complete,1,1,0/1,1/1,False,1/2,-1/2,1/2,unresolved
image-16,singleton,axis_translation_64_1,complete,1,2,1/1,1/1,True,1/1,-1/1,0/1,excluded
image-16,singleton,planar_translation_1_1,complete,1,0,0/1,0/1,True,0/1,0/1,0/1,excluded
image-16,singleton,planar_translation_1_1,complete,1,1,0/1,1/1,False,1/2,-1/2,-1/2,excluded
image-16,singleton,planar_translation_1_1,complete,1,2,1/1,1/1,True,1/1,-1/1,-1/1,excluded
image-16,singleton,planar_translation_2_1,complete,1,0,0/1,0/1,True,0/1,0/1,0/1,excluded
image-16,singleton,planar_translation_2_1,complete,1,1,0/1,1/1,False,1/2,-1/2,-1/2,excluded
image-16,singleton,planar_translation_2_1,complete,1,2,1/1,1/1,True,1/1,-1/1,-1/1,excluded
image-16,singleton,planar_translation_4_1,complete,1,0,0/1,0/1,True,0/1,0/1,0/1,excluded
image-16,singleton,planar_translation_4_1,complete,1,1,0/1,1/1,False,1/2,-1/2,-1/2,excluded
image-16,singleton,planar_translation_4_1,complete,1,2,1/1,1/1,True,1/1,-1/1,-1/1,excluded
image-16,singleton,planar_translation_5_1,complete,1,0,0/1,0/1,True,0/1,0/1,0/1,excluded
image-16,singleton,planar_translation_5_1,complete,1,1,0/1,1/1,False,1/2,-1/2,-1/2,excluded
image-16,singleton,planar_translation_5_1,complete,1,2,1/1,1/1,True,1/1,-1/1,-1/1,excluded
image-16,singleton,planar_translation_161_32,complete,1,0,0/1,0/1,True,0/1,0/1,0/1,excluded
image-16,singleton,planar_translation_161_32,complete,1,1,0/1,1/1,False,1/2,-1/2,-1/2,excluded
image-16,singleton,planar_translation_161_32,complete,1,2,1/1,1/1,True,1/1,-1/1,-1/1,excluded
image-16,singleton,planar_translation_8_1,complete,1,0,0/1,0/1,True,0/1,0/1,1/1,unresolved
image-16,singleton,planar_translation_8_1,complete,1,1,0/1,1/1,False,1/2,-1/2,1/2,unresolved
image-16,singleton,planar_translation_8_1,complete,1,2,1/1,1/1,True,1/1,-1/1,0/1,excluded
image-16,singleton,planar_translation_16_1,complete,1,0,0/1,0/1,True,0/1,0/1,1/1,unresolved
image-16,singleton,planar_translation_16_1,complete,1,1,0/1,1/1,False,1/2,-1/2,1/2,unresolved
image-16,singleton,planar_translation_16_1,complete,1,2,1/1,1/1,True,1/1,-1/1,0/1,excluded
image-16,singleton,planar_translation_32_1,complete,1,0,0/1,0/1,True,0/1,0/1,1/1,unresolved
image-16,singleton,planar_translation_32_1,complete,1,1,0/1,1/1,False,1/2,-1/2,1/2,unresolved
image-16,singleton,planar_translation_32_1,complete,1,2,1/1,1/1,True,1/1,-1/1,0/1,excluded
image-16,singleton,planar_translation_64_1,complete,1,0,0/1,0/1,True,0/1,0/1,1/1,unresolved
image-16,singleton,planar_translation_64_1,complete,1,1,0/1,1/1,False,1/2,-1/2,1/2,unresolved
image-16,singleton,planar_translation_64_1,complete,1,2,1/1,1/1,True,1/1,-1/1,0/1,excluded
image-17,singleton,exact_projection,complete,1,0,0/1,0/1,True,0/1,0/1,0/1,excluded
image-17,singleton,exact_projection,complete,1,1,0/1,1/1,False,1/2,0/1,0/1,excluded
image-17,singleton,exact_projection,complete,1,2,1/1,1/1,True,1/1,0/1,0/1,excluded
image-17,singleton,one_edit_global,complete,1,0,0/1,0/1,True,0/1,-1/1,1/1,unresolved
image-17,singleton,one_edit_global,complete,1,1,0/1,1/1,False,1/2,-1/1,1/1,unresolved
image-17,singleton,one_edit_global,complete,1,2,1/1,1/1,True,1/1,-1/1,1/1,unresolved
image-17,singleton,one_edit_per_image,complete,1,0,0/1,0/1,True,0/1,-1/1,1/1,unresolved
image-17,singleton,one_edit_per_image,complete,1,1,0/1,1/1,False,1/2,-1/1,1/1,unresolved
image-17,singleton,one_edit_per_image,complete,1,2,1/1,1/1,True,1/1,-1/1,1/1,unresolved
image-17,singleton,axis_translation_1_1,complete,1,0,0/1,0/1,True,0/1,0/1,0/1,excluded
image-17,singleton,axis_translation_1_1,complete,1,1,0/1,1/1,False,1/2,0/1,0/1,excluded
image-17,singleton,axis_translation_1_1,complete,1,2,1/1,1/1,True,1/1,0/1,0/1,excluded
image-17,singleton,axis_translation_2_1,complete,1,0,0/1,0/1,True,0/1,0/1,0/1,excluded
image-17,singleton,axis_translation_2_1,complete,1,1,0/1,1/1,False,1/2,0/1,0/1,excluded
image-17,singleton,axis_translation_2_1,complete,1,2,1/1,1/1,True,1/1,0/1,0/1,excluded
image-17,singleton,axis_translation_4_1,complete,1,0,0/1,0/1,True,0/1,0/1,0/1,excluded
image-17,singleton,axis_translation_4_1,complete,1,1,0/1,1/1,False,1/2,0/1,0/1,excluded
image-17,singleton,axis_translation_4_1,complete,1,2,1/1,1/1,True,1/1,0/1,0/1,excluded
image-17,singleton,axis_translation_8_1,complete,1,0,0/1,0/1,True,0/1,0/1,0/1,excluded
image-17,singleton,axis_translation_8_1,complete,1,1,0/1,1/1,False,1/2,0/1,0/1,excluded
image-17,singleton,axis_translation_8_1,complete,1,2,1/1,1/1,True,1/1,0/1,0/1,excluded
image-17,singleton,axis_translation_16_1,complete,1,0,0/1,0/1,True,0/1,0/1,0/1,excluded
image-17,singleton,axis_translation_16_1,complete,1,1,0/1,1/1,False,1/2,0/1,0/1,excluded
image-17,singleton,axis_translation_16_1,complete,1,2,1/1,1/1,True,1/1,0/1,0/1,excluded
image-17,singleton,axis_translation_32_1,complete,1,0,0/1,0/1,True,0/1,-1/1,1/1,unresolved
image-17,singleton,axis_translation_32_1,complete,1,1,0/1,1/1,False,1/2,-1/1,1/1,unresolved
image-17,singleton,axis_translation_32_1,complete,1,2,1/1,1/1,True,1/1,-1/1,1/1,unresolved
image-17,singleton,axis_translation_64_1,complete,1,0,0/1,0/1,True,0/1,-1/1,1/1,unresolved
image-17,singleton,axis_translation_64_1,complete,1,1,0/1,1/1,False,1/2,-1/1,1/1,unresolved
image-17,singleton,axis_translation_64_1,complete,1,2,1/1,1/1,True,1/1,-1/1,1/1,unresolved
image-17,singleton,planar_translation_1_1,complete,1,0,0/1,0/1,True,0/1,0/1,0/1,excluded
image-17,singleton,planar_translation_1_1,complete,1,1,0/1,1/1,False,1/2,0/1,0/1,excluded
image-17,singleton,planar_translation_1_1,complete,1,2,1/1,1/1,True,1/1,0/1,0/1,excluded
image-17,singleton,planar_translation_2_1,complete,1,0,0/1,0/1,True,0/1,0/1,0/1,excluded
image-17,singleton,planar_translation_2_1,complete,1,1,0/1,1/1,False,1/2,0/1,0/1,excluded
image-17,singleton,planar_translation_2_1,complete,1,2,1/1,1/1,True,1/1,0/1,0/1,excluded
image-17,singleton,planar_translation_4_1,complete,1,0,0/1,0/1,True,0/1,0/1,0/1,excluded
image-17,singleton,planar_translation_4_1,complete,1,1,0/1,1/1,False,1/2,0/1,0/1,excluded
image-17,singleton,planar_translation_4_1,complete,1,2,1/1,1/1,True,1/1,0/1,0/1,excluded
image-17,singleton,planar_translation_5_1,complete,1,0,0/1,0/1,True,0/1,0/1,0/1,excluded
image-17,singleton,planar_translation_5_1,complete,1,1,0/1,1/1,False,1/2,0/1,0/1,excluded
image-17,singleton,planar_translation_5_1,complete,1,2,1/1,1/1,True,1/1,0/1,0/1,excluded
image-17,singleton,planar_translation_161_32,complete,1,0,0/1,0/1,True,0/1,0/1,0/1,excluded
image-17,singleton,planar_translation_161_32,complete,1,1,0/1,1/1,False,1/2,0/1,0/1,excluded
image-17,singleton,planar_translation_161_32,complete,1,2,1/1,1/1,True,1/1,0/1,0/1,excluded
image-17,singleton,planar_translation_8_1,complete,1,0,0/1,0/1,True,0/1,0/1,0/1,excluded
image-17,singleton,planar_translation_8_1,complete,1,1,0/1,1/1,False,1/2,0/1,0/1,excluded
image-17,singleton,planar_translation_8_1,complete,1,2,1/1,1/1,True,1/1,0/1,0/1,excluded
image-17,singleton,planar_translation_16_1,complete,1,0,0/1,0/1,True,0/1,-1/1,1/1,unresolved
image-17,singleton,planar_translation_16_1,complete,1,1,0/1,1/1,False,1/2,-1/1,1/1,unresolved
image-17,singleton,planar_translation_16_1,complete,1,2,1/1,1/1,True,1/1,-1/1,1/1,unresolved
image-17,singleton,planar_translation_32_1,complete,1,0,0/1,0/1,True,0/1,-1/1,1/1,unresolved
image-17,singleton,planar_translation_32_1,complete,1,1,0/1,1/1,False,1/2,-1/1,1/1,unresolved
image-17,singleton,planar_translation_32_1,complete,1,2,1/1,1/1,True,1/1,-1/1,1/1,unresolved
image-17,singleton,planar_translation_64_1,complete,1,0,0/1,0/1,True,0/1,-1/1,1/1,unresolved
image-17,singleton,planar_translation_64_1,complete,1,1,0/1,1/1,False,1/2,-1/1,1/1,unresolved
image-17,singleton,planar_translation_64_1,complete,1,2,1/1,1/1,True,1/1,-1/1,1/1,unresolved
image-18,singleton,exact_projection,complete,1,0,0/1,0/1,True,0/1,0/1,0/1,excluded
image-18,singleton,exact_projection,complete,1,1,0/1,1/1,False,1/2,0/1,0/1,excluded
image-18,singleton,exact_projection,complete,1,2,1/1,1/1,True,1/1,0/1,0/1,excluded
image-18,singleton,one_edit_global,complete,1,0,0/1,0/1,True,0/1,-1/1,1/1,unresolved
image-18,singleton,one_edit_global,complete,1,1,0/1,1/1,False,1/2,-1/1,1/1,unresolved
image-18,singleton,one_edit_global,complete,1,2,1/1,1/1,True,1/1,-1/1,1/1,unresolved
image-18,singleton,one_edit_per_image,complete,1,0,0/1,0/1,True,0/1,-1/1,1/1,unresolved
image-18,singleton,one_edit_per_image,complete,1,1,0/1,1/1,False,1/2,-1/1,1/1,unresolved
image-18,singleton,one_edit_per_image,complete,1,2,1/1,1/1,True,1/1,-1/1,1/1,unresolved
image-18,singleton,axis_translation_1_1,complete,1,0,0/1,0/1,True,0/1,0/1,0/1,excluded
image-18,singleton,axis_translation_1_1,complete,1,1,0/1,1/1,False,1/2,0/1,0/1,excluded
image-18,singleton,axis_translation_1_1,complete,1,2,1/1,1/1,True,1/1,0/1,0/1,excluded
image-18,singleton,axis_translation_2_1,complete,1,0,0/1,0/1,True,0/1,0/1,0/1,excluded
image-18,singleton,axis_translation_2_1,complete,1,1,0/1,1/1,False,1/2,0/1,0/1,excluded
image-18,singleton,axis_translation_2_1,complete,1,2,1/1,1/1,True,1/1,0/1,0/1,excluded
image-18,singleton,axis_translation_4_1,complete,1,0,0/1,0/1,True,0/1,0/1,0/1,excluded
image-18,singleton,axis_translation_4_1,complete,1,1,0/1,1/1,False,1/2,0/1,0/1,excluded
image-18,singleton,axis_translation_4_1,complete,1,2,1/1,1/1,True,1/1,0/1,0/1,excluded
image-18,singleton,axis_translation_8_1,complete,1,0,0/1,0/1,True,0/1,0/1,0/1,excluded
image-18,singleton,axis_translation_8_1,complete,1,1,0/1,1/1,False,1/2,0/1,0/1,excluded
image-18,singleton,axis_translation_8_1,complete,1,2,1/1,1/1,True,1/1,0/1,0/1,excluded
image-18,singleton,axis_translation_16_1,complete,1,0,0/1,0/1,True,0/1,0/1,0/1,excluded
image-18,singleton,axis_translation_16_1,complete,1,1,0/1,1/1,False,1/2,0/1,0/1,excluded
image-18,singleton,axis_translation_16_1,complete,1,2,1/1,1/1,True,1/1,0/1,0/1,excluded
image-18,singleton,axis_translation_32_1,complete,1,0,0/1,0/1,True,0/1,0/1,0/1,excluded
image-18,singleton,axis_translation_32_1,complete,1,1,0/1,1/1,False,1/2,0/1,0/1,excluded
image-18,singleton,axis_translation_32_1,complete,1,2,1/1,1/1,True,1/1,0/1,0/1,excluded
image-18,singleton,axis_translation_64_1,complete,1,0,0/1,0/1,True,0/1,0/1,0/1,excluded
image-18,singleton,axis_translation_64_1,complete,1,1,0/1,1/1,False,1/2,0/1,0/1,excluded
image-18,singleton,axis_translation_64_1,complete,1,2,1/1,1/1,True,1/1,0/1,0/1,excluded
image-18,singleton,planar_translation_1_1,complete,1,0,0/1,0/1,True,0/1,0/1,0/1,excluded
image-18,singleton,planar_translation_1_1,complete,1,1,0/1,1/1,False,1/2,0/1,0/1,excluded
image-18,singleton,planar_translation_1_1,complete,1,2,1/1,1/1,True,1/1,0/1,0/1,excluded
image-18,singleton,planar_translation_2_1,complete,1,0,0/1,0/1,True,0/1,0/1,0/1,excluded
image-18,singleton,planar_translation_2_1,complete,1,1,0/1,1/1,False,1/2,0/1,0/1,excluded
image-18,singleton,planar_translation_2_1,complete,1,2,1/1,1/1,True,1/1,0/1,0/1,excluded
image-18,singleton,planar_translation_4_1,complete,1,0,0/1,0/1,True,0/1,0/1,0/1,excluded
image-18,singleton,planar_translation_4_1,complete,1,1,0/1,1/1,False,1/2,0/1,0/1,excluded
image-18,singleton,planar_translation_4_1,complete,1,2,1/1,1/1,True,1/1,0/1,0/1,excluded
image-18,singleton,planar_translation_5_1,complete,1,0,0/1,0/1,True,0/1,0/1,0/1,excluded
image-18,singleton,planar_translation_5_1,complete,1,1,0/1,1/1,False,1/2,0/1,0/1,excluded
image-18,singleton,planar_translation_5_1,complete,1,2,1/1,1/1,True,1/1,0/1,0/1,excluded
image-18,singleton,planar_translation_161_32,complete,1,0,0/1,0/1,True,0/1,0/1,0/1,excluded
image-18,singleton,planar_translation_161_32,complete,1,1,0/1,1/1,False,1/2,0/1,0/1,excluded
image-18,singleton,planar_translation_161_32,complete,1,2,1/1,1/1,True,1/1,0/1,0/1,excluded
image-18,singleton,planar_translation_8_1,complete,1,0,0/1,0/1,True,0/1,0/1,0/1,excluded
image-18,singleton,planar_translation_8_1,complete,1,1,0/1,1/1,False,1/2,0/1,0/1,excluded
image-18,singleton,planar_translation_8_1,complete,1,2,1/1,1/1,True,1/1,0/1,0/1,excluded
image-18,singleton,planar_translation_16_1,complete,1,0,0/1,0/1,True,0/1,0/1,0/1,excluded
image-18,singleton,planar_translation_16_1,complete,1,1,0/1,1/1,False,1/2,0/1,0/1,excluded
image-18,singleton,planar_translation_16_1,complete,1,2,1/1,1/1,True,1/1,0/1,0/1,excluded
image-18,singleton,planar_translation_32_1,complete,1,0,0/1,0/1,True,0/1,0/1,0/1,excluded
image-18,singleton,planar_translation_32_1,complete,1,1,0/1,1/1,False,1/2,0/1,0/1,excluded
image-18,singleton,planar_translation_32_1,complete,1,2,1/1,1/1,True,1/1,0/1,0/1,excluded
image-18,singleton,planar_translation_64_1,complete,1,0,0/1,0/1,True,0/1,0/1,0/1,excluded
image-18,singleton,planar_translation_64_1,complete,1,1,0/1,1/1,False,1/2,0/1,0/1,excluded
image-18,singleton,planar_translation_64_1,complete,1,2,1/1,1/1,True,1/1,0/1,0/1,excluded
image-19,singleton,exact_projection,complete,1,0,0/1,0/1,True,0/1,2/1,2/1,supported
image-19,singleton,exact_projection,complete,1,1,0/1,1/1,False,1/2,1/1,1/1,supported
image-19,singleton,exact_projection,complete,1,2,1/1,1/1,True,1/1,0/1,0/1,excluded
image-19,singleton,one_edit_global,complete,1,0,0/1,0/1,True,0/1,1/1,3/1,supported
image-19,singleton,one_edit_global,complete,1,1,0/1,1/2,False,1/4,1/2,5/2,supported
image-19,singleton,one_edit_global,complete,1,2,1/2,1/2,True,1/2,0/1,2/1,unresolved
image-19,singleton,one_edit_global,complete,1,3,1/2,1/1,False,3/4,-1/2,3/2,unresolved
image-19,singleton,one_edit_global,complete,1,4,1/1,1/1,True,1/1,-1/1,1/1,unresolved
image-19,singleton,one_edit_per_image,complete,1,0,0/1,0/1,True,0/1,1/1,3/1,supported
image-19,singleton,one_edit_per_image,complete,1,1,0/1,1/2,False,1/4,1/2,5/2,supported
image-19,singleton,one_edit_per_image,complete,1,2,1/2,1/2,True,1/2,0/1,2/1,unresolved
image-19,singleton,one_edit_per_image,complete,1,3,1/2,1/1,False,3/4,-1/2,3/2,unresolved
image-19,singleton,one_edit_per_image,complete,1,4,1/1,1/1,True,1/1,-1/1,1/1,unresolved
image-19,singleton,axis_translation_1_1,complete,1,0,0/1,0/1,True,0/1,2/1,2/1,supported
image-19,singleton,axis_translation_1_1,complete,1,1,0/1,1/1,False,1/2,1/1,1/1,supported
image-19,singleton,axis_translation_1_1,complete,1,2,1/1,1/1,True,1/1,0/1,0/1,excluded
image-19,singleton,axis_translation_2_1,complete,1,0,0/1,0/1,True,0/1,2/1,2/1,supported
image-19,singleton,axis_translation_2_1,complete,1,1,0/1,1/1,False,1/2,1/1,1/1,supported
image-19,singleton,axis_translation_2_1,complete,1,2,1/1,1/1,True,1/1,0/1,0/1,excluded
image-19,singleton,axis_translation_4_1,complete,1,0,0/1,0/1,True,0/1,2/1,2/1,supported
image-19,singleton,axis_translation_4_1,complete,1,1,0/1,1/1,False,1/2,1/1,1/1,supported
image-19,singleton,axis_translation_4_1,complete,1,2,1/1,1/1,True,1/1,0/1,0/1,excluded
image-19,singleton,axis_translation_8_1,complete,1,0,0/1,0/1,True,0/1,2/1,2/1,supported
image-19,singleton,axis_translation_8_1,complete,1,1,0/1,1/1,False,1/2,1/1,1/1,supported
image-19,singleton,axis_translation_8_1,complete,1,2,1/1,1/1,True,1/1,0/1,0/1,excluded
image-19,singleton,axis_translation_16_1,complete,1,0,0/1,0/1,True,0/1,2/1,2/1,supported
image-19,singleton,axis_translation_16_1,complete,1,1,0/1,1/1,False,1/2,1/1,1/1,supported
image-19,singleton,axis_translation_16_1,complete,1,2,1/1,1/1,True,1/1,0/1,0/1,excluded
image-19,singleton,axis_translation_32_1,complete,1,0,0/1,0/1,True,0/1,1/1,3/1,supported
image-19,singleton,axis_translation_32_1,complete,1,1,0/1,1/2,False,1/4,1/2,5/2,supported
image-19,singleton,axis_translation_32_1,complete,1,2,1/2,1/2,True,1/2,0/1,2/1,unresolved
image-19,singleton,axis_translation_32_1,complete,1,3,1/2,1/1,False,3/4,-1/2,3/2,unresolved
image-19,singleton,axis_translation_32_1,complete,1,4,1/1,1/1,True,1/1,-1/1,1/1,unresolved
image-19,singleton,axis_translation_64_1,complete,1,0,0/1,0/1,True,0/1,1/1,3/1,supported
image-19,singleton,axis_translation_64_1,complete,1,1,0/1,1/2,False,1/4,1/2,5/2,supported
image-19,singleton,axis_translation_64_1,complete,1,2,1/2,1/2,True,1/2,0/1,2/1,unresolved
image-19,singleton,axis_translation_64_1,complete,1,3,1/2,1/1,False,3/4,-1/2,3/2,unresolved
image-19,singleton,axis_translation_64_1,complete,1,4,1/1,1/1,True,1/1,-1/1,1/1,unresolved
image-19,singleton,planar_translation_1_1,complete,1,0,0/1,0/1,True,0/1,2/1,2/1,supported
image-19,singleton,planar_translation_1_1,complete,1,1,0/1,1/1,False,1/2,1/1,1/1,supported
image-19,singleton,planar_translation_1_1,complete,1,2,1/1,1/1,True,1/1,0/1,0/1,excluded
image-19,singleton,planar_translation_2_1,complete,1,0,0/1,0/1,True,0/1,2/1,2/1,supported
image-19,singleton,planar_translation_2_1,complete,1,1,0/1,1/1,False,1/2,1/1,1/1,supported
image-19,singleton,planar_translation_2_1,complete,1,2,1/1,1/1,True,1/1,0/1,0/1,excluded
image-19,singleton,planar_translation_4_1,complete,1,0,0/1,0/1,True,0/1,2/1,2/1,supported
image-19,singleton,planar_translation_4_1,complete,1,1,0/1,1/1,False,1/2,1/1,1/1,supported
image-19,singleton,planar_translation_4_1,complete,1,2,1/1,1/1,True,1/1,0/1,0/1,excluded
image-19,singleton,planar_translation_5_1,complete,1,0,0/1,0/1,True,0/1,2/1,2/1,supported
image-19,singleton,planar_translation_5_1,complete,1,1,0/1,1/1,False,1/2,1/1,1/1,supported
image-19,singleton,planar_translation_5_1,complete,1,2,1/1,1/1,True,1/1,0/1,0/1,excluded
image-19,singleton,planar_translation_161_32,complete,1,0,0/1,0/1,True,0/1,2/1,2/1,supported
image-19,singleton,planar_translation_161_32,complete,1,1,0/1,1/1,False,1/2,1/1,1/1,supported
image-19,singleton,planar_translation_161_32,complete,1,2,1/1,1/1,True,1/1,0/1,0/1,excluded
image-19,singleton,planar_translation_8_1,complete,1,0,0/1,0/1,True,0/1,2/1,2/1,supported
image-19,singleton,planar_translation_8_1,complete,1,1,0/1,1/1,False,1/2,1/1,1/1,supported
image-19,singleton,planar_translation_8_1,complete,1,2,1/1,1/1,True,1/1,0/1,0/1,excluded
image-19,singleton,planar_translation_16_1,complete,1,0,0/1,0/1,True,0/1,1/1,3/1,supported
image-19,singleton,planar_translation_16_1,complete,1,1,0/1,1/2,False,1/4,1/2,5/2,supported
image-19,singleton,planar_translation_16_1,complete,1,2,1/2,1/2,True,1/2,0/1,2/1,unresolved
image-19,singleton,planar_translation_16_1,complete,1,3,1/2,1/1,False,3/4,-1/2,3/2,unresolved
image-19,singleton,planar_translation_16_1,complete,1,4,1/1,1/1,True,1/1,-1/1,1/1,unresolved
image-19,singleton,planar_translation_32_1,complete,1,0,0/1,0/1,True,0/1,1/1,3/1,supported
image-19,singleton,planar_translation_32_1,complete,1,1,0/1,1/2,False,1/4,1/2,5/2,supported
image-19,singleton,planar_translation_32_1,complete,1,2,1/2,1/2,True,1/2,0/1,2/1,unresolved
image-19,singleton,planar_translation_32_1,complete,1,3,1/2,1/1,False,3/4,-1/2,3/2,unresolved
image-19,singleton,planar_translation_32_1,complete,1,4,1/1,1/1,True,1/1,-1/1,1/1,unresolved
image-19,singleton,planar_translation_64_1,complete,1,0,0/1,0/1,True,0/1,1/1,3/1,supported
image-19,singleton,planar_translation_64_1,complete,1,1,0/1,1/2,False,1/4,1/2,5/2,supported
image-19,singleton,planar_translation_64_1,complete,1,2,1/2,1/2,True,1/2,0/1,2/1,unresolved
image-19,singleton,planar_translation_64_1,complete,1,3,1/2,1/1,False,3/4,-1/2,3/2,unresolved
image-19,singleton,planar_translation_64_1,complete,1,4,1/1,1/1,True,1/1,-1/1,1/1,unresolved
image-20,singleton,exact_projection,complete,1,0,0/1,0/1,True,0/1,0/1,0/1,excluded
image-20,singleton,exact_projection,complete,1,1,0/1,1/1,False,1/2,0/1,0/1,excluded
image-20,singleton,exact_projection,complete,1,2,1/1,1/1,True,1/1,0/1,0/1,excluded
image-20,singleton,one_edit_global,complete,1,0,0/1,0/1,True,0/1,-1/1,1/1,unresolved
image-20,singleton,one_edit_global,complete,1,1,0/1,1/1,False,1/2,-1/1,1/1,unresolved
image-20,singleton,one_edit_global,complete,1,2,1/1,1/1,True,1/1,-1/1,1/1,unresolved
image-20,singleton,one_edit_per_image,complete,1,0,0/1,0/1,True,0/1,-1/1,1/1,unresolved
image-20,singleton,one_edit_per_image,complete,1,1,0/1,1/1,False,1/2,-1/1,1/1,unresolved
image-20,singleton,one_edit_per_image,complete,1,2,1/1,1/1,True,1/1,-1/1,1/1,unresolved
image-20,singleton,axis_translation_1_1,complete,1,0,0/1,0/1,True,0/1,0/1,0/1,excluded
image-20,singleton,axis_translation_1_1,complete,1,1,0/1,1/1,False,1/2,0/1,0/1,excluded
image-20,singleton,axis_translation_1_1,complete,1,2,1/1,1/1,True,1/1,0/1,0/1,excluded
image-20,singleton,axis_translation_2_1,complete,1,0,0/1,0/1,True,0/1,0/1,0/1,excluded
image-20,singleton,axis_translation_2_1,complete,1,1,0/1,1/1,False,1/2,0/1,0/1,excluded
image-20,singleton,axis_translation_2_1,complete,1,2,1/1,1/1,True,1/1,0/1,0/1,excluded
image-20,singleton,axis_translation_4_1,complete,1,0,0/1,0/1,True,0/1,0/1,0/1,excluded
image-20,singleton,axis_translation_4_1,complete,1,1,0/1,1/1,False,1/2,0/1,0/1,excluded
image-20,singleton,axis_translation_4_1,complete,1,2,1/1,1/1,True,1/1,0/1,0/1,excluded
image-20,singleton,axis_translation_8_1,complete,1,0,0/1,0/1,True,0/1,0/1,0/1,excluded
image-20,singleton,axis_translation_8_1,complete,1,1,0/1,1/1,False,1/2,0/1,0/1,excluded
image-20,singleton,axis_translation_8_1,complete,1,2,1/1,1/1,True,1/1,0/1,0/1,excluded
image-20,singleton,axis_translation_16_1,complete,1,0,0/1,0/1,True,0/1,0/1,1/1,unresolved
image-20,singleton,axis_translation_16_1,complete,1,1,0/1,1/1,False,1/2,0/1,1/1,unresolved
image-20,singleton,axis_translation_16_1,complete,1,2,1/1,1/1,True,1/1,0/1,1/1,unresolved
image-20,singleton,axis_translation_32_1,complete,1,0,0/1,0/1,True,0/1,-1/1,1/1,unresolved
image-20,singleton,axis_translation_32_1,complete,1,1,0/1,1/1,False,1/2,-1/1,1/1,unresolved
image-20,singleton,axis_translation_32_1,complete,1,2,1/1,1/1,True,1/1,-1/1,1/1,unresolved
image-20,singleton,axis_translation_64_1,complete,1,0,0/1,0/1,True,0/1,-1/1,1/1,unresolved
image-20,singleton,axis_translation_64_1,complete,1,1,0/1,1/1,False,1/2,-1/1,1/1,unresolved
image-20,singleton,axis_translation_64_1,complete,1,2,1/1,1/1,True,1/1,-1/1,1/1,unresolved
image-20,singleton,planar_translation_1_1,complete,1,0,0/1,0/1,True,0/1,0/1,0/1,excluded
image-20,singleton,planar_translation_1_1,complete,1,1,0/1,1/1,False,1/2,0/1,0/1,excluded
image-20,singleton,planar_translation_1_1,complete,1,2,1/1,1/1,True,1/1,0/1,0/1,excluded
image-20,singleton,planar_translation_2_1,complete,1,0,0/1,0/1,True,0/1,0/1,0/1,excluded
image-20,singleton,planar_translation_2_1,complete,1,1,0/1,1/1,False,1/2,0/1,0/1,excluded
image-20,singleton,planar_translation_2_1,complete,1,2,1/1,1/1,True,1/1,0/1,0/1,excluded
image-20,singleton,planar_translation_4_1,complete,1,0,0/1,0/1,True,0/1,0/1,0/1,excluded
image-20,singleton,planar_translation_4_1,complete,1,1,0/1,1/1,False,1/2,0/1,0/1,excluded
image-20,singleton,planar_translation_4_1,complete,1,2,1/1,1/1,True,1/1,0/1,0/1,excluded
image-20,singleton,planar_translation_5_1,complete,1,0,0/1,0/1,True,0/1,0/1,0/1,excluded
image-20,singleton,planar_translation_5_1,complete,1,1,0/1,1/1,False,1/2,0/1,0/1,excluded
image-20,singleton,planar_translation_5_1,complete,1,2,1/1,1/1,True,1/1,0/1,0/1,excluded
image-20,singleton,planar_translation_161_32,complete,1,0,0/1,0/1,True,0/1,0/1,0/1,excluded
image-20,singleton,planar_translation_161_32,complete,1,1,0/1,1/1,False,1/2,0/1,0/1,excluded
image-20,singleton,planar_translation_161_32,complete,1,2,1/1,1/1,True,1/1,0/1,0/1,excluded
image-20,singleton,planar_translation_8_1,complete,1,0,0/1,0/1,True,0/1,0/1,0/1,excluded
image-20,singleton,planar_translation_8_1,complete,1,1,0/1,1/1,False,1/2,0/1,0/1,excluded
image-20,singleton,planar_translation_8_1,complete,1,2,1/1,1/1,True,1/1,0/1,0/1,excluded
image-20,singleton,planar_translation_16_1,complete,1,0,0/1,0/1,True,0/1,-1/1,1/1,unresolved
image-20,singleton,planar_translation_16_1,complete,1,1,0/1,1/1,False,1/2,-1/1,1/1,unresolved
image-20,singleton,planar_translation_16_1,complete,1,2,1/1,1/1,True,1/1,-1/1,1/1,unresolved
image-20,singleton,planar_translation_32_1,complete,1,0,0/1,0/1,True,0/1,-1/1,1/1,unresolved
image-20,singleton,planar_translation_32_1,complete,1,1,0/1,1/1,False,1/2,-1/1,1/1,unresolved
image-20,singleton,planar_translation_32_1,complete,1,2,1/1,1/1,True,1/1,-1/1,1/1,unresolved
image-20,singleton,planar_translation_64_1,complete,1,0,0/1,0/1,True,0/1,-1/1,1/1,unresolved
image-20,singleton,planar_translation_64_1,complete,1,1,0/1,1/1,False,1/2,-1/1,1/1,unresolved
image-20,singleton,planar_translation_64_1,complete,1,2,1/1,1/1,True,1/1,-1/1,1/1,unresolved
image-21,singleton,exact_projection,complete,1,0,0/1,0/1,True,0/1,1/1,1/1,supported
image-21,singleton,exact_projection,complete,1,1,0/1,1/1,False,1/2,1/2,1/2,supported
image-21,singleton,exact_projection,complete,1,2,1/1,1/1,True,1/1,0/1,0/1,excluded
image-21,singleton,one_edit_global,complete,1,0,0/1,0/1,True,0/1,0/1,2/1,unresolved
image-21,singleton,one_edit_global,complete,1,1,0/1,1/1,False,1/2,-1/2,3/2,unresolved
image-21,singleton,one_edit_global,complete,1,2,1/1,1/1,True,1/1,-1/1,1/1,unresolved
image-21,singleton,one_edit_per_image,complete,1,0,0/1,0/1,True,0/1,0/1,2/1,unresolved
image-21,singleton,one_edit_per_image,complete,1,1,0/1,1/1,False,1/2,-1/2,3/2,unresolved
image-21,singleton,one_edit_per_image,complete,1,2,1/1,1/1,True,1/1,-1/1,1/1,unresolved
image-21,singleton,axis_translation_1_1,complete,1,0,0/1,0/1,True,0/1,1/1,1/1,supported
image-21,singleton,axis_translation_1_1,complete,1,1,0/1,1/1,False,1/2,1/2,1/2,supported
image-21,singleton,axis_translation_1_1,complete,1,2,1/1,1/1,True,1/1,0/1,0/1,excluded
image-21,singleton,axis_translation_2_1,complete,1,0,0/1,0/1,True,0/1,1/1,1/1,supported
image-21,singleton,axis_translation_2_1,complete,1,1,0/1,1/1,False,1/2,1/2,1/2,supported
image-21,singleton,axis_translation_2_1,complete,1,2,1/1,1/1,True,1/1,0/1,0/1,excluded
image-21,singleton,axis_translation_4_1,complete,1,0,0/1,0/1,True,0/1,0/1,1/1,unresolved
image-21,singleton,axis_translation_4_1,complete,1,1,0/1,1/1,False,1/2,-1/2,1/2,unresolved
image-21,singleton,axis_translation_4_1,complete,1,2,1/1,1/1,True,1/1,-1/1,0/1,excluded
image-21,singleton,axis_translation_8_1,complete,1,0,0/1,0/1,True,0/1,0/1,1/1,unresolved
image-21,singleton,axis_translation_8_1,complete,1,1,0/1,1/1,False,1/2,-1/2,1/2,unresolved
image-21,singleton,axis_translation_8_1,complete,1,2,1/1,1/1,True,1/1,-1/1,0/1,excluded
image-21,singleton,axis_translation_16_1,complete,1,0,0/1,0/1,True,0/1,0/1,2/1,unresolved
image-21,singleton,axis_translation_16_1,complete,1,1,0/1,1/1,False,1/2,-1/2,3/2,unresolved
image-21,singleton,axis_translation_16_1,complete,1,2,1/1,1/1,True,1/1,-1/1,1/1,unresolved
image-21,singleton,axis_translation_32_1,complete,1,0,0/1,0/1,True,0/1,0/1,2/1,unresolved
image-21,singleton,axis_translation_32_1,complete,1,1,0/1,1/1,False,1/2,-1/2,3/2,unresolved
image-21,singleton,axis_translation_32_1,complete,1,2,1/1,1/1,True,1/1,-1/1,1/1,unresolved
image-21,singleton,axis_translation_64_1,complete,1,0,0/1,0/1,True,0/1,0/1,2/1,unresolved
image-21,singleton,axis_translation_64_1,complete,1,1,0/1,1/1,False,1/2,-1/2,3/2,unresolved
image-21,singleton,axis_translation_64_1,complete,1,2,1/1,1/1,True,1/1,-1/1,1/1,unresolved
image-21,singleton,planar_translation_1_1,complete,1,0,0/1,0/1,True,0/1,1/1,1/1,supported
image-21,singleton,planar_translation_1_1,complete,1,1,0/1,1/1,False,1/2,1/2,1/2,supported
image-21,singleton,planar_translation_1_1,complete,1,2,1/1,1/1,True,1/1,0/1,0/1,excluded
image-21,singleton,planar_translation_2_1,complete,1,0,0/1,0/1,True,0/1,1/1,1/1,supported
image-21,singleton,planar_translation_2_1,complete,1,1,0/1,1/1,False,1/2,1/2,1/2,supported
image-21,singleton,planar_translation_2_1,complete,1,2,1/1,1/1,True,1/1,0/1,0/1,excluded
image-21,singleton,planar_translation_4_1,complete,1,0,0/1,0/1,True,0/1,0/1,1/1,unresolved
image-21,singleton,planar_translation_4_1,complete,1,1,0/1,1/1,False,1/2,-1/2,1/2,unresolved
image-21,singleton,planar_translation_4_1,complete,1,2,1/1,1/1,True,1/1,-1/1,0/1,excluded
image-21,singleton,planar_translation_5_1,complete,1,0,0/1,0/1,True,0/1,0/1,1/1,unresolved
image-21,singleton,planar_translation_5_1,complete,1,1,0/1,1/1,False,1/2,-1/2,1/2,unresolved
image-21,singleton,planar_translation_5_1,complete,1,2,1/1,1/1,True,1/1,-1/1,0/1,excluded
image-21,singleton,planar_translation_161_32,complete,1,0,0/1,0/1,True,0/1,0/1,1/1,unresolved
image-21,singleton,planar_translation_161_32,complete,1,1,0/1,1/1,False,1/2,-1/2,1/2,unresolved
image-21,singleton,planar_translation_161_32,complete,1,2,1/1,1/1,True,1/1,-1/1,0/1,excluded
image-21,singleton,planar_translation_8_1,complete,1,0,0/1,0/1,True,0/1,0/1,2/1,unresolved
image-21,singleton,planar_translation_8_1,complete,1,1,0/1,1/1,False,1/2,-1/2,3/2,unresolved
image-21,singleton,planar_translation_8_1,complete,1,2,1/1,1/1,True,1/1,-1/1,1/1,unresolved
image-21,singleton,planar_translation_16_1,complete,1,0,0/1,0/1,True,0/1,0/1,2/1,unresolved
image-21,singleton,planar_translation_16_1,complete,1,1,0/1,1/1,False,1/2,-1/2,3/2,unresolved
image-21,singleton,planar_translation_16_1,complete,1,2,1/1,1/1,True,1/1,-1/1,1/1,unresolved
image-21,singleton,planar_translation_32_1,complete,1,0,0/1,0/1,True,0/1,0/1,2/1,unresolved
image-21,singleton,planar_translation_32_1,complete,1,1,0/1,1/1,False,1/2,-1/2,3/2,unresolved
image-21,singleton,planar_translation_32_1,complete,1,2,1/1,1/1,True,1/1,-1/1,1/1,unresolved
image-21,singleton,planar_translation_64_1,complete,1,0,0/1,0/1,True,0/1,0/1,2/1,unresolved
image-21,singleton,planar_translation_64_1,complete,1,1,0/1,1/1,False,1/2,-1/2,3/2,unresolved
image-21,singleton,planar_translation_64_1,complete,1,2,1/1,1/1,True,1/1,-1/1,1/1,unresolved
image-22,singleton,exact_projection,complete,1,0,0/1,0/1,True,0/1,1/1,1/1,supported
image-22,singleton,exact_projection,complete,1,1,0/1,1/2,False,1/4,1/2,1/2,supported
image-22,singleton,exact_projection,complete,1,2,1/2,1/2,True,1/2,0/1,0/1,excluded
image-22,singleton,exact_projection,complete,1,3,1/2,1/1,False,3/4,-1/2,-1/2,excluded
image-22,singleton,exact_projection,complete,1,4,1/1,1/1,True,1/1,-1/1,-1/1,excluded
image-22,singleton,one_edit_global,complete,1,0,0/1,0/1,True,0/1,0/1,2/1,unresolved
image-22,singleton,one_edit_global,complete,1,1,0/1,1/1,False,1/2,-1/1,1/1,unresolved
image-22,singleton,one_edit_global,complete,1,2,1/1,1/1,True,1/1,-2/1,0/1,excluded
image-22,singleton,one_edit_per_image,complete,1,0,0/1,0/1,True,0/1,0/1,2/1,unresolved
image-22,singleton,one_edit_per_image,complete,1,1,0/1,1/1,False,1/2,-1/1,1/1,unresolved
image-22,singleton,one_edit_per_image,complete,1,2,1/1,1/1,True,1/1,-2/1,0/1,excluded
image-22,singleton,axis_translation_1_1,complete,1,0,0/1,0/1,True,0/1,1/1,1/1,supported
image-22,singleton,axis_translation_1_1,complete,1,1,0/1,1/2,False,1/4,1/2,1/2,supported
image-22,singleton,axis_translation_1_1,complete,1,2,1/2,1/2,True,1/2,0/1,0/1,excluded
image-22,singleton,axis_translation_1_1,complete,1,3,1/2,1/1,False,3/4,-1/2,-1/2,excluded
image-22,singleton,axis_translation_1_1,complete,1,4,1/1,1/1,True,1/1,-1/1,-1/1,excluded
image-22,singleton,axis_translation_2_1,complete,1,0,0/1,0/1,True,0/1,1/1,1/1,supported
image-22,singleton,axis_translation_2_1,complete,1,1,0/1,1/2,False,1/4,1/2,1/2,supported
image-22,singleton,axis_translation_2_1,complete,1,2,1/2,1/2,True,1/2,0/1,0/1,excluded
image-22,singleton,axis_translation_2_1,complete,1,3,1/2,1/1,False,3/4,-1/2,-1/2,excluded
image-22,singleton,axis_translation_2_1,complete,1,4,1/1,1/1,True,1/1,-1/1,-1/1,excluded
image-22,singleton,axis_translation_4_1,complete,1,0,0/1,0/1,True,0/1,1/1,1/1,supported
image-22,singleton,axis_translation_4_1,complete,1,1,0/1,1/2,False,1/4,1/2,1/2,supported
image-22,singleton,axis_translation_4_1,complete,1,2,1/2,1/2,True,1/2,0/1,0/1,excluded
image-22,singleton,axis_translation_4_1,complete,1,3,1/2,1/1,False,3/4,-1/2,-1/2,excluded
image-22,singleton,axis_translation_4_1,complete,1,4,1/1,1/1,True,1/1,-1/1,-1/1,excluded
image-22,singleton,axis_translation_8_1,complete,1,0,0/1,0/1,True,0/1,1/1,1/1,supported
image-22,singleton,axis_translation_8_1,complete,1,1,0/1,1/2,False,1/4,1/2,1/2,supported
image-22,singleton,axis_translation_8_1,complete,1,2,1/2,1/2,True,1/2,0/1,0/1,excluded
image-22,singleton,axis_translation_8_1,complete,1,3,1/2,1/1,False,3/4,-1/2,-1/2,excluded
image-22,singleton,axis_translation_8_1,complete,1,4,1/1,1/1,True,1/1,-1/1,-1/1,excluded
image-22,singleton,axis_translation_16_1,complete,1,0,0/1,0/1,True,0/1,0/1,2/1,unresolved
image-22,singleton,axis_translation_16_1,complete,1,1,0/1,1/1,False,1/2,-1/1,1/1,unresolved
image-22,singleton,axis_translation_16_1,complete,1,2,1/1,1/1,True,1/1,-2/1,0/1,excluded
image-22,singleton,axis_translation_32_1,complete,1,0,0/1,0/1,True,0/1,0/1,2/1,unresolved
image-22,singleton,axis_translation_32_1,complete,1,1,0/1,1/1,False,1/2,-1/1,1/1,unresolved
image-22,singleton,axis_translation_32_1,complete,1,2,1/1,1/1,True,1/1,-2/1,0/1,excluded
image-22,singleton,axis_translation_64_1,complete,1,0,0/1,0/1,True,0/1,0/1,2/1,unresolved
image-22,singleton,axis_translation_64_1,complete,1,1,0/1,1/1,False,1/2,-1/1,1/1,unresolved
image-22,singleton,axis_translation_64_1,complete,1,2,1/1,1/1,True,1/1,-2/1,0/1,excluded
image-22,singleton,planar_translation_1_1,complete,1,0,0/1,0/1,True,0/1,1/1,1/1,supported
image-22,singleton,planar_translation_1_1,complete,1,1,0/1,1/2,False,1/4,1/2,1/2,supported
image-22,singleton,planar_translation_1_1,complete,1,2,1/2,1/2,True,1/2,0/1,0/1,excluded
image-22,singleton,planar_translation_1_1,complete,1,3,1/2,1/1,False,3/4,-1/2,-1/2,excluded
image-22,singleton,planar_translation_1_1,complete,1,4,1/1,1/1,True,1/1,-1/1,-1/1,excluded
image-22,singleton,planar_translation_2_1,complete,1,0,0/1,0/1,True,0/1,1/1,1/1,supported
image-22,singleton,planar_translation_2_1,complete,1,1,0/1,1/2,False,1/4,1/2,1/2,supported
image-22,singleton,planar_translation_2_1,complete,1,2,1/2,1/2,True,1/2,0/1,0/1,excluded
image-22,singleton,planar_translation_2_1,complete,1,3,1/2,1/1,False,3/4,-1/2,-1/2,excluded
image-22,singleton,planar_translation_2_1,complete,1,4,1/1,1/1,True,1/1,-1/1,-1/1,excluded
image-22,singleton,planar_translation_4_1,complete,1,0,0/1,0/1,True,0/1,1/1,1/1,supported
image-22,singleton,planar_translation_4_1,complete,1,1,0/1,1/2,False,1/4,1/2,1/2,supported
image-22,singleton,planar_translation_4_1,complete,1,2,1/2,1/2,True,1/2,0/1,0/1,excluded
image-22,singleton,planar_translation_4_1,complete,1,3,1/2,1/1,False,3/4,-1/2,-1/2,excluded
image-22,singleton,planar_translation_4_1,complete,1,4,1/1,1/1,True,1/1,-1/1,-1/1,excluded
image-22,singleton,planar_translation_5_1,complete,1,0,0/1,0/1,True,0/1,1/1,1/1,supported
image-22,singleton,planar_translation_5_1,complete,1,1,0/1,1/2,False,1/4,1/2,1/2,supported
image-22,singleton,planar_translation_5_1,complete,1,2,1/2,1/2,True,1/2,0/1,0/1,excluded
image-22,singleton,planar_translation_5_1,complete,1,3,1/2,1/1,False,3/4,-1/2,-1/2,excluded
image-22,singleton,planar_translation_5_1,complete,1,4,1/1,1/1,True,1/1,-1/1,-1/1,excluded
image-22,singleton,planar_translation_161_32,complete,1,0,0/1,0/1,True,0/1,1/1,1/1,supported
image-22,singleton,planar_translation_161_32,complete,1,1,0/1,1/2,False,1/4,1/2,1/2,supported
image-22,singleton,planar_translation_161_32,complete,1,2,1/2,1/2,True,1/2,0/1,0/1,excluded
image-22,singleton,planar_translation_161_32,complete,1,3,1/2,1/1,False,3/4,-1/2,-1/2,excluded
image-22,singleton,planar_translation_161_32,complete,1,4,1/1,1/1,True,1/1,-1/1,-1/1,excluded
image-22,singleton,planar_translation_8_1,complete,1,0,0/1,0/1,True,0/1,1/1,1/1,supported
image-22,singleton,planar_translation_8_1,complete,1,1,0/1,1/2,False,1/4,1/2,1/2,supported
image-22,singleton,planar_translation_8_1,complete,1,2,1/2,1/2,True,1/2,0/1,0/1,excluded
image-22,singleton,planar_translation_8_1,complete,1,3,1/2,1/1,False,3/4,-1/2,-1/2,excluded
image-22,singleton,planar_translation_8_1,complete,1,4,1/1,1/1,True,1/1,-1/1,-1/1,excluded
image-22,singleton,planar_translation_16_1,complete,1,0,0/1,0/1,True,0/1,0/1,2/1,unresolved
image-22,singleton,planar_translation_16_1,complete,1,1,0/1,1/1,False,1/2,-1/1,1/1,unresolved
image-22,singleton,planar_translation_16_1,complete,1,2,1/1,1/1,True,1/1,-2/1,0/1,excluded
image-22,singleton,planar_translation_32_1,complete,1,0,0/1,0/1,True,0/1,0/1,2/1,unresolved
image-22,singleton,planar_translation_32_1,complete,1,1,0/1,1/1,False,1/2,-1/1,1/1,unresolved
image-22,singleton,planar_translation_32_1,complete,1,2,1/1,1/1,True,1/1,-2/1,0/1,excluded
image-22,singleton,planar_translation_64_1,complete,1,0,0/1,0/1,True,0/1,0/1,2/1,unresolved
image-22,singleton,planar_translation_64_1,complete,1,1,0/1,1/1,False,1/2,-1/1,1/1,unresolved
image-22,singleton,planar_translation_64_1,complete,1,2,1/1,1/1,True,1/1,-2/1,0/1,excluded
image-23,singleton,exact_projection,complete,1,0,0/1,0/1,True,0/1,0/1,0/1,excluded
image-23,singleton,exact_projection,complete,1,1,0/1,1/1,False,1/2,0/1,0/1,excluded
image-23,singleton,exact_projection,complete,1,2,1/1,1/1,True,1/1,0/1,0/1,excluded
image-23,singleton,one_edit_global,complete,1,0,0/1,0/1,True,0/1,0/1,0/1,excluded
image-23,singleton,one_edit_global,complete,1,1,0/1,1/1,False,1/2,0/1,0/1,excluded
image-23,singleton,one_edit_global,complete,1,2,1/1,1/1,True,1/1,0/1,0/1,excluded
image-23,singleton,one_edit_per_image,complete,1,0,0/1,0/1,True,0/1,0/1,0/1,excluded
image-23,singleton,one_edit_per_image,complete,1,1,0/1,1/1,False,1/2,0/1,0/1,excluded
image-23,singleton,one_edit_per_image,complete,1,2,1/1,1/1,True,1/1,0/1,0/1,excluded
image-23,singleton,axis_translation_1_1,complete,1,0,0/1,0/1,True,0/1,0/1,0/1,excluded
image-23,singleton,axis_translation_1_1,complete,1,1,0/1,1/1,False,1/2,0/1,0/1,excluded
image-23,singleton,axis_translation_1_1,complete,1,2,1/1,1/1,True,1/1,0/1,0/1,excluded
image-23,singleton,axis_translation_2_1,complete,1,0,0/1,0/1,True,0/1,0/1,0/1,excluded
image-23,singleton,axis_translation_2_1,complete,1,1,0/1,1/1,False,1/2,0/1,0/1,excluded
image-23,singleton,axis_translation_2_1,complete,1,2,1/1,1/1,True,1/1,0/1,0/1,excluded
image-23,singleton,axis_translation_4_1,complete,1,0,0/1,0/1,True,0/1,0/1,0/1,excluded
image-23,singleton,axis_translation_4_1,complete,1,1,0/1,1/1,False,1/2,0/1,0/1,excluded
image-23,singleton,axis_translation_4_1,complete,1,2,1/1,1/1,True,1/1,0/1,0/1,excluded
image-23,singleton,axis_translation_8_1,complete,1,0,0/1,0/1,True,0/1,0/1,0/1,excluded
image-23,singleton,axis_translation_8_1,complete,1,1,0/1,1/1,False,1/2,0/1,0/1,excluded
image-23,singleton,axis_translation_8_1,complete,1,2,1/1,1/1,True,1/1,0/1,0/1,excluded
image-23,singleton,axis_translation_16_1,complete,1,0,0/1,0/1,True,0/1,0/1,0/1,excluded
image-23,singleton,axis_translation_16_1,complete,1,1,0/1,1/1,False,1/2,0/1,0/1,excluded
image-23,singleton,axis_translation_16_1,complete,1,2,1/1,1/1,True,1/1,0/1,0/1,excluded
image-23,singleton,axis_translation_32_1,complete,1,0,0/1,0/1,True,0/1,0/1,0/1,excluded
image-23,singleton,axis_translation_32_1,complete,1,1,0/1,1/1,False,1/2,0/1,0/1,excluded
image-23,singleton,axis_translation_32_1,complete,1,2,1/1,1/1,True,1/1,0/1,0/1,excluded
image-23,singleton,axis_translation_64_1,complete,1,0,0/1,0/1,True,0/1,0/1,0/1,excluded
image-23,singleton,axis_translation_64_1,complete,1,1,0/1,1/1,False,1/2,0/1,0/1,excluded
image-23,singleton,axis_translation_64_1,complete,1,2,1/1,1/1,True,1/1,0/1,0/1,excluded
image-23,singleton,planar_translation_1_1,complete,1,0,0/1,0/1,True,0/1,0/1,0/1,excluded
image-23,singleton,planar_translation_1_1,complete,1,1,0/1,1/1,False,1/2,0/1,0/1,excluded
image-23,singleton,planar_translation_1_1,complete,1,2,1/1,1/1,True,1/1,0/1,0/1,excluded
image-23,singleton,planar_translation_2_1,complete,1,0,0/1,0/1,True,0/1,0/1,0/1,excluded
image-23,singleton,planar_translation_2_1,complete,1,1,0/1,1/1,False,1/2,0/1,0/1,excluded
image-23,singleton,planar_translation_2_1,complete,1,2,1/1,1/1,True,1/1,0/1,0/1,excluded
image-23,singleton,planar_translation_4_1,complete,1,0,0/1,0/1,True,0/1,0/1,0/1,excluded
image-23,singleton,planar_translation_4_1,complete,1,1,0/1,1/1,False,1/2,0/1,0/1,excluded
image-23,singleton,planar_translation_4_1,complete,1,2,1/1,1/1,True,1/1,0/1,0/1,excluded
image-23,singleton,planar_translation_5_1,complete,1,0,0/1,0/1,True,0/1,0/1,0/1,excluded
image-23,singleton,planar_translation_5_1,complete,1,1,0/1,1/1,False,1/2,0/1,0/1,excluded
image-23,singleton,planar_translation_5_1,complete,1,2,1/1,1/1,True,1/1,0/1,0/1,excluded
image-23,singleton,planar_translation_161_32,complete,1,0,0/1,0/1,True,0/1,0/1,0/1,excluded
image-23,singleton,planar_translation_161_32,complete,1,1,0/1,1/1,False,1/2,0/1,0/1,excluded
image-23,singleton,planar_translation_161_32,complete,1,2,1/1,1/1,True,1/1,0/1,0/1,excluded
image-23,singleton,planar_translation_8_1,complete,1,0,0/1,0/1,True,0/1,0/1,0/1,excluded
image-23,singleton,planar_translation_8_1,complete,1,1,0/1,1/1,False,1/2,0/1,0/1,excluded
image-23,singleton,planar_translation_8_1,complete,1,2,1/1,1/1,True,1/1,0/1,0/1,excluded
image-23,singleton,planar_translation_16_1,complete,1,0,0/1,0/1,True,0/1,0/1,0/1,excluded
image-23,singleton,planar_translation_16_1,complete,1,1,0/1,1/1,False,1/2,0/1,0/1,excluded
image-23,singleton,planar_translation_16_1,complete,1,2,1/1,1/1,True,1/1,0/1,0/1,excluded
image-23,singleton,planar_translation_32_1,complete,1,0,0/1,0/1,True,0/1,0/1,0/1,excluded
image-23,singleton,planar_translation_32_1,complete,1,1,0/1,1/1,False,1/2,0/1,0/1,excluded
image-23,singleton,planar_translation_32_1,complete,1,2,1/1,1/1,True,1/1,0/1,0/1,excluded
image-23,singleton,planar_translation_64_1,complete,1,0,0/1,0/1,True,0/1,0/1,0/1,excluded
image-23,singleton,planar_translation_64_1,complete,1,1,0/1,1/1,False,1/2,0/1,0/1,excluded
image-23,singleton,planar_translation_64_1,complete,1,2,1/1,1/1,True,1/1,0/1,0/1,excluded
image-24,singleton,exact_projection,complete,1,0,0/1,0/1,True,0/1,0/1,0/1,excluded
image-24,singleton,exact_projection,complete,1,1,0/1,1/1,False,1/2,0/1,0/1,excluded
image-24,singleton,exact_projection,complete,1,2,1/1,1/1,True,1/1,0/1,0/1,excluded
image-24,singleton,one_edit_global,complete,1,0,0/1,0/1,True,0/1,-1/1,1/1,unresolved
image-24,singleton,one_edit_global,complete,1,1,0/1,1/1,False,1/2,-1/1,1/1,unresolved
image-24,singleton,one_edit_global,complete,1,2,1/1,1/1,True,1/1,-1/1,1/1,unresolved
image-24,singleton,one_edit_per_image,complete,1,0,0/1,0/1,True,0/1,-1/1,1/1,unresolved
image-24,singleton,one_edit_per_image,complete,1,1,0/1,1/1,False,1/2,-1/1,1/1,unresolved
image-24,singleton,one_edit_per_image,complete,1,2,1/1,1/1,True,1/1,-1/1,1/1,unresolved
image-24,singleton,axis_translation_1_1,complete,1,0,0/1,0/1,True,0/1,0/1,0/1,excluded
image-24,singleton,axis_translation_1_1,complete,1,1,0/1,1/1,False,1/2,0/1,0/1,excluded
image-24,singleton,axis_translation_1_1,complete,1,2,1/1,1/1,True,1/1,0/1,0/1,excluded
image-24,singleton,axis_translation_2_1,complete,1,0,0/1,0/1,True,0/1,0/1,0/1,excluded
image-24,singleton,axis_translation_2_1,complete,1,1,0/1,1/1,False,1/2,0/1,0/1,excluded
image-24,singleton,axis_translation_2_1,complete,1,2,1/1,1/1,True,1/1,0/1,0/1,excluded
image-24,singleton,axis_translation_4_1,complete,1,0,0/1,0/1,True,0/1,0/1,0/1,excluded
image-24,singleton,axis_translation_4_1,complete,1,1,0/1,1/1,False,1/2,0/1,0/1,excluded
image-24,singleton,axis_translation_4_1,complete,1,2,1/1,1/1,True,1/1,0/1,0/1,excluded
image-24,singleton,axis_translation_8_1,complete,1,0,0/1,0/1,True,0/1,0/1,0/1,excluded
image-24,singleton,axis_translation_8_1,complete,1,1,0/1,1/1,False,1/2,0/1,0/1,excluded
image-24,singleton,axis_translation_8_1,complete,1,2,1/1,1/1,True,1/1,0/1,0/1,excluded
image-24,singleton,axis_translation_16_1,complete,1,0,0/1,0/1,True,0/1,-1/1,0/1,excluded
image-24,singleton,axis_translation_16_1,complete,1,1,0/1,1/1,False,1/2,-1/1,0/1,excluded
image-24,singleton,axis_translation_16_1,complete,1,2,1/1,1/1,True,1/1,-1/1,0/1,excluded
image-24,singleton,axis_translation_32_1,complete,1,0,0/1,0/1,True,0/1,-1/1,1/1,unresolved
image-24,singleton,axis_translation_32_1,complete,1,1,0/1,1/1,False,1/2,-1/1,1/1,unresolved
image-24,singleton,axis_translation_32_1,complete,1,2,1/1,1/1,True,1/1,-1/1,1/1,unresolved
image-24,singleton,axis_translation_64_1,complete,1,0,0/1,0/1,True,0/1,-1/1,1/1,unresolved
image-24,singleton,axis_translation_64_1,complete,1,1,0/1,1/1,False,1/2,-1/1,1/1,unresolved
image-24,singleton,axis_translation_64_1,complete,1,2,1/1,1/1,True,1/1,-1/1,1/1,unresolved
image-24,singleton,planar_translation_1_1,complete,1,0,0/1,0/1,True,0/1,0/1,0/1,excluded
image-24,singleton,planar_translation_1_1,complete,1,1,0/1,1/1,False,1/2,0/1,0/1,excluded
image-24,singleton,planar_translation_1_1,complete,1,2,1/1,1/1,True,1/1,0/1,0/1,excluded
image-24,singleton,planar_translation_2_1,complete,1,0,0/1,0/1,True,0/1,0/1,0/1,excluded
image-24,singleton,planar_translation_2_1,complete,1,1,0/1,1/1,False,1/2,0/1,0/1,excluded
image-24,singleton,planar_translation_2_1,complete,1,2,1/1,1/1,True,1/1,0/1,0/1,excluded
image-24,singleton,planar_translation_4_1,complete,1,0,0/1,0/1,True,0/1,0/1,0/1,excluded
image-24,singleton,planar_translation_4_1,complete,1,1,0/1,1/1,False,1/2,0/1,0/1,excluded
image-24,singleton,planar_translation_4_1,complete,1,2,1/1,1/1,True,1/1,0/1,0/1,excluded
image-24,singleton,planar_translation_5_1,complete,1,0,0/1,0/1,True,0/1,0/1,0/1,excluded
image-24,singleton,planar_translation_5_1,complete,1,1,0/1,1/1,False,1/2,0/1,0/1,excluded
image-24,singleton,planar_translation_5_1,complete,1,2,1/1,1/1,True,1/1,0/1,0/1,excluded
image-24,singleton,planar_translation_161_32,complete,1,0,0/1,0/1,True,0/1,0/1,0/1,excluded
image-24,singleton,planar_translation_161_32,complete,1,1,0/1,1/1,False,1/2,0/1,0/1,excluded
image-24,singleton,planar_translation_161_32,complete,1,2,1/1,1/1,True,1/1,0/1,0/1,excluded
image-24,singleton,planar_translation_8_1,complete,1,0,0/1,0/1,True,0/1,0/1,0/1,excluded
image-24,singleton,planar_translation_8_1,complete,1,1,0/1,1/1,False,1/2,0/1,0/1,excluded
image-24,singleton,planar_translation_8_1,complete,1,2,1/1,1/1,True,1/1,0/1,0/1,excluded
image-24,singleton,planar_translation_16_1,complete,1,0,0/1,0/1,True,0/1,-1/1,1/1,unresolved
image-24,singleton,planar_translation_16_1,complete,1,1,0/1,1/1,False,1/2,-1/1,1/1,unresolved
image-24,singleton,planar_translation_16_1,complete,1,2,1/1,1/1,True,1/1,-1/1,1/1,unresolved
image-24,singleton,planar_translation_32_1,complete,1,0,0/1,0/1,True,0/1,-1/1,1/1,unresolved
image-24,singleton,planar_translation_32_1,complete,1,1,0/1,1/1,False,1/2,-1/1,1/1,unresolved
image-24,singleton,planar_translation_32_1,complete,1,2,1/1,1/1,True,1/1,-1/1,1/1,unresolved
image-24,singleton,planar_translation_64_1,complete,1,0,0/1,0/1,True,0/1,-1/1,1/1,unresolved
image-24,singleton,planar_translation_64_1,complete,1,1,0/1,1/1,False,1/2,-1/1,1/1,unresolved
image-24,singleton,planar_translation_64_1,complete,1,2,1/1,1/1,True,1/1,-1/1,1/1,unresolved
image-25,singleton,exact_projection,complete,1,0,0/1,0/1,True,0/1,-1/1,-1/1,excluded
image-25,singleton,exact_projection,complete,1,1,0/1,1/1,False,1/2,-1/2,-1/2,excluded
image-25,singleton,exact_projection,complete,1,2,1/1,1/1,True,1/1,0/1,0/1,excluded
image-25,singleton,one_edit_global,complete,1,0,0/1,0/1,True,0/1,-2/1,0/1,excluded
image-25,singleton,one_edit_global,complete,1,1,0/1,1/1,False,1/2,-3/2,1/2,unresolved
image-25,singleton,one_edit_global,complete,1,2,1/1,1/1,True,1/1,-1/1,1/1,unresolved
image-25,singleton,one_edit_per_image,complete,1,0,0/1,0/1,True,0/1,-2/1,0/1,excluded
image-25,singleton,one_edit_per_image,complete,1,1,0/1,1/1,False,1/2,-3/2,1/2,unresolved
image-25,singleton,one_edit_per_image,complete,1,2,1/1,1/1,True,1/1,-1/1,1/1,unresolved
image-25,singleton,axis_translation_1_1,complete,1,0,0/1,0/1,True,0/1,-1/1,-1/1,excluded
image-25,singleton,axis_translation_1_1,complete,1,1,0/1,1/1,False,1/2,-1/2,-1/2,excluded
image-25,singleton,axis_translation_1_1,complete,1,2,1/1,1/1,True,1/1,0/1,0/1,excluded
image-25,singleton,axis_translation_2_1,complete,1,0,0/1,0/1,True,0/1,-1/1,-1/1,excluded
image-25,singleton,axis_translation_2_1,complete,1,1,0/1,1/1,False,1/2,-1/2,-1/2,excluded
image-25,singleton,axis_translation_2_1,complete,1,2,1/1,1/1,True,1/1,0/1,0/1,excluded
image-25,singleton,axis_translation_4_1,complete,1,0,0/1,0/1,True,0/1,-1/1,-1/1,excluded
image-25,singleton,axis_translation_4_1,complete,1,1,0/1,1/1,False,1/2,-1/2,-1/2,excluded
image-25,singleton,axis_translation_4_1,complete,1,2,1/1,1/1,True,1/1,0/1,0/1,excluded
image-25,singleton,axis_translation_8_1,complete,1,0,0/1,0/1,True,0/1,-2/1,-1/1,excluded
image-25,singleton,axis_translation_8_1,complete,1,1,0/1,1/1,False,1/2,-3/2,-1/2,excluded
image-25,singleton,axis_translation_8_1,complete,1,2,1/1,1/1,True,1/1,-1/1,0/1,excluded
image-25,singleton,axis_translation_16_1,complete,1,0,0/1,0/1,True,0/1,-2/1,0/1,excluded
image-25,singleton,axis_translation_16_1,complete,1,1,0/1,1/1,False,1/2,-3/2,1/2,unresolved
image-25,singleton,axis_translation_16_1,complete,1,2,1/1,1/1,True,1/1,-1/1,1/1,unresolved
image-25,singleton,axis_translation_32_1,complete,1,0,0/1,0/1,True,0/1,-2/1,0/1,excluded
image-25,singleton,axis_translation_32_1,complete,1,1,0/1,1/1,False,1/2,-3/2,1/2,unresolved
image-25,singleton,axis_translation_32_1,complete,1,2,1/1,1/1,True,1/1,-1/1,1/1,unresolved
image-25,singleton,axis_translation_64_1,complete,1,0,0/1,0/1,True,0/1,-2/1,0/1,excluded
image-25,singleton,axis_translation_64_1,complete,1,1,0/1,1/1,False,1/2,-3/2,1/2,unresolved
image-25,singleton,axis_translation_64_1,complete,1,2,1/1,1/1,True,1/1,-1/1,1/1,unresolved
image-25,singleton,planar_translation_1_1,complete,1,0,0/1,0/1,True,0/1,-1/1,-1/1,excluded
image-25,singleton,planar_translation_1_1,complete,1,1,0/1,1/1,False,1/2,-1/2,-1/2,excluded
image-25,singleton,planar_translation_1_1,complete,1,2,1/1,1/1,True,1/1,0/1,0/1,excluded
image-25,singleton,planar_translation_2_1,complete,1,0,0/1,0/1,True,0/1,-1/1,-1/1,excluded
image-25,singleton,planar_translation_2_1,complete,1,1,0/1,1/1,False,1/2,-1/2,-1/2,excluded
image-25,singleton,planar_translation_2_1,complete,1,2,1/1,1/1,True,1/1,0/1,0/1,excluded
image-25,singleton,planar_translation_4_1,complete,1,0,0/1,0/1,True,0/1,-1/1,-1/1,excluded
image-25,singleton,planar_translation_4_1,complete,1,1,0/1,1/1,False,1/2,-1/2,-1/2,excluded
image-25,singleton,planar_translation_4_1,complete,1,2,1/1,1/1,True,1/1,0/1,0/1,excluded
image-25,singleton,planar_translation_5_1,complete,1,0,0/1,0/1,True,0/1,-2/1,-1/1,excluded
image-25,singleton,planar_translation_5_1,complete,1,1,0/1,1/1,False,1/2,-3/2,-1/2,excluded
image-25,singleton,planar_translation_5_1,complete,1,2,1/1,1/1,True,1/1,-1/1,0/1,excluded
image-25,singleton,planar_translation_161_32,complete,1,0,0/1,0/1,True,0/1,-2/1,-1/1,excluded
image-25,singleton,planar_translation_161_32,complete,1,1,0/1,1/1,False,1/2,-3/2,-1/2,excluded
image-25,singleton,planar_translation_161_32,complete,1,2,1/1,1/1,True,1/1,-1/1,0/1,excluded
image-25,singleton,planar_translation_8_1,complete,1,0,0/1,0/1,True,0/1,-2/1,-1/1,excluded
image-25,singleton,planar_translation_8_1,complete,1,1,0/1,1/1,False,1/2,-3/2,-1/2,excluded
image-25,singleton,planar_translation_8_1,complete,1,2,1/1,1/1,True,1/1,-1/1,0/1,excluded
image-25,singleton,planar_translation_16_1,complete,1,0,0/1,0/1,True,0/1,-2/1,0/1,excluded
image-25,singleton,planar_translation_16_1,complete,1,1,0/1,1/1,False,1/2,-3/2,1/2,unresolved
image-25,singleton,planar_translation_16_1,complete,1,2,1/1,1/1,True,1/1,-1/1,1/1,unresolved
image-25,singleton,planar_translation_32_1,complete,1,0,0/1,0/1,True,0/1,-2/1,0/1,excluded
image-25,singleton,planar_translation_32_1,complete,1,1,0/1,1/1,False,1/2,-3/2,1/2,unresolved
image-25,singleton,planar_translation_32_1,complete,1,2,1/1,1/1,True,1/1,-1/1,1/1,unresolved
image-25,singleton,planar_translation_64_1,complete,1,0,0/1,0/1,True,0/1,-2/1,0/1,excluded
image-25,singleton,planar_translation_64_1,complete,1,1,0/1,1/1,False,1/2,-3/2,1/2,unresolved
image-25,singleton,planar_translation_64_1,complete,1,2,1/1,1/1,True,1/1,-1/1,1/1,unresolved
image-26,singleton,exact_projection,complete,1,0,0/1,0/1,True,0/1,-1/1,-1/1,excluded
image-26,singleton,exact_projection,complete,1,1,0/1,1/1,False,1/2,-3/2,-3/2,excluded
image-26,singleton,exact_projection,complete,1,2,1/1,1/1,True,1/1,-2/1,-2/1,excluded
image-26,singleton,one_edit_global,complete,1,0,0/1,0/1,True,0/1,-3/1,1/1,unresolved
image-26,singleton,one_edit_global,complete,1,1,0/1,1/1,False,1/2,-7/2,1/2,unresolved
image-26,singleton,one_edit_global,complete,1,2,1/1,1/1,True,1/1,-4/1,0/1,excluded
image-26,singleton,one_edit_per_image,complete,1,0,0/1,0/1,True,0/1,-3/1,1/1,unresolved
image-26,singleton,one_edit_per_image,complete,1,1,0/1,1/1,False,1/2,-7/2,1/2,unresolved
image-26,singleton,one_edit_per_image,complete,1,2,1/1,1/1,True,1/1,-4/1,0/1,excluded
image-26,singleton,axis_translation_1_1,complete,1,0,0/1,0/1,True,0/1,-1/1,0/1,excluded
image-26,singleton,axis_translation_1_1,complete,1,1,0/1,1/1,False,1/2,-3/2,-1/2,excluded
image-26,singleton,axis_translation_1_1,complete,1,2,1/1,1/1,True,1/1,-2/1,-1/1,excluded
image-26,singleton,axis_translation_2_1,complete,1,0,0/1,0/1,True,0/1,-1/1,0/1,excluded
image-26,singleton,axis_translation_2_1,complete,1,1,0/1,1/1,False,1/2,-3/2,-1/2,excluded
image-26,singleton,axis_translation_2_1,complete,1,2,1/1,1/1,True,1/1,-2/1,-1/1,excluded
image-26,singleton,axis_translation_4_1,complete,1,0,0/1,0/1,True,0/1,-1/1,0/1,excluded
image-26,singleton,axis_translation_4_1,complete,1,1,0/1,1/1,False,1/2,-3/2,-1/2,excluded
image-26,singleton,axis_translation_4_1,complete,1,2,1/1,1/1,True,1/1,-2/1,-1/1,excluded
image-26,singleton,axis_translation_8_1,complete,1,0,0/1,0/1,True,0/1,-1/1,0/1,excluded
image-26,singleton,axis_translation_8_1,complete,1,1,0/1,1/1,False,1/2,-3/2,-1/2,excluded
image-26,singleton,axis_translation_8_1,complete,1,2,1/1,1/1,True,1/1,-2/1,-1/1,excluded
image-26,singleton,axis_translation_16_1,complete,1,0,0/1,0/1,True,0/1,-1/1,1/1,unresolved
image-26,singleton,axis_translation_16_1,complete,1,1,0/1,1/1,False,1/2,-3/2,1/2,unresolved
image-26,singleton,axis_translation_16_1,complete,1,2,1/1,1/1,True,1/1,-2/1,0/1,excluded
image-26,singleton,axis_translation_32_1,complete,1,0,0/1,0/1,True,0/1,-2/1,1/1,unresolved
image-26,singleton,axis_translation_32_1,complete,1,1,0/1,1/1,False,1/2,-5/2,1/2,unresolved
image-26,singleton,axis_translation_32_1,complete,1,2,1/1,1/1,True,1/1,-3/1,0/1,excluded
image-26,singleton,axis_translation_64_1,complete,1,0,0/1,0/1,True,0/1,-2/1,1/1,unresolved
image-26,singleton,axis_translation_64_1,complete,1,1,0/1,1/1,False,1/2,-5/2,1/2,unresolved
image-26,singleton,axis_translation_64_1,complete,1,2,1/1,1/1,True,1/1,-3/1,0/1,excluded
image-26,singleton,planar_translation_1_1,complete,1,0,0/1,0/1,True,0/1,-1/1,0/1,excluded
image-26,singleton,planar_translation_1_1,complete,1,1,0/1,1/1,False,1/2,-3/2,-1/2,excluded
image-26,singleton,planar_translation_1_1,complete,1,2,1/1,1/1,True,1/1,-2/1,-1/1,excluded
image-26,singleton,planar_translation_2_1,complete,1,0,0/1,0/1,True,0/1,-1/1,0/1,excluded
image-26,singleton,planar_translation_2_1,complete,1,1,0/1,1/1,False,1/2,-3/2,-1/2,excluded
image-26,singleton,planar_translation_2_1,complete,1,2,1/1,1/1,True,1/1,-2/1,-1/1,excluded
image-26,singleton,planar_translation_4_1,complete,1,0,0/1,0/1,True,0/1,-1/1,0/1,excluded
image-26,singleton,planar_translation_4_1,complete,1,1,0/1,1/1,False,1/2,-3/2,-1/2,excluded
image-26,singleton,planar_translation_4_1,complete,1,2,1/1,1/1,True,1/1,-2/1,-1/1,excluded
image-26,singleton,planar_translation_5_1,complete,1,0,0/1,0/1,True,0/1,-1/1,0/1,excluded
image-26,singleton,planar_translation_5_1,complete,1,1,0/1,1/1,False,1/2,-3/2,-1/2,excluded
image-26,singleton,planar_translation_5_1,complete,1,2,1/1,1/1,True,1/1,-2/1,-1/1,excluded
image-26,singleton,planar_translation_161_32,complete,1,0,0/1,0/1,True,0/1,-1/1,0/1,excluded
image-26,singleton,planar_translation_161_32,complete,1,1,0/1,1/1,False,1/2,-3/2,-1/2,excluded
image-26,singleton,planar_translation_161_32,complete,1,2,1/1,1/1,True,1/1,-2/1,-1/1,excluded
image-26,singleton,planar_translation_8_1,complete,1,0,0/1,0/1,True,0/1,-1/1,0/1,excluded
image-26,singleton,planar_translation_8_1,complete,1,1,0/1,1/1,False,1/2,-3/2,-1/2,excluded
image-26,singleton,planar_translation_8_1,complete,1,2,1/1,1/1,True,1/1,-2/1,-1/1,excluded
image-26,singleton,planar_translation_16_1,complete,1,0,0/1,0/1,True,0/1,-2/1,1/1,unresolved
image-26,singleton,planar_translation_16_1,complete,1,1,0/1,1/1,False,1/2,-5/2,1/2,unresolved
image-26,singleton,planar_translation_16_1,complete,1,2,1/1,1/1,True,1/1,-3/1,0/1,excluded
image-26,singleton,planar_translation_32_1,complete,1,0,0/1,0/1,True,0/1,-2/1,1/1,unresolved
image-26,singleton,planar_translation_32_1,complete,1,1,0/1,1/1,False,1/2,-5/2,1/2,unresolved
image-26,singleton,planar_translation_32_1,complete,1,2,1/1,1/1,True,1/1,-3/1,0/1,excluded
image-26,singleton,planar_translation_64_1,complete,1,0,0/1,0/1,True,0/1,-2/1,1/1,unresolved
image-26,singleton,planar_translation_64_1,complete,1,1,0/1,1/1,False,1/2,-5/2,1/2,unresolved
image-26,singleton,planar_translation_64_1,complete,1,2,1/1,1/1,True,1/1,-3/1,0/1,excluded
image-27,singleton,exact_projection,complete,1,0,0/1,0/1,True,0/1,0/1,0/1,excluded
image-27,singleton,exact_projection,complete,1,1,0/1,1/1,False,1/2,-1/2,-1/2,excluded
image-27,singleton,exact_projection,complete,1,2,1/1,1/1,True,1/1,-1/1,-1/1,excluded
image-27,singleton,one_edit_global,complete,1,0,0/1,0/1,True,0/1,-1/1,1/1,unresolved
image-27,singleton,one_edit_global,complete,1,1,0/1,1/1,False,1/2,-3/2,1/2,unresolved
image-27,singleton,one_edit_global,complete,1,2,1/1,1/1,True,1/1,-2/1,0/1,excluded
image-27,singleton,one_edit_per_image,complete,1,0,0/1,0/1,True,0/1,-1/1,1/1,unresolved
image-27,singleton,one_edit_per_image,complete,1,1,0/1,1/1,False,1/2,-3/2,1/2,unresolved
image-27,singleton,one_edit_per_image,complete,1,2,1/1,1/1,True,1/1,-2/1,0/1,excluded
image-27,singleton,axis_translation_1_1,complete,1,0,0/1,0/1,True,0/1,0/1,0/1,excluded
image-27,singleton,axis_translation_1_1,complete,1,1,0/1,1/1,False,1/2,-1/2,-1/2,excluded
image-27,singleton,axis_translation_1_1,complete,1,2,1/1,1/1,True,1/1,-1/1,-1/1,excluded
image-27,singleton,axis_translation_2_1,complete,1,0,0/1,0/1,True,0/1,0/1,0/1,excluded
image-27,singleton,axis_translation_2_1,complete,1,1,0/1,1/1,False,1/2,-1/2,-1/2,excluded
image-27,singleton,axis_translation_2_1,complete,1,2,1/1,1/1,True,1/1,-1/1,-1/1,excluded
image-27,singleton,axis_translation_4_1,complete,1,0,0/1,0/1,True,0/1,0/1,1/1,unresolved
image-27,singleton,axis_translation_4_1,complete,1,1,0/1,1/1,False,1/2,-1/2,1/2,unresolved
image-27,singleton,axis_translation_4_1,complete,1,2,1/1,1/1,True,1/1,-1/1,0/1,excluded
image-27,singleton,axis_translation_8_1,complete,1,0,0/1,0/1,True,0/1,0/1,1/1,unresolved
image-27,singleton,axis_translation_8_1,complete,1,1,0/1,1/1,False,1/2,-1/2,1/2,unresolved
image-27,singleton,axis_translation_8_1,complete,1,2,1/1,1/1,True,1/1,-1/1,0/1,excluded
image-27,singleton,axis_translation_16_1,complete,1,0,0/1,0/1,True,0/1,0/1,1/1,unresolved
image-27,singleton,axis_translation_16_1,complete,1,1,0/1,1/1,False,1/2,-1/2,1/2,unresolved
image-27,singleton,axis_translation_16_1,complete,1,2,1/1,1/1,True,1/1,-1/1,0/1,excluded
image-27,singleton,axis_translation_32_1,complete,1,0,0/1,0/1,True,0/1,-1/1,1/1,unresolved
image-27,singleton,axis_translation_32_1,complete,1,1,0/1,1/1,False,1/2,-3/2,1/2,unresolved
image-27,singleton,axis_translation_32_1,complete,1,2,1/1,1/1,True,1/1,-2/1,0/1,excluded
image-27,singleton,axis_translation_64_1,complete,1,0,0/1,0/1,True,0/1,-1/1,1/1,unresolved
image-27,singleton,axis_translation_64_1,complete,1,1,0/1,1/1,False,1/2,-3/2,1/2,unresolved
image-27,singleton,axis_translation_64_1,complete,1,2,1/1,1/1,True,1/1,-2/1,0/1,excluded
image-27,singleton,planar_translation_1_1,complete,1,0,0/1,0/1,True,0/1,0/1,0/1,excluded
image-27,singleton,planar_translation_1_1,complete,1,1,0/1,1/1,False,1/2,-1/2,-1/2,excluded
image-27,singleton,planar_translation_1_1,complete,1,2,1/1,1/1,True,1/1,-1/1,-1/1,excluded
image-27,singleton,planar_translation_2_1,complete,1,0,0/1,0/1,True,0/1,0/1,0/1,excluded
image-27,singleton,planar_translation_2_1,complete,1,1,0/1,1/1,False,1/2,-1/2,-1/2,excluded
image-27,singleton,planar_translation_2_1,complete,1,2,1/1,1/1,True,1/1,-1/1,-1/1,excluded
image-27,singleton,planar_translation_4_1,complete,1,0,0/1,0/1,True,0/1,0/1,1/1,unresolved
image-27,singleton,planar_translation_4_1,complete,1,1,0/1,1/1,False,1/2,-1/2,1/2,unresolved
image-27,singleton,planar_translation_4_1,complete,1,2,1/1,1/1,True,1/1,-1/1,0/1,excluded
image-27,singleton,planar_translation_5_1,complete,1,0,0/1,0/1,True,0/1,0/1,1/1,unresolved
image-27,singleton,planar_translation_5_1,complete,1,1,0/1,1/1,False,1/2,-1/2,1/2,unresolved
image-27,singleton,planar_translation_5_1,complete,1,2,1/1,1/1,True,1/1,-1/1,0/1,excluded
image-27,singleton,planar_translation_161_32,complete,1,0,0/1,0/1,True,0/1,0/1,1/1,unresolved
image-27,singleton,planar_translation_161_32,complete,1,1,0/1,1/1,False,1/2,-1/2,1/2,unresolved
image-27,singleton,planar_translation_161_32,complete,1,2,1/1,1/1,True,1/1,-1/1,0/1,excluded
image-27,singleton,planar_translation_8_1,complete,1,0,0/1,0/1,True,0/1,0/1,1/1,unresolved
image-27,singleton,planar_translation_8_1,complete,1,1,0/1,1/1,False,1/2,-1/2,1/2,unresolved
image-27,singleton,planar_translation_8_1,complete,1,2,1/1,1/1,True,1/1,-1/1,0/1,excluded
image-27,singleton,planar_translation_16_1,complete,1,0,0/1,0/1,True,0/1,0/1,1/1,unresolved
image-27,singleton,planar_translation_16_1,complete,1,1,0/1,1/1,False,1/2,-1/2,1/2,unresolved
image-27,singleton,planar_translation_16_1,complete,1,2,1/1,1/1,True,1/1,-1/1,0/1,excluded
image-27,singleton,planar_translation_32_1,complete,1,0,0/1,0/1,True,0/1,-1/1,1/1,unresolved
image-27,singleton,planar_translation_32_1,complete,1,1,0/1,1/1,False,1/2,-3/2,1/2,unresolved
image-27,singleton,planar_translation_32_1,complete,1,2,1/1,1/1,True,1/1,-2/1,0/1,excluded
image-27,singleton,planar_translation_64_1,complete,1,0,0/1,0/1,True,0/1,-1/1,1/1,unresolved
image-27,singleton,planar_translation_64_1,complete,1,1,0/1,1/1,False,1/2,-3/2,1/2,unresolved
image-27,singleton,planar_translation_64_1,complete,1,2,1/1,1/1,True,1/1,-2/1,0/1,excluded
image-28,singleton,exact_projection,complete,1,0,0/1,0/1,True,0/1,1/1,1/1,supported
image-28,singleton,exact_projection,complete,1,1,0/1,1/1,False,1/2,1/1,1/1,supported
image-28,singleton,exact_projection,complete,1,2,1/1,1/1,True,1/1,1/1,1/1,supported
image-28,singleton,one_edit_global,complete,1,0,0/1,0/1,True,0/1,-1/1,1/1,unresolved
image-28,singleton,one_edit_global,complete,1,1,0/1,1/1,False,1/2,-1/1,1/1,unresolved
image-28,singleton,one_edit_global,complete,1,2,1/1,1/1,True,1/1,-1/1,1/1,unresolved
image-28,singleton,one_edit_per_image,complete,1,0,0/1,0/1,True,0/1,-1/1,1/1,unresolved
image-28,singleton,one_edit_per_image,complete,1,1,0/1,1/1,False,1/2,-1/1,1/1,unresolved
image-28,singleton,one_edit_per_image,complete,1,2,1/1,1/1,True,1/1,-1/1,1/1,unresolved
image-28,singleton,axis_translation_1_1,complete,1,0,0/1,0/1,True,0/1,1/1,1/1,supported
image-28,singleton,axis_translation_1_1,complete,1,1,0/1,1/1,False,1/2,1/1,1/1,supported
image-28,singleton,axis_translation_1_1,complete,1,2,1/1,1/1,True,1/1,1/1,1/1,supported
image-28,singleton,axis_translation_2_1,complete,1,0,0/1,0/1,True,0/1,1/1,1/1,supported
image-28,singleton,axis_translation_2_1,complete,1,1,0/1,1/1,False,1/2,1/1,1/1,supported
image-28,singleton,axis_translation_2_1,complete,1,2,1/1,1/1,True,1/1,1/1,1/1,supported
image-28,singleton,axis_translation_4_1,complete,1,0,0/1,0/1,True,0/1,1/1,1/1,supported
image-28,singleton,axis_translation_4_1,complete,1,1,0/1,1/1,False,1/2,1/1,1/1,supported
image-28,singleton,axis_translation_4_1,complete,1,2,1/1,1/1,True,1/1,1/1,1/1,supported
image-28,singleton,axis_translation_8_1,complete,1,0,0/1,0/1,True,0/1,0/1,1/1,unresolved
image-28,singleton,axis_translation_8_1,complete,1,1,0/1,1/1,False,1/2,0/1,1/1,unresolved
image-28,singleton,axis_translation_8_1,complete,1,2,1/1,1/1,True,1/1,0/1,1/1,unresolved
image-28,singleton,axis_translation_16_1,complete,1,0,0/1,0/1,True,0/1,0/1,1/1,unresolved
image-28,singleton,axis_translation_16_1,complete,1,1,0/1,1/1,False,1/2,0/1,1/1,unresolved
image-28,singleton,axis_translation_16_1,complete,1,2,1/1,1/1,True,1/1,0/1,1/1,unresolved
image-28,singleton,axis_translation_32_1,complete,1,0,0/1,0/1,True,0/1,0/1,1/1,unresolved
image-28,singleton,axis_translation_32_1,complete,1,1,0/1,1/1,False,1/2,0/1,1/1,unresolved
image-28,singleton,axis_translation_32_1,complete,1,2,1/1,1/1,True,1/1,0/1,1/1,unresolved
image-28,singleton,axis_translation_64_1,complete,1,0,0/1,0/1,True,0/1,0/1,1/1,unresolved
image-28,singleton,axis_translation_64_1,complete,1,1,0/1,1/1,False,1/2,0/1,1/1,unresolved
image-28,singleton,axis_translation_64_1,complete,1,2,1/1,1/1,True,1/1,0/1,1/1,unresolved
image-28,singleton,planar_translation_1_1,complete,1,0,0/1,0/1,True,0/1,1/1,1/1,supported
image-28,singleton,planar_translation_1_1,complete,1,1,0/1,1/1,False,1/2,1/1,1/1,supported
image-28,singleton,planar_translation_1_1,complete,1,2,1/1,1/1,True,1/1,1/1,1/1,supported
image-28,singleton,planar_translation_2_1,complete,1,0,0/1,0/1,True,0/1,1/1,1/1,supported
image-28,singleton,planar_translation_2_1,complete,1,1,0/1,1/1,False,1/2,1/1,1/1,supported
image-28,singleton,planar_translation_2_1,complete,1,2,1/1,1/1,True,1/1,1/1,1/1,supported
image-28,singleton,planar_translation_4_1,complete,1,0,0/1,0/1,True,0/1,1/1,1/1,supported
image-28,singleton,planar_translation_4_1,complete,1,1,0/1,1/1,False,1/2,1/1,1/1,supported
image-28,singleton,planar_translation_4_1,complete,1,2,1/1,1/1,True,1/1,1/1,1/1,supported
image-28,singleton,planar_translation_5_1,complete,1,0,0/1,0/1,True,0/1,1/1,1/1,supported
image-28,singleton,planar_translation_5_1,complete,1,1,0/1,1/1,False,1/2,1/1,1/1,supported
image-28,singleton,planar_translation_5_1,complete,1,2,1/1,1/1,True,1/1,1/1,1/1,supported
image-28,singleton,planar_translation_161_32,complete,1,0,0/1,0/1,True,0/1,1/1,1/1,supported
image-28,singleton,planar_translation_161_32,complete,1,1,0/1,1/1,False,1/2,1/1,1/1,supported
image-28,singleton,planar_translation_161_32,complete,1,2,1/1,1/1,True,1/1,1/1,1/1,supported
image-28,singleton,planar_translation_8_1,complete,1,0,0/1,0/1,True,0/1,0/1,1/1,unresolved
image-28,singleton,planar_translation_8_1,complete,1,1,0/1,1/1,False,1/2,0/1,1/1,unresolved
image-28,singleton,planar_translation_8_1,complete,1,2,1/1,1/1,True,1/1,0/1,1/1,unresolved
image-28,singleton,planar_translation_16_1,complete,1,0,0/1,0/1,True,0/1,0/1,1/1,unresolved
image-28,singleton,planar_translation_16_1,complete,1,1,0/1,1/1,False,1/2,0/1,1/1,unresolved
image-28,singleton,planar_translation_16_1,complete,1,2,1/1,1/1,True,1/1,0/1,1/1,unresolved
image-28,singleton,planar_translation_32_1,complete,1,0,0/1,0/1,True,0/1,0/1,1/1,unresolved
image-28,singleton,planar_translation_32_1,complete,1,1,0/1,1/1,False,1/2,0/1,1/1,unresolved
image-28,singleton,planar_translation_32_1,complete,1,2,1/1,1/1,True,1/1,0/1,1/1,unresolved
image-28,singleton,planar_translation_64_1,complete,1,0,0/1,0/1,True,0/1,0/1,1/1,unresolved
image-28,singleton,planar_translation_64_1,complete,1,1,0/1,1/1,False,1/2,0/1,1/1,unresolved
image-28,singleton,planar_translation_64_1,complete,1,2,1/1,1/1,True,1/1,0/1,1/1,unresolved
image-29,singleton,exact_projection,complete,1,0,0/1,0/1,True,0/1,3/1,3/1,supported
image-29,singleton,exact_projection,complete,1,1,0/1,3/5,False,3/10,3/2,3/2,supported
image-29,singleton,exact_projection,complete,1,2,3/5,3/5,True,3/5,0/1,0/1,excluded
image-29,singleton,exact_projection,complete,1,3,3/5,1/1,False,4/5,-1/1,-1/1,excluded
image-29,singleton,exact_projection,complete,1,4,1/1,1/1,True,1/1,-2/1,-2/1,excluded
image-29,singleton,one_edit_global,complete,1,0,0/1,0/1,True,0/1,2/1,5/1,supported
image-29,singleton,one_edit_global,complete,1,1,0/1,2/5,False,1/5,1/1,4/1,supported
image-29,singleton,one_edit_global,complete,1,2,2/5,2/5,True,2/5,0/1,3/1,unresolved
image-29,singleton,one_edit_global,complete,1,3,2/5,1/1,False,7/10,-3/2,3/2,unresolved
image-29,singleton,one_edit_global,complete,1,4,1/1,1/1,True,1/1,-3/1,0/1,excluded
image-29,singleton,one_edit_per_image,complete,1,0,0/1,0/1,True,0/1,2/1,5/1,supported
image-29,singleton,one_edit_per_image,complete,1,1,0/1,2/5,False,1/5,1/1,4/1,supported
image-29,singleton,one_edit_per_image,complete,1,2,2/5,2/5,True,2/5,0/1,3/1,unresolved
image-29,singleton,one_edit_per_image,complete,1,3,2/5,1/1,False,7/10,-3/2,3/2,unresolved
image-29,singleton,one_edit_per_image,complete,1,4,1/1,1/1,True,1/1,-3/1,0/1,excluded
image-29,singleton,axis_translation_1_1,complete,1,0,0/1,0/1,True,0/1,3/1,3/1,supported
image-29,singleton,axis_translation_1_1,complete,1,1,0/1,3/5,False,3/10,3/2,3/2,supported
image-29,singleton,axis_translation_1_1,complete,1,2,3/5,3/5,True,3/5,0/1,0/1,excluded
image-29,singleton,axis_translation_1_1,complete,1,3,3/5,1/1,False,4/5,-1/1,-1/1,excluded
image-29,singleton,axis_translation_1_1,complete,1,4,1/1,1/1,True,1/1,-2/1,-2/1,excluded
image-29,singleton,axis_translation_2_1,complete,1,0,0/1,0/1,True,0/1,3/1,3/1,supported
image-29,singleton,axis_translation_2_1,complete,1,1,0/1,3/5,False,3/10,3/2,3/2,supported
image-29,singleton,axis_translation_2_1,complete,1,2,3/5,3/5,True,3/5,0/1,0/1,excluded
image-29,singleton,axis_translation_2_1,complete,1,3,3/5,1/1,False,4/5,-1/1,-1/1,excluded
image-29,singleton,axis_translation_2_1,complete,1,4,1/1,1/1,True,1/1,-2/1,-2/1,excluded
image-29,singleton,axis_translation_4_1,complete,1,0,0/1,0/1,True,0/1,3/1,3/1,supported
image-29,singleton,axis_translation_4_1,complete,1,1,0/1,3/5,False,3/10,3/2,3/2,supported
image-29,singleton,axis_translation_4_1,complete,1,2,3/5,3/5,True,3/5,0/1,0/1,excluded
image-29,singleton,axis_translation_4_1,complete,1,3,3/5,1/1,False,4/5,-1/1,-1/1,excluded
image-29,singleton,axis_translation_4_1,complete,1,4,1/1,1/1,True,1/1,-2/1,-2/1,excluded
image-29,singleton,axis_translation_8_1,complete,1,0,0/1,0/1,True,0/1,3/1,4/1,supported
image-29,singleton,axis_translation_8_1,complete,1,1,0/1,3/5,False,3/10,3/2,5/2,supported
image-29,singleton,axis_translation_8_1,complete,1,2,3/5,3/5,True,3/5,0/1,1/1,unresolved
image-29,singleton,axis_translation_8_1,complete,1,3,3/5,4/5,False,7/10,-1/2,1/2,unresolved
image-29,singleton,axis_translation_8_1,complete,1,4,4/5,4/5,True,4/5,-1/1,0/1,excluded
image-29,singleton,axis_translation_8_1,complete,1,5,4/5,1/1,False,9/10,-3/2,-1/2,excluded
image-29,singleton,axis_translation_8_1,complete,1,6,1/1,1/1,True,1/1,-2/1,-1/1,excluded
image-29,singleton,axis_translation_16_1,complete,1,0,0/1,0/1,True,0/1,2/1,4/1,supported
image-29,singleton,axis_translation_16_1,complete,1,1,0/1,2/5,False,1/5,1/1,3/1,supported
image-29,singleton,axis_translation_16_1,complete,1,2,2/5,2/5,True,2/5,0/1,2/1,unresolved
image-29,singleton,axis_translation_16_1,complete,1,3,2/5,4/5,False,3/5,-1/1,1/1,unresolved
image-29,singleton,axis_translation_16_1,complete,1,4,4/5,4/5,True,4/5,-2/1,0/1,excluded
image-29,singleton,axis_translation_16_1,complete,1,5,4/5,1/1,False,9/10,-5/2,-1/2,excluded
image-29,singleton,axis_translation_16_1,complete,1,6,1/1,1/1,True,1/1,-3/1,-1/1,excluded
image-29,singleton,axis_translation_32_1,complete,1,0,0/1,0/1,True,0/1,2/1,5/1,supported
image-29,singleton,axis_translation_32_1,complete,1,1,0/1,2/5,False,1/5,1/1,4/1,supported
image-29,singleton,axis_translation_32_1,complete,1,2,2/5,2/5,True,2/5,0/1,3/1,unresolved
image-29,singleton,axis_translation_32_1,complete,1,3,2/5,1/1,False,7/10,-3/2,3/2,unresolved
image-29,singleton,axis_translation_32_1,complete,1,4,1/1,1/1,True,1/1,-3/1,0/1,excluded
image-29,singleton,axis_translation_64_1,complete,1,0,0/1,0/1,True,0/1,2/1,5/1,supported
image-29,singleton,axis_translation_64_1,complete,1,1,0/1,2/5,False,1/5,1/1,4/1,supported
image-29,singleton,axis_translation_64_1,complete,1,2,2/5,2/5,True,2/5,0/1,3/1,unresolved
image-29,singleton,axis_translation_64_1,complete,1,3,2/5,1/1,False,7/10,-3/2,3/2,unresolved
image-29,singleton,axis_translation_64_1,complete,1,4,1/1,1/1,True,1/1,-3/1,0/1,excluded
image-29,singleton,planar_translation_1_1,complete,1,0,0/1,0/1,True,0/1,3/1,3/1,supported
image-29,singleton,planar_translation_1_1,complete,1,1,0/1,3/5,False,3/10,3/2,3/2,supported
image-29,singleton,planar_translation_1_1,complete,1,2,3/5,3/5,True,3/5,0/1,0/1,excluded
image-29,singleton,planar_translation_1_1,complete,1,3,3/5,1/1,False,4/5,-1/1,-1/1,excluded
image-29,singleton,planar_translation_1_1,complete,1,4,1/1,1/1,True,1/1,-2/1,-2/1,excluded
image-29,singleton,planar_translation_2_1,complete,1,0,0/1,0/1,True,0/1,3/1,3/1,supported
image-29,singleton,planar_translation_2_1,complete,1,1,0/1,3/5,False,3/10,3/2,3/2,supported
image-29,singleton,planar_translation_2_1,complete,1,2,3/5,3/5,True,3/5,0/1,0/1,excluded
image-29,singleton,planar_translation_2_1,complete,1,3,3/5,1/1,False,4/5,-1/1,-1/1,excluded
image-29,singleton,planar_translation_2_1,complete,1,4,1/1,1/1,True,1/1,-2/1,-2/1,excluded
image-29,singleton,planar_translation_4_1,complete,1,0,0/1,0/1,True,0/1,3/1,4/1,supported
image-29,singleton,planar_translation_4_1,complete,1,1,0/1,3/5,False,3/10,3/2,5/2,supported
image-29,singleton,planar_translation_4_1,complete,1,2,3/5,3/5,True,3/5,0/1,1/1,unresolved
image-29,singleton,planar_translation_4_1,complete,1,3,3/5,4/5,False,7/10,-1/2,1/2,unresolved
image-29,singleton,planar_translation_4_1,complete,1,4,4/5,4/5,True,4/5,-1/1,0/1,excluded
image-29,singleton,planar_translation_4_1,complete,1,5,4/5,1/1,False,9/10,-3/2,-1/2,excluded
image-29,singleton,planar_translation_4_1,complete,1,6,1/1,1/1,True,1/1,-2/1,-1/1,excluded
image-29,singleton,planar_translation_5_1,complete,1,0,0/1,0/1,True,0/1,3/1,4/1,supported
image-29,singleton,planar_translation_5_1,complete,1,1,0/1,3/5,False,3/10,3/2,5/2,supported
image-29,singleton,planar_translation_5_1,complete,1,2,3/5,3/5,True,3/5,0/1,1/1,unresolved
image-29,singleton,planar_translation_5_1,complete,1,3,3/5,4/5,False,7/10,-1/2,1/2,unresolved
image-29,singleton,planar_translation_5_1,complete,1,4,4/5,4/5,True,4/5,-1/1,0/1,excluded
image-29,singleton,planar_translation_5_1,complete,1,5,4/5,1/1,False,9/10,-3/2,-1/2,excluded
image-29,singleton,planar_translation_5_1,complete,1,6,1/1,1/1,True,1/1,-2/1,-1/1,excluded
image-29,singleton,planar_translation_161_32,complete,1,0,0/1,0/1,True,0/1,3/1,4/1,supported
image-29,singleton,planar_translation_161_32,complete,1,1,0/1,3/5,False,3/10,3/2,5/2,supported
image-29,singleton,planar_translation_161_32,complete,1,2,3/5,3/5,True,3/5,0/1,1/1,unresolved
image-29,singleton,planar_translation_161_32,complete,1,3,3/5,4/5,False,7/10,-1/2,1/2,unresolved
image-29,singleton,planar_translation_161_32,complete,1,4,4/5,4/5,True,4/5,-1/1,0/1,excluded
image-29,singleton,planar_translation_161_32,complete,1,5,4/5,1/1,False,9/10,-3/2,-1/2,excluded
image-29,singleton,planar_translation_161_32,complete,1,6,1/1,1/1,True,1/1,-2/1,-1/1,excluded
image-29,singleton,planar_translation_8_1,complete,1,0,0/1,0/1,True,0/1,2/1,4/1,supported
image-29,singleton,planar_translation_8_1,complete,1,1,0/1,2/5,False,1/5,1/1,3/1,supported
image-29,singleton,planar_translation_8_1,complete,1,2,2/5,2/5,True,2/5,0/1,2/1,unresolved
image-29,singleton,planar_translation_8_1,complete,1,3,2/5,4/5,False,3/5,-1/1,1/1,unresolved
image-29,singleton,planar_translation_8_1,complete,1,4,4/5,4/5,True,4/5,-2/1,0/1,excluded
image-29,singleton,planar_translation_8_1,complete,1,5,4/5,1/1,False,9/10,-5/2,-1/2,excluded
image-29,singleton,planar_translation_8_1,complete,1,6,1/1,1/1,True,1/1,-3/1,-1/1,excluded
image-29,singleton,planar_translation_16_1,complete,1,0,0/1,0/1,True,0/1,2/1,5/1,supported
image-29,singleton,planar_translation_16_1,complete,1,1,0/1,2/5,False,1/5,1/1,4/1,supported
image-29,singleton,planar_translation_16_1,complete,1,2,2/5,2/5,True,2/5,0/1,3/1,unresolved
image-29,singleton,planar_translation_16_1,complete,1,3,2/5,1/1,False,7/10,-3/2,3/2,unresolved
image-29,singleton,planar_translation_16_1,complete,1,4,1/1,1/1,True,1/1,-3/1,0/1,excluded
image-29,singleton,planar_translation_32_1,complete,1,0,0/1,0/1,True,0/1,2/1,5/1,supported
image-29,singleton,planar_translation_32_1,complete,1,1,0/1,2/5,False,1/5,1/1,4/1,supported
image-29,singleton,planar_translation_32_1,complete,1,2,2/5,2/5,True,2/5,0/1,3/1,unresolved
image-29,singleton,planar_translation_32_1,complete,1,3,2/5,1/1,False,7/10,-3/2,3/2,unresolved
image-29,singleton,planar_translation_32_1,complete,1,4,1/1,1/1,True,1/1,-3/1,0/1,excluded
image-29,singleton,planar_translation_64_1,complete,1,0,0/1,0/1,True,0/1,2/1,5/1,supported
image-29,singleton,planar_translation_64_1,complete,1,1,0/1,2/5,False,1/5,1/1,4/1,supported
image-29,singleton,planar_translation_64_1,complete,1,2,2/5,2/5,True,2/5,0/1,3/1,unresolved
image-29,singleton,planar_translation_64_1,complete,1,3,2/5,1/1,False,7/10,-3/2,3/2,unresolved
image-29,singleton,planar_translation_64_1,complete,1,4,1/1,1/1,True,1/1,-3/1,0/1,excluded
image-30,singleton,exact_projection,complete,1,0,0/1,0/1,True,0/1,2/1,2/1,supported
image-30,singleton,exact_projection,complete,1,1,0/1,1/2,False,1/4,1/1,1/1,supported
image-30,singleton,exact_projection,complete,1,2,1/2,1/2,True,1/2,0/1,0/1,excluded
image-30,singleton,exact_projection,complete,1,3,1/2,1/1,False,3/4,-1/1,-1/1,excluded
image-30,singleton,exact_projection,complete,1,4,1/1,1/1,True,1/1,-2/1,-2/1,excluded
image-30,singleton,one_edit_global,complete,1,0,0/1,0/1,True,0/1,1/1,4/1,supported
image-30,singleton,one_edit_global,complete,1,1,0/1,1/4,False,1/8,1/2,7/2,supported
image-30,singleton,one_edit_global,complete,1,2,1/4,1/4,True,1/4,0/1,3/1,unresolved
image-30,singleton,one_edit_global,complete,1,3,1/4,1/1,False,5/8,-3/2,3/2,unresolved
image-30,singleton,one_edit_global,complete,1,4,1/1,1/1,True,1/1,-3/1,0/1,excluded
image-30,singleton,one_edit_per_image,complete,1,0,0/1,0/1,True,0/1,1/1,4/1,supported
image-30,singleton,one_edit_per_image,complete,1,1,0/1,1/4,False,1/8,1/2,7/2,supported
image-30,singleton,one_edit_per_image,complete,1,2,1/4,1/4,True,1/4,0/1,3/1,unresolved
image-30,singleton,one_edit_per_image,complete,1,3,1/4,1/1,False,5/8,-3/2,3/2,unresolved
image-30,singleton,one_edit_per_image,complete,1,4,1/1,1/1,True,1/1,-3/1,0/1,excluded
image-30,singleton,axis_translation_1_1,complete,1,0,0/1,0/1,True,0/1,2/1,3/1,supported
image-30,singleton,axis_translation_1_1,complete,1,1,0/1,1/2,False,1/4,1/1,2/1,supported
image-30,singleton,axis_translation_1_1,complete,1,2,1/2,1/2,True,1/2,0/1,1/1,unresolved
image-30,singleton,axis_translation_1_1,complete,1,3,1/2,3/4,False,5/8,-1/2,1/2,unresolved
image-30,singleton,axis_translation_1_1,complete,1,4,3/4,3/4,True,3/4,-1/1,0/1,excluded
image-30,singleton,axis_translation_1_1,complete,1,5,3/4,1/1,False,7/8,-3/2,-1/2,excluded
image-30,singleton,axis_translation_1_1,complete,1,6,1/1,1/1,True,1/1,-2/1,-1/1,excluded
image-30,singleton,axis_translation_2_1,complete,1,0,0/1,0/1,True,0/1,2/1,3/1,supported
image-30,singleton,axis_translation_2_1,complete,1,1,0/1,1/2,False,1/4,1/1,2/1,supported
image-30,singleton,axis_translation_2_1,complete,1,2,1/2,1/2,True,1/2,0/1,1/1,unresolved
image-30,singleton,axis_translation_2_1,complete,1,3,1/2,3/4,False,5/8,-1/2,1/2,unresolved
image-30,singleton,axis_translation_2_1,complete,1,4,3/4,3/4,True,3/4,-1/1,0/1,excluded
image-30,singleton,axis_translation_2_1,complete,1,5,3/4,1/1,False,7/8,-3/2,-1/2,excluded
image-30,singleton,axis_translation_2_1,complete,1,6,1/1,1/1,True,1/1,-2/1,-1/1,excluded
image-30,singleton,axis_translation_4_1,complete,1,0,0/1,0/1,True,0/1,2/1,3/1,supported
image-30,singleton,axis_translation_4_1,complete,1,1,0/1,1/2,False,1/4,1/1,2/1,supported
image-30,singleton,axis_translation_4_1,complete,1,2,1/2,1/2,True,1/2,0/1,1/1,unresolved
image-30,singleton,axis_translation_4_1,complete,1,3,1/2,3/4,False,5/8,-1/2,1/2,unresolved
image-30,singleton,axis_translation_4_1,complete,1,4,3/4,3/4,True,3/4,-1/1,0/1,excluded
image-30,singleton,axis_translation_4_1,complete,1,5,3/4,1/1,False,7/8,-3/2,-1/2,excluded
image-30,singleton,axis_translation_4_1,complete,1,6,1/1,1/1,True,1/1,-2/1,-1/1,excluded
image-30,singleton,axis_translation_8_1,complete,1,0,0/1,0/1,True,0/1,2/1,3/1,supported
image-30,singleton,axis_translation_8_1,complete,1,1,0/1,1/2,False,1/4,1/1,2/1,supported
image-30,singleton,axis_translation_8_1,complete,1,2,1/2,1/2,True,1/2,0/1,1/1,unresolved
image-30,singleton,axis_translation_8_1,complete,1,3,1/2,3/4,False,5/8,-1/2,1/2,unresolved
image-30,singleton,axis_translation_8_1,complete,1,4,3/4,3/4,True,3/4,-1/1,0/1,excluded
image-30,singleton,axis_translation_8_1,complete,1,5,3/4,1/1,False,7/8,-3/2,-1/2,excluded
image-30,singleton,axis_translation_8_1,complete,1,6,1/1,1/1,True,1/1,-2/1,-1/1,excluded
image-30,singleton,axis_translation_16_1,complete,1,0,0/1,0/1,True,0/1,1/1,3/1,supported
image-30,singleton,axis_translation_16_1,complete,1,1,0/1,1/4,False,1/8,1/2,5/2,supported
image-30,singleton,axis_translation_16_1,complete,1,2,1/4,1/4,True,1/4,0/1,2/1,unresolved
image-30,singleton,axis_translation_16_1,complete,1,3,1/4,3/4,False,1/2,-1/1,1/1,unresolved
image-30,singleton,axis_translation_16_1,complete,1,4,3/4,3/4,True,3/4,-2/1,0/1,excluded
image-30,singleton,axis_translation_16_1,complete,1,5,3/4,1/1,False,7/8,-5/2,-1/2,excluded
image-30,singleton,axis_translation_16_1,complete,1,6,1/1,1/1,True,1/1,-3/1,-1/1,excluded
image-30,singleton,axis_translation_32_1,complete,1,0,0/1,0/1,True,0/1,1/1,3/1,supported
image-30,singleton,axis_translation_32_1,complete,1,1,0/1,1/4,False,1/8,1/2,5/2,supported
image-30,singleton,axis_translation_32_1,complete,1,2,1/4,1/4,True,1/4,0/1,2/1,unresolved
image-30,singleton,axis_translation_32_1,complete,1,3,1/4,3/4,False,1/2,-1/1,1/1,unresolved
image-30,singleton,axis_translation_32_1,complete,1,4,3/4,3/4,True,3/4,-2/1,0/1,excluded
image-30,singleton,axis_translation_32_1,complete,1,5,3/4,1/1,False,7/8,-5/2,-1/2,excluded
image-30,singleton,axis_translation_32_1,complete,1,6,1/1,1/1,True,1/1,-3/1,-1/1,excluded
image-30,singleton,axis_translation_64_1,complete,1,0,0/1,0/1,True,0/1,1/1,3/1,supported
image-30,singleton,axis_translation_64_1,complete,1,1,0/1,1/4,False,1/8,1/2,5/2,supported
image-30,singleton,axis_translation_64_1,complete,1,2,1/4,1/4,True,1/4,0/1,2/1,unresolved
image-30,singleton,axis_translation_64_1,complete,1,3,1/4,3/4,False,1/2,-1/1,1/1,unresolved
image-30,singleton,axis_translation_64_1,complete,1,4,3/4,3/4,True,3/4,-2/1,0/1,excluded
image-30,singleton,axis_translation_64_1,complete,1,5,3/4,1/1,False,7/8,-5/2,-1/2,excluded
image-30,singleton,axis_translation_64_1,complete,1,6,1/1,1/1,True,1/1,-3/1,-1/1,excluded
image-30,singleton,planar_translation_1_1,complete,1,0,0/1,0/1,True,0/1,2/1,3/1,supported
image-30,singleton,planar_translation_1_1,complete,1,1,0/1,1/2,False,1/4,1/1,2/1,supported
image-30,singleton,planar_translation_1_1,complete,1,2,1/2,1/2,True,1/2,0/1,1/1,unresolved
image-30,singleton,planar_translation_1_1,complete,1,3,1/2,3/4,False,5/8,-1/2,1/2,unresolved
image-30,singleton,planar_translation_1_1,complete,1,4,3/4,3/4,True,3/4,-1/1,0/1,excluded
image-30,singleton,planar_translation_1_1,complete,1,5,3/4,1/1,False,7/8,-3/2,-1/2,excluded
image-30,singleton,planar_translation_1_1,complete,1,6,1/1,1/1,True,1/1,-2/1,-1/1,excluded
image-30,singleton,planar_translation_2_1,complete,1,0,0/1,0/1,True,0/1,2/1,3/1,supported
image-30,singleton,planar_translation_2_1,complete,1,1,0/1,1/2,False,1/4,1/1,2/1,supported
image-30,singleton,planar_translation_2_1,complete,1,2,1/2,1/2,True,1/2,0/1,1/1,unresolved
image-30,singleton,planar_translation_2_1,complete,1,3,1/2,3/4,False,5/8,-1/2,1/2,unresolved
image-30,singleton,planar_translation_2_1,complete,1,4,3/4,3/4,True,3/4,-1/1,0/1,excluded
image-30,singleton,planar_translation_2_1,complete,1,5,3/4,1/1,False,7/8,-3/2,-1/2,excluded
image-30,singleton,planar_translation_2_1,complete,1,6,1/1,1/1,True,1/1,-2/1,-1/1,excluded
image-30,singleton,planar_translation_4_1,complete,1,0,0/1,0/1,True,0/1,2/1,3/1,supported
image-30,singleton,planar_translation_4_1,complete,1,1,0/1,1/2,False,1/4,1/1,2/1,supported
image-30,singleton,planar_translation_4_1,complete,1,2,1/2,1/2,True,1/2,0/1,1/1,unresolved
image-30,singleton,planar_translation_4_1,complete,1,3,1/2,3/4,False,5/8,-1/2,1/2,unresolved
image-30,singleton,planar_translation_4_1,complete,1,4,3/4,3/4,True,3/4,-1/1,0/1,excluded
image-30,singleton,planar_translation_4_1,complete,1,5,3/4,1/1,False,7/8,-3/2,-1/2,excluded
image-30,singleton,planar_translation_4_1,complete,1,6,1/1,1/1,True,1/1,-2/1,-1/1,excluded
image-30,singleton,planar_translation_5_1,complete,1,0,0/1,0/1,True,0/1,2/1,3/1,supported
image-30,singleton,planar_translation_5_1,complete,1,1,0/1,1/2,False,1/4,1/1,2/1,supported
image-30,singleton,planar_translation_5_1,complete,1,2,1/2,1/2,True,1/2,0/1,1/1,unresolved
image-30,singleton,planar_translation_5_1,complete,1,3,1/2,3/4,False,5/8,-1/2,1/2,unresolved
image-30,singleton,planar_translation_5_1,complete,1,4,3/4,3/4,True,3/4,-1/1,0/1,excluded
image-30,singleton,planar_translation_5_1,complete,1,5,3/4,1/1,False,7/8,-3/2,-1/2,excluded
image-30,singleton,planar_translation_5_1,complete,1,6,1/1,1/1,True,1/1,-2/1,-1/1,excluded
image-30,singleton,planar_translation_161_32,complete,1,0,0/1,0/1,True,0/1,2/1,3/1,supported
image-30,singleton,planar_translation_161_32,complete,1,1,0/1,1/2,False,1/4,1/1,2/1,supported
image-30,singleton,planar_translation_161_32,complete,1,2,1/2,1/2,True,1/2,0/1,1/1,unresolved
image-30,singleton,planar_translation_161_32,complete,1,3,1/2,3/4,False,5/8,-1/2,1/2,unresolved
image-30,singleton,planar_translation_161_32,complete,1,4,3/4,3/4,True,3/4,-1/1,0/1,excluded
image-30,singleton,planar_translation_161_32,complete,1,5,3/4,1/1,False,7/8,-3/2,-1/2,excluded
image-30,singleton,planar_translation_161_32,complete,1,6,1/1,1/1,True,1/1,-2/1,-1/1,excluded
image-30,singleton,planar_translation_8_1,complete,1,0,0/1,0/1,True,0/1,2/1,3/1,supported
image-30,singleton,planar_translation_8_1,complete,1,1,0/1,1/2,False,1/4,1/1,2/1,supported
image-30,singleton,planar_translation_8_1,complete,1,2,1/2,1/2,True,1/2,0/1,1/1,unresolved
image-30,singleton,planar_translation_8_1,complete,1,3,1/2,3/4,False,5/8,-1/2,1/2,unresolved
image-30,singleton,planar_translation_8_1,complete,1,4,3/4,3/4,True,3/4,-1/1,0/1,excluded
image-30,singleton,planar_translation_8_1,complete,1,5,3/4,1/1,False,7/8,-3/2,-1/2,excluded
image-30,singleton,planar_translation_8_1,complete,1,6,1/1,1/1,True,1/1,-2/1,-1/1,excluded
image-30,singleton,planar_translation_16_1,complete,1,0,0/1,0/1,True,0/1,1/1,3/1,supported
image-30,singleton,planar_translation_16_1,complete,1,1,0/1,1/4,False,1/8,1/2,5/2,supported
image-30,singleton,planar_translation_16_1,complete,1,2,1/4,1/4,True,1/4,0/1,2/1,unresolved
image-30,singleton,planar_translation_16_1,complete,1,3,1/4,3/4,False,1/2,-1/1,1/1,unresolved
image-30,singleton,planar_translation_16_1,complete,1,4,3/4,3/4,True,3/4,-2/1,0/1,excluded
image-30,singleton,planar_translation_16_1,complete,1,5,3/4,1/1,False,7/8,-5/2,-1/2,excluded
image-30,singleton,planar_translation_16_1,complete,1,6,1/1,1/1,True,1/1,-3/1,-1/1,excluded
image-30,singleton,planar_translation_32_1,complete,1,0,0/1,0/1,True,0/1,1/1,3/1,supported
image-30,singleton,planar_translation_32_1,complete,1,1,0/1,1/4,False,1/8,1/2,5/2,supported
image-30,singleton,planar_translation_32_1,complete,1,2,1/4,1/4,True,1/4,0/1,2/1,unresolved
image-30,singleton,planar_translation_32_1,complete,1,3,1/4,3/4,False,1/2,-1/1,1/1,unresolved
image-30,singleton,planar_translation_32_1,complete,1,4,3/4,3/4,True,3/4,-2/1,0/1,excluded
image-30,singleton,planar_translation_32_1,complete,1,5,3/4,1/1,False,7/8,-5/2,-1/2,excluded
image-30,singleton,planar_translation_32_1,complete,1,6,1/1,1/1,True,1/1,-3/1,-1/1,excluded
image-30,singleton,planar_translation_64_1,complete,1,0,0/1,0/1,True,0/1,1/1,3/1,supported
image-30,singleton,planar_translation_64_1,complete,1,1,0/1,1/4,False,1/8,1/2,5/2,supported
image-30,singleton,planar_translation_64_1,complete,1,2,1/4,1/4,True,1/4,0/1,2/1,unresolved
image-30,singleton,planar_translation_64_1,complete,1,3,1/4,3/4,False,1/2,-1/1,1/1,unresolved
image-30,singleton,planar_translation_64_1,complete,1,4,3/4,3/4,True,3/4,-2/1,0/1,excluded
image-30,singleton,planar_translation_64_1,complete,1,5,3/4,1/1,False,7/8,-5/2,-1/2,excluded
image-30,singleton,planar_translation_64_1,complete,1,6,1/1,1/1,True,1/1,-3/1,-1/1,excluded
image-31,singleton,exact_projection,complete,1,0,0/1,0/1,True,0/1,2/1,2/1,supported
image-31,singleton,exact_projection,complete,1,1,0/1,1/1,False,1/2,1/1,1/1,supported
image-31,singleton,exact_projection,complete,1,2,1/1,1/1,True,1/1,0/1,0/1,excluded
image-31,singleton,one_edit_global,complete,1,0,0/1,0/1,True,0/1,1/1,3/1,supported
image-31,singleton,one_edit_global,complete,1,1,0/1,1/2,False,1/4,1/2,5/2,supported
image-31,singleton,one_edit_global,complete,1,2,1/2,1/2,True,1/2,0/1,2/1,unresolved
image-31,singleton,one_edit_global,complete,1,3,1/2,1/1,False,3/4,-1/2,3/2,unresolved
image-31,singleton,one_edit_global,complete,1,4,1/1,1/1,True,1/1,-1/1,1/1,unresolved
image-31,singleton,one_edit_per_image,complete,1,0,0/1,0/1,True,0/1,1/1,3/1,supported
image-31,singleton,one_edit_per_image,complete,1,1,0/1,1/2,False,1/4,1/2,5/2,supported
image-31,singleton,one_edit_per_image,complete,1,2,1/2,1/2,True,1/2,0/1,2/1,unresolved
image-31,singleton,one_edit_per_image,complete,1,3,1/2,1/1,False,3/4,-1/2,3/2,unresolved
image-31,singleton,one_edit_per_image,complete,1,4,1/1,1/1,True,1/1,-1/1,1/1,unresolved
image-31,singleton,axis_translation_1_1,complete,1,0,0/1,0/1,True,0/1,2/1,2/1,supported
image-31,singleton,axis_translation_1_1,complete,1,1,0/1,1/1,False,1/2,1/1,1/1,supported
image-31,singleton,axis_translation_1_1,complete,1,2,1/1,1/1,True,1/1,0/1,0/1,excluded
image-31,singleton,axis_translation_2_1,complete,1,0,0/1,0/1,True,0/1,2/1,2/1,supported
image-31,singleton,axis_translation_2_1,complete,1,1,0/1,1/1,False,1/2,1/1,1/1,supported
image-31,singleton,axis_translation_2_1,complete,1,2,1/1,1/1,True,1/1,0/1,0/1,excluded
image-31,singleton,axis_translation_4_1,complete,1,0,0/1,0/1,True,0/1,2/1,2/1,supported
image-31,singleton,axis_translation_4_1,complete,1,1,0/1,1/1,False,1/2,1/1,1/1,supported
image-31,singleton,axis_translation_4_1,complete,1,2,1/1,1/1,True,1/1,0/1,0/1,excluded
image-31,singleton,axis_translation_8_1,complete,1,0,0/1,0/1,True,0/1,1/1,2/1,supported
image-31,singleton,axis_translation_8_1,complete,1,1,0/1,1/2,False,1/4,1/2,3/2,supported
image-31,singleton,axis_translation_8_1,complete,1,2,1/2,1/2,True,1/2,0/1,1/1,unresolved
image-31,singleton,axis_translation_8_1,complete,1,3,1/2,1/1,False,3/4,-1/2,1/2,unresolved
image-31,singleton,axis_translation_8_1,complete,1,4,1/1,1/1,True,1/1,-1/1,0/1,excluded
image-31,singleton,axis_translation_16_1,complete,1,0,0/1,0/1,True,0/1,1/1,3/1,supported
image-31,singleton,axis_translation_16_1,complete,1,1,0/1,1/2,False,1/4,1/2,5/2,supported
image-31,singleton,axis_translation_16_1,complete,1,2,1/2,1/2,True,1/2,0/1,2/1,unresolved
image-31,singleton,axis_translation_16_1,complete,1,3,1/2,1/1,False,3/4,-1/2,3/2,unresolved
image-31,singleton,axis_translation_16_1,complete,1,4,1/1,1/1,True,1/1,-1/1,1/1,unresolved
image-31,singleton,axis_translation_32_1,complete,1,0,0/1,0/1,True,0/1,1/1,3/1,supported
image-31,singleton,axis_translation_32_1,complete,1,1,0/1,1/2,False,1/4,1/2,5/2,supported
image-31,singleton,axis_translation_32_1,complete,1,2,1/2,1/2,True,1/2,0/1,2/1,unresolved
image-31,singleton,axis_translation_32_1,complete,1,3,1/2,1/1,False,3/4,-1/2,3/2,unresolved
image-31,singleton,axis_translation_32_1,complete,1,4,1/1,1/1,True,1/1,-1/1,1/1,unresolved
image-31,singleton,axis_translation_64_1,complete,1,0,0/1,0/1,True,0/1,1/1,3/1,supported
image-31,singleton,axis_translation_64_1,complete,1,1,0/1,1/2,False,1/4,1/2,5/2,supported
image-31,singleton,axis_translation_64_1,complete,1,2,1/2,1/2,True,1/2,0/1,2/1,unresolved
image-31,singleton,axis_translation_64_1,complete,1,3,1/2,1/1,False,3/4,-1/2,3/2,unresolved
image-31,singleton,axis_translation_64_1,complete,1,4,1/1,1/1,True,1/1,-1/1,1/1,unresolved
image-31,singleton,planar_translation_1_1,complete,1,0,0/1,0/1,True,0/1,2/1,2/1,supported
image-31,singleton,planar_translation_1_1,complete,1,1,0/1,1/1,False,1/2,1/1,1/1,supported
image-31,singleton,planar_translation_1_1,complete,1,2,1/1,1/1,True,1/1,0/1,0/1,excluded
image-31,singleton,planar_translation_2_1,complete,1,0,0/1,0/1,True,0/1,2/1,2/1,supported
image-31,singleton,planar_translation_2_1,complete,1,1,0/1,1/1,False,1/2,1/1,1/1,supported
image-31,singleton,planar_translation_2_1,complete,1,2,1/1,1/1,True,1/1,0/1,0/1,excluded
image-31,singleton,planar_translation_4_1,complete,1,0,0/1,0/1,True,0/1,2/1,2/1,supported
image-31,singleton,planar_translation_4_1,complete,1,1,0/1,1/1,False,1/2,1/1,1/1,supported
image-31,singleton,planar_translation_4_1,complete,1,2,1/1,1/1,True,1/1,0/1,0/1,excluded
image-31,singleton,planar_translation_5_1,complete,1,0,0/1,0/1,True,0/1,1/1,2/1,supported
image-31,singleton,planar_translation_5_1,complete,1,1,0/1,1/2,False,1/4,1/2,3/2,supported
image-31,singleton,planar_translation_5_1,complete,1,2,1/2,1/2,True,1/2,0/1,1/1,unresolved
image-31,singleton,planar_translation_5_1,complete,1,3,1/2,1/1,False,3/4,-1/2,1/2,unresolved
image-31,singleton,planar_translation_5_1,complete,1,4,1/1,1/1,True,1/1,-1/1,0/1,excluded
image-31,singleton,planar_translation_161_32,complete,1,0,0/1,0/1,True,0/1,1/1,2/1,supported
image-31,singleton,planar_translation_161_32,complete,1,1,0/1,1/2,False,1/4,1/2,3/2,supported
image-31,singleton,planar_translation_161_32,complete,1,2,1/2,1/2,True,1/2,0/1,1/1,unresolved
image-31,singleton,planar_translation_161_32,complete,1,3,1/2,1/1,False,3/4,-1/2,1/2,unresolved
image-31,singleton,planar_translation_161_32,complete,1,4,1/1,1/1,True,1/1,-1/1,0/1,excluded
image-31,singleton,planar_translation_8_1,complete,1,0,0/1,0/1,True,0/1,1/1,2/1,supported
image-31,singleton,planar_translation_8_1,complete,1,1,0/1,1/2,False,1/4,1/2,3/2,supported
image-31,singleton,planar_translation_8_1,complete,1,2,1/2,1/2,True,1/2,0/1,1/1,unresolved
image-31,singleton,planar_translation_8_1,complete,1,3,1/2,1/1,False,3/4,-1/2,1/2,unresolved
image-31,singleton,planar_translation_8_1,complete,1,4,1/1,1/1,True,1/1,-1/1,0/1,excluded
image-31,singleton,planar_translation_16_1,complete,1,0,0/1,0/1,True,0/1,1/1,3/1,supported
image-31,singleton,planar_translation_16_1,complete,1,1,0/1,1/2,False,1/4,1/2,5/2,supported
image-31,singleton,planar_translation_16_1,complete,1,2,1/2,1/2,True,1/2,0/1,2/1,unresolved
image-31,singleton,planar_translation_16_1,complete,1,3,1/2,1/1,False,3/4,-1/2,3/2,unresolved
image-31,singleton,planar_translation_16_1,complete,1,4,1/1,1/1,True,1/1,-1/1,1/1,unresolved
image-31,singleton,planar_translation_32_1,complete,1,0,0/1,0/1,True,0/1,1/1,3/1,supported
image-31,singleton,planar_translation_32_1,complete,1,1,0/1,1/2,False,1/4,1/2,5/2,supported
image-31,singleton,planar_translation_32_1,complete,1,2,1/2,1/2,True,1/2,0/1,2/1,unresolved
image-31,singleton,planar_translation_32_1,complete,1,3,1/2,1/1,False,3/4,-1/2,3/2,unresolved
image-31,singleton,planar_translation_32_1,complete,1,4,1/1,1/1,True,1/1,-1/1,1/1,unresolved
image-31,singleton,planar_translation_64_1,complete,1,0,0/1,0/1,True,0/1,1/1,3/1,supported
image-31,singleton,planar_translation_64_1,complete,1,1,0/1,1/2,False,1/4,1/2,5/2,supported
image-31,singleton,planar_translation_64_1,complete,1,2,1/2,1/2,True,1/2,0/1,2/1,unresolved
image-31,singleton,planar_translation_64_1,complete,1,3,1/2,1/1,False,3/4,-1/2,3/2,unresolved
image-31,singleton,planar_translation_64_1,complete,1,4,1/1,1/1,True,1/1,-1/1,1/1,unresolved
image-32,singleton,exact_projection,complete,1,0,0/1,0/1,True,0/1,1/1,1/1,supported
image-32,singleton,exact_projection,complete,1,1,0/1,1/1,False,1/2,1/2,1/2,supported
image-32,singleton,exact_projection,complete,1,2,1/1,1/1,True,1/1,0/1,0/1,excluded
image-32,singleton,one_edit_global,complete,1,0,0/1,0/1,True,0/1,0/1,2/1,unresolved
image-32,singleton,one_edit_global,complete,1,1,0/1,1/1,False,1/2,-1/2,3/2,unresolved
image-32,singleton,one_edit_global,complete,1,2,1/1,1/1,True,1/1,-1/1,1/1,unresolved
image-32,singleton,one_edit_per_image,complete,1,0,0/1,0/1,True,0/1,0/1,2/1,unresolved
image-32,singleton,one_edit_per_image,complete,1,1,0/1,1/1,False,1/2,-1/2,3/2,unresolved
image-32,singleton,one_edit_per_image,complete,1,2,1/1,1/1,True,1/1,-1/1,1/1,unresolved
image-32,singleton,axis_translation_1_1,complete,1,0,0/1,0/1,True,0/1,1/1,1/1,supported
image-32,singleton,axis_translation_1_1,complete,1,1,0/1,1/1,False,1/2,1/2,1/2,supported
image-32,singleton,axis_translation_1_1,complete,1,2,1/1,1/1,True,1/1,0/1,0/1,excluded
image-32,singleton,axis_translation_2_1,complete,1,0,0/1,0/1,True,0/1,1/1,1/1,supported
image-32,singleton,axis_translation_2_1,complete,1,1,0/1,1/1,False,1/2,1/2,1/2,supported
image-32,singleton,axis_translation_2_1,complete,1,2,1/1,1/1,True,1/1,0/1,0/1,excluded
image-32,singleton,axis_translation_4_1,complete,1,0,0/1,0/1,True,0/1,1/1,2/1,supported
image-32,singleton,axis_translation_4_1,complete,1,1,0/1,1/1,False,1/2,1/2,3/2,supported
image-32,singleton,axis_translation_4_1,complete,1,2,1/1,1/1,True,1/1,0/1,1/1,unresolved
image-32,singleton,axis_translation_8_1,complete,1,0,0/1,0/1,True,0/1,1/1,2/1,supported
image-32,singleton,axis_translation_8_1,complete,1,1,0/1,1/1,False,1/2,1/2,3/2,supported
image-32,singleton,axis_translation_8_1,complete,1,2,1/1,1/1,True,1/1,0/1,1/1,unresolved
image-32,singleton,axis_translation_16_1,complete,1,0,0/1,0/1,True,0/1,0/1,2/1,unresolved
image-32,singleton,axis_translation_16_1,complete,1,1,0/1,1/1,False,1/2,-1/2,3/2,unresolved
image-32,singleton,axis_translation_16_1,complete,1,2,1/1,1/1,True,1/1,-1/1,1/1,unresolved
image-32,singleton,axis_translation_32_1,complete,1,0,0/1,0/1,True,0/1,0/1,2/1,unresolved
image-32,singleton,axis_translation_32_1,complete,1,1,0/1,1/1,False,1/2,-1/2,3/2,unresolved
image-32,singleton,axis_translation_32_1,complete,1,2,1/1,1/1,True,1/1,-1/1,1/1,unresolved
image-32,singleton,axis_translation_64_1,complete,1,0,0/1,0/1,True,0/1,0/1,2/1,unresolved
image-32,singleton,axis_translation_64_1,complete,1,1,0/1,1/1,False,1/2,-1/2,3/2,unresolved
image-32,singleton,axis_translation_64_1,complete,1,2,1/1,1/1,True,1/1,-1/1,1/1,unresolved
image-32,singleton,planar_translation_1_1,complete,1,0,0/1,0/1,True,0/1,1/1,1/1,supported
image-32,singleton,planar_translation_1_1,complete,1,1,0/1,1/1,False,1/2,1/2,1/2,supported
image-32,singleton,planar_translation_1_1,complete,1,2,1/1,1/1,True,1/1,0/1,0/1,excluded
image-32,singleton,planar_translation_2_1,complete,1,0,0/1,0/1,True,0/1,1/1,1/1,supported
image-32,singleton,planar_translation_2_1,complete,1,1,0/1,1/1,False,1/2,1/2,1/2,supported
image-32,singleton,planar_translation_2_1,complete,1,2,1/1,1/1,True,1/1,0/1,0/1,excluded
image-32,singleton,planar_translation_4_1,complete,1,0,0/1,0/1,True,0/1,1/1,2/1,supported
image-32,singleton,planar_translation_4_1,complete,1,1,0/1,1/1,False,1/2,1/2,3/2,supported
image-32,singleton,planar_translation_4_1,complete,1,2,1/1,1/1,True,1/1,0/1,1/1,unresolved
image-32,singleton,planar_translation_5_1,complete,1,0,0/1,0/1,True,0/1,1/1,2/1,supported
image-32,singleton,planar_translation_5_1,complete,1,1,0/1,1/1,False,1/2,1/2,3/2,supported
image-32,singleton,planar_translation_5_1,complete,1,2,1/1,1/1,True,1/1,0/1,1/1,unresolved
image-32,singleton,planar_translation_161_32,complete,1,0,0/1,0/1,True,0/1,1/1,2/1,supported
image-32,singleton,planar_translation_161_32,complete,1,1,0/1,1/1,False,1/2,1/2,3/2,supported
image-32,singleton,planar_translation_161_32,complete,1,2,1/1,1/1,True,1/1,0/1,1/1,unresolved
image-32,singleton,planar_translation_8_1,complete,1,0,0/1,0/1,True,0/1,0/1,2/1,unresolved
image-32,singleton,planar_translation_8_1,complete,1,1,0/1,1/1,False,1/2,-1/2,3/2,unresolved
image-32,singleton,planar_translation_8_1,complete,1,2,1/1,1/1,True,1/1,-1/1,1/1,unresolved
image-32,singleton,planar_translation_16_1,complete,1,0,0/1,0/1,True,0/1,0/1,2/1,unresolved
image-32,singleton,planar_translation_16_1,complete,1,1,0/1,1/1,False,1/2,-1/2,3/2,unresolved
image-32,singleton,planar_translation_16_1,complete,1,2,1/1,1/1,True,1/1,-1/1,1/1,unresolved
image-32,singleton,planar_translation_32_1,complete,1,0,0/1,0/1,True,0/1,0/1,2/1,unresolved
image-32,singleton,planar_translation_32_1,complete,1,1,0/1,1/1,False,1/2,-1/2,3/2,unresolved
image-32,singleton,planar_translation_32_1,complete,1,2,1/1,1/1,True,1/1,-1/1,1/1,unresolved
image-32,singleton,planar_translation_64_1,complete,1,0,0/1,0/1,True,0/1,0/1,2/1,unresolved
image-32,singleton,planar_translation_64_1,complete,1,1,0/1,1/1,False,1/2,-1/2,3/2,unresolved
image-32,singleton,planar_translation_64_1,complete,1,2,1/1,1/1,True,1/1,-1/1,1/1,unresolved
image-33,singleton,exact_projection,complete,1,0,0/1,0/1,True,0/1,4/1,4/1,supported
image-33,singleton,exact_projection,complete,1,1,0/1,1/1,False,1/2,2/1,2/1,supported
image-33,singleton,exact_projection,complete,1,2,1/1,1/1,True,1/1,0/1,0/1,excluded
image-33,singleton,one_edit_global,complete,1,0,0/1,0/1,True,0/1,3/1,5/1,supported
image-33,singleton,one_edit_global,complete,1,1,0/1,3/4,False,3/8,3/2,7/2,supported
image-33,singleton,one_edit_global,complete,1,2,3/4,3/4,True,3/4,0/1,2/1,unresolved
image-33,singleton,one_edit_global,complete,1,3,3/4,1/1,False,7/8,-1/2,3/2,unresolved
image-33,singleton,one_edit_global,complete,1,4,1/1,1/1,True,1/1,-1/1,1/1,unresolved
image-33,singleton,one_edit_per_image,complete,1,0,0/1,0/1,True,0/1,3/1,5/1,supported
image-33,singleton,one_edit_per_image,complete,1,1,0/1,3/4,False,3/8,3/2,7/2,supported
image-33,singleton,one_edit_per_image,complete,1,2,3/4,3/4,True,3/4,0/1,2/1,unresolved
image-33,singleton,one_edit_per_image,complete,1,3,3/4,1/1,False,7/8,-1/2,3/2,unresolved
image-33,singleton,one_edit_per_image,complete,1,4,1/1,1/1,True,1/1,-1/1,1/1,unresolved
image-33,singleton,axis_translation_1_1,complete,1,0,0/1,0/1,True,0/1,4/1,4/1,supported
image-33,singleton,axis_translation_1_1,complete,1,1,0/1,1/1,False,1/2,2/1,2/1,supported
image-33,singleton,axis_translation_1_1,complete,1,2,1/1,1/1,True,1/1,0/1,0/1,excluded
image-33,singleton,axis_translation_2_1,complete,1,0,0/1,0/1,True,0/1,4/1,4/1,supported
image-33,singleton,axis_translation_2_1,complete,1,1,0/1,1/1,False,1/2,2/1,2/1,supported
image-33,singleton,axis_translation_2_1,complete,1,2,1/1,1/1,True,1/1,0/1,0/1,excluded
image-33,singleton,axis_translation_4_1,complete,1,0,0/1,0/1,True,0/1,4/1,4/1,supported
image-33,singleton,axis_translation_4_1,complete,1,1,0/1,1/1,False,1/2,2/1,2/1,supported
image-33,singleton,axis_translation_4_1,complete,1,2,1/1,1/1,True,1/1,0/1,0/1,excluded
image-33,singleton,axis_translation_8_1,complete,1,0,0/1,0/1,True,0/1,3/1,4/1,supported
image-33,singleton,axis_translation_8_1,complete,1,1,0/1,3/4,False,3/8,3/2,5/2,supported
image-33,singleton,axis_translation_8_1,complete,1,2,3/4,3/4,True,3/4,0/1,1/1,unresolved
image-33,singleton,axis_translation_8_1,complete,1,3,3/4,1/1,False,7/8,-1/2,1/2,unresolved
image-33,singleton,axis_translation_8_1,complete,1,4,1/1,1/1,True,1/1,-1/1,0/1,excluded
image-33,singleton,axis_translation_16_1,complete,1,0,0/1,0/1,True,0/1,3/1,4/1,supported
image-33,singleton,axis_translation_16_1,complete,1,1,0/1,3/4,False,3/8,3/2,5/2,supported
image-33,singleton,axis_translation_16_1,complete,1,2,3/4,3/4,True,3/4,0/1,1/1,unresolved
image-33,singleton,axis_translation_16_1,complete,1,3,3/4,1/1,False,7/8,-1/2,1/2,unresolved
image-33,singleton,axis_translation_16_1,complete,1,4,1/1,1/1,True,1/1,-1/1,0/1,excluded
image-33,singleton,axis_translation_32_1,complete,1,0,0/1,0/1,True,0/1,3/1,5/1,supported
image-33,singleton,axis_translation_32_1,complete,1,1,0/1,3/4,False,3/8,3/2,7/2,supported
image-33,singleton,axis_translation_32_1,complete,1,2,3/4,3/4,True,3/4,0/1,2/1,unresolved
image-33,singleton,axis_translation_32_1,complete,1,3,3/4,1/1,False,7/8,-1/2,3/2,unresolved
image-33,singleton,axis_translation_32_1,complete,1,4,1/1,1/1,True,1/1,-1/1,1/1,unresolved
image-33,singleton,axis_translation_64_1,complete,1,0,0/1,0/1,True,0/1,3/1,5/1,supported
image-33,singleton,axis_translation_64_1,complete,1,1,0/1,3/4,False,3/8,3/2,7/2,supported
image-33,singleton,axis_translation_64_1,complete,1,2,3/4,3/4,True,3/4,0/1,2/1,unresolved
image-33,singleton,axis_translation_64_1,complete,1,3,3/4,1/1,False,7/8,-1/2,3/2,unresolved
image-33,singleton,axis_translation_64_1,complete,1,4,1/1,1/1,True,1/1,-1/1,1/1,unresolved
image-33,singleton,planar_translation_1_1,complete,1,0,0/1,0/1,True,0/1,4/1,4/1,supported
image-33,singleton,planar_translation_1_1,complete,1,1,0/1,1/1,False,1/2,2/1,2/1,supported
image-33,singleton,planar_translation_1_1,complete,1,2,1/1,1/1,True,1/1,0/1,0/1,excluded
image-33,singleton,planar_translation_2_1,complete,1,0,0/1,0/1,True,0/1,4/1,4/1,supported
image-33,singleton,planar_translation_2_1,complete,1,1,0/1,1/1,False,1/2,2/1,2/1,supported
image-33,singleton,planar_translation_2_1,complete,1,2,1/1,1/1,True,1/1,0/1,0/1,excluded
image-33,singleton,planar_translation_4_1,complete,1,0,0/1,0/1,True,0/1,4/1,4/1,supported
image-33,singleton,planar_translation_4_1,complete,1,1,0/1,1/1,False,1/2,2/1,2/1,supported
image-33,singleton,planar_translation_4_1,complete,1,2,1/1,1/1,True,1/1,0/1,0/1,excluded
image-33,singleton,planar_translation_5_1,complete,1,0,0/1,0/1,True,0/1,3/1,4/1,supported
image-33,singleton,planar_translation_5_1,complete,1,1,0/1,3/4,False,3/8,3/2,5/2,supported
image-33,singleton,planar_translation_5_1,complete,1,2,3/4,3/4,True,3/4,0/1,1/1,unresolved
image-33,singleton,planar_translation_5_1,complete,1,3,3/4,1/1,False,7/8,-1/2,1/2,unresolved
image-33,singleton,planar_translation_5_1,complete,1,4,1/1,1/1,True,1/1,-1/1,0/1,excluded
image-33,singleton,planar_translation_161_32,complete,1,0,0/1,0/1,True,0/1,3/1,4/1,supported
image-33,singleton,planar_translation_161_32,complete,1,1,0/1,3/4,False,3/8,3/2,5/2,supported
image-33,singleton,planar_translation_161_32,complete,1,2,3/4,3/4,True,3/4,0/1,1/1,unresolved
image-33,singleton,planar_translation_161_32,complete,1,3,3/4,1/1,False,7/8,-1/2,1/2,unresolved
image-33,singleton,planar_translation_161_32,complete,1,4,1/1,1/1,True,1/1,-1/1,0/1,excluded
image-33,singleton,planar_translation_8_1,complete,1,0,0/1,0/1,True,0/1,3/1,4/1,supported
image-33,singleton,planar_translation_8_1,complete,1,1,0/1,3/4,False,3/8,3/2,5/2,supported
image-33,singleton,planar_translation_8_1,complete,1,2,3/4,3/4,True,3/4,0/1,1/1,unresolved
image-33,singleton,planar_translation_8_1,complete,1,3,3/4,1/1,False,7/8,-1/2,1/2,unresolved
image-33,singleton,planar_translation_8_1,complete,1,4,1/1,1/1,True,1/1,-1/1,0/1,excluded
image-33,singleton,planar_translation_16_1,complete,1,0,0/1,0/1,True,0/1,3/1,4/1,supported
image-33,singleton,planar_translation_16_1,complete,1,1,0/1,3/4,False,3/8,3/2,5/2,supported
image-33,singleton,planar_translation_16_1,complete,1,2,3/4,3/4,True,3/4,0/1,1/1,unresolved
image-33,singleton,planar_translation_16_1,complete,1,3,3/4,1/1,False,7/8,-1/2,1/2,unresolved
image-33,singleton,planar_translation_16_1,complete,1,4,1/1,1/1,True,1/1,-1/1,0/1,excluded
image-33,singleton,planar_translation_32_1,complete,1,0,0/1,0/1,True,0/1,3/1,5/1,supported
image-33,singleton,planar_translation_32_1,complete,1,1,0/1,3/4,False,3/8,3/2,7/2,supported
image-33,singleton,planar_translation_32_1,complete,1,2,3/4,3/4,True,3/4,0/1,2/1,unresolved
image-33,singleton,planar_translation_32_1,complete,1,3,3/4,1/1,False,7/8,-1/2,3/2,unresolved
image-33,singleton,planar_translation_32_1,complete,1,4,1/1,1/1,True,1/1,-1/1,1/1,unresolved
image-33,singleton,planar_translation_64_1,complete,1,0,0/1,0/1,True,0/1,3/1,5/1,supported
image-33,singleton,planar_translation_64_1,complete,1,1,0/1,3/4,False,3/8,3/2,7/2,supported
image-33,singleton,planar_translation_64_1,complete,1,2,3/4,3/4,True,3/4,0/1,2/1,unresolved
image-33,singleton,planar_translation_64_1,complete,1,3,3/4,1/1,False,7/8,-1/2,3/2,unresolved
image-33,singleton,planar_translation_64_1,complete,1,4,1/1,1/1,True,1/1,-1/1,1/1,unresolved
image-34,singleton,exact_projection,complete,1,0,0/1,0/1,True,0/1,1/1,1/1,supported
image-34,singleton,exact_projection,complete,1,1,0/1,1/1,False,1/2,1/2,1/2,supported
image-34,singleton,exact_projection,complete,1,2,1/1,1/1,True,1/1,0/1,0/1,excluded
image-34,singleton,one_edit_global,complete,1,0,0/1,0/1,True,0/1,0/1,2/1,unresolved
image-34,singleton,one_edit_global,complete,1,1,0/1,1/1,False,1/2,-1/2,3/2,unresolved
image-34,singleton,one_edit_global,complete,1,2,1/1,1/1,True,1/1,-1/1,1/1,unresolved
image-34,singleton,one_edit_per_image,complete,1,0,0/1,0/1,True,0/1,0/1,2/1,unresolved
image-34,singleton,one_edit_per_image,complete,1,1,0/1,1/1,False,1/2,-1/2,3/2,unresolved
image-34,singleton,one_edit_per_image,complete,1,2,1/1,1/1,True,1/1,-1/1,1/1,unresolved
image-34,singleton,axis_translation_1_1,complete,1,0,0/1,0/1,True,0/1,1/1,1/1,supported
image-34,singleton,axis_translation_1_1,complete,1,1,0/1,1/1,False,1/2,1/2,1/2,supported
image-34,singleton,axis_translation_1_1,complete,1,2,1/1,1/1,True,1/1,0/1,0/1,excluded
image-34,singleton,axis_translation_2_1,complete,1,0,0/1,0/1,True,0/1,1/1,1/1,supported
image-34,singleton,axis_translation_2_1,complete,1,1,0/1,1/1,False,1/2,1/2,1/2,supported
image-34,singleton,axis_translation_2_1,complete,1,2,1/1,1/1,True,1/1,0/1,0/1,excluded
image-34,singleton,axis_translation_4_1,complete,1,0,0/1,0/1,True,0/1,1/1,1/1,supported
image-34,singleton,axis_translation_4_1,complete,1,1,0/1,1/1,False,1/2,1/2,1/2,supported
image-34,singleton,axis_translation_4_1,complete,1,2,1/1,1/1,True,1/1,0/1,0/1,excluded
image-34,singleton,axis_translation_8_1,complete,1,0,0/1,0/1,True,0/1,1/1,1/1,supported
image-34,singleton,axis_translation_8_1,complete,1,1,0/1,1/1,False,1/2,1/2,1/2,supported
image-34,singleton,axis_translation_8_1,complete,1,2,1/1,1/1,True,1/1,0/1,0/1,excluded
image-34,singleton,axis_translation_16_1,complete,1,0,0/1,0/1,True,0/1,1/1,1/1,supported
image-34,singleton,axis_translation_16_1,complete,1,1,0/1,1/1,False,1/2,1/2,1/2,supported
image-34,singleton,axis_translation_16_1,complete,1,2,1/1,1/1,True,1/1,0/1,0/1,excluded
image-34,singleton,axis_translation_32_1,complete,1,0,0/1,0/1,True,0/1,0/1,1/1,unresolved
image-34,singleton,axis_translation_32_1,complete,1,1,0/1,1/1,False,1/2,-1/2,1/2,unresolved
image-34,singleton,axis_translation_32_1,complete,1,2,1/1,1/1,True,1/1,-1/1,0/1,excluded
image-34,singleton,axis_translation_64_1,complete,1,0,0/1,0/1,True,0/1,0/1,2/1,unresolved
image-34,singleton,axis_translation_64_1,complete,1,1,0/1,1/1,False,1/2,-1/2,3/2,unresolved
image-34,singleton,axis_translation_64_1,complete,1,2,1/1,1/1,True,1/1,-1/1,1/1,unresolved
image-34,singleton,planar_translation_1_1,complete,1,0,0/1,0/1,True,0/1,1/1,1/1,supported
image-34,singleton,planar_translation_1_1,complete,1,1,0/1,1/1,False,1/2,1/2,1/2,supported
image-34,singleton,planar_translation_1_1,complete,1,2,1/1,1/1,True,1/1,0/1,0/1,excluded
image-34,singleton,planar_translation_2_1,complete,1,0,0/1,0/1,True,0/1,1/1,1/1,supported
image-34,singleton,planar_translation_2_1,complete,1,1,0/1,1/1,False,1/2,1/2,1/2,supported
image-34,singleton,planar_translation_2_1,complete,1,2,1/1,1/1,True,1/1,0/1,0/1,excluded
image-34,singleton,planar_translation_4_1,complete,1,0,0/1,0/1,True,0/1,1/1,1/1,supported
image-34,singleton,planar_translation_4_1,complete,1,1,0/1,1/1,False,1/2,1/2,1/2,supported
image-34,singleton,planar_translation_4_1,complete,1,2,1/1,1/1,True,1/1,0/1,0/1,excluded
image-34,singleton,planar_translation_5_1,complete,1,0,0/1,0/1,True,0/1,1/1,1/1,supported
image-34,singleton,planar_translation_5_1,complete,1,1,0/1,1/1,False,1/2,1/2,1/2,supported
image-34,singleton,planar_translation_5_1,complete,1,2,1/1,1/1,True,1/1,0/1,0/1,excluded
image-34,singleton,planar_translation_161_32,complete,1,0,0/1,0/1,True,0/1,1/1,1/1,supported
image-34,singleton,planar_translation_161_32,complete,1,1,0/1,1/1,False,1/2,1/2,1/2,supported
image-34,singleton,planar_translation_161_32,complete,1,2,1/1,1/1,True,1/1,0/1,0/1,excluded
image-34,singleton,planar_translation_8_1,complete,1,0,0/1,0/1,True,0/1,1/1,1/1,supported
image-34,singleton,planar_translation_8_1,complete,1,1,0/1,1/1,False,1/2,1/2,1/2,supported
image-34,singleton,planar_translation_8_1,complete,1,2,1/1,1/1,True,1/1,0/1,0/1,excluded
image-34,singleton,planar_translation_16_1,complete,1,0,0/1,0/1,True,0/1,0/1,1/1,unresolved
image-34,singleton,planar_translation_16_1,complete,1,1,0/1,1/1,False,1/2,-1/2,1/2,unresolved
image-34,singleton,planar_translation_16_1,complete,1,2,1/1,1/1,True,1/1,-1/1,0/1,excluded
image-34,singleton,planar_translation_32_1,complete,1,0,0/1,0/1,True,0/1,0/1,2/1,unresolved
image-34,singleton,planar_translation_32_1,complete,1,1,0/1,1/1,False,1/2,-1/2,3/2,unresolved
image-34,singleton,planar_translation_32_1,complete,1,2,1/1,1/1,True,1/1,-1/1,1/1,unresolved
image-34,singleton,planar_translation_64_1,complete,1,0,0/1,0/1,True,0/1,0/1,2/1,unresolved
image-34,singleton,planar_translation_64_1,complete,1,1,0/1,1/1,False,1/2,-1/2,3/2,unresolved
image-34,singleton,planar_translation_64_1,complete,1,2,1/1,1/1,True,1/1,-1/1,1/1,unresolved
image-35,singleton,exact_projection,complete,1,0,0/1,0/1,True,0/1,0/1,0/1,excluded
image-35,singleton,exact_projection,complete,1,1,0/1,1/1,False,1/2,0/1,0/1,excluded
image-35,singleton,exact_projection,complete,1,2,1/1,1/1,True,1/1,0/1,0/1,excluded
image-35,singleton,one_edit_global,complete,1,0,0/1,0/1,True,0/1,-1/1,1/1,unresolved
image-35,singleton,one_edit_global,complete,1,1,0/1,1/1,False,1/2,-1/1,1/1,unresolved
image-35,singleton,one_edit_global,complete,1,2,1/1,1/1,True,1/1,-1/1,1/1,unresolved
image-35,singleton,one_edit_per_image,complete,1,0,0/1,0/1,True,0/1,-1/1,1/1,unresolved
image-35,singleton,one_edit_per_image,complete,1,1,0/1,1/1,False,1/2,-1/1,1/1,unresolved
image-35,singleton,one_edit_per_image,complete,1,2,1/1,1/1,True,1/1,-1/1,1/1,unresolved
image-35,singleton,axis_translation_1_1,complete,1,0,0/1,0/1,True,0/1,0/1,0/1,excluded
image-35,singleton,axis_translation_1_1,complete,1,1,0/1,1/1,False,1/2,0/1,0/1,excluded
image-35,singleton,axis_translation_1_1,complete,1,2,1/1,1/1,True,1/1,0/1,0/1,excluded
image-35,singleton,axis_translation_2_1,complete,1,0,0/1,0/1,True,0/1,0/1,0/1,excluded
image-35,singleton,axis_translation_2_1,complete,1,1,0/1,1/1,False,1/2,0/1,0/1,excluded
image-35,singleton,axis_translation_2_1,complete,1,2,1/1,1/1,True,1/1,0/1,0/1,excluded
image-35,singleton,axis_translation_4_1,complete,1,0,0/1,0/1,True,0/1,0/1,0/1,excluded
image-35,singleton,axis_translation_4_1,complete,1,1,0/1,1/1,False,1/2,0/1,0/1,excluded
image-35,singleton,axis_translation_4_1,complete,1,2,1/1,1/1,True,1/1,0/1,0/1,excluded
image-35,singleton,axis_translation_8_1,complete,1,0,0/1,0/1,True,0/1,-1/1,0/1,excluded
image-35,singleton,axis_translation_8_1,complete,1,1,0/1,1/1,False,1/2,-1/1,0/1,excluded
image-35,singleton,axis_translation_8_1,complete,1,2,1/1,1/1,True,1/1,-1/1,0/1,excluded
image-35,singleton,axis_translation_16_1,complete,1,0,0/1,0/1,True,0/1,-1/1,0/1,excluded
image-35,singleton,axis_translation_16_1,complete,1,1,0/1,1/1,False,1/2,-1/1,0/1,excluded
image-35,singleton,axis_translation_16_1,complete,1,2,1/1,1/1,True,1/1,-1/1,0/1,excluded
image-35,singleton,axis_translation_32_1,complete,1,0,0/1,0/1,True,0/1,-1/1,1/1,unresolved
image-35,singleton,axis_translation_32_1,complete,1,1,0/1,1/1,False,1/2,-1/1,1/1,unresolved
image-35,singleton,axis_translation_32_1,complete,1,2,1/1,1/1,True,1/1,-1/1,1/1,unresolved
image-35,singleton,axis_translation_64_1,complete,1,0,0/1,0/1,True,0/1,-1/1,1/1,unresolved
image-35,singleton,axis_translation_64_1,complete,1,1,0/1,1/1,False,1/2,-1/1,1/1,unresolved
image-35,singleton,axis_translation_64_1,complete,1,2,1/1,1/1,True,1/1,-1/1,1/1,unresolved
image-35,singleton,planar_translation_1_1,complete,1,0,0/1,0/1,True,0/1,0/1,0/1,excluded
image-35,singleton,planar_translation_1_1,complete,1,1,0/1,1/1,False,1/2,0/1,0/1,excluded
image-35,singleton,planar_translation_1_1,complete,1,2,1/1,1/1,True,1/1,0/1,0/1,excluded
image-35,singleton,planar_translation_2_1,complete,1,0,0/1,0/1,True,0/1,0/1,0/1,excluded
image-35,singleton,planar_translation_2_1,complete,1,1,0/1,1/1,False,1/2,0/1,0/1,excluded
image-35,singleton,planar_translation_2_1,complete,1,2,1/1,1/1,True,1/1,0/1,0/1,excluded
image-35,singleton,planar_translation_4_1,complete,1,0,0/1,0/1,True,0/1,-1/1,0/1,excluded
image-35,singleton,planar_translation_4_1,complete,1,1,0/1,1/1,False,1/2,-1/1,0/1,excluded
image-35,singleton,planar_translation_4_1,complete,1,2,1/1,1/1,True,1/1,-1/1,0/1,excluded
image-35,singleton,planar_translation_5_1,complete,1,0,0/1,0/1,True,0/1,-1/1,0/1,excluded
image-35,singleton,planar_translation_5_1,complete,1,1,0/1,1/1,False,1/2,-1/1,0/1,excluded
image-35,singleton,planar_translation_5_1,complete,1,2,1/1,1/1,True,1/1,-1/1,0/1,excluded
image-35,singleton,planar_translation_161_32,complete,1,0,0/1,0/1,True,0/1,-1/1,0/1,excluded
image-35,singleton,planar_translation_161_32,complete,1,1,0/1,1/1,False,1/2,-1/1,0/1,excluded
image-35,singleton,planar_translation_161_32,complete,1,2,1/1,1/1,True,1/1,-1/1,0/1,excluded
image-35,singleton,planar_translation_8_1,complete,1,0,0/1,0/1,True,0/1,-1/1,0/1,excluded
image-35,singleton,planar_translation_8_1,complete,1,1,0/1,1/1,False,1/2,-1/1,0/1,excluded
image-35,singleton,planar_translation_8_1,complete,1,2,1/1,1/1,True,1/1,-1/1,0/1,excluded
image-35,singleton,planar_translation_16_1,complete,1,0,0/1,0/1,True,0/1,-1/1,1/1,unresolved
image-35,singleton,planar_translation_16_1,complete,1,1,0/1,1/1,False,1/2,-1/1,1/1,unresolved
image-35,singleton,planar_translation_16_1,complete,1,2,1/1,1/1,True,1/1,-1/1,1/1,unresolved
image-35,singleton,planar_translation_32_1,complete,1,0,0/1,0/1,True,0/1,-1/1,1/1,unresolved
image-35,singleton,planar_translation_32_1,complete,1,1,0/1,1/1,False,1/2,-1/1,1/1,unresolved
image-35,singleton,planar_translation_32_1,complete,1,2,1/1,1/1,True,1/1,-1/1,1/1,unresolved
image-35,singleton,planar_translation_64_1,complete,1,0,0/1,0/1,True,0/1,-1/1,1/1,unresolved
image-35,singleton,planar_translation_64_1,complete,1,1,0/1,1/1,False,1/2,-1/1,1/1,unresolved
image-35,singleton,planar_translation_64_1,complete,1,2,1/1,1/1,True,1/1,-1/1,1/1,unresolved
image-36,singleton,exact_projection,complete,1,0,0/1,0/1,True,0/1,1/1,1/1,supported
image-36,singleton,exact_projection,complete,1,1,0/1,1/1,False,1/2,1/2,1/2,supported
image-36,singleton,exact_projection,complete,1,2,1/1,1/1,True,1/1,0/1,0/1,excluded
image-36,singleton,one_edit_global,complete,1,0,0/1,0/1,True,0/1,0/1,1/1,unresolved
image-36,singleton,one_edit_global,complete,1,1,0/1,1/1,False,1/2,-1/2,1/2,unresolved
image-36,singleton,one_edit_global,complete,1,2,1/1,1/1,True,1/1,-1/1,0/1,excluded
image-36,singleton,one_edit_per_image,complete,1,0,0/1,0/1,True,0/1,0/1,1/1,unresolved
image-36,singleton,one_edit_per_image,complete,1,1,0/1,1/1,False,1/2,-1/2,1/2,unresolved
image-36,singleton,one_edit_per_image,complete,1,2,1/1,1/1,True,1/1,-1/1,0/1,excluded
image-36,singleton,axis_translation_1_1,complete,1,0,0/1,0/1,True,0/1,1/1,1/1,supported
image-36,singleton,axis_translation_1_1,complete,1,1,0/1,1/1,False,1/2,1/2,1/2,supported
image-36,singleton,axis_translation_1_1,complete,1,2,1/1,1/1,True,1/1,0/1,0/1,excluded
image-36,singleton,axis_translation_2_1,complete,1,0,0/1,0/1,True,0/1,1/1,1/1,supported
image-36,singleton,axis_translation_2_1,complete,1,1,0/1,1/1,False,1/2,1/2,1/2,supported
image-36,singleton,axis_translation_2_1,complete,1,2,1/1,1/1,True,1/1,0/1,0/1,excluded
image-36,singleton,axis_translation_4_1,complete,1,0,0/1,0/1,True,0/1,0/1,1/1,unresolved
image-36,singleton,axis_translation_4_1,complete,1,1,0/1,1/1,False,1/2,-1/2,1/2,unresolved
image-36,singleton,axis_translation_4_1,complete,1,2,1/1,1/1,True,1/1,-1/1,0/1,excluded
image-36,singleton,axis_translation_8_1,complete,1,0,0/1,0/1,True,0/1,0/1,1/1,unresolved
image-36,singleton,axis_translation_8_1,complete,1,1,0/1,1/1,False,1/2,-1/2,1/2,unresolved
image-36,singleton,axis_translation_8_1,complete,1,2,1/1,1/1,True,1/1,-1/1,0/1,excluded
image-36,singleton,axis_translation_16_1,complete,1,0,0/1,0/1,True,0/1,0/1,1/1,unresolved
image-36,singleton,axis_translation_16_1,complete,1,1,0/1,1/1,False,1/2,-1/2,1/2,unresolved
image-36,singleton,axis_translation_16_1,complete,1,2,1/1,1/1,True,1/1,-1/1,0/1,excluded
image-36,singleton,axis_translation_32_1,complete,1,0,0/1,0/1,True,0/1,0/1,1/1,unresolved
image-36,singleton,axis_translation_32_1,complete,1,1,0/1,1/1,False,1/2,-1/2,1/2,unresolved
image-36,singleton,axis_translation_32_1,complete,1,2,1/1,1/1,True,1/1,-1/1,0/1,excluded
image-36,singleton,axis_translation_64_1,complete,1,0,0/1,0/1,True,0/1,0/1,1/1,unresolved
image-36,singleton,axis_translation_64_1,complete,1,1,0/1,1/1,False,1/2,-1/2,1/2,unresolved
image-36,singleton,axis_translation_64_1,complete,1,2,1/1,1/1,True,1/1,-1/1,0/1,excluded
image-36,singleton,planar_translation_1_1,complete,1,0,0/1,0/1,True,0/1,1/1,1/1,supported
image-36,singleton,planar_translation_1_1,complete,1,1,0/1,1/1,False,1/2,1/2,1/2,supported
image-36,singleton,planar_translation_1_1,complete,1,2,1/1,1/1,True,1/1,0/1,0/1,excluded
image-36,singleton,planar_translation_2_1,complete,1,0,0/1,0/1,True,0/1,1/1,1/1,supported
image-36,singleton,planar_translation_2_1,complete,1,1,0/1,1/1,False,1/2,1/2,1/2,supported
image-36,singleton,planar_translation_2_1,complete,1,2,1/1,1/1,True,1/1,0/1,0/1,excluded
image-36,singleton,planar_translation_4_1,complete,1,0,0/1,0/1,True,0/1,0/1,1/1,unresolved
image-36,singleton,planar_translation_4_1,complete,1,1,0/1,1/1,False,1/2,-1/2,1/2,unresolved
image-36,singleton,planar_translation_4_1,complete,1,2,1/1,1/1,True,1/1,-1/1,0/1,excluded
image-36,singleton,planar_translation_5_1,complete,1,0,0/1,0/1,True,0/1,0/1,1/1,unresolved
image-36,singleton,planar_translation_5_1,complete,1,1,0/1,1/1,False,1/2,-1/2,1/2,unresolved
image-36,singleton,planar_translation_5_1,complete,1,2,1/1,1/1,True,1/1,-1/1,0/1,excluded
image-36,singleton,planar_translation_161_32,complete,1,0,0/1,0/1,True,0/1,0/1,1/1,unresolved
image-36,singleton,planar_translation_161_32,complete,1,1,0/1,1/1,False,1/2,-1/2,1/2,unresolved
image-36,singleton,planar_translation_161_32,complete,1,2,1/1,1/1,True,1/1,-1/1,0/1,excluded
image-36,singleton,planar_translation_8_1,complete,1,0,0/1,0/1,True,0/1,0/1,1/1,unresolved
image-36,singleton,planar_translation_8_1,complete,1,1,0/1,1/1,False,1/2,-1/2,1/2,unresolved
image-36,singleton,planar_translation_8_1,complete,1,2,1/1,1/1,True,1/1,-1/1,0/1,excluded
image-36,singleton,planar_translation_16_1,complete,1,0,0/1,0/1,True,0/1,0/1,1/1,unresolved
image-36,singleton,planar_translation_16_1,complete,1,1,0/1,1/1,False,1/2,-1/2,1/2,unresolved
image-36,singleton,planar_translation_16_1,complete,1,2,1/1,1/1,True,1/1,-1/1,0/1,excluded
image-36,singleton,planar_translation_32_1,complete,1,0,0/1,0/1,True,0/1,0/1,1/1,unresolved
image-36,singleton,planar_translation_32_1,complete,1,1,0/1,1/1,False,1/2,-1/2,1/2,unresolved
image-36,singleton,planar_translation_32_1,complete,1,2,1/1,1/1,True,1/1,-1/1,0/1,excluded
image-36,singleton,planar_translation_64_1,complete,1,0,0/1,0/1,True,0/1,0/1,1/1,unresolved
image-36,singleton,planar_translation_64_1,complete,1,1,0/1,1/1,False,1/2,-1/2,1/2,unresolved
image-36,singleton,planar_translation_64_1,complete,1,2,1/1,1/1,True,1/1,-1/1,0/1,excluded
image-37,singleton,exact_projection,complete,1,0,0/1,0/1,True,0/1,0/1,0/1,excluded
image-37,singleton,exact_projection,complete,1,1,0/1,1/1,False,1/2,-1/2,-1/2,excluded
image-37,singleton,exact_projection,complete,1,2,1/1,1/1,True,1/1,-1/1,-1/1,excluded
image-37,singleton,one_edit_global,complete,1,0,0/1,0/1,True,0/1,-1/1,2/1,unresolved
image-37,singleton,one_edit_global,complete,1,1,0/1,1/1,False,1/2,-3/2,3/2,unresolved
image-37,singleton,one_edit_global,complete,1,2,1/1,1/1,True,1/1,-2/1,1/1,unresolved
image-37,singleton,one_edit_per_image,complete,1,0,0/1,0/1,True,0/1,-1/1,2/1,unresolved
image-37,singleton,one_edit_per_image,complete,1,1,0/1,1/1,False,1/2,-3/2,3/2,unresolved
image-37,singleton,one_edit_per_image,complete,1,2,1/1,1/1,True,1/1,-2/1,1/1,unresolved
image-37,singleton,axis_translation_1_1,complete,1,0,0/1,0/1,True,0/1,0/1,0/1,excluded
image-37,singleton,axis_translation_1_1,complete,1,1,0/1,1/1,False,1/2,-1/2,-1/2,excluded
image-37,singleton,axis_translation_1_1,complete,1,2,1/1,1/1,True,1/1,-1/1,-1/1,excluded
image-37,singleton,axis_translation_2_1,complete,1,0,0/1,0/1,True,0/1,0/1,0/1,excluded
image-37,singleton,axis_translation_2_1,complete,1,1,0/1,1/1,False,1/2,-1/2,-1/2,excluded
image-37,singleton,axis_translation_2_1,complete,1,2,1/1,1/1,True,1/1,-1/1,-1/1,excluded
image-37,singleton,axis_translation_4_1,complete,1,0,0/1,0/1,True,0/1,0/1,0/1,excluded
image-37,singleton,axis_translation_4_1,complete,1,1,0/1,1/1,False,1/2,-1/2,-1/2,excluded
image-37,singleton,axis_translation_4_1,complete,1,2,1/1,1/1,True,1/1,-1/1,-1/1,excluded
image-37,singleton,axis_translation_8_1,complete,1,0,0/1,0/1,True,0/1,0/1,1/1,unresolved
image-37,singleton,axis_translation_8_1,complete,1,1,0/1,1/1,False,1/2,-1/2,1/2,unresolved
image-37,singleton,axis_translation_8_1,complete,1,2,1/1,1/1,True,1/1,-1/1,0/1,excluded
image-37,singleton,axis_translation_16_1,complete,1,0,0/1,0/1,True,0/1,0/1,1/1,unresolved
image-37,singleton,axis_translation_16_1,complete,1,1,0/1,1/1,False,1/2,-1/2,1/2,unresolved
image-37,singleton,axis_translation_16_1,complete,1,2,1/1,1/1,True,1/1,-1/1,0/1,excluded
image-37,singleton,axis_translation_32_1,complete,1,0,0/1,0/1,True,0/1,0/1,1/1,unresolved
image-37,singleton,axis_translation_32_1,complete,1,1,0/1,1/1,False,1/2,-1/2,1/2,unresolved
image-37,singleton,axis_translation_32_1,complete,1,2,1/1,1/1,True,1/1,-1/1,0/1,excluded
image-37,singleton,axis_translation_64_1,complete,1,0,0/1,0/1,True,0/1,0/1,1/1,unresolved
image-37,singleton,axis_translation_64_1,complete,1,1,0/1,1/1,False,1/2,-1/2,1/2,unresolved
image-37,singleton,axis_translation_64_1,complete,1,2,1/1,1/1,True,1/1,-1/1,0/1,excluded
image-37,singleton,planar_translation_1_1,complete,1,0,0/1,0/1,True,0/1,0/1,0/1,excluded
image-37,singleton,planar_translation_1_1,complete,1,1,0/1,1/1,False,1/2,-1/2,-1/2,excluded
image-37,singleton,planar_translation_1_1,complete,1,2,1/1,1/1,True,1/1,-1/1,-1/1,excluded
image-37,singleton,planar_translation_2_1,complete,1,0,0/1,0/1,True,0/1,0/1,0/1,excluded
image-37,singleton,planar_translation_2_1,complete,1,1,0/1,1/1,False,1/2,-1/2,-1/2,excluded
image-37,singleton,planar_translation_2_1,complete,1,2,1/1,1/1,True,1/1,-1/1,-1/1,excluded
image-37,singleton,planar_translation_4_1,complete,1,0,0/1,0/1,True,0/1,0/1,0/1,excluded
image-37,singleton,planar_translation_4_1,complete,1,1,0/1,1/1,False,1/2,-1/2,-1/2,excluded
image-37,singleton,planar_translation_4_1,complete,1,2,1/1,1/1,True,1/1,-1/1,-1/1,excluded
image-37,singleton,planar_translation_5_1,complete,1,0,0/1,0/1,True,0/1,0/1,0/1,excluded
image-37,singleton,planar_translation_5_1,complete,1,1,0/1,1/1,False,1/2,-1/2,-1/2,excluded
image-37,singleton,planar_translation_5_1,complete,1,2,1/1,1/1,True,1/1,-1/1,-1/1,excluded
image-37,singleton,planar_translation_161_32,complete,1,0,0/1,0/1,True,0/1,0/1,0/1,excluded
image-37,singleton,planar_translation_161_32,complete,1,1,0/1,1/1,False,1/2,-1/2,-1/2,excluded
image-37,singleton,planar_translation_161_32,complete,1,2,1/1,1/1,True,1/1,-1/1,-1/1,excluded
image-37,singleton,planar_translation_8_1,complete,1,0,0/1,0/1,True,0/1,0/1,1/1,unresolved
image-37,singleton,planar_translation_8_1,complete,1,1,0/1,1/1,False,1/2,-1/2,1/2,unresolved
image-37,singleton,planar_translation_8_1,complete,1,2,1/1,1/1,True,1/1,-1/1,0/1,excluded
image-37,singleton,planar_translation_16_1,complete,1,0,0/1,0/1,True,0/1,0/1,1/1,unresolved
image-37,singleton,planar_translation_16_1,complete,1,1,0/1,1/1,False,1/2,-1/2,1/2,unresolved
image-37,singleton,planar_translation_16_1,complete,1,2,1/1,1/1,True,1/1,-1/1,0/1,excluded
image-37,singleton,planar_translation_32_1,complete,1,0,0/1,0/1,True,0/1,0/1,1/1,unresolved
image-37,singleton,planar_translation_32_1,complete,1,1,0/1,1/1,False,1/2,-1/2,1/2,unresolved
image-37,singleton,planar_translation_32_1,complete,1,2,1/1,1/1,True,1/1,-1/1,0/1,excluded
image-37,singleton,planar_translation_64_1,complete,1,0,0/1,0/1,True,0/1,0/1,1/1,unresolved
image-37,singleton,planar_translation_64_1,complete,1,1,0/1,1/1,False,1/2,-1/2,1/2,unresolved
image-37,singleton,planar_translation_64_1,complete,1,2,1/1,1/1,True,1/1,-1/1,0/1,excluded
image-38,singleton,exact_projection,complete,1,0,0/1,0/1,True,0/1,1/1,1/1,supported
image-38,singleton,exact_projection,complete,1,1,0/1,1/1,False,1/2,1/2,1/2,supported
image-38,singleton,exact_projection,complete,1,2,1/1,1/1,True,1/1,0/1,0/1,excluded
image-38,singleton,one_edit_global,complete,1,0,0/1,0/1,True,0/1,0/1,2/1,unresolved
image-38,singleton,one_edit_global,complete,1,1,0/1,1/1,False,1/2,-1/2,3/2,unresolved
image-38,singleton,one_edit_global,complete,1,2,1/1,1/1,True,1/1,-1/1,1/1,unresolved
image-38,singleton,one_edit_per_image,complete,1,0,0/1,0/1,True,0/1,0/1,2/1,unresolved
image-38,singleton,one_edit_per_image,complete,1,1,0/1,1/1,False,1/2,-1/2,3/2,unresolved
image-38,singleton,one_edit_per_image,complete,1,2,1/1,1/1,True,1/1,-1/1,1/1,unresolved
image-38,singleton,axis_translation_1_1,complete,1,0,0/1,0/1,True,0/1,1/1,1/1,supported
image-38,singleton,axis_translation_1_1,complete,1,1,0/1,1/1,False,1/2,1/2,1/2,supported
image-38,singleton,axis_translation_1_1,complete,1,2,1/1,1/1,True,1/1,0/1,0/1,excluded
image-38,singleton,axis_translation_2_1,complete,1,0,0/1,0/1,True,0/1,1/1,1/1,supported
image-38,singleton,axis_translation_2_1,complete,1,1,0/1,1/1,False,1/2,1/2,1/2,supported
image-38,singleton,axis_translation_2_1,complete,1,2,1/1,1/1,True,1/1,0/1,0/1,excluded
image-38,singleton,axis_translation_4_1,complete,1,0,0/1,0/1,True,0/1,1/1,1/1,supported
image-38,singleton,axis_translation_4_1,complete,1,1,0/1,1/1,False,1/2,1/2,1/2,supported
image-38,singleton,axis_translation_4_1,complete,1,2,1/1,1/1,True,1/1,0/1,0/1,excluded
image-38,singleton,axis_translation_8_1,complete,1,0,0/1,0/1,True,0/1,0/1,1/1,unresolved
image-38,singleton,axis_translation_8_1,complete,1,1,0/1,1/1,False,1/2,-1/2,1/2,unresolved
image-38,singleton,axis_translation_8_1,complete,1,2,1/1,1/1,True,1/1,-1/1,0/1,excluded
image-38,singleton,axis_translation_16_1,complete,1,0,0/1,0/1,True,0/1,0/1,2/1,unresolved
image-38,singleton,axis_translation_16_1,complete,1,1,0/1,1/1,False,1/2,-1/2,3/2,unresolved
image-38,singleton,axis_translation_16_1,complete,1,2,1/1,1/1,True,1/1,-1/1,1/1,unresolved
image-38,singleton,axis_translation_32_1,complete,1,0,0/1,0/1,True,0/1,0/1,2/1,unresolved
image-38,singleton,axis_translation_32_1,complete,1,1,0/1,1/1,False,1/2,-1/2,3/2,unresolved
image-38,singleton,axis_translation_32_1,complete,1,2,1/1,1/1,True,1/1,-1/1,1/1,unresolved
image-38,singleton,axis_translation_64_1,complete,1,0,0/1,0/1,True,0/1,0/1,2/1,unresolved
image-38,singleton,axis_translation_64_1,complete,1,1,0/1,1/1,False,1/2,-1/2,3/2,unresolved
image-38,singleton,axis_translation_64_1,complete,1,2,1/1,1/1,True,1/1,-1/1,1/1,unresolved
image-38,singleton,planar_translation_1_1,complete,1,0,0/1,0/1,True,0/1,1/1,1/1,supported
image-38,singleton,planar_translation_1_1,complete,1,1,0/1,1/1,False,1/2,1/2,1/2,supported
image-38,singleton,planar_translation_1_1,complete,1,2,1/1,1/1,True,1/1,0/1,0/1,excluded
image-38,singleton,planar_translation_2_1,complete,1,0,0/1,0/1,True,0/1,1/1,1/1,supported
image-38,singleton,planar_translation_2_1,complete,1,1,0/1,1/1,False,1/2,1/2,1/2,supported
image-38,singleton,planar_translation_2_1,complete,1,2,1/1,1/1,True,1/1,0/1,0/1,excluded
image-38,singleton,planar_translation_4_1,complete,1,0,0/1,0/1,True,0/1,1/1,1/1,supported
image-38,singleton,planar_translation_4_1,complete,1,1,0/1,1/1,False,1/2,1/2,1/2,supported
image-38,singleton,planar_translation_4_1,complete,1,2,1/1,1/1,True,1/1,0/1,0/1,excluded
image-38,singleton,planar_translation_5_1,complete,1,0,0/1,0/1,True,0/1,1/1,1/1,supported
image-38,singleton,planar_translation_5_1,complete,1,1,0/1,1/1,False,1/2,1/2,1/2,supported
image-38,singleton,planar_translation_5_1,complete,1,2,1/1,1/1,True,1/1,0/1,0/1,excluded
image-38,singleton,planar_translation_161_32,complete,1,0,0/1,0/1,True,0/1,1/1,1/1,supported
image-38,singleton,planar_translation_161_32,complete,1,1,0/1,1/1,False,1/2,1/2,1/2,supported
image-38,singleton,planar_translation_161_32,complete,1,2,1/1,1/1,True,1/1,0/1,0/1,excluded
image-38,singleton,planar_translation_8_1,complete,1,0,0/1,0/1,True,0/1,0/1,2/1,unresolved
image-38,singleton,planar_translation_8_1,complete,1,1,0/1,1/1,False,1/2,-1/2,3/2,unresolved
image-38,singleton,planar_translation_8_1,complete,1,2,1/1,1/1,True,1/1,-1/1,1/1,unresolved
image-38,singleton,planar_translation_16_1,complete,1,0,0/1,0/1,True,0/1,0/1,2/1,unresolved
image-38,singleton,planar_translation_16_1,complete,1,1,0/1,1/1,False,1/2,-1/2,3/2,unresolved
image-38,singleton,planar_translation_16_1,complete,1,2,1/1,1/1,True,1/1,-1/1,1/1,unresolved
image-38,singleton,planar_translation_32_1,complete,1,0,0/1,0/1,True,0/1,0/1,2/1,unresolved
image-38,singleton,planar_translation_32_1,complete,1,1,0/1,1/1,False,1/2,-1/2,3/2,unresolved
image-38,singleton,planar_translation_32_1,complete,1,2,1/1,1/1,True,1/1,-1/1,1/1,unresolved
image-38,singleton,planar_translation_64_1,complete,1,0,0/1,0/1,True,0/1,0/1,2/1,unresolved
image-38,singleton,planar_translation_64_1,complete,1,1,0/1,1/1,False,1/2,-1/2,3/2,unresolved
image-38,singleton,planar_translation_64_1,complete,1,2,1/1,1/1,True,1/1,-1/1,1/1,unresolved
image-39,singleton,exact_projection,complete,1,0,0/1,0/1,True,0/1,-1/1,-1/1,excluded
image-39,singleton,exact_projection,complete,1,1,0/1,1/1,False,1/2,-1/2,-1/2,excluded
image-39,singleton,exact_projection,complete,1,2,1/1,1/1,True,1/1,0/1,0/1,excluded
image-39,singleton,one_edit_global,complete,1,0,0/1,0/1,True,0/1,-2/1,0/1,excluded
image-39,singleton,one_edit_global,complete,1,1,0/1,1/1,False,1/2,-3/2,1/2,unresolved
image-39,singleton,one_edit_global,complete,1,2,1/1,1/1,True,1/1,-1/1,1/1,unresolved
image-39,singleton,one_edit_per_image,complete,1,0,0/1,0/1,True,0/1,-2/1,0/1,excluded
image-39,singleton,one_edit_per_image,complete,1,1,0/1,1/1,False,1/2,-3/2,1/2,unresolved
image-39,singleton,one_edit_per_image,complete,1,2,1/1,1/1,True,1/1,-1/1,1/1,unresolved
image-39,singleton,axis_translation_1_1,complete,1,0,0/1,0/1,True,0/1,-1/1,-1/1,excluded
image-39,singleton,axis_translation_1_1,complete,1,1,0/1,1/1,False,1/2,-1/2,-1/2,excluded
image-39,singleton,axis_translation_1_1,complete,1,2,1/1,1/1,True,1/1,0/1,0/1,excluded
image-39,singleton,axis_translation_2_1,complete,1,0,0/1,0/1,True,0/1,-1/1,-1/1,excluded
image-39,singleton,axis_translation_2_1,complete,1,1,0/1,1/1,False,1/2,-1/2,-1/2,excluded
image-39,singleton,axis_translation_2_1,complete,1,2,1/1,1/1,True,1/1,0/1,0/1,excluded
image-39,singleton,axis_translation_4_1,complete,1,0,0/1,0/1,True,0/1,-1/1,-1/1,excluded
image-39,singleton,axis_translation_4_1,complete,1,1,0/1,1/1,False,1/2,-1/2,-1/2,excluded
image-39,singleton,axis_translation_4_1,complete,1,2,1/1,1/1,True,1/1,0/1,0/1,excluded
image-39,singleton,axis_translation_8_1,complete,1,0,0/1,0/1,True,0/1,-1/1,-1/1,excluded
image-39,singleton,axis_translation_8_1,complete,1,1,0/1,1/1,False,1/2,-1/2,-1/2,excluded
image-39,singleton,axis_translation_8_1,complete,1,2,1/1,1/1,True,1/1,0/1,0/1,excluded
image-39,singleton,axis_translation_16_1,complete,1,0,0/1,0/1,True,0/1,-1/1,-1/1,excluded
image-39,singleton,axis_translation_16_1,complete,1,1,0/1,1/1,False,1/2,-1/2,-1/2,excluded
image-39,singleton,axis_translation_16_1,complete,1,2,1/1,1/1,True,1/1,0/1,0/1,excluded
image-39,singleton,axis_translation_32_1,complete,1,0,0/1,0/1,True,0/1,-1/1,-1/1,excluded
image-39,singleton,axis_translation_32_1,complete,1,1,0/1,1/1,False,1/2,-1/2,-1/2,excluded
image-39,singleton,axis_translation_32_1,complete,1,2,1/1,1/1,True,1/1,0/1,0/1,excluded
image-39,singleton,axis_translation_64_1,complete,1,0,0/1,0/1,True,0/1,-1/1,0/1,excluded
image-39,singleton,axis_translation_64_1,complete,1,1,0/1,1/1,False,1/2,-1/2,1/2,unresolved
image-39,singleton,axis_translation_64_1,complete,1,2,1/1,1/1,True,1/1,0/1,1/1,unresolved
image-39,singleton,planar_translation_1_1,complete,1,0,0/1,0/1,True,0/1,-1/1,-1/1,excluded
image-39,singleton,planar_translation_1_1,complete,1,1,0/1,1/1,False,1/2,-1/2,-1/2,excluded
image-39,singleton,planar_translation_1_1,complete,1,2,1/1,1/1,True,1/1,0/1,0/1,excluded
image-39,singleton,planar_translation_2_1,complete,1,0,0/1,0/1,True,0/1,-1/1,-1/1,excluded
image-39,singleton,planar_translation_2_1,complete,1,1,0/1,1/1,False,1/2,-1/2,-1/2,excluded
image-39,singleton,planar_translation_2_1,complete,1,2,1/1,1/1,True,1/1,0/1,0/1,excluded
image-39,singleton,planar_translation_4_1,complete,1,0,0/1,0/1,True,0/1,-1/1,-1/1,excluded
image-39,singleton,planar_translation_4_1,complete,1,1,0/1,1/1,False,1/2,-1/2,-1/2,excluded
image-39,singleton,planar_translation_4_1,complete,1,2,1/1,1/1,True,1/1,0/1,0/1,excluded
image-39,singleton,planar_translation_5_1,complete,1,0,0/1,0/1,True,0/1,-1/1,-1/1,excluded
image-39,singleton,planar_translation_5_1,complete,1,1,0/1,1/1,False,1/2,-1/2,-1/2,excluded
image-39,singleton,planar_translation_5_1,complete,1,2,1/1,1/1,True,1/1,0/1,0/1,excluded
image-39,singleton,planar_translation_161_32,complete,1,0,0/1,0/1,True,0/1,-1/1,-1/1,excluded
image-39,singleton,planar_translation_161_32,complete,1,1,0/1,1/1,False,1/2,-1/2,-1/2,excluded
image-39,singleton,planar_translation_161_32,complete,1,2,1/1,1/1,True,1/1,0/1,0/1,excluded
image-39,singleton,planar_translation_8_1,complete,1,0,0/1,0/1,True,0/1,-1/1,-1/1,excluded
image-39,singleton,planar_translation_8_1,complete,1,1,0/1,1/1,False,1/2,-1/2,-1/2,excluded
image-39,singleton,planar_translation_8_1,complete,1,2,1/1,1/1,True,1/1,0/1,0/1,excluded
image-39,singleton,planar_translation_16_1,complete,1,0,0/1,0/1,True,0/1,-1/1,-1/1,excluded
image-39,singleton,planar_translation_16_1,complete,1,1,0/1,1/1,False,1/2,-1/2,-1/2,excluded
image-39,singleton,planar_translation_16_1,complete,1,2,1/1,1/1,True,1/1,0/1,0/1,excluded
image-39,singleton,planar_translation_32_1,complete,1,0,0/1,0/1,True,0/1,-1/1,-1/1,excluded
image-39,singleton,planar_translation_32_1,complete,1,1,0/1,1/1,False,1/2,-1/2,-1/2,excluded
image-39,singleton,planar_translation_32_1,complete,1,2,1/1,1/1,True,1/1,0/1,0/1,excluded
image-39,singleton,planar_translation_64_1,complete,1,0,0/1,0/1,True,0/1,-2/1,0/1,excluded
image-39,singleton,planar_translation_64_1,complete,1,1,0/1,1/1,False,1/2,-3/2,1/2,unresolved
image-39,singleton,planar_translation_64_1,complete,1,2,1/1,1/1,True,1/1,-1/1,1/1,unresolved
image-40,singleton,exact_projection,complete,1,0,0/1,0/1,True,0/1,1/1,1/1,supported
image-40,singleton,exact_projection,complete,1,1,0/1,1/2,False,1/4,1/2,1/2,supported
image-40,singleton,exact_projection,complete,1,2,1/2,1/2,True,1/2,0/1,0/1,excluded
image-40,singleton,exact_projection,complete,1,3,1/2,1/1,False,3/4,-1/2,-1/2,excluded
image-40,singleton,exact_projection,complete,1,4,1/1,1/1,True,1/1,-1/1,-1/1,excluded
image-40,singleton,one_edit_global,complete,1,0,0/1,0/1,True,0/1,0/1,3/1,unresolved
image-40,singleton,one_edit_global,complete,1,1,0/1,1/1,False,1/2,-1/1,2/1,unresolved
image-40,singleton,one_edit_global,complete,1,2,1/1,1/1,True,1/1,-2/1,1/1,unresolved
image-40,singleton,one_edit_per_image,complete,1,0,0/1,0/1,True,0/1,0/1,3/1,unresolved
image-40,singleton,one_edit_per_image,complete,1,1,0/1,1/1,False,1/2,-1/1,2/1,unresolved
image-40,singleton,one_edit_per_image,complete,1,2,1/1,1/1,True,1/1,-2/1,1/1,unresolved
image-40,singleton,axis_translation_1_1,complete,1,0,0/1,0/1,True,0/1,1/1,1/1,supported
image-40,singleton,axis_translation_1_1,complete,1,1,0/1,1/2,False,1/4,1/2,1/2,supported
image-40,singleton,axis_translation_1_1,complete,1,2,1/2,1/2,True,1/2,0/1,0/1,excluded
image-40,singleton,axis_translation_1_1,complete,1,3,1/2,1/1,False,3/4,-1/2,-1/2,excluded
image-40,singleton,axis_translation_1_1,complete,1,4,1/1,1/1,True,1/1,-1/1,-1/1,excluded
image-40,singleton,axis_translation_2_1,complete,1,0,0/1,0/1,True,0/1,1/1,1/1,supported
image-40,singleton,axis_translation_2_1,complete,1,1,0/1,1/2,False,1/4,1/2,1/2,supported
image-40,singleton,axis_translation_2_1,complete,1,2,1/2,1/2,True,1/2,0/1,0/1,excluded
image-40,singleton,axis_translation_2_1,complete,1,3,1/2,1/1,False,3/4,-1/2,-1/2,excluded
image-40,singleton,axis_translation_2_1,complete,1,4,1/1,1/1,True,1/1,-1/1,-1/1,excluded
image-40,singleton,axis_translation_4_1,complete,1,0,0/1,0/1,True,0/1,1/1,2/1,supported
image-40,singleton,axis_translation_4_1,complete,1,1,0/1,1/2,False,1/4,1/2,3/2,supported
image-40,singleton,axis_translation_4_1,complete,1,2,1/2,1/2,True,1/2,0/1,1/1,unresolved
image-40,singleton,axis_translation_4_1,complete,1,3,1/2,1/1,False,3/4,-1/2,1/2,unresolved
image-40,singleton,axis_translation_4_1,complete,1,4,1/1,1/1,True,1/1,-1/1,0/1,excluded
image-40,singleton,axis_translation_8_1,complete,1,0,0/1,0/1,True,0/1,0/1,2/1,unresolved
image-40,singleton,axis_translation_8_1,complete,1,1,0/1,1/1,False,1/2,-1/1,1/1,unresolved
image-40,singleton,axis_translation_8_1,complete,1,2,1/1,1/1,True,1/1,-2/1,0/1,excluded
image-40,singleton,axis_translation_16_1,complete,1,0,0/1,0/1,True,0/1,0/1,2/1,unresolved
image-40,singleton,axis_translation_16_1,complete,1,1,0/1,1/1,False,1/2,-1/1,1/1,unresolved
image-40,singleton,axis_translation_16_1,complete,1,2,1/1,1/1,True,1/1,-2/1,0/1,excluded
image-40,singleton,axis_translation_32_1,complete,1,0,0/1,0/1,True,0/1,0/1,2/1,unresolved
image-40,singleton,axis_translation_32_1,complete,1,1,0/1,1/1,False,1/2,-1/1,1/1,unresolved
image-40,singleton,axis_translation_32_1,complete,1,2,1/1,1/1,True,1/1,-2/1,0/1,excluded
image-40,singleton,axis_translation_64_1,complete,1,0,0/1,0/1,True,0/1,0/1,2/1,unresolved
image-40,singleton,axis_translation_64_1,complete,1,1,0/1,1/1,False,1/2,-1/1,1/1,unresolved
image-40,singleton,axis_translation_64_1,complete,1,2,1/1,1/1,True,1/1,-2/1,0/1,excluded
image-40,singleton,planar_translation_1_1,complete,1,0,0/1,0/1,True,0/1,1/1,1/1,supported
image-40,singleton,planar_translation_1_1,complete,1,1,0/1,1/2,False,1/4,1/2,1/2,supported
image-40,singleton,planar_translation_1_1,complete,1,2,1/2,1/2,True,1/2,0/1,0/1,excluded
image-40,singleton,planar_translation_1_1,complete,1,3,1/2,1/1,False,3/4,-1/2,-1/2,excluded
image-40,singleton,planar_translation_1_1,complete,1,4,1/1,1/1,True,1/1,-1/1,-1/1,excluded
image-40,singleton,planar_translation_2_1,complete,1,0,0/1,0/1,True,0/1,1/1,1/1,supported
image-40,singleton,planar_translation_2_1,complete,1,1,0/1,1/2,False,1/4,1/2,1/2,supported
image-40,singleton,planar_translation_2_1,complete,1,2,1/2,1/2,True,1/2,0/1,0/1,excluded
image-40,singleton,planar_translation_2_1,complete,1,3,1/2,1/1,False,3/4,-1/2,-1/2,excluded
image-40,singleton,planar_translation_2_1,complete,1,4,1/1,1/1,True,1/1,-1/1,-1/1,excluded
image-40,singleton,planar_translation_4_1,complete,1,0,0/1,0/1,True,0/1,0/1,2/1,unresolved
image-40,singleton,planar_translation_4_1,complete,1,1,0/1,1/1,False,1/2,-1/1,1/1,unresolved
image-40,singleton,planar_translation_4_1,complete,1,2,1/1,1/1,True,1/1,-2/1,0/1,excluded
image-40,singleton,planar_translation_5_1,complete,1,0,0/1,0/1,True,0/1,0/1,2/1,unresolved
image-40,singleton,planar_translation_5_1,complete,1,1,0/1,1/1,False,1/2,-1/1,1/1,unresolved
image-40,singleton,planar_translation_5_1,complete,1,2,1/1,1/1,True,1/1,-2/1,0/1,excluded
image-40,singleton,planar_translation_161_32,complete,1,0,0/1,0/1,True,0/1,0/1,2/1,unresolved
image-40,singleton,planar_translation_161_32,complete,1,1,0/1,1/1,False,1/2,-1/1,1/1,unresolved
image-40,singleton,planar_translation_161_32,complete,1,2,1/1,1/1,True,1/1,-2/1,0/1,excluded
image-40,singleton,planar_translation_8_1,complete,1,0,0/1,0/1,True,0/1,0/1,2/1,unresolved
image-40,singleton,planar_translation_8_1,complete,1,1,0/1,1/1,False,1/2,-1/1,1/1,unresolved
image-40,singleton,planar_translation_8_1,complete,1,2,1/1,1/1,True,1/1,-2/1,0/1,excluded
image-40,singleton,planar_translation_16_1,complete,1,0,0/1,0/1,True,0/1,0/1,2/1,unresolved
image-40,singleton,planar_translation_16_1,complete,1,1,0/1,1/1,False,1/2,-1/1,1/1,unresolved
image-40,singleton,planar_translation_16_1,complete,1,2,1/1,1/1,True,1/1,-2/1,0/1,excluded
image-40,singleton,planar_translation_32_1,complete,1,0,0/1,0/1,True,0/1,0/1,2/1,unresolved
image-40,singleton,planar_translation_32_1,complete,1,1,0/1,1/1,False,1/2,-1/1,1/1,unresolved
image-40,singleton,planar_translation_32_1,complete,1,2,1/1,1/1,True,1/1,-2/1,0/1,excluded
image-40,singleton,planar_translation_64_1,complete,1,0,0/1,0/1,True,0/1,0/1,2/1,unresolved
image-40,singleton,planar_translation_64_1,complete,1,1,0/1,1/1,False,1/2,-1/1,1/1,unresolved
image-40,singleton,planar_translation_64_1,complete,1,2,1/1,1/1,True,1/1,-2/1,0/1,excluded
image-41,singleton,exact_projection,complete,1,0,0/1,0/1,True,0/1,1/1,1/1,supported
image-41,singleton,exact_projection,complete,1,1,0/1,1/1,False,1/2,1/2,1/2,supported
image-41,singleton,exact_projection,complete,1,2,1/1,1/1,True,1/1,0/1,0/1,excluded
image-41,singleton,one_edit_global,complete,1,0,0/1,0/1,True,0/1,0/1,2/1,unresolved
image-41,singleton,one_edit_global,complete,1,1,0/1,1/1,False,1/2,-1/2,3/2,unresolved
image-41,singleton,one_edit_global,complete,1,2,1/1,1/1,True,1/1,-1/1,1/1,unresolved
image-41,singleton,one_edit_per_image,complete,1,0,0/1,0/1,True,0/1,0/1,2/1,unresolved
image-41,singleton,one_edit_per_image,complete,1,1,0/1,1/1,False,1/2,-1/2,3/2,unresolved
image-41,singleton,one_edit_per_image,complete,1,2,1/1,1/1,True,1/1,-1/1,1/1,unresolved
image-41,singleton,axis_translation_1_1,complete,1,0,0/1,0/1,True,0/1,1/1,1/1,supported
image-41,singleton,axis_translation_1_1,complete,1,1,0/1,1/1,False,1/2,1/2,1/2,supported
image-41,singleton,axis_translation_1_1,complete,1,2,1/1,1/1,True,1/1,0/1,0/1,excluded
image-41,singleton,axis_translation_2_1,complete,1,0,0/1,0/1,True,0/1,1/1,1/1,supported
image-41,singleton,axis_translation_2_1,complete,1,1,0/1,1/1,False,1/2,1/2,1/2,supported
image-41,singleton,axis_translation_2_1,complete,1,2,1/1,1/1,True,1/1,0/1,0/1,excluded
image-41,singleton,axis_translation_4_1,complete,1,0,0/1,0/1,True,0/1,1/1,1/1,supported
image-41,singleton,axis_translation_4_1,complete,1,1,0/1,1/1,False,1/2,1/2,1/2,supported
image-41,singleton,axis_translation_4_1,complete,1,2,1/1,1/1,True,1/1,0/1,0/1,excluded
image-41,singleton,axis_translation_8_1,complete,1,0,0/1,0/1,True,0/1,1/1,1/1,supported
image-41,singleton,axis_translation_8_1,complete,1,1,0/1,1/1,False,1/2,1/2,1/2,supported
image-41,singleton,axis_translation_8_1,complete,1,2,1/1,1/1,True,1/1,0/1,0/1,excluded
image-41,singleton,axis_translation_16_1,complete,1,0,0/1,0/1,True,0/1,0/1,2/1,unresolved
image-41,singleton,axis_translation_16_1,complete,1,1,0/1,1/1,False,1/2,-1/2,3/2,unresolved
image-41,singleton,axis_translation_16_1,complete,1,2,1/1,1/1,True,1/1,-1/1,1/1,unresolved
image-41,singleton,axis_translation_32_1,complete,1,0,0/1,0/1,True,0/1,0/1,2/1,unresolved
image-41,singleton,axis_translation_32_1,complete,1,1,0/1,1/1,False,1/2,-1/2,3/2,unresolved
image-41,singleton,axis_translation_32_1,complete,1,2,1/1,1/1,True,1/1,-1/1,1/1,unresolved
image-41,singleton,axis_translation_64_1,complete,1,0,0/1,0/1,True,0/1,0/1,2/1,unresolved
image-41,singleton,axis_translation_64_1,complete,1,1,0/1,1/1,False,1/2,-1/2,3/2,unresolved
image-41,singleton,axis_translation_64_1,complete,1,2,1/1,1/1,True,1/1,-1/1,1/1,unresolved
image-41,singleton,planar_translation_1_1,complete,1,0,0/1,0/1,True,0/1,1/1,1/1,supported
image-41,singleton,planar_translation_1_1,complete,1,1,0/1,1/1,False,1/2,1/2,1/2,supported
image-41,singleton,planar_translation_1_1,complete,1,2,1/1,1/1,True,1/1,0/1,0/1,excluded
image-41,singleton,planar_translation_2_1,complete,1,0,0/1,0/1,True,0/1,1/1,1/1,supported
image-41,singleton,planar_translation_2_1,complete,1,1,0/1,1/1,False,1/2,1/2,1/2,supported
image-41,singleton,planar_translation_2_1,complete,1,2,1/1,1/1,True,1/1,0/1,0/1,excluded
image-41,singleton,planar_translation_4_1,complete,1,0,0/1,0/1,True,0/1,1/1,1/1,supported
image-41,singleton,planar_translation_4_1,complete,1,1,0/1,1/1,False,1/2,1/2,1/2,supported
image-41,singleton,planar_translation_4_1,complete,1,2,1/1,1/1,True,1/1,0/1,0/1,excluded
image-41,singleton,planar_translation_5_1,complete,1,0,0/1,0/1,True,0/1,1/1,1/1,supported
image-41,singleton,planar_translation_5_1,complete,1,1,0/1,1/1,False,1/2,1/2,1/2,supported
image-41,singleton,planar_translation_5_1,complete,1,2,1/1,1/1,True,1/1,0/1,0/1,excluded
image-41,singleton,planar_translation_161_32,complete,1,0,0/1,0/1,True,0/1,1/1,1/1,supported
image-41,singleton,planar_translation_161_32,complete,1,1,0/1,1/1,False,1/2,1/2,1/2,supported
image-41,singleton,planar_translation_161_32,complete,1,2,1/1,1/1,True,1/1,0/1,0/1,excluded
image-41,singleton,planar_translation_8_1,complete,1,0,0/1,0/1,True,0/1,1/1,1/1,supported
image-41,singleton,planar_translation_8_1,complete,1,1,0/1,1/1,False,1/2,1/2,1/2,supported
image-41,singleton,planar_translation_8_1,complete,1,2,1/1,1/1,True,1/1,0/1,0/1,excluded
image-41,singleton,planar_translation_16_1,complete,1,0,0/1,0/1,True,0/1,0/1,2/1,unresolved
image-41,singleton,planar_translation_16_1,complete,1,1,0/1,1/1,False,1/2,-1/2,3/2,unresolved
image-41,singleton,planar_translation_16_1,complete,1,2,1/1,1/1,True,1/1,-1/1,1/1,unresolved
image-41,singleton,planar_translation_32_1,complete,1,0,0/1,0/1,True,0/1,0/1,2/1,unresolved
image-41,singleton,planar_translation_32_1,complete,1,1,0/1,1/1,False,1/2,-1/2,3/2,unresolved
image-41,singleton,planar_translation_32_1,complete,1,2,1/1,1/1,True,1/1,-1/1,1/1,unresolved
image-41,singleton,planar_translation_64_1,complete,1,0,0/1,0/1,True,0/1,0/1,2/1,unresolved
image-41,singleton,planar_translation_64_1,complete,1,1,0/1,1/1,False,1/2,-1/2,3/2,unresolved
image-41,singleton,planar_translation_64_1,complete,1,2,1/1,1/1,True,1/1,-1/1,1/1,unresolved
image-42,singleton,exact_projection,complete,1,0,0/1,0/1,True,0/1,0/1,0/1,excluded
image-42,singleton,exact_projection,complete,1,1,0/1,1/1,False,1/2,0/1,0/1,excluded
image-42,singleton,exact_projection,complete,1,2,1/1,1/1,True,1/1,0/1,0/1,excluded
image-42,singleton,one_edit_global,complete,1,0,0/1,0/1,True,0/1,0/1,0/1,excluded
image-42,singleton,one_edit_global,complete,1,1,0/1,1/1,False,1/2,0/1,0/1,excluded
image-42,singleton,one_edit_global,complete,1,2,1/1,1/1,True,1/1,0/1,0/1,excluded
image-42,singleton,one_edit_per_image,complete,1,0,0/1,0/1,True,0/1,0/1,0/1,excluded
image-42,singleton,one_edit_per_image,complete,1,1,0/1,1/1,False,1/2,0/1,0/1,excluded
image-42,singleton,one_edit_per_image,complete,1,2,1/1,1/1,True,1/1,0/1,0/1,excluded
image-42,singleton,axis_translation_1_1,complete,1,0,0/1,0/1,True,0/1,0/1,0/1,excluded
image-42,singleton,axis_translation_1_1,complete,1,1,0/1,1/1,False,1/2,0/1,0/1,excluded
image-42,singleton,axis_translation_1_1,complete,1,2,1/1,1/1,True,1/1,0/1,0/1,excluded
image-42,singleton,axis_translation_2_1,complete,1,0,0/1,0/1,True,0/1,0/1,0/1,excluded
image-42,singleton,axis_translation_2_1,complete,1,1,0/1,1/1,False,1/2,0/1,0/1,excluded
image-42,singleton,axis_translation_2_1,complete,1,2,1/1,1/1,True,1/1,0/1,0/1,excluded
image-42,singleton,axis_translation_4_1,complete,1,0,0/1,0/1,True,0/1,0/1,0/1,excluded
image-42,singleton,axis_translation_4_1,complete,1,1,0/1,1/1,False,1/2,0/1,0/1,excluded
image-42,singleton,axis_translation_4_1,complete,1,2,1/1,1/1,True,1/1,0/1,0/1,excluded
image-42,singleton,axis_translation_8_1,complete,1,0,0/1,0/1,True,0/1,0/1,0/1,excluded
image-42,singleton,axis_translation_8_1,complete,1,1,0/1,1/1,False,1/2,0/1,0/1,excluded
image-42,singleton,axis_translation_8_1,complete,1,2,1/1,1/1,True,1/1,0/1,0/1,excluded
image-42,singleton,axis_translation_16_1,complete,1,0,0/1,0/1,True,0/1,0/1,0/1,excluded
image-42,singleton,axis_translation_16_1,complete,1,1,0/1,1/1,False,1/2,0/1,0/1,excluded
image-42,singleton,axis_translation_16_1,complete,1,2,1/1,1/1,True,1/1,0/1,0/1,excluded
image-42,singleton,axis_translation_32_1,complete,1,0,0/1,0/1,True,0/1,0/1,0/1,excluded
image-42,singleton,axis_translation_32_1,complete,1,1,0/1,1/1,False,1/2,0/1,0/1,excluded
image-42,singleton,axis_translation_32_1,complete,1,2,1/1,1/1,True,1/1,0/1,0/1,excluded
image-42,singleton,axis_translation_64_1,complete,1,0,0/1,0/1,True,0/1,0/1,0/1,excluded
image-42,singleton,axis_translation_64_1,complete,1,1,0/1,1/1,False,1/2,0/1,0/1,excluded
image-42,singleton,axis_translation_64_1,complete,1,2,1/1,1/1,True,1/1,0/1,0/1,excluded
image-42,singleton,planar_translation_1_1,complete,1,0,0/1,0/1,True,0/1,0/1,0/1,excluded
image-42,singleton,planar_translation_1_1,complete,1,1,0/1,1/1,False,1/2,0/1,0/1,excluded
image-42,singleton,planar_translation_1_1,complete,1,2,1/1,1/1,True,1/1,0/1,0/1,excluded
image-42,singleton,planar_translation_2_1,complete,1,0,0/1,0/1,True,0/1,0/1,0/1,excluded
image-42,singleton,planar_translation_2_1,complete,1,1,0/1,1/1,False,1/2,0/1,0/1,excluded
image-42,singleton,planar_translation_2_1,complete,1,2,1/1,1/1,True,1/1,0/1,0/1,excluded
image-42,singleton,planar_translation_4_1,complete,1,0,0/1,0/1,True,0/1,0/1,0/1,excluded
image-42,singleton,planar_translation_4_1,complete,1,1,0/1,1/1,False,1/2,0/1,0/1,excluded
image-42,singleton,planar_translation_4_1,complete,1,2,1/1,1/1,True,1/1,0/1,0/1,excluded
image-42,singleton,planar_translation_5_1,complete,1,0,0/1,0/1,True,0/1,0/1,0/1,excluded
image-42,singleton,planar_translation_5_1,complete,1,1,0/1,1/1,False,1/2,0/1,0/1,excluded
image-42,singleton,planar_translation_5_1,complete,1,2,1/1,1/1,True,1/1,0/1,0/1,excluded
image-42,singleton,planar_translation_161_32,complete,1,0,0/1,0/1,True,0/1,0/1,0/1,excluded
image-42,singleton,planar_translation_161_32,complete,1,1,0/1,1/1,False,1/2,0/1,0/1,excluded
image-42,singleton,planar_translation_161_32,complete,1,2,1/1,1/1,True,1/1,0/1,0/1,excluded
image-42,singleton,planar_translation_8_1,complete,1,0,0/1,0/1,True,0/1,0/1,0/1,excluded
image-42,singleton,planar_translation_8_1,complete,1,1,0/1,1/1,False,1/2,0/1,0/1,excluded
image-42,singleton,planar_translation_8_1,complete,1,2,1/1,1/1,True,1/1,0/1,0/1,excluded
image-42,singleton,planar_translation_16_1,complete,1,0,0/1,0/1,True,0/1,0/1,0/1,excluded
image-42,singleton,planar_translation_16_1,complete,1,1,0/1,1/1,False,1/2,0/1,0/1,excluded
image-42,singleton,planar_translation_16_1,complete,1,2,1/1,1/1,True,1/1,0/1,0/1,excluded
image-42,singleton,planar_translation_32_1,complete,1,0,0/1,0/1,True,0/1,0/1,0/1,excluded
image-42,singleton,planar_translation_32_1,complete,1,1,0/1,1/1,False,1/2,0/1,0/1,excluded
image-42,singleton,planar_translation_32_1,complete,1,2,1/1,1/1,True,1/1,0/1,0/1,excluded
image-42,singleton,planar_translation_64_1,complete,1,0,0/1,0/1,True,0/1,0/1,0/1,excluded
image-42,singleton,planar_translation_64_1,complete,1,1,0/1,1/1,False,1/2,0/1,0/1,excluded
image-42,singleton,planar_translation_64_1,complete,1,2,1/1,1/1,True,1/1,0/1,0/1,excluded
image-43,singleton,exact_projection,complete,1,0,0/1,0/1,True,0/1,-1/1,-1/1,excluded
image-43,singleton,exact_projection,complete,1,1,0/1,1/1,False,1/2,-1/2,-1/2,excluded
image-43,singleton,exact_projection,complete,1,2,1/1,1/1,True,1/1,0/1,0/1,excluded
image-43,singleton,one_edit_global,complete,1,0,0/1,0/1,True,0/1,-2/1,0/1,excluded
image-43,singleton,one_edit_global,complete,1,1,0/1,1/1,False,1/2,-3/2,1/2,unresolved
image-43,singleton,one_edit_global,complete,1,2,1/1,1/1,True,1/1,-1/1,1/1,unresolved
image-43,singleton,one_edit_per_image,complete,1,0,0/1,0/1,True,0/1,-2/1,0/1,excluded
image-43,singleton,one_edit_per_image,complete,1,1,0/1,1/1,False,1/2,-3/2,1/2,unresolved
image-43,singleton,one_edit_per_image,complete,1,2,1/1,1/1,True,1/1,-1/1,1/1,unresolved
image-43,singleton,axis_translation_1_1,complete,1,0,0/1,0/1,True,0/1,-1/1,-1/1,excluded
image-43,singleton,axis_translation_1_1,complete,1,1,0/1,1/1,False,1/2,-1/2,-1/2,excluded
image-43,singleton,axis_translation_1_1,complete,1,2,1/1,1/1,True,1/1,0/1,0/1,excluded
image-43,singleton,axis_translation_2_1,complete,1,0,0/1,0/1,True,0/1,-1/1,-1/1,excluded
image-43,singleton,axis_translation_2_1,complete,1,1,0/1,1/1,False,1/2,-1/2,-1/2,excluded
image-43,singleton,axis_translation_2_1,complete,1,2,1/1,1/1,True,1/1,0/1,0/1,excluded
image-43,singleton,axis_translation_4_1,complete,1,0,0/1,0/1,True,0/1,-1/1,-1/1,excluded
image-43,singleton,axis_translation_4_1,complete,1,1,0/1,1/1,False,1/2,-1/2,-1/2,excluded
image-43,singleton,axis_translation_4_1,complete,1,2,1/1,1/1,True,1/1,0/1,0/1,excluded
image-43,singleton,axis_translation_8_1,complete,1,0,0/1,0/1,True,0/1,-1/1,-1/1,excluded
image-43,singleton,axis_translation_8_1,complete,1,1,0/1,1/1,False,1/2,-1/2,-1/2,excluded
image-43,singleton,axis_translation_8_1,complete,1,2,1/1,1/1,True,1/1,0/1,0/1,excluded
image-43,singleton,axis_translation_16_1,complete,1,0,0/1,0/1,True,0/1,-1/1,-1/1,excluded
image-43,singleton,axis_translation_16_1,complete,1,1,0/1,1/1,False,1/2,-1/2,-1/2,excluded
image-43,singleton,axis_translation_16_1,complete,1,2,1/1,1/1,True,1/1,0/1,0/1,excluded
image-43,singleton,axis_translation_32_1,complete,1,0,0/1,0/1,True,0/1,-2/1,0/1,excluded
image-43,singleton,axis_translation_32_1,complete,1,1,0/1,1/1,False,1/2,-3/2,1/2,unresolved
image-43,singleton,axis_translation_32_1,complete,1,2,1/1,1/1,True,1/1,-1/1,1/1,unresolved
image-43,singleton,axis_translation_64_1,complete,1,0,0/1,0/1,True,0/1,-2/1,0/1,excluded
image-43,singleton,axis_translation_64_1,complete,1,1,0/1,1/1,False,1/2,-3/2,1/2,unresolved
image-43,singleton,axis_translation_64_1,complete,1,2,1/1,1/1,True,1/1,-1/1,1/1,unresolved
image-43,singleton,planar_translation_1_1,complete,1,0,0/1,0/1,True,0/1,-1/1,-1/1,excluded
image-43,singleton,planar_translation_1_1,complete,1,1,0/1,1/1,False,1/2,-1/2,-1/2,excluded
image-43,singleton,planar_translation_1_1,complete,1,2,1/1,1/1,True,1/1,0/1,0/1,excluded
image-43,singleton,planar_translation_2_1,complete,1,0,0/1,0/1,True,0/1,-1/1,-1/1,excluded
image-43,singleton,planar_translation_2_1,complete,1,1,0/1,1/1,False,1/2,-1/2,-1/2,excluded
image-43,singleton,planar_translation_2_1,complete,1,2,1/1,1/1,True,1/1,0/1,0/1,excluded
image-43,singleton,planar_translation_4_1,complete,1,0,0/1,0/1,True,0/1,-1/1,-1/1,excluded
image-43,singleton,planar_translation_4_1,complete,1,1,0/1,1/1,False,1/2,-1/2,-1/2,excluded
image-43,singleton,planar_translation_4_1,complete,1,2,1/1,1/1,True,1/1,0/1,0/1,excluded
image-43,singleton,planar_translation_5_1,complete,1,0,0/1,0/1,True,0/1,-1/1,-1/1,excluded
image-43,singleton,planar_translation_5_1,complete,1,1,0/1,1/1,False,1/2,-1/2,-1/2,excluded
image-43,singleton,planar_translation_5_1,complete,1,2,1/1,1/1,True,1/1,0/1,0/1,excluded
image-43,singleton,planar_translation_161_32,complete,1,0,0/1,0/1,True,0/1,-1/1,-1/1,excluded
image-43,singleton,planar_translation_161_32,complete,1,1,0/1,1/1,False,1/2,-1/2,-1/2,excluded
image-43,singleton,planar_translation_161_32,complete,1,2,1/1,1/1,True,1/1,0/1,0/1,excluded
image-43,singleton,planar_translation_8_1,complete,1,0,0/1,0/1,True,0/1,-1/1,-1/1,excluded
image-43,singleton,planar_translation_8_1,complete,1,1,0/1,1/1,False,1/2,-1/2,-1/2,excluded
image-43,singleton,planar_translation_8_1,complete,1,2,1/1,1/1,True,1/1,0/1,0/1,excluded
image-43,singleton,planar_translation_16_1,complete,1,0,0/1,0/1,True,0/1,-2/1,0/1,excluded
image-43,singleton,planar_translation_16_1,complete,1,1,0/1,1/1,False,1/2,-3/2,1/2,unresolved
image-43,singleton,planar_translation_16_1,complete,1,2,1/1,1/1,True,1/1,-1/1,1/1,unresolved
image-43,singleton,planar_translation_32_1,complete,1,0,0/1,0/1,True,0/1,-2/1,0/1,excluded
image-43,singleton,planar_translation_32_1,complete,1,1,0/1,1/1,False,1/2,-3/2,1/2,unresolved
image-43,singleton,planar_translation_32_1,complete,1,2,1/1,1/1,True,1/1,-1/1,1/1,unresolved
image-43,singleton,planar_translation_64_1,complete,1,0,0/1,0/1,True,0/1,-2/1,0/1,excluded
image-43,singleton,planar_translation_64_1,complete,1,1,0/1,1/1,False,1/2,-3/2,1/2,unresolved
image-43,singleton,planar_translation_64_1,complete,1,2,1/1,1/1,True,1/1,-1/1,1/1,unresolved
image-44,singleton,exact_projection,complete,1,0,0/1,0/1,True,0/1,1/1,1/1,supported
image-44,singleton,exact_projection,complete,1,1,0/1,1/1,False,1/2,1/2,1/2,supported
image-44,singleton,exact_projection,complete,1,2,1/1,1/1,True,1/1,0/1,0/1,excluded
image-44,singleton,one_edit_global,complete,1,0,0/1,0/1,True,0/1,0/1,1/1,unresolved
image-44,singleton,one_edit_global,complete,1,1,0/1,1/1,False,1/2,-1/2,1/2,unresolved
image-44,singleton,one_edit_global,complete,1,2,1/1,1/1,True,1/1,-1/1,0/1,excluded
image-44,singleton,one_edit_per_image,complete,1,0,0/1,0/1,True,0/1,0/1,1/1,unresolved
image-44,singleton,one_edit_per_image,complete,1,1,0/1,1/1,False,1/2,-1/2,1/2,unresolved
image-44,singleton,one_edit_per_image,complete,1,2,1/1,1/1,True,1/1,-1/1,0/1,excluded
image-44,singleton,axis_translation_1_1,complete,1,0,0/1,0/1,True,0/1,1/1,1/1,supported
image-44,singleton,axis_translation_1_1,complete,1,1,0/1,1/1,False,1/2,1/2,1/2,supported
image-44,singleton,axis_translation_1_1,complete,1,2,1/1,1/1,True,1/1,0/1,0/1,excluded
image-44,singleton,axis_translation_2_1,complete,1,0,0/1,0/1,True,0/1,1/1,1/1,supported
image-44,singleton,axis_translation_2_1,complete,1,1,0/1,1/1,False,1/2,1/2,1/2,supported
image-44,singleton,axis_translation_2_1,complete,1,2,1/1,1/1,True,1/1,0/1,0/1,excluded
image-44,singleton,axis_translation_4_1,complete,1,0,0/1,0/1,True,0/1,1/1,1/1,supported
image-44,singleton,axis_translation_4_1,complete,1,1,0/1,1/1,False,1/2,1/2,1/2,supported
image-44,singleton,axis_translation_4_1,complete,1,2,1/1,1/1,True,1/1,0/1,0/1,excluded
image-44,singleton,axis_translation_8_1,complete,1,0,0/1,0/1,True,0/1,1/1,1/1,supported
image-44,singleton,axis_translation_8_1,complete,1,1,0/1,1/1,False,1/2,1/2,1/2,supported
image-44,singleton,axis_translation_8_1,complete,1,2,1/1,1/1,True,1/1,0/1,0/1,excluded
image-44,singleton,axis_translation_16_1,complete,1,0,0/1,0/1,True,0/1,1/1,1/1,supported
image-44,singleton,axis_translation_16_1,complete,1,1,0/1,1/1,False,1/2,1/2,1/2,supported
image-44,singleton,axis_translation_16_1,complete,1,2,1/1,1/1,True,1/1,0/1,0/1,excluded
image-44,singleton,axis_translation_32_1,complete,1,0,0/1,0/1,True,0/1,1/1,1/1,supported
image-44,singleton,axis_translation_32_1,complete,1,1,0/1,1/1,False,1/2,1/2,1/2,supported
image-44,singleton,axis_translation_32_1,complete,1,2,1/1,1/1,True,1/1,0/1,0/1,excluded
image-44,singleton,axis_translation_64_1,complete,1,0,0/1,0/1,True,0/1,1/1,1/1,supported
image-44,singleton,axis_translation_64_1,complete,1,1,0/1,1/1,False,1/2,1/2,1/2,supported
image-44,singleton,axis_translation_64_1,complete,1,2,1/1,1/1,True,1/1,0/1,0/1,excluded
image-44,singleton,planar_translation_1_1,complete,1,0,0/1,0/1,True,0/1,1/1,1/1,supported
image-44,singleton,planar_translation_1_1,complete,1,1,0/1,1/1,False,1/2,1/2,1/2,supported
image-44,singleton,planar_translation_1_1,complete,1,2,1/1,1/1,True,1/1,0/1,0/1,excluded
image-44,singleton,planar_translation_2_1,complete,1,0,0/1,0/1,True,0/1,1/1,1/1,supported
image-44,singleton,planar_translation_2_1,complete,1,1,0/1,1/1,False,1/2,1/2,1/2,supported
image-44,singleton,planar_translation_2_1,complete,1,2,1/1,1/1,True,1/1,0/1,0/1,excluded
image-44,singleton,planar_translation_4_1,complete,1,0,0/1,0/1,True,0/1,1/1,1/1,supported
image-44,singleton,planar_translation_4_1,complete,1,1,0/1,1/1,False,1/2,1/2,1/2,supported
image-44,singleton,planar_translation_4_1,complete,1,2,1/1,1/1,True,1/1,0/1,0/1,excluded
image-44,singleton,planar_translation_5_1,complete,1,0,0/1,0/1,True,0/1,1/1,1/1,supported
image-44,singleton,planar_translation_5_1,complete,1,1,0/1,1/1,False,1/2,1/2,1/2,supported
image-44,singleton,planar_translation_5_1,complete,1,2,1/1,1/1,True,1/1,0/1,0/1,excluded
image-44,singleton,planar_translation_161_32,complete,1,0,0/1,0/1,True,0/1,1/1,1/1,supported
image-44,singleton,planar_translation_161_32,complete,1,1,0/1,1/1,False,1/2,1/2,1/2,supported
image-44,singleton,planar_translation_161_32,complete,1,2,1/1,1/1,True,1/1,0/1,0/1,excluded
image-44,singleton,planar_translation_8_1,complete,1,0,0/1,0/1,True,0/1,1/1,1/1,supported
image-44,singleton,planar_translation_8_1,complete,1,1,0/1,1/1,False,1/2,1/2,1/2,supported
image-44,singleton,planar_translation_8_1,complete,1,2,1/1,1/1,True,1/1,0/1,0/1,excluded
image-44,singleton,planar_translation_16_1,complete,1,0,0/1,0/1,True,0/1,1/1,1/1,supported
image-44,singleton,planar_translation_16_1,complete,1,1,0/1,1/1,False,1/2,1/2,1/2,supported
image-44,singleton,planar_translation_16_1,complete,1,2,1/1,1/1,True,1/1,0/1,0/1,excluded
image-44,singleton,planar_translation_32_1,complete,1,0,0/1,0/1,True,0/1,1/1,1/1,supported
image-44,singleton,planar_translation_32_1,complete,1,1,0/1,1/1,False,1/2,1/2,1/2,supported
image-44,singleton,planar_translation_32_1,complete,1,2,1/1,1/1,True,1/1,0/1,0/1,excluded
image-44,singleton,planar_translation_64_1,complete,1,0,0/1,0/1,True,0/1,1/1,1/1,supported
image-44,singleton,planar_translation_64_1,complete,1,1,0/1,1/1,False,1/2,1/2,1/2,supported
image-44,singleton,planar_translation_64_1,complete,1,2,1/1,1/1,True,1/1,0/1,0/1,excluded
image-45,singleton,exact_projection,complete,1,0,0/1,0/1,True,0/1,1/1,1/1,supported
image-45,singleton,exact_projection,complete,1,1,0/1,1/1,False,1/2,1/2,1/2,supported
image-45,singleton,exact_projection,complete,1,2,1/1,1/1,True,1/1,0/1,0/1,excluded
image-45,singleton,one_edit_global,complete,1,0,0/1,0/1,True,0/1,0/1,2/1,unresolved
image-45,singleton,one_edit_global,complete,1,1,0/1,1/1,False,1/2,-1/2,3/2,unresolved
image-45,singleton,one_edit_global,complete,1,2,1/1,1/1,True,1/1,-1/1,1/1,unresolved
image-45,singleton,one_edit_per_image,complete,1,0,0/1,0/1,True,0/1,0/1,2/1,unresolved
image-45,singleton,one_edit_per_image,complete,1,1,0/1,1/1,False,1/2,-1/2,3/2,unresolved
image-45,singleton,one_edit_per_image,complete,1,2,1/1,1/1,True,1/1,-1/1,1/1,unresolved
image-45,singleton,axis_translation_1_1,complete,1,0,0/1,0/1,True,0/1,1/1,1/1,supported
image-45,singleton,axis_translation_1_1,complete,1,1,0/1,1/1,False,1/2,1/2,1/2,supported
image-45,singleton,axis_translation_1_1,complete,1,2,1/1,1/1,True,1/1,0/1,0/1,excluded
image-45,singleton,axis_translation_2_1,complete,1,0,0/1,0/1,True,0/1,1/1,1/1,supported
image-45,singleton,axis_translation_2_1,complete,1,1,0/1,1/1,False,1/2,1/2,1/2,supported
image-45,singleton,axis_translation_2_1,complete,1,2,1/1,1/1,True,1/1,0/1,0/1,excluded
image-45,singleton,axis_translation_4_1,complete,1,0,0/1,0/1,True,0/1,1/1,1/1,supported
image-45,singleton,axis_translation_4_1,complete,1,1,0/1,1/1,False,1/2,1/2,1/2,supported
image-45,singleton,axis_translation_4_1,complete,1,2,1/1,1/1,True,1/1,0/1,0/1,excluded
image-45,singleton,axis_translation_8_1,complete,1,0,0/1,0/1,True,0/1,0/1,1/1,unresolved
image-45,singleton,axis_translation_8_1,complete,1,1,0/1,1/1,False,1/2,-1/2,1/2,unresolved
image-45,singleton,axis_translation_8_1,complete,1,2,1/1,1/1,True,1/1,-1/1,0/1,excluded
image-45,singleton,axis_translation_16_1,complete,1,0,0/1,0/1,True,0/1,0/1,2/1,unresolved
image-45,singleton,axis_translation_16_1,complete,1,1,0/1,1/1,False,1/2,-1/2,3/2,unresolved
image-45,singleton,axis_translation_16_1,complete,1,2,1/1,1/1,True,1/1,-1/1,1/1,unresolved
image-45,singleton,axis_translation_32_1,complete,1,0,0/1,0/1,True,0/1,0/1,2/1,unresolved
image-45,singleton,axis_translation_32_1,complete,1,1,0/1,1/1,False,1/2,-1/2,3/2,unresolved
image-45,singleton,axis_translation_32_1,complete,1,2,1/1,1/1,True,1/1,-1/1,1/1,unresolved
image-45,singleton,axis_translation_64_1,complete,1,0,0/1,0/1,True,0/1,0/1,2/1,unresolved
image-45,singleton,axis_translation_64_1,complete,1,1,0/1,1/1,False,1/2,-1/2,3/2,unresolved
image-45,singleton,axis_translation_64_1,complete,1,2,1/1,1/1,True,1/1,-1/1,1/1,unresolved
image-45,singleton,planar_translation_1_1,complete,1,0,0/1,0/1,True,0/1,1/1,1/1,supported
image-45,singleton,planar_translation_1_1,complete,1,1,0/1,1/1,False,1/2,1/2,1/2,supported
image-45,singleton,planar_translation_1_1,complete,1,2,1/1,1/1,True,1/1,0/1,0/1,excluded
image-45,singleton,planar_translation_2_1,complete,1,0,0/1,0/1,True,0/1,1/1,1/1,supported
image-45,singleton,planar_translation_2_1,complete,1,1,0/1,1/1,False,1/2,1/2,1/2,supported
image-45,singleton,planar_translation_2_1,complete,1,2,1/1,1/1,True,1/1,0/1,0/1,excluded
image-45,singleton,planar_translation_4_1,complete,1,0,0/1,0/1,True,0/1,1/1,1/1,supported
image-45,singleton,planar_translation_4_1,complete,1,1,0/1,1/1,False,1/2,1/2,1/2,supported
image-45,singleton,planar_translation_4_1,complete,1,2,1/1,1/1,True,1/1,0/1,0/1,excluded
image-45,singleton,planar_translation_5_1,complete,1,0,0/1,0/1,True,0/1,0/1,1/1,unresolved
image-45,singleton,planar_translation_5_1,complete,1,1,0/1,1/1,False,1/2,-1/2,1/2,unresolved
image-45,singleton,planar_translation_5_1,complete,1,2,1/1,1/1,True,1/1,-1/1,0/1,excluded
image-45,singleton,planar_translation_161_32,complete,1,0,0/1,0/1,True,0/1,0/1,1/1,unresolved
image-45,singleton,planar_translation_161_32,complete,1,1,0/1,1/1,False,1/2,-1/2,1/2,unresolved
image-45,singleton,planar_translation_161_32,complete,1,2,1/1,1/1,True,1/1,-1/1,0/1,excluded
image-45,singleton,planar_translation_8_1,complete,1,0,0/1,0/1,True,0/1,0/1,2/1,unresolved
image-45,singleton,planar_translation_8_1,complete,1,1,0/1,1/1,False,1/2,-1/2,3/2,unresolved
image-45,singleton,planar_translation_8_1,complete,1,2,1/1,1/1,True,1/1,-1/1,1/1,unresolved
image-45,singleton,planar_translation_16_1,complete,1,0,0/1,0/1,True,0/1,0/1,2/1,unresolved
image-45,singleton,planar_translation_16_1,complete,1,1,0/1,1/1,False,1/2,-1/2,3/2,unresolved
image-45,singleton,planar_translation_16_1,complete,1,2,1/1,1/1,True,1/1,-1/1,1/1,unresolved
image-45,singleton,planar_translation_32_1,complete,1,0,0/1,0/1,True,0/1,0/1,2/1,unresolved
image-45,singleton,planar_translation_32_1,complete,1,1,0/1,1/1,False,1/2,-1/2,3/2,unresolved
image-45,singleton,planar_translation_32_1,complete,1,2,1/1,1/1,True,1/1,-1/1,1/1,unresolved
image-45,singleton,planar_translation_64_1,complete,1,0,0/1,0/1,True,0/1,0/1,2/1,unresolved
image-45,singleton,planar_translation_64_1,complete,1,1,0/1,1/1,False,1/2,-1/2,3/2,unresolved
image-45,singleton,planar_translation_64_1,complete,1,2,1/1,1/1,True,1/1,-1/1,1/1,unresolved
image-46,singleton,exact_projection,complete,1,0,0/1,0/1,True,0/1,-1/1,-1/1,excluded
image-46,singleton,exact_projection,complete,1,1,0/1,1/1,False,1/2,-1/2,-1/2,excluded
image-46,singleton,exact_projection,complete,1,2,1/1,1/1,True,1/1,0/1,0/1,excluded
image-46,singleton,one_edit_global,complete,1,0,0/1,0/1,True,0/1,-1/1,0/1,excluded
image-46,singleton,one_edit_global,complete,1,1,0/1,1/1,False,1/2,-1/2,1/2,unresolved
image-46,singleton,one_edit_global,complete,1,2,1/1,1/1,True,1/1,0/1,1/1,unresolved
image-46,singleton,one_edit_per_image,complete,1,0,0/1,0/1,True,0/1,-1/1,0/1,excluded
image-46,singleton,one_edit_per_image,complete,1,1,0/1,1/1,False,1/2,-1/2,1/2,unresolved
image-46,singleton,one_edit_per_image,complete,1,2,1/1,1/1,True,1/1,0/1,1/1,unresolved
image-46,singleton,axis_translation_1_1,complete,1,0,0/1,0/1,True,0/1,-1/1,-1/1,excluded
image-46,singleton,axis_translation_1_1,complete,1,1,0/1,1/1,False,1/2,-1/2,-1/2,excluded
image-46,singleton,axis_translation_1_1,complete,1,2,1/1,1/1,True,1/1,0/1,0/1,excluded
image-46,singleton,axis_translation_2_1,complete,1,0,0/1,0/1,True,0/1,-1/1,-1/1,excluded
image-46,singleton,axis_translation_2_1,complete,1,1,0/1,1/1,False,1/2,-1/2,-1/2,excluded
image-46,singleton,axis_translation_2_1,complete,1,2,1/1,1/1,True,1/1,0/1,0/1,excluded
image-46,singleton,axis_translation_4_1,complete,1,0,0/1,0/1,True,0/1,-1/1,-1/1,excluded
image-46,singleton,axis_translation_4_1,complete,1,1,0/1,1/1,False,1/2,-1/2,-1/2,excluded
image-46,singleton,axis_translation_4_1,complete,1,2,1/1,1/1,True,1/1,0/1,0/1,excluded
image-46,singleton,axis_translation_8_1,complete,1,0,0/1,0/1,True,0/1,-1/1,-1/1,excluded
image-46,singleton,axis_translation_8_1,complete,1,1,0/1,1/1,False,1/2,-1/2,-1/2,excluded
image-46,singleton,axis_translation_8_1,complete,1,2,1/1,1/1,True,1/1,0/1,0/1,excluded
image-46,singleton,axis_translation_16_1,complete,1,0,0/1,0/1,True,0/1,-1/1,-1/1,excluded
image-46,singleton,axis_translation_16_1,complete,1,1,0/1,1/1,False,1/2,-1/2,-1/2,excluded
image-46,singleton,axis_translation_16_1,complete,1,2,1/1,1/1,True,1/1,0/1,0/1,excluded
image-46,singleton,axis_translation_32_1,complete,1,0,0/1,0/1,True,0/1,-1/1,-1/1,excluded
image-46,singleton,axis_translation_32_1,complete,1,1,0/1,1/1,False,1/2,-1/2,-1/2,excluded
image-46,singleton,axis_translation_32_1,complete,1,2,1/1,1/1,True,1/1,0/1,0/1,excluded
image-46,singleton,axis_translation_64_1,complete,1,0,0/1,0/1,True,0/1,-1/1,-1/1,excluded
image-46,singleton,axis_translation_64_1,complete,1,1,0/1,1/1,False,1/2,-1/2,-1/2,excluded
image-46,singleton,axis_translation_64_1,complete,1,2,1/1,1/1,True,1/1,0/1,0/1,excluded
image-46,singleton,planar_translation_1_1,complete,1,0,0/1,0/1,True,0/1,-1/1,-1/1,excluded
image-46,singleton,planar_translation_1_1,complete,1,1,0/1,1/1,False,1/2,-1/2,-1/2,excluded
image-46,singleton,planar_translation_1_1,complete,1,2,1/1,1/1,True,1/1,0/1,0/1,excluded
image-46,singleton,planar_translation_2_1,complete,1,0,0/1,0/1,True,0/1,-1/1,-1/1,excluded
image-46,singleton,planar_translation_2_1,complete,1,1,0/1,1/1,False,1/2,-1/2,-1/2,excluded
image-46,singleton,planar_translation_2_1,complete,1,2,1/1,1/1,True,1/1,0/1,0/1,excluded
image-46,singleton,planar_translation_4_1,complete,1,0,0/1,0/1,True,0/1,-1/1,-1/1,excluded
image-46,singleton,planar_translation_4_1,complete,1,1,0/1,1/1,False,1/2,-1/2,-1/2,excluded
image-46,singleton,planar_translation_4_1,complete,1,2,1/1,1/1,True,1/1,0/1,0/1,excluded
image-46,singleton,planar_translation_5_1,complete,1,0,0/1,0/1,True,0/1,-1/1,-1/1,excluded
image-46,singleton,planar_translation_5_1,complete,1,1,0/1,1/1,False,1/2,-1/2,-1/2,excluded
image-46,singleton,planar_translation_5_1,complete,1,2,1/1,1/1,True,1/1,0/1,0/1,excluded
image-46,singleton,planar_translation_161_32,complete,1,0,0/1,0/1,True,0/1,-1/1,-1/1,excluded
image-46,singleton,planar_translation_161_32,complete,1,1,0/1,1/1,False,1/2,-1/2,-1/2,excluded
image-46,singleton,planar_translation_161_32,complete,1,2,1/1,1/1,True,1/1,0/1,0/1,excluded
image-46,singleton,planar_translation_8_1,complete,1,0,0/1,0/1,True,0/1,-1/1,-1/1,excluded
image-46,singleton,planar_translation_8_1,complete,1,1,0/1,1/1,False,1/2,-1/2,-1/2,excluded
image-46,singleton,planar_translation_8_1,complete,1,2,1/1,1/1,True,1/1,0/1,0/1,excluded
image-46,singleton,planar_translation_16_1,complete,1,0,0/1,0/1,True,0/1,-1/1,-1/1,excluded
image-46,singleton,planar_translation_16_1,complete,1,1,0/1,1/1,False,1/2,-1/2,-1/2,excluded
image-46,singleton,planar_translation_16_1,complete,1,2,1/1,1/1,True,1/1,0/1,0/1,excluded
image-46,singleton,planar_translation_32_1,complete,1,0,0/1,0/1,True,0/1,-1/1,-1/1,excluded
image-46,singleton,planar_translation_32_1,complete,1,1,0/1,1/1,False,1/2,-1/2,-1/2,excluded
image-46,singleton,planar_translation_32_1,complete,1,2,1/1,1/1,True,1/1,0/1,0/1,excluded
image-46,singleton,planar_translation_64_1,complete,1,0,0/1,0/1,True,0/1,-1/1,-1/1,excluded
image-46,singleton,planar_translation_64_1,complete,1,1,0/1,1/1,False,1/2,-1/2,-1/2,excluded
image-46,singleton,planar_translation_64_1,complete,1,2,1/1,1/1,True,1/1,0/1,0/1,excluded
image-47,singleton,exact_projection,complete,1,0,0/1,0/1,True,0/1,0/1,0/1,excluded
image-47,singleton,exact_projection,complete,1,1,0/1,1/1,False,1/2,0/1,0/1,excluded
image-47,singleton,exact_projection,complete,1,2,1/1,1/1,True,1/1,0/1,0/1,excluded
image-47,singleton,one_edit_global,complete,1,0,0/1,0/1,True,0/1,0/1,0/1,excluded
image-47,singleton,one_edit_global,complete,1,1,0/1,1/1,False,1/2,0/1,0/1,excluded
image-47,singleton,one_edit_global,complete,1,2,1/1,1/1,True,1/1,0/1,0/1,excluded
image-47,singleton,one_edit_per_image,complete,1,0,0/1,0/1,True,0/1,0/1,0/1,excluded
image-47,singleton,one_edit_per_image,complete,1,1,0/1,1/1,False,1/2,0/1,0/1,excluded
image-47,singleton,one_edit_per_image,complete,1,2,1/1,1/1,True,1/1,0/1,0/1,excluded
image-47,singleton,axis_translation_1_1,complete,1,0,0/1,0/1,True,0/1,0/1,0/1,excluded
image-47,singleton,axis_translation_1_1,complete,1,1,0/1,1/1,False,1/2,0/1,0/1,excluded
image-47,singleton,axis_translation_1_1,complete,1,2,1/1,1/1,True,1/1,0/1,0/1,excluded
image-47,singleton,axis_translation_2_1,complete,1,0,0/1,0/1,True,0/1,0/1,0/1,excluded
image-47,singleton,axis_translation_2_1,complete,1,1,0/1,1/1,False,1/2,0/1,0/1,excluded
image-47,singleton,axis_translation_2_1,complete,1,2,1/1,1/1,True,1/1,0/1,0/1,excluded
image-47,singleton,axis_translation_4_1,complete,1,0,0/1,0/1,True,0/1,0/1,0/1,excluded
image-47,singleton,axis_translation_4_1,complete,1,1,0/1,1/1,False,1/2,0/1,0/1,excluded
image-47,singleton,axis_translation_4_1,complete,1,2,1/1,1/1,True,1/1,0/1,0/1,excluded
image-47,singleton,axis_translation_8_1,complete,1,0,0/1,0/1,True,0/1,0/1,0/1,excluded
image-47,singleton,axis_translation_8_1,complete,1,1,0/1,1/1,False,1/2,0/1,0/1,excluded
image-47,singleton,axis_translation_8_1,complete,1,2,1/1,1/1,True,1/1,0/1,0/1,excluded
image-47,singleton,axis_translation_16_1,complete,1,0,0/1,0/1,True,0/1,0/1,0/1,excluded
image-47,singleton,axis_translation_16_1,complete,1,1,0/1,1/1,False,1/2,0/1,0/1,excluded
image-47,singleton,axis_translation_16_1,complete,1,2,1/1,1/1,True,1/1,0/1,0/1,excluded
image-47,singleton,axis_translation_32_1,complete,1,0,0/1,0/1,True,0/1,0/1,0/1,excluded
image-47,singleton,axis_translation_32_1,complete,1,1,0/1,1/1,False,1/2,0/1,0/1,excluded
image-47,singleton,axis_translation_32_1,complete,1,2,1/1,1/1,True,1/1,0/1,0/1,excluded
image-47,singleton,axis_translation_64_1,complete,1,0,0/1,0/1,True,0/1,0/1,0/1,excluded
image-47,singleton,axis_translation_64_1,complete,1,1,0/1,1/1,False,1/2,0/1,0/1,excluded
image-47,singleton,axis_translation_64_1,complete,1,2,1/1,1/1,True,1/1,0/1,0/1,excluded
image-47,singleton,planar_translation_1_1,complete,1,0,0/1,0/1,True,0/1,0/1,0/1,excluded
image-47,singleton,planar_translation_1_1,complete,1,1,0/1,1/1,False,1/2,0/1,0/1,excluded
image-47,singleton,planar_translation_1_1,complete,1,2,1/1,1/1,True,1/1,0/1,0/1,excluded
image-47,singleton,planar_translation_2_1,complete,1,0,0/1,0/1,True,0/1,0/1,0/1,excluded
image-47,singleton,planar_translation_2_1,complete,1,1,0/1,1/1,False,1/2,0/1,0/1,excluded
image-47,singleton,planar_translation_2_1,complete,1,2,1/1,1/1,True,1/1,0/1,0/1,excluded
image-47,singleton,planar_translation_4_1,complete,1,0,0/1,0/1,True,0/1,0/1,0/1,excluded
image-47,singleton,planar_translation_4_1,complete,1,1,0/1,1/1,False,1/2,0/1,0/1,excluded
image-47,singleton,planar_translation_4_1,complete,1,2,1/1,1/1,True,1/1,0/1,0/1,excluded
image-47,singleton,planar_translation_5_1,complete,1,0,0/1,0/1,True,0/1,0/1,0/1,excluded
image-47,singleton,planar_translation_5_1,complete,1,1,0/1,1/1,False,1/2,0/1,0/1,excluded
image-47,singleton,planar_translation_5_1,complete,1,2,1/1,1/1,True,1/1,0/1,0/1,excluded
image-47,singleton,planar_translation_161_32,complete,1,0,0/1,0/1,True,0/1,0/1,0/1,excluded
image-47,singleton,planar_translation_161_32,complete,1,1,0/1,1/1,False,1/2,0/1,0/1,excluded
image-47,singleton,planar_translation_161_32,complete,1,2,1/1,1/1,True,1/1,0/1,0/1,excluded
image-47,singleton,planar_translation_8_1,complete,1,0,0/1,0/1,True,0/1,0/1,0/1,excluded
image-47,singleton,planar_translation_8_1,complete,1,1,0/1,1/1,False,1/2,0/1,0/1,excluded
image-47,singleton,planar_translation_8_1,complete,1,2,1/1,1/1,True,1/1,0/1,0/1,excluded
image-47,singleton,planar_translation_16_1,complete,1,0,0/1,0/1,True,0/1,0/1,0/1,excluded
image-47,singleton,planar_translation_16_1,complete,1,1,0/1,1/1,False,1/2,0/1,0/1,excluded
image-47,singleton,planar_translation_16_1,complete,1,2,1/1,1/1,True,1/1,0/1,0/1,excluded
image-47,singleton,planar_translation_32_1,complete,1,0,0/1,0/1,True,0/1,0/1,0/1,excluded
image-47,singleton,planar_translation_32_1,complete,1,1,0/1,1/1,False,1/2,0/1,0/1,excluded
image-47,singleton,planar_translation_32_1,complete,1,2,1/1,1/1,True,1/1,0/1,0/1,excluded
image-47,singleton,planar_translation_64_1,complete,1,0,0/1,0/1,True,0/1,0/1,0/1,excluded
image-47,singleton,planar_translation_64_1,complete,1,1,0/1,1/1,False,1/2,0/1,0/1,excluded
image-47,singleton,planar_translation_64_1,complete,1,2,1/1,1/1,True,1/1,0/1,0/1,excluded
image-48,singleton,exact_projection,complete,1,0,0/1,0/1,True,0/1,1/1,1/1,supported
image-48,singleton,exact_projection,complete,1,1,0/1,1/1,False,1/2,1/2,1/2,supported
image-48,singleton,exact_projection,complete,1,2,1/1,1/1,True,1/1,0/1,0/1,excluded
image-48,singleton,one_edit_global,complete,1,0,0/1,0/1,True,0/1,0/1,2/1,unresolved
image-48,singleton,one_edit_global,complete,1,1,0/1,1/1,False,1/2,-1/2,3/2,unresolved
image-48,singleton,one_edit_global,complete,1,2,1/1,1/1,True,1/1,-1/1,1/1,unresolved
image-48,singleton,one_edit_per_image,complete,1,0,0/1,0/1,True,0/1,0/1,2/1,unresolved
image-48,singleton,one_edit_per_image,complete,1,1,0/1,1/1,False,1/2,-1/2,3/2,unresolved
image-48,singleton,one_edit_per_image,complete,1,2,1/1,1/1,True,1/1,-1/1,1/1,unresolved
image-48,singleton,axis_translation_1_1,complete,1,0,0/1,0/1,True,0/1,0/1,1/1,unresolved
image-48,singleton,axis_translation_1_1,complete,1,1,0/1,1/1,False,1/2,-1/2,1/2,unresolved
image-48,singleton,axis_translation_1_1,complete,1,2,1/1,1/1,True,1/1,-1/1,0/1,excluded
image-48,singleton,axis_translation_2_1,complete,1,0,0/1,0/1,True,0/1,0/1,1/1,unresolved
image-48,singleton,axis_translation_2_1,complete,1,1,0/1,1/1,False,1/2,-1/2,1/2,unresolved
image-48,singleton,axis_translation_2_1,complete,1,2,1/1,1/1,True,1/1,-1/1,0/1,excluded
image-48,singleton,axis_translation_4_1,complete,1,0,0/1,0/1,True,0/1,0/1,1/1,unresolved
image-48,singleton,axis_translation_4_1,complete,1,1,0/1,1/1,False,1/2,-1/2,1/2,unresolved
image-48,singleton,axis_translation_4_1,complete,1,2,1/1,1/1,True,1/1,-1/1,0/1,excluded
image-48,singleton,axis_translation_8_1,complete,1,0,0/1,0/1,True,0/1,0/1,1/1,unresolved
image-48,singleton,axis_translation_8_1,complete,1,1,0/1,1/1,False,1/2,-1/2,1/2,unresolved
image-48,singleton,axis_translation_8_1,complete,1,2,1/1,1/1,True,1/1,-1/1,0/1,excluded
image-48,singleton,axis_translation_16_1,complete,1,0,0/1,0/1,True,0/1,0/1,1/1,unresolved
image-48,singleton,axis_translation_16_1,complete,1,1,0/1,1/1,False,1/2,-1/2,1/2,unresolved
image-48,singleton,axis_translation_16_1,complete,1,2,1/1,1/1,True,1/1,-1/1,0/1,excluded
image-48,singleton,axis_translation_32_1,complete,1,0,0/1,0/1,True,0/1,0/1,1/1,unresolved
image-48,singleton,axis_translation_32_1,complete,1,1,0/1,1/1,False,1/2,-1/2,1/2,unresolved
image-48,singleton,axis_translation_32_1,complete,1,2,1/1,1/1,True,1/1,-1/1,0/1,excluded
image-48,singleton,axis_translation_64_1,complete,1,0,0/1,0/1,True,0/1,0/1,2/1,unresolved
image-48,singleton,axis_translation_64_1,complete,1,1,0/1,1/1,False,1/2,-1/2,3/2,unresolved
image-48,singleton,axis_translation_64_1,complete,1,2,1/1,1/1,True,1/1,-1/1,1/1,unresolved
image-48,singleton,planar_translation_1_1,complete,1,0,0/1,0/1,True,0/1,0/1,1/1,unresolved
image-48,singleton,planar_translation_1_1,complete,1,1,0/1,1/1,False,1/2,-1/2,1/2,unresolved
image-48,singleton,planar_translation_1_1,complete,1,2,1/1,1/1,True,1/1,-1/1,0/1,excluded
image-48,singleton,planar_translation_2_1,complete,1,0,0/1,0/1,True,0/1,0/1,1/1,unresolved
image-48,singleton,planar_translation_2_1,complete,1,1,0/1,1/1,False,1/2,-1/2,1/2,unresolved
image-48,singleton,planar_translation_2_1,complete,1,2,1/1,1/1,True,1/1,-1/1,0/1,excluded
image-48,singleton,planar_translation_4_1,complete,1,0,0/1,0/1,True,0/1,0/1,1/1,unresolved
image-48,singleton,planar_translation_4_1,complete,1,1,0/1,1/1,False,1/2,-1/2,1/2,unresolved
image-48,singleton,planar_translation_4_1,complete,1,2,1/1,1/1,True,1/1,-1/1,0/1,excluded
image-48,singleton,planar_translation_5_1,complete,1,0,0/1,0/1,True,0/1,0/1,1/1,unresolved
image-48,singleton,planar_translation_5_1,complete,1,1,0/1,1/1,False,1/2,-1/2,1/2,unresolved
image-48,singleton,planar_translation_5_1,complete,1,2,1/1,1/1,True,1/1,-1/1,0/1,excluded
image-48,singleton,planar_translation_161_32,complete,1,0,0/1,0/1,True,0/1,0/1,1/1,unresolved
image-48,singleton,planar_translation_161_32,complete,1,1,0/1,1/1,False,1/2,-1/2,1/2,unresolved
image-48,singleton,planar_translation_161_32,complete,1,2,1/1,1/1,True,1/1,-1/1,0/1,excluded
image-48,singleton,planar_translation_8_1,complete,1,0,0/1,0/1,True,0/1,0/1,1/1,unresolved
image-48,singleton,planar_translation_8_1,complete,1,1,0/1,1/1,False,1/2,-1/2,1/2,unresolved
image-48,singleton,planar_translation_8_1,complete,1,2,1/1,1/1,True,1/1,-1/1,0/1,excluded
image-48,singleton,planar_translation_16_1,complete,1,0,0/1,0/1,True,0/1,0/1,1/1,unresolved
image-48,singleton,planar_translation_16_1,complete,1,1,0/1,1/1,False,1/2,-1/2,1/2,unresolved
image-48,singleton,planar_translation_16_1,complete,1,2,1/1,1/1,True,1/1,-1/1,0/1,excluded
image-48,singleton,planar_translation_32_1,complete,1,0,0/1,0/1,True,0/1,0/1,2/1,unresolved
image-48,singleton,planar_translation_32_1,complete,1,1,0/1,1/1,False,1/2,-1/2,3/2,unresolved
image-48,singleton,planar_translation_32_1,complete,1,2,1/1,1/1,True,1/1,-1/1,1/1,unresolved
image-48,singleton,planar_translation_64_1,complete,1,0,0/1,0/1,True,0/1,0/1,2/1,unresolved
image-48,singleton,planar_translation_64_1,complete,1,1,0/1,1/1,False,1/2,-1/2,3/2,unresolved
image-48,singleton,planar_translation_64_1,complete,1,2,1/1,1/1,True,1/1,-1/1,1/1,unresolved
image-49,singleton,exact_projection,complete,1,0,0/1,0/1,True,0/1,0/1,0/1,excluded
image-49,singleton,exact_projection,complete,1,1,0/1,1/1,False,1/2,0/1,0/1,excluded
image-49,singleton,exact_projection,complete,1,2,1/1,1/1,True,1/1,0/1,0/1,excluded
image-49,singleton,one_edit_global,complete,1,0,0/1,0/1,True,0/1,-1/1,1/1,unresolved
image-49,singleton,one_edit_global,complete,1,1,0/1,1/1,False,1/2,-1/1,1/1,unresolved
image-49,singleton,one_edit_global,complete,1,2,1/1,1/1,True,1/1,-1/1,1/1,unresolved
image-49,singleton,one_edit_per_image,complete,1,0,0/1,0/1,True,0/1,-1/1,1/1,unresolved
image-49,singleton,one_edit_per_image,complete,1,1,0/1,1/1,False,1/2,-1/1,1/1,unresolved
image-49,singleton,one_edit_per_image,complete,1,2,1/1,1/1,True,1/1,-1/1,1/1,unresolved
image-49,singleton,axis_translation_1_1,complete,1,0,0/1,0/1,True,0/1,0/1,0/1,excluded
image-49,singleton,axis_translation_1_1,complete,1,1,0/1,1/1,False,1/2,0/1,0/1,excluded
image-49,singleton,axis_translation_1_1,complete,1,2,1/1,1/1,True,1/1,0/1,0/1,excluded
image-49,singleton,axis_translation_2_1,complete,1,0,0/1,0/1,True,0/1,0/1,0/1,excluded
image-49,singleton,axis_translation_2_1,complete,1,1,0/1,1/1,False,1/2,0/1,0/1,excluded
image-49,singleton,axis_translation_2_1,complete,1,2,1/1,1/1,True,1/1,0/1,0/1,excluded
image-49,singleton,axis_translation_4_1,complete,1,0,0/1,0/1,True,0/1,0/1,0/1,excluded
image-49,singleton,axis_translation_4_1,complete,1,1,0/1,1/1,False,1/2,0/1,0/1,excluded
image-49,singleton,axis_translation_4_1,complete,1,2,1/1,1/1,True,1/1,0/1,0/1,excluded
image-49,singleton,axis_translation_8_1,complete,1,0,0/1,0/1,True,0/1,0/1,0/1,excluded
image-49,singleton,axis_translation_8_1,complete,1,1,0/1,1/1,False,1/2,0/1,0/1,excluded
image-49,singleton,axis_translation_8_1,complete,1,2,1/1,1/1,True,1/1,0/1,0/1,excluded
image-49,singleton,axis_translation_16_1,complete,1,0,0/1,0/1,True,0/1,0/1,0/1,excluded
image-49,singleton,axis_translation_16_1,complete,1,1,0/1,1/1,False,1/2,0/1,0/1,excluded
image-49,singleton,axis_translation_16_1,complete,1,2,1/1,1/1,True,1/1,0/1,0/1,excluded
image-49,singleton,axis_translation_32_1,complete,1,0,0/1,0/1,True,0/1,-1/1,1/1,unresolved
image-49,singleton,axis_translation_32_1,complete,1,1,0/1,1/1,False,1/2,-1/1,1/1,unresolved
image-49,singleton,axis_translation_32_1,complete,1,2,1/1,1/1,True,1/1,-1/1,1/1,unresolved
image-49,singleton,axis_translation_64_1,complete,1,0,0/1,0/1,True,0/1,-1/1,1/1,unresolved
image-49,singleton,axis_translation_64_1,complete,1,1,0/1,1/1,False,1/2,-1/1,1/1,unresolved
image-49,singleton,axis_translation_64_1,complete,1,2,1/1,1/1,True,1/1,-1/1,1/1,unresolved
image-49,singleton,planar_translation_1_1,complete,1,0,0/1,0/1,True,0/1,0/1,0/1,excluded
image-49,singleton,planar_translation_1_1,complete,1,1,0/1,1/1,False,1/2,0/1,0/1,excluded
image-49,singleton,planar_translation_1_1,complete,1,2,1/1,1/1,True,1/1,0/1,0/1,excluded
image-49,singleton,planar_translation_2_1,complete,1,0,0/1,0/1,True,0/1,0/1,0/1,excluded
image-49,singleton,planar_translation_2_1,complete,1,1,0/1,1/1,False,1/2,0/1,0/1,excluded
image-49,singleton,planar_translation_2_1,complete,1,2,1/1,1/1,True,1/1,0/1,0/1,excluded
image-49,singleton,planar_translation_4_1,complete,1,0,0/1,0/1,True,0/1,0/1,0/1,excluded
image-49,singleton,planar_translation_4_1,complete,1,1,0/1,1/1,False,1/2,0/1,0/1,excluded
image-49,singleton,planar_translation_4_1,complete,1,2,1/1,1/1,True,1/1,0/1,0/1,excluded
image-49,singleton,planar_translation_5_1,complete,1,0,0/1,0/1,True,0/1,0/1,0/1,excluded
image-49,singleton,planar_translation_5_1,complete,1,1,0/1,1/1,False,1/2,0/1,0/1,excluded
image-49,singleton,planar_translation_5_1,complete,1,2,1/1,1/1,True,1/1,0/1,0/1,excluded
image-49,singleton,planar_translation_161_32,complete,1,0,0/1,0/1,True,0/1,0/1,0/1,excluded
image-49,singleton,planar_translation_161_32,complete,1,1,0/1,1/1,False,1/2,0/1,0/1,excluded
image-49,singleton,planar_translation_161_32,complete,1,2,1/1,1/1,True,1/1,0/1,0/1,excluded
image-49,singleton,planar_translation_8_1,complete,1,0,0/1,0/1,True,0/1,0/1,0/1,excluded
image-49,singleton,planar_translation_8_1,complete,1,1,0/1,1/1,False,1/2,0/1,0/1,excluded
image-49,singleton,planar_translation_8_1,complete,1,2,1/1,1/1,True,1/1,0/1,0/1,excluded
image-49,singleton,planar_translation_16_1,complete,1,0,0/1,0/1,True,0/1,-1/1,1/1,unresolved
image-49,singleton,planar_translation_16_1,complete,1,1,0/1,1/1,False,1/2,-1/1,1/1,unresolved
image-49,singleton,planar_translation_16_1,complete,1,2,1/1,1/1,True,1/1,-1/1,1/1,unresolved
image-49,singleton,planar_translation_32_1,complete,1,0,0/1,0/1,True,0/1,-1/1,1/1,unresolved
image-49,singleton,planar_translation_32_1,complete,1,1,0/1,1/1,False,1/2,-1/1,1/1,unresolved
image-49,singleton,planar_translation_32_1,complete,1,2,1/1,1/1,True,1/1,-1/1,1/1,unresolved
image-49,singleton,planar_translation_64_1,complete,1,0,0/1,0/1,True,0/1,-1/1,1/1,unresolved
image-49,singleton,planar_translation_64_1,complete,1,1,0/1,1/1,False,1/2,-1/1,1/1,unresolved
image-49,singleton,planar_translation_64_1,complete,1,2,1/1,1/1,True,1/1,-1/1,1/1,unresolved
image-50,singleton,exact_projection,complete,1,0,0/1,0/1,True,0/1,2/1,2/1,supported
image-50,singleton,exact_projection,complete,1,1,0/1,1/1,False,1/2,1/1,1/1,supported
image-50,singleton,exact_projection,complete,1,2,1/1,1/1,True,1/1,0/1,0/1,excluded
image-50,singleton,one_edit_global,complete,1,0,0/1,0/1,True,0/1,1/1,3/1,supported
image-50,singleton,one_edit_global,complete,1,1,0/1,1/2,False,1/4,1/2,5/2,supported
image-50,singleton,one_edit_global,complete,1,2,1/2,1/2,True,1/2,0/1,2/1,unresolved
image-50,singleton,one_edit_global,complete,1,3,1/2,1/1,False,3/4,-1/2,3/2,unresolved
image-50,singleton,one_edit_global,complete,1,4,1/1,1/1,True,1/1,-1/1,1/1,unresolved
image-50,singleton,one_edit_per_image,complete,1,0,0/1,0/1,True,0/1,1/1,3/1,supported
image-50,singleton,one_edit_per_image,complete,1,1,0/1,1/2,False,1/4,1/2,5/2,supported
image-50,singleton,one_edit_per_image,complete,1,2,1/2,1/2,True,1/2,0/1,2/1,unresolved
image-50,singleton,one_edit_per_image,complete,1,3,1/2,1/1,False,3/4,-1/2,3/2,unresolved
image-50,singleton,one_edit_per_image,complete,1,4,1/1,1/1,True,1/1,-1/1,1/1,unresolved
image-50,singleton,axis_translation_1_1,complete,1,0,0/1,0/1,True,0/1,2/1,2/1,supported
image-50,singleton,axis_translation_1_1,complete,1,1,0/1,1/1,False,1/2,1/1,1/1,supported
image-50,singleton,axis_translation_1_1,complete,1,2,1/1,1/1,True,1/1,0/1,0/1,excluded
image-50,singleton,axis_translation_2_1,complete,1,0,0/1,0/1,True,0/1,2/1,2/1,supported
image-50,singleton,axis_translation_2_1,complete,1,1,0/1,1/1,False,1/2,1/1,1/1,supported
image-50,singleton,axis_translation_2_1,complete,1,2,1/1,1/1,True,1/1,0/1,0/1,excluded
image-50,singleton,axis_translation_4_1,complete,1,0,0/1,0/1,True,0/1,2/1,2/1,supported
image-50,singleton,axis_translation_4_1,complete,1,1,0/1,1/1,False,1/2,1/1,1/1,supported
image-50,singleton,axis_translation_4_1,complete,1,2,1/1,1/1,True,1/1,0/1,0/1,excluded
image-50,singleton,axis_translation_8_1,complete,1,0,0/1,0/1,True,0/1,1/1,2/1,supported
image-50,singleton,axis_translation_8_1,complete,1,1,0/1,1/2,False,1/4,1/2,3/2,supported
image-50,singleton,axis_translation_8_1,complete,1,2,1/2,1/2,True,1/2,0/1,1/1,unresolved
image-50,singleton,axis_translation_8_1,complete,1,3,1/2,1/1,False,3/4,-1/2,1/2,unresolved
image-50,singleton,axis_translation_8_1,complete,1,4,1/1,1/1,True,1/1,-1/1,0/1,excluded
image-50,singleton,axis_translation_16_1,complete,1,0,0/1,0/1,True,0/1,1/1,2/1,supported
image-50,singleton,axis_translation_16_1,complete,1,1,0/1,1/2,False,1/4,1/2,3/2,supported
image-50,singleton,axis_translation_16_1,complete,1,2,1/2,1/2,True,1/2,0/1,1/1,unresolved
image-50,singleton,axis_translation_16_1,complete,1,3,1/2,1/1,False,3/4,-1/2,1/2,unresolved
image-50,singleton,axis_translation_16_1,complete,1,4,1/1,1/1,True,1/1,-1/1,0/1,excluded
image-50,singleton,axis_translation_32_1,complete,1,0,0/1,0/1,True,0/1,1/1,3/1,supported
image-50,singleton,axis_translation_32_1,complete,1,1,0/1,1/2,False,1/4,1/2,5/2,supported
image-50,singleton,axis_translation_32_1,complete,1,2,1/2,1/2,True,1/2,0/1,2/1,unresolved
image-50,singleton,axis_translation_32_1,complete,1,3,1/2,1/1,False,3/4,-1/2,3/2,unresolved
image-50,singleton,axis_translation_32_1,complete,1,4,1/1,1/1,True,1/1,-1/1,1/1,unresolved
image-50,singleton,axis_translation_64_1,complete,1,0,0/1,0/1,True,0/1,1/1,3/1,supported
image-50,singleton,axis_translation_64_1,complete,1,1,0/1,1/2,False,1/4,1/2,5/2,supported
image-50,singleton,axis_translation_64_1,complete,1,2,1/2,1/2,True,1/2,0/1,2/1,unresolved
image-50,singleton,axis_translation_64_1,complete,1,3,1/2,1/1,False,3/4,-1/2,3/2,unresolved
image-50,singleton,axis_translation_64_1,complete,1,4,1/1,1/1,True,1/1,-1/1,1/1,unresolved
image-50,singleton,planar_translation_1_1,complete,1,0,0/1,0/1,True,0/1,2/1,2/1,supported
image-50,singleton,planar_translation_1_1,complete,1,1,0/1,1/1,False,1/2,1/1,1/1,supported
image-50,singleton,planar_translation_1_1,complete,1,2,1/1,1/1,True,1/1,0/1,0/1,excluded
image-50,singleton,planar_translation_2_1,complete,1,0,0/1,0/1,True,0/1,2/1,2/1,supported
image-50,singleton,planar_translation_2_1,complete,1,1,0/1,1/1,False,1/2,1/1,1/1,supported
image-50,singleton,planar_translation_2_1,complete,1,2,1/1,1/1,True,1/1,0/1,0/1,excluded
image-50,singleton,planar_translation_4_1,complete,1,0,0/1,0/1,True,0/1,2/1,2/1,supported
image-50,singleton,planar_translation_4_1,complete,1,1,0/1,1/1,False,1/2,1/1,1/1,supported
image-50,singleton,planar_translation_4_1,complete,1,2,1/1,1/1,True,1/1,0/1,0/1,excluded
image-50,singleton,planar_translation_5_1,complete,1,0,0/1,0/1,True,0/1,1/1,2/1,supported
image-50,singleton,planar_translation_5_1,complete,1,1,0/1,1/2,False,1/4,1/2,3/2,supported
image-50,singleton,planar_translation_5_1,complete,1,2,1/2,1/2,True,1/2,0/1,1/1,unresolved
image-50,singleton,planar_translation_5_1,complete,1,3,1/2,1/1,False,3/4,-1/2,1/2,unresolved
image-50,singleton,planar_translation_5_1,complete,1,4,1/1,1/1,True,1/1,-1/1,0/1,excluded
image-50,singleton,planar_translation_161_32,complete,1,0,0/1,0/1,True,0/1,1/1,2/1,supported
image-50,singleton,planar_translation_161_32,complete,1,1,0/1,1/2,False,1/4,1/2,3/2,supported
image-50,singleton,planar_translation_161_32,complete,1,2,1/2,1/2,True,1/2,0/1,1/1,unresolved
image-50,singleton,planar_translation_161_32,complete,1,3,1/2,1/1,False,3/4,-1/2,1/2,unresolved
image-50,singleton,planar_translation_161_32,complete,1,4,1/1,1/1,True,1/1,-1/1,0/1,excluded
image-50,singleton,planar_translation_8_1,complete,1,0,0/1,0/1,True,0/1,1/1,2/1,supported
image-50,singleton,planar_translation_8_1,complete,1,1,0/1,1/2,False,1/4,1/2,3/2,supported
image-50,singleton,planar_translation_8_1,complete,1,2,1/2,1/2,True,1/2,0/1,1/1,unresolved
image-50,singleton,planar_translation_8_1,complete,1,3,1/2,1/1,False,3/4,-1/2,1/2,unresolved
image-50,singleton,planar_translation_8_1,complete,1,4,1/1,1/1,True,1/1,-1/1,0/1,excluded
image-50,singleton,planar_translation_16_1,complete,1,0,0/1,0/1,True,0/1,1/1,3/1,supported
image-50,singleton,planar_translation_16_1,complete,1,1,0/1,1/2,False,1/4,1/2,5/2,supported
image-50,singleton,planar_translation_16_1,complete,1,2,1/2,1/2,True,1/2,0/1,2/1,unresolved
image-50,singleton,planar_translation_16_1,complete,1,3,1/2,1/1,False,3/4,-1/2,3/2,unresolved
image-50,singleton,planar_translation_16_1,complete,1,4,1/1,1/1,True,1/1,-1/1,1/1,unresolved
image-50,singleton,planar_translation_32_1,complete,1,0,0/1,0/1,True,0/1,1/1,3/1,supported
image-50,singleton,planar_translation_32_1,complete,1,1,0/1,1/2,False,1/4,1/2,5/2,supported
image-50,singleton,planar_translation_32_1,complete,1,2,1/2,1/2,True,1/2,0/1,2/1,unresolved
image-50,singleton,planar_translation_32_1,complete,1,3,1/2,1/1,False,3/4,-1/2,3/2,unresolved
image-50,singleton,planar_translation_32_1,complete,1,4,1/1,1/1,True,1/1,-1/1,1/1,unresolved
image-50,singleton,planar_translation_64_1,complete,1,0,0/1,0/1,True,0/1,1/1,3/1,supported
image-50,singleton,planar_translation_64_1,complete,1,1,0/1,1/2,False,1/4,1/2,5/2,supported
image-50,singleton,planar_translation_64_1,complete,1,2,1/2,1/2,True,1/2,0/1,2/1,unresolved
image-50,singleton,planar_translation_64_1,complete,1,3,1/2,1/1,False,3/4,-1/2,3/2,unresolved
image-50,singleton,planar_translation_64_1,complete,1,4,1/1,1/1,True,1/1,-1/1,1/1,unresolved
image-51,singleton,exact_projection,complete,1,0,0/1,0/1,True,0/1,0/1,0/1,excluded
image-51,singleton,exact_projection,complete,1,1,0/1,1/1,False,1/2,0/1,0/1,excluded
image-51,singleton,exact_projection,complete,1,2,1/1,1/1,True,1/1,0/1,0/1,excluded
image-51,singleton,one_edit_global,complete,1,0,0/1,0/1,True,0/1,-1/1,1/1,unresolved
image-51,singleton,one_edit_global,complete,1,1,0/1,1/1,False,1/2,-1/1,1/1,unresolved
image-51,singleton,one_edit_global,complete,1,2,1/1,1/1,True,1/1,-1/1,1/1,unresolved
image-51,singleton,one_edit_per_image,complete,1,0,0/1,0/1,True,0/1,-1/1,1/1,unresolved
image-51,singleton,one_edit_per_image,complete,1,1,0/1,1/1,False,1/2,-1/1,1/1,unresolved
image-51,singleton,one_edit_per_image,complete,1,2,1/1,1/1,True,1/1,-1/1,1/1,unresolved
image-51,singleton,axis_translation_1_1,complete,1,0,0/1,0/1,True,0/1,0/1,0/1,excluded
image-51,singleton,axis_translation_1_1,complete,1,1,0/1,1/1,False,1/2,0/1,0/1,excluded
image-51,singleton,axis_translation_1_1,complete,1,2,1/1,1/1,True,1/1,0/1,0/1,excluded
image-51,singleton,axis_translation_2_1,complete,1,0,0/1,0/1,True,0/1,0/1,0/1,excluded
image-51,singleton,axis_translation_2_1,complete,1,1,0/1,1/1,False,1/2,0/1,0/1,excluded
image-51,singleton,axis_translation_2_1,complete,1,2,1/1,1/1,True,1/1,0/1,0/1,excluded
image-51,singleton,axis_translation_4_1,complete,1,0,0/1,0/1,True,0/1,0/1,0/1,excluded
image-51,singleton,axis_translation_4_1,complete,1,1,0/1,1/1,False,1/2,0/1,0/1,excluded
image-51,singleton,axis_translation_4_1,complete,1,2,1/1,1/1,True,1/1,0/1,0/1,excluded
image-51,singleton,axis_translation_8_1,complete,1,0,0/1,0/1,True,0/1,0/1,0/1,excluded
image-51,singleton,axis_translation_8_1,complete,1,1,0/1,1/1,False,1/2,0/1,0/1,excluded
image-51,singleton,axis_translation_8_1,complete,1,2,1/1,1/1,True,1/1,0/1,0/1,excluded
image-51,singleton,axis_translation_16_1,complete,1,0,0/1,0/1,True,0/1,-1/1,1/1,unresolved
image-51,singleton,axis_translation_16_1,complete,1,1,0/1,1/1,False,1/2,-1/1,1/1,unresolved
image-51,singleton,axis_translation_16_1,complete,1,2,1/1,1/1,True,1/1,-1/1,1/1,unresolved
image-51,singleton,axis_translation_32_1,complete,1,0,0/1,0/1,True,0/1,-1/1,1/1,unresolved
image-51,singleton,axis_translation_32_1,complete,1,1,0/1,1/1,False,1/2,-1/1,1/1,unresolved
image-51,singleton,axis_translation_32_1,complete,1,2,1/1,1/1,True,1/1,-1/1,1/1,unresolved
image-51,singleton,axis_translation_64_1,complete,1,0,0/1,0/1,True,0/1,-1/1,1/1,unresolved
image-51,singleton,axis_translation_64_1,complete,1,1,0/1,1/1,False,1/2,-1/1,1/1,unresolved
image-51,singleton,axis_translation_64_1,complete,1,2,1/1,1/1,True,1/1,-1/1,1/1,unresolved
image-51,singleton,planar_translation_1_1,complete,1,0,0/1,0/1,True,0/1,0/1,0/1,excluded
image-51,singleton,planar_translation_1_1,complete,1,1,0/1,1/1,False,1/2,0/1,0/1,excluded
image-51,singleton,planar_translation_1_1,complete,1,2,1/1,1/1,True,1/1,0/1,0/1,excluded
image-51,singleton,planar_translation_2_1,complete,1,0,0/1,0/1,True,0/1,0/1,0/1,excluded
image-51,singleton,planar_translation_2_1,complete,1,1,0/1,1/1,False,1/2,0/1,0/1,excluded
image-51,singleton,planar_translation_2_1,complete,1,2,1/1,1/1,True,1/1,0/1,0/1,excluded
image-51,singleton,planar_translation_4_1,complete,1,0,0/1,0/1,True,0/1,0/1,0/1,excluded
image-51,singleton,planar_translation_4_1,complete,1,1,0/1,1/1,False,1/2,0/1,0/1,excluded
image-51,singleton,planar_translation_4_1,complete,1,2,1/1,1/1,True,1/1,0/1,0/1,excluded
image-51,singleton,planar_translation_5_1,complete,1,0,0/1,0/1,True,0/1,0/1,0/1,excluded
image-51,singleton,planar_translation_5_1,complete,1,1,0/1,1/1,False,1/2,0/1,0/1,excluded
image-51,singleton,planar_translation_5_1,complete,1,2,1/1,1/1,True,1/1,0/1,0/1,excluded
image-51,singleton,planar_translation_161_32,complete,1,0,0/1,0/1,True,0/1,0/1,0/1,excluded
image-51,singleton,planar_translation_161_32,complete,1,1,0/1,1/1,False,1/2,0/1,0/1,excluded
image-51,singleton,planar_translation_161_32,complete,1,2,1/1,1/1,True,1/1,0/1,0/1,excluded
image-51,singleton,planar_translation_8_1,complete,1,0,0/1,0/1,True,0/1,0/1,0/1,excluded
image-51,singleton,planar_translation_8_1,complete,1,1,0/1,1/1,False,1/2,0/1,0/1,excluded
image-51,singleton,planar_translation_8_1,complete,1,2,1/1,1/1,True,1/1,0/1,0/1,excluded
image-51,singleton,planar_translation_16_1,complete,1,0,0/1,0/1,True,0/1,-1/1,1/1,unresolved
image-51,singleton,planar_translation_16_1,complete,1,1,0/1,1/1,False,1/2,-1/1,1/1,unresolved
image-51,singleton,planar_translation_16_1,complete,1,2,1/1,1/1,True,1/1,-1/1,1/1,unresolved
image-51,singleton,planar_translation_32_1,complete,1,0,0/1,0/1,True,0/1,-1/1,1/1,unresolved
image-51,singleton,planar_translation_32_1,complete,1,1,0/1,1/1,False,1/2,-1/1,1/1,unresolved
image-51,singleton,planar_translation_32_1,complete,1,2,1/1,1/1,True,1/1,-1/1,1/1,unresolved
image-51,singleton,planar_translation_64_1,complete,1,0,0/1,0/1,True,0/1,-1/1,1/1,unresolved
image-51,singleton,planar_translation_64_1,complete,1,1,0/1,1/1,False,1/2,-1/1,1/1,unresolved
image-51,singleton,planar_translation_64_1,complete,1,2,1/1,1/1,True,1/1,-1/1,1/1,unresolved
image-52,singleton,exact_projection,complete,1,0,0/1,0/1,True,0/1,1/1,1/1,supported
image-52,singleton,exact_projection,complete,1,1,0/1,1/1,False,1/2,1/2,1/2,supported
image-52,singleton,exact_projection,complete,1,2,1/1,1/1,True,1/1,0/1,0/1,excluded
image-52,singleton,one_edit_global,complete,1,0,0/1,0/1,True,0/1,0/1,2/1,unresolved
image-52,singleton,one_edit_global,complete,1,1,0/1,1/1,False,1/2,-1/2,3/2,unresolved
image-52,singleton,one_edit_global,complete,1,2,1/1,1/1,True,1/1,-1/1,1/1,unresolved
image-52,singleton,one_edit_per_image,complete,1,0,0/1,0/1,True,0/1,0/1,2/1,unresolved
image-52,singleton,one_edit_per_image,complete,1,1,0/1,1/1,False,1/2,-1/2,3/2,unresolved
image-52,singleton,one_edit_per_image,complete,1,2,1/1,1/1,True,1/1,-1/1,1/1,unresolved
image-52,singleton,axis_translation_1_1,complete,1,0,0/1,0/1,True,0/1,1/1,1/1,supported
image-52,singleton,axis_translation_1_1,complete,1,1,0/1,1/1,False,1/2,1/2,1/2,supported
image-52,singleton,axis_translation_1_1,complete,1,2,1/1,1/1,True,1/1,0/1,0/1,excluded
image-52,singleton,axis_translation_2_1,complete,1,0,0/1,0/1,True,0/1,1/1,1/1,supported
image-52,singleton,axis_translation_2_1,complete,1,1,0/1,1/1,False,1/2,1/2,1/2,supported
image-52,singleton,axis_translation_2_1,complete,1,2,1/1,1/1,True,1/1,0/1,0/1,excluded
image-52,singleton,axis_translation_4_1,complete,1,0,0/1,0/1,True,0/1,1/1,1/1,supported
image-52,singleton,axis_translation_4_1,complete,1,1,0/1,1/1,False,1/2,1/2,1/2,supported
image-52,singleton,axis_translation_4_1,complete,1,2,1/1,1/1,True,1/1,0/1,0/1,excluded
image-52,singleton,axis_translation_8_1,complete,1,0,0/1,0/1,True,0/1,0/1,2/1,unresolved
image-52,singleton,axis_translation_8_1,complete,1,1,0/1,1/1,False,1/2,-1/2,3/2,unresolved
image-52,singleton,axis_translation_8_1,complete,1,2,1/1,1/1,True,1/1,-1/1,1/1,unresolved
image-52,singleton,axis_translation_16_1,complete,1,0,0/1,0/1,True,0/1,0/1,2/1,unresolved
image-52,singleton,axis_translation_16_1,complete,1,1,0/1,1/1,False,1/2,-1/2,3/2,unresolved
image-52,singleton,axis_translation_16_1,complete,1,2,1/1,1/1,True,1/1,-1/1,1/1,unresolved
image-52,singleton,axis_translation_32_1,complete,1,0,0/1,0/1,True,0/1,0/1,2/1,unresolved
image-52,singleton,axis_translation_32_1,complete,1,1,0/1,1/1,False,1/2,-1/2,3/2,unresolved
image-52,singleton,axis_translation_32_1,complete,1,2,1/1,1/1,True,1/1,-1/1,1/1,unresolved
image-52,singleton,axis_translation_64_1,complete,1,0,0/1,0/1,True,0/1,0/1,2/1,unresolved
image-52,singleton,axis_translation_64_1,complete,1,1,0/1,1/1,False,1/2,-1/2,3/2,unresolved
image-52,singleton,axis_translation_64_1,complete,1,2,1/1,1/1,True,1/1,-1/1,1/1,unresolved
image-52,singleton,planar_translation_1_1,complete,1,0,0/1,0/1,True,0/1,1/1,1/1,supported
image-52,singleton,planar_translation_1_1,complete,1,1,0/1,1/1,False,1/2,1/2,1/2,supported
image-52,singleton,planar_translation_1_1,complete,1,2,1/1,1/1,True,1/1,0/1,0/1,excluded
image-52,singleton,planar_translation_2_1,complete,1,0,0/1,0/1,True,0/1,1/1,1/1,supported
image-52,singleton,planar_translation_2_1,complete,1,1,0/1,1/1,False,1/2,1/2,1/2,supported
image-52,singleton,planar_translation_2_1,complete,1,2,1/1,1/1,True,1/1,0/1,0/1,excluded
image-52,singleton,planar_translation_4_1,complete,1,0,0/1,0/1,True,0/1,0/1,1/1,unresolved
image-52,singleton,planar_translation_4_1,complete,1,1,0/1,1/1,False,1/2,-1/2,1/2,unresolved
image-52,singleton,planar_translation_4_1,complete,1,2,1/1,1/1,True,1/1,-1/1,0/1,excluded
image-52,singleton,planar_translation_5_1,complete,1,0,0/1,0/1,True,0/1,0/1,2/1,unresolved
image-52,singleton,planar_translation_5_1,complete,1,1,0/1,1/1,False,1/2,-1/2,3/2,unresolved
image-52,singleton,planar_translation_5_1,complete,1,2,1/1,1/1,True,1/1,-1/1,1/1,unresolved
image-52,singleton,planar_translation_161_32,complete,1,0,0/1,0/1,True,0/1,0/1,2/1,unresolved
image-52,singleton,planar_translation_161_32,complete,1,1,0/1,1/1,False,1/2,-1/2,3/2,unresolved
image-52,singleton,planar_translation_161_32,complete,1,2,1/1,1/1,True,1/1,-1/1,1/1,unresolved
image-52,singleton,planar_translation_8_1,complete,1,0,0/1,0/1,True,0/1,0/1,2/1,unresolved
image-52,singleton,planar_translation_8_1,complete,1,1,0/1,1/1,False,1/2,-1/2,3/2,unresolved
image-52,singleton,planar_translation_8_1,complete,1,2,1/1,1/1,True,1/1,-1/1,1/1,unresolved
image-52,singleton,planar_translation_16_1,complete,1,0,0/1,0/1,True,0/1,0/1,2/1,unresolved
image-52,singleton,planar_translation_16_1,complete,1,1,0/1,1/1,False,1/2,-1/2,3/2,unresolved
image-52,singleton,planar_translation_16_1,complete,1,2,1/1,1/1,True,1/1,-1/1,1/1,unresolved
image-52,singleton,planar_translation_32_1,complete,1,0,0/1,0/1,True,0/1,0/1,2/1,unresolved
image-52,singleton,planar_translation_32_1,complete,1,1,0/1,1/1,False,1/2,-1/2,3/2,unresolved
image-52,singleton,planar_translation_32_1,complete,1,2,1/1,1/1,True,1/1,-1/1,1/1,unresolved
image-52,singleton,planar_translation_64_1,complete,1,0,0/1,0/1,True,0/1,0/1,2/1,unresolved
image-52,singleton,planar_translation_64_1,complete,1,1,0/1,1/1,False,1/2,-1/2,3/2,unresolved
image-52,singleton,planar_translation_64_1,complete,1,2,1/1,1/1,True,1/1,-1/1,1/1,unresolved
image-53,singleton,exact_projection,complete,1,0,0/1,0/1,True,0/1,0/1,0/1,excluded
image-53,singleton,exact_projection,complete,1,1,0/1,1/1,False,1/2,0/1,0/1,excluded
image-53,singleton,exact_projection,complete,1,2,1/1,1/1,True,1/1,0/1,0/1,excluded
image-53,singleton,one_edit_global,complete,1,0,0/1,0/1,True,0/1,0/1,0/1,excluded
image-53,singleton,one_edit_global,complete,1,1,0/1,1/1,False,1/2,0/1,0/1,excluded
image-53,singleton,one_edit_global,complete,1,2,1/1,1/1,True,1/1,0/1,0/1,excluded
image-53,singleton,one_edit_per_image,complete,1,0,0/1,0/1,True,0/1,0/1,0/1,excluded
image-53,singleton,one_edit_per_image,complete,1,1,0/1,1/1,False,1/2,0/1,0/1,excluded
image-53,singleton,one_edit_per_image,complete,1,2,1/1,1/1,True,1/1,0/1,0/1,excluded
image-53,singleton,axis_translation_1_1,complete,1,0,0/1,0/1,True,0/1,0/1,0/1,excluded
image-53,singleton,axis_translation_1_1,complete,1,1,0/1,1/1,False,1/2,0/1,0/1,excluded
image-53,singleton,axis_translation_1_1,complete,1,2,1/1,1/1,True,1/1,0/1,0/1,excluded
image-53,singleton,axis_translation_2_1,complete,1,0,0/1,0/1,True,0/1,0/1,0/1,excluded
image-53,singleton,axis_translation_2_1,complete,1,1,0/1,1/1,False,1/2,0/1,0/1,excluded
image-53,singleton,axis_translation_2_1,complete,1,2,1/1,1/1,True,1/1,0/1,0/1,excluded
image-53,singleton,axis_translation_4_1,complete,1,0,0/1,0/1,True,0/1,0/1,0/1,excluded
image-53,singleton,axis_translation_4_1,complete,1,1,0/1,1/1,False,1/2,0/1,0/1,excluded
image-53,singleton,axis_translation_4_1,complete,1,2,1/1,1/1,True,1/1,0/1,0/1,excluded
image-53,singleton,axis_translation_8_1,complete,1,0,0/1,0/1,True,0/1,0/1,0/1,excluded
image-53,singleton,axis_translation_8_1,complete,1,1,0/1,1/1,False,1/2,0/1,0/1,excluded
image-53,singleton,axis_translation_8_1,complete,1,2,1/1,1/1,True,1/1,0/1,0/1,excluded
image-53,singleton,axis_translation_16_1,complete,1,0,0/1,0/1,True,0/1,0/1,0/1,excluded
image-53,singleton,axis_translation_16_1,complete,1,1,0/1,1/1,False,1/2,0/1,0/1,excluded
image-53,singleton,axis_translation_16_1,complete,1,2,1/1,1/1,True,1/1,0/1,0/1,excluded
image-53,singleton,axis_translation_32_1,complete,1,0,0/1,0/1,True,0/1,0/1,0/1,excluded
image-53,singleton,axis_translation_32_1,complete,1,1,0/1,1/1,False,1/2,0/1,0/1,excluded
image-53,singleton,axis_translation_32_1,complete,1,2,1/1,1/1,True,1/1,0/1,0/1,excluded
image-53,singleton,axis_translation_64_1,complete,1,0,0/1,0/1,True,0/1,0/1,0/1,excluded
image-53,singleton,axis_translation_64_1,complete,1,1,0/1,1/1,False,1/2,0/1,0/1,excluded
image-53,singleton,axis_translation_64_1,complete,1,2,1/1,1/1,True,1/1,0/1,0/1,excluded
image-53,singleton,planar_translation_1_1,complete,1,0,0/1,0/1,True,0/1,0/1,0/1,excluded
image-53,singleton,planar_translation_1_1,complete,1,1,0/1,1/1,False,1/2,0/1,0/1,excluded
image-53,singleton,planar_translation_1_1,complete,1,2,1/1,1/1,True,1/1,0/1,0/1,excluded
image-53,singleton,planar_translation_2_1,complete,1,0,0/1,0/1,True,0/1,0/1,0/1,excluded
image-53,singleton,planar_translation_2_1,complete,1,1,0/1,1/1,False,1/2,0/1,0/1,excluded
image-53,singleton,planar_translation_2_1,complete,1,2,1/1,1/1,True,1/1,0/1,0/1,excluded
image-53,singleton,planar_translation_4_1,complete,1,0,0/1,0/1,True,0/1,0/1,0/1,excluded
image-53,singleton,planar_translation_4_1,complete,1,1,0/1,1/1,False,1/2,0/1,0/1,excluded
image-53,singleton,planar_translation_4_1,complete,1,2,1/1,1/1,True,1/1,0/1,0/1,excluded
image-53,singleton,planar_translation_5_1,complete,1,0,0/1,0/1,True,0/1,0/1,0/1,excluded
image-53,singleton,planar_translation_5_1,complete,1,1,0/1,1/1,False,1/2,0/1,0/1,excluded
image-53,singleton,planar_translation_5_1,complete,1,2,1/1,1/1,True,1/1,0/1,0/1,excluded
image-53,singleton,planar_translation_161_32,complete,1,0,0/1,0/1,True,0/1,0/1,0/1,excluded
image-53,singleton,planar_translation_161_32,complete,1,1,0/1,1/1,False,1/2,0/1,0/1,excluded
image-53,singleton,planar_translation_161_32,complete,1,2,1/1,1/1,True,1/1,0/1,0/1,excluded
image-53,singleton,planar_translation_8_1,complete,1,0,0/1,0/1,True,0/1,0/1,0/1,excluded
image-53,singleton,planar_translation_8_1,complete,1,1,0/1,1/1,False,1/2,0/1,0/1,excluded
image-53,singleton,planar_translation_8_1,complete,1,2,1/1,1/1,True,1/1,0/1,0/1,excluded
image-53,singleton,planar_translation_16_1,complete,1,0,0/1,0/1,True,0/1,0/1,0/1,excluded
image-53,singleton,planar_translation_16_1,complete,1,1,0/1,1/1,False,1/2,0/1,0/1,excluded
image-53,singleton,planar_translation_16_1,complete,1,2,1/1,1/1,True,1/1,0/1,0/1,excluded
image-53,singleton,planar_translation_32_1,complete,1,0,0/1,0/1,True,0/1,0/1,0/1,excluded
image-53,singleton,planar_translation_32_1,complete,1,1,0/1,1/1,False,1/2,0/1,0/1,excluded
image-53,singleton,planar_translation_32_1,complete,1,2,1/1,1/1,True,1/1,0/1,0/1,excluded
image-53,singleton,planar_translation_64_1,complete,1,0,0/1,0/1,True,0/1,0/1,0/1,excluded
image-53,singleton,planar_translation_64_1,complete,1,1,0/1,1/1,False,1/2,0/1,0/1,excluded
image-53,singleton,planar_translation_64_1,complete,1,2,1/1,1/1,True,1/1,0/1,0/1,excluded
image-54,singleton,exact_projection,complete,1,0,0/1,0/1,True,0/1,0/1,0/1,excluded
image-54,singleton,exact_projection,complete,1,1,0/1,1/1,False,1/2,0/1,0/1,excluded
image-54,singleton,exact_projection,complete,1,2,1/1,1/1,True,1/1,0/1,0/1,excluded
image-54,singleton,one_edit_global,complete,1,0,0/1,0/1,True,0/1,-1/1,1/1,unresolved
image-54,singleton,one_edit_global,complete,1,1,0/1,1/1,False,1/2,-1/1,1/1,unresolved
image-54,singleton,one_edit_global,complete,1,2,1/1,1/1,True,1/1,-1/1,1/1,unresolved
image-54,singleton,one_edit_per_image,complete,1,0,0/1,0/1,True,0/1,-1/1,1/1,unresolved
image-54,singleton,one_edit_per_image,complete,1,1,0/1,1/1,False,1/2,-1/1,1/1,unresolved
image-54,singleton,one_edit_per_image,complete,1,2,1/1,1/1,True,1/1,-1/1,1/1,unresolved
image-54,singleton,axis_translation_1_1,complete,1,0,0/1,0/1,True,0/1,0/1,0/1,excluded
image-54,singleton,axis_translation_1_1,complete,1,1,0/1,1/1,False,1/2,0/1,0/1,excluded
image-54,singleton,axis_translation_1_1,complete,1,2,1/1,1/1,True,1/1,0/1,0/1,excluded
image-54,singleton,axis_translation_2_1,complete,1,0,0/1,0/1,True,0/1,0/1,0/1,excluded
image-54,singleton,axis_translation_2_1,complete,1,1,0/1,1/1,False,1/2,0/1,0/1,excluded
image-54,singleton,axis_translation_2_1,complete,1,2,1/1,1/1,True,1/1,0/1,0/1,excluded
image-54,singleton,axis_translation_4_1,complete,1,0,0/1,0/1,True,0/1,0/1,0/1,excluded
image-54,singleton,axis_translation_4_1,complete,1,1,0/1,1/1,False,1/2,0/1,0/1,excluded
image-54,singleton,axis_translation_4_1,complete,1,2,1/1,1/1,True,1/1,0/1,0/1,excluded
image-54,singleton,axis_translation_8_1,complete,1,0,0/1,0/1,True,0/1,0/1,0/1,excluded
image-54,singleton,axis_translation_8_1,complete,1,1,0/1,1/1,False,1/2,0/1,0/1,excluded
image-54,singleton,axis_translation_8_1,complete,1,2,1/1,1/1,True,1/1,0/1,0/1,excluded
image-54,singleton,axis_translation_16_1,complete,1,0,0/1,0/1,True,0/1,0/1,0/1,excluded
image-54,singleton,axis_translation_16_1,complete,1,1,0/1,1/1,False,1/2,0/1,0/1,excluded
image-54,singleton,axis_translation_16_1,complete,1,2,1/1,1/1,True,1/1,0/1,0/1,excluded
image-54,singleton,axis_translation_32_1,complete,1,0,0/1,0/1,True,0/1,0/1,0/1,excluded
image-54,singleton,axis_translation_32_1,complete,1,1,0/1,1/1,False,1/2,0/1,0/1,excluded
image-54,singleton,axis_translation_32_1,complete,1,2,1/1,1/1,True,1/1,0/1,0/1,excluded
image-54,singleton,axis_translation_64_1,complete,1,0,0/1,0/1,True,0/1,-1/1,0/1,excluded
image-54,singleton,axis_translation_64_1,complete,1,1,0/1,1/1,False,1/2,-1/1,0/1,excluded
image-54,singleton,axis_translation_64_1,complete,1,2,1/1,1/1,True,1/1,-1/1,0/1,excluded
image-54,singleton,planar_translation_1_1,complete,1,0,0/1,0/1,True,0/1,0/1,0/1,excluded
image-54,singleton,planar_translation_1_1,complete,1,1,0/1,1/1,False,1/2,0/1,0/1,excluded
image-54,singleton,planar_translation_1_1,complete,1,2,1/1,1/1,True,1/1,0/1,0/1,excluded
image-54,singleton,planar_translation_2_1,complete,1,0,0/1,0/1,True,0/1,0/1,0/1,excluded
image-54,singleton,planar_translation_2_1,complete,1,1,0/1,1/1,False,1/2,0/1,0/1,excluded
image-54,singleton,planar_translation_2_1,complete,1,2,1/1,1/1,True,1/1,0/1,0/1,excluded
image-54,singleton,planar_translation_4_1,complete,1,0,0/1,0/1,True,0/1,0/1,0/1,excluded
image-54,singleton,planar_translation_4_1,complete,1,1,0/1,1/1,False,1/2,0/1,0/1,excluded
image-54,singleton,planar_translation_4_1,complete,1,2,1/1,1/1,True,1/1,0/1,0/1,excluded
image-54,singleton,planar_translation_5_1,complete,1,0,0/1,0/1,True,0/1,0/1,0/1,excluded
image-54,singleton,planar_translation_5_1,complete,1,1,0/1,1/1,False,1/2,0/1,0/1,excluded
image-54,singleton,planar_translation_5_1,complete,1,2,1/1,1/1,True,1/1,0/1,0/1,excluded
image-54,singleton,planar_translation_161_32,complete,1,0,0/1,0/1,True,0/1,0/1,0/1,excluded
image-54,singleton,planar_translation_161_32,complete,1,1,0/1,1/1,False,1/2,0/1,0/1,excluded
image-54,singleton,planar_translation_161_32,complete,1,2,1/1,1/1,True,1/1,0/1,0/1,excluded
image-54,singleton,planar_translation_8_1,complete,1,0,0/1,0/1,True,0/1,0/1,0/1,excluded
image-54,singleton,planar_translation_8_1,complete,1,1,0/1,1/1,False,1/2,0/1,0/1,excluded
image-54,singleton,planar_translation_8_1,complete,1,2,1/1,1/1,True,1/1,0/1,0/1,excluded
image-54,singleton,planar_translation_16_1,complete,1,0,0/1,0/1,True,0/1,0/1,0/1,excluded
image-54,singleton,planar_translation_16_1,complete,1,1,0/1,1/1,False,1/2,0/1,0/1,excluded
image-54,singleton,planar_translation_16_1,complete,1,2,1/1,1/1,True,1/1,0/1,0/1,excluded
image-54,singleton,planar_translation_32_1,complete,1,0,0/1,0/1,True,0/1,0/1,0/1,excluded
image-54,singleton,planar_translation_32_1,complete,1,1,0/1,1/1,False,1/2,0/1,0/1,excluded
image-54,singleton,planar_translation_32_1,complete,1,2,1/1,1/1,True,1/1,0/1,0/1,excluded
image-54,singleton,planar_translation_64_1,complete,1,0,0/1,0/1,True,0/1,-1/1,1/1,unresolved
image-54,singleton,planar_translation_64_1,complete,1,1,0/1,1/1,False,1/2,-1/1,1/1,unresolved
image-54,singleton,planar_translation_64_1,complete,1,2,1/1,1/1,True,1/1,-1/1,1/1,unresolved
image-55,singleton,exact_projection,complete,1,0,0/1,0/1,True,0/1,0/1,0/1,excluded
image-55,singleton,exact_projection,complete,1,1,0/1,1/1,False,1/2,-1/1,-1/1,excluded
image-55,singleton,exact_projection,complete,1,2,1/1,1/1,True,1/1,-2/1,-2/1,excluded
image-55,singleton,one_edit_global,complete,1,0,0/1,0/1,True,0/1,-1/1,1/1,unresolved
image-55,singleton,one_edit_global,complete,1,1,0/1,1/2,False,1/4,-3/2,1/2,unresolved
image-55,singleton,one_edit_global,complete,1,2,1/2,1/2,True,1/2,-2/1,0/1,excluded
image-55,singleton,one_edit_global,complete,1,3,1/2,1/1,False,3/4,-5/2,-1/2,excluded
image-55,singleton,one_edit_global,complete,1,4,1/1,1/1,True,1/1,-3/1,-1/1,excluded
image-55,singleton,one_edit_per_image,complete,1,0,0/1,0/1,True,0/1,-1/1,1/1,unresolved
image-55,singleton,one_edit_per_image,complete,1,1,0/1,1/2,False,1/4,-3/2,1/2,unresolved
image-55,singleton,one_edit_per_image,complete,1,2,1/2,1/2,True,1/2,-2/1,0/1,excluded
image-55,singleton,one_edit_per_image,complete,1,3,1/2,1/1,False,3/4,-5/2,-1/2,excluded
image-55,singleton,one_edit_per_image,complete,1,4,1/1,1/1,True,1/1,-3/1,-1/1,excluded
image-55,singleton,axis_translation_1_1,complete,1,0,0/1,0/1,True,0/1,0/1,0/1,excluded
image-55,singleton,axis_translation_1_1,complete,1,1,0/1,1/1,False,1/2,-1/1,-1/1,excluded
image-55,singleton,axis_translation_1_1,complete,1,2,1/1,1/1,True,1/1,-2/1,-2/1,excluded
image-55,singleton,axis_translation_2_1,complete,1,0,0/1,0/1,True,0/1,0/1,0/1,excluded
image-55,singleton,axis_translation_2_1,complete,1,1,0/1,1/1,False,1/2,-1/1,-1/1,excluded
image-55,singleton,axis_translation_2_1,complete,1,2,1/1,1/1,True,1/1,-2/1,-2/1,excluded
image-55,singleton,axis_translation_4_1,complete,1,0,0/1,0/1,True,0/1,0/1,1/1,unresolved
image-55,singleton,axis_translation_4_1,complete,1,1,0/1,1/2,False,1/4,-1/2,1/2,unresolved
image-55,singleton,axis_translation_4_1,complete,1,2,1/2,1/2,True,1/2,-1/1,0/1,excluded
image-55,singleton,axis_translation_4_1,complete,1,3,1/2,1/1,False,3/4,-3/2,-1/2,excluded
image-55,singleton,axis_translation_4_1,complete,1,4,1/1,1/1,True,1/1,-2/1,-1/1,excluded
image-55,singleton,axis_translation_8_1,complete,1,0,0/1,0/1,True,0/1,0/1,1/1,unresolved
image-55,singleton,axis_translation_8_1,complete,1,1,0/1,1/2,False,1/4,-1/2,1/2,unresolved
image-55,singleton,axis_translation_8_1,complete,1,2,1/2,1/2,True,1/2,-1/1,0/1,excluded
image-55,singleton,axis_translation_8_1,complete,1,3,1/2,1/1,False,3/4,-3/2,-1/2,excluded
image-55,singleton,axis_translation_8_1,complete,1,4,1/1,1/1,True,1/1,-2/1,-1/1,excluded
image-55,singleton,axis_translation_16_1,complete,1,0,0/1,0/1,True,0/1,0/1,1/1,unresolved
image-55,singleton,axis_translation_16_1,complete,1,1,0/1,1/2,False,1/4,-1/2,1/2,unresolved
image-55,singleton,axis_translation_16_1,complete,1,2,1/2,1/2,True,1/2,-1/1,0/1,excluded
image-55,singleton,axis_translation_16_1,complete,1,3,1/2,1/1,False,3/4,-3/2,-1/2,excluded
image-55,singleton,axis_translation_16_1,complete,1,4,1/1,1/1,True,1/1,-2/1,-1/1,excluded
image-55,singleton,axis_translation_32_1,complete,1,0,0/1,0/1,True,0/1,-1/1,1/1,unresolved
image-55,singleton,axis_translation_32_1,complete,1,1,0/1,1/2,False,1/4,-3/2,1/2,unresolved
image-55,singleton,axis_translation_32_1,complete,1,2,1/2,1/2,True,1/2,-2/1,0/1,excluded
image-55,singleton,axis_translation_32_1,complete,1,3,1/2,1/1,False,3/4,-5/2,-1/2,excluded
image-55,singleton,axis_translation_32_1,complete,1,4,1/1,1/1,True,1/1,-3/1,-1/1,excluded
image-55,singleton,axis_translation_64_1,complete,1,0,0/1,0/1,True,0/1,-1/1,1/1,unresolved
image-55,singleton,axis_translation_64_1,complete,1,1,0/1,1/2,False,1/4,-3/2,1/2,unresolved
image-55,singleton,axis_translation_64_1,complete,1,2,1/2,1/2,True,1/2,-2/1,0/1,excluded
image-55,singleton,axis_translation_64_1,complete,1,3,1/2,1/1,False,3/4,-5/2,-1/2,excluded
image-55,singleton,axis_translation_64_1,complete,1,4,1/1,1/1,True,1/1,-3/1,-1/1,excluded
image-55,singleton,planar_translation_1_1,complete,1,0,0/1,0/1,True,0/1,0/1,0/1,excluded
image-55,singleton,planar_translation_1_1,complete,1,1,0/1,1/1,False,1/2,-1/1,-1/1,excluded
image-55,singleton,planar_translation_1_1,complete,1,2,1/1,1/1,True,1/1,-2/1,-2/1,excluded
image-55,singleton,planar_translation_2_1,complete,1,0,0/1,0/1,True,0/1,0/1,0/1,excluded
image-55,singleton,planar_translation_2_1,complete,1,1,0/1,1/1,False,1/2,-1/1,-1/1,excluded
image-55,singleton,planar_translation_2_1,complete,1,2,1/1,1/1,True,1/1,-2/1,-2/1,excluded
image-55,singleton,planar_translation_4_1,complete,1,0,0/1,0/1,True,0/1,0/1,1/1,unresolved
image-55,singleton,planar_translation_4_1,complete,1,1,0/1,1/2,False,1/4,-1/2,1/2,unresolved
image-55,singleton,planar_translation_4_1,complete,1,2,1/2,1/2,True,1/2,-1/1,0/1,excluded
image-55,singleton,planar_translation_4_1,complete,1,3,1/2,1/1,False,3/4,-3/2,-1/2,excluded
image-55,singleton,planar_translation_4_1,complete,1,4,1/1,1/1,True,1/1,-2/1,-1/1,excluded
image-55,singleton,planar_translation_5_1,complete,1,0,0/1,0/1,True,0/1,0/1,1/1,unresolved
image-55,singleton,planar_translation_5_1,complete,1,1,0/1,1/2,False,1/4,-1/2,1/2,unresolved
image-55,singleton,planar_translation_5_1,complete,1,2,1/2,1/2,True,1/2,-1/1,0/1,excluded
image-55,singleton,planar_translation_5_1,complete,1,3,1/2,1/1,False,3/4,-3/2,-1/2,excluded
image-55,singleton,planar_translation_5_1,complete,1,4,1/1,1/1,True,1/1,-2/1,-1/1,excluded
image-55,singleton,planar_translation_161_32,complete,1,0,0/1,0/1,True,0/1,0/1,1/1,unresolved
image-55,singleton,planar_translation_161_32,complete,1,1,0/1,1/2,False,1/4,-1/2,1/2,unresolved
image-55,singleton,planar_translation_161_32,complete,1,2,1/2,1/2,True,1/2,-1/1,0/1,excluded
image-55,singleton,planar_translation_161_32,complete,1,3,1/2,1/1,False,3/4,-3/2,-1/2,excluded
image-55,singleton,planar_translation_161_32,complete,1,4,1/1,1/1,True,1/1,-2/1,-1/1,excluded
image-55,singleton,planar_translation_8_1,complete,1,0,0/1,0/1,True,0/1,0/1,1/1,unresolved
image-55,singleton,planar_translation_8_1,complete,1,1,0/1,1/2,False,1/4,-1/2,1/2,unresolved
image-55,singleton,planar_translation_8_1,complete,1,2,1/2,1/2,True,1/2,-1/1,0/1,excluded
image-55,singleton,planar_translation_8_1,complete,1,3,1/2,1/1,False,3/4,-3/2,-1/2,excluded
image-55,singleton,planar_translation_8_1,complete,1,4,1/1,1/1,True,1/1,-2/1,-1/1,excluded
image-55,singleton,planar_translation_16_1,complete,1,0,0/1,0/1,True,0/1,-1/1,1/1,unresolved
image-55,singleton,planar_translation_16_1,complete,1,1,0/1,1/2,False,1/4,-3/2,1/2,unresolved
image-55,singleton,planar_translation_16_1,complete,1,2,1/2,1/2,True,1/2,-2/1,0/1,excluded
image-55,singleton,planar_translation_16_1,complete,1,3,1/2,1/1,False,3/4,-5/2,-1/2,excluded
image-55,singleton,planar_translation_16_1,complete,1,4,1/1,1/1,True,1/1,-3/1,-1/1,excluded
image-55,singleton,planar_translation_32_1,complete,1,0,0/1,0/1,True,0/1,-1/1,1/1,unresolved
image-55,singleton,planar_translation_32_1,complete,1,1,0/1,1/2,False,1/4,-3/2,1/2,unresolved
image-55,singleton,planar_translation_32_1,complete,1,2,1/2,1/2,True,1/2,-2/1,0/1,excluded
image-55,singleton,planar_translation_32_1,complete,1,3,1/2,1/1,False,3/4,-5/2,-1/2,excluded
image-55,singleton,planar_translation_32_1,complete,1,4,1/1,1/1,True,1/1,-3/1,-1/1,excluded
image-55,singleton,planar_translation_64_1,complete,1,0,0/1,0/1,True,0/1,-1/1,1/1,unresolved
image-55,singleton,planar_translation_64_1,complete,1,1,0/1,1/2,False,1/4,-3/2,1/2,unresolved
image-55,singleton,planar_translation_64_1,complete,1,2,1/2,1/2,True,1/2,-2/1,0/1,excluded
image-55,singleton,planar_translation_64_1,complete,1,3,1/2,1/1,False,3/4,-5/2,-1/2,excluded
image-55,singleton,planar_translation_64_1,complete,1,4,1/1,1/1,True,1/1,-3/1,-1/1,excluded
image-56,singleton,exact_projection,complete,1,0,0/1,0/1,True,0/1,0/1,0/1,excluded
image-56,singleton,exact_projection,complete,1,1,0/1,1/1,False,1/2,0/1,0/1,excluded
image-56,singleton,exact_projection,complete,1,2,1/1,1/1,True,1/1,0/1,0/1,excluded
image-56,singleton,one_edit_global,complete,1,0,0/1,0/1,True,0/1,-1/1,1/1,unresolved
image-56,singleton,one_edit_global,complete,1,1,0/1,1/1,False,1/2,-1/1,1/1,unresolved
image-56,singleton,one_edit_global,complete,1,2,1/1,1/1,True,1/1,-1/1,1/1,unresolved
image-56,singleton,one_edit_per_image,complete,1,0,0/1,0/1,True,0/1,-1/1,1/1,unresolved
image-56,singleton,one_edit_per_image,complete,1,1,0/1,1/1,False,1/2,-1/1,1/1,unresolved
image-56,singleton,one_edit_per_image,complete,1,2,1/1,1/1,True,1/1,-1/1,1/1,unresolved
image-56,singleton,axis_translation_1_1,complete,1,0,0/1,0/1,True,0/1,0/1,0/1,excluded
image-56,singleton,axis_translation_1_1,complete,1,1,0/1,1/1,False,1/2,0/1,0/1,excluded
image-56,singleton,axis_translation_1_1,complete,1,2,1/1,1/1,True,1/1,0/1,0/1,excluded
image-56,singleton,axis_translation_2_1,complete,1,0,0/1,0/1,True,0/1,0/1,0/1,excluded
image-56,singleton,axis_translation_2_1,complete,1,1,0/1,1/1,False,1/2,0/1,0/1,excluded
image-56,singleton,axis_translation_2_1,complete,1,2,1/1,1/1,True,1/1,0/1,0/1,excluded
image-56,singleton,axis_translation_4_1,complete,1,0,0/1,0/1,True,0/1,0/1,0/1,excluded
image-56,singleton,axis_translation_4_1,complete,1,1,0/1,1/1,False,1/2,0/1,0/1,excluded
image-56,singleton,axis_translation_4_1,complete,1,2,1/1,1/1,True,1/1,0/1,0/1,excluded
image-56,singleton,axis_translation_8_1,complete,1,0,0/1,0/1,True,0/1,0/1,0/1,excluded
image-56,singleton,axis_translation_8_1,complete,1,1,0/1,1/1,False,1/2,0/1,0/1,excluded
image-56,singleton,axis_translation_8_1,complete,1,2,1/1,1/1,True,1/1,0/1,0/1,excluded
image-56,singleton,axis_translation_16_1,complete,1,0,0/1,0/1,True,0/1,-1/1,0/1,excluded
image-56,singleton,axis_translation_16_1,complete,1,1,0/1,1/1,False,1/2,-1/1,0/1,excluded
image-56,singleton,axis_translation_16_1,complete,1,2,1/1,1/1,True,1/1,-1/1,0/1,excluded
image-56,singleton,axis_translation_32_1,complete,1,0,0/1,0/1,True,0/1,-1/1,1/1,unresolved
image-56,singleton,axis_translation_32_1,complete,1,1,0/1,1/1,False,1/2,-1/1,1/1,unresolved
image-56,singleton,axis_translation_32_1,complete,1,2,1/1,1/1,True,1/1,-1/1,1/1,unresolved
image-56,singleton,axis_translation_64_1,complete,1,0,0/1,0/1,True,0/1,-1/1,1/1,unresolved
image-56,singleton,axis_translation_64_1,complete,1,1,0/1,1/1,False,1/2,-1/1,1/1,unresolved
image-56,singleton,axis_translation_64_1,complete,1,2,1/1,1/1,True,1/1,-1/1,1/1,unresolved
image-56,singleton,planar_translation_1_1,complete,1,0,0/1,0/1,True,0/1,0/1,0/1,excluded
image-56,singleton,planar_translation_1_1,complete,1,1,0/1,1/1,False,1/2,0/1,0/1,excluded
image-56,singleton,planar_translation_1_1,complete,1,2,1/1,1/1,True,1/1,0/1,0/1,excluded
image-56,singleton,planar_translation_2_1,complete,1,0,0/1,0/1,True,0/1,0/1,0/1,excluded
image-56,singleton,planar_translation_2_1,complete,1,1,0/1,1/1,False,1/2,0/1,0/1,excluded
image-56,singleton,planar_translation_2_1,complete,1,2,1/1,1/1,True,1/1,0/1,0/1,excluded
image-56,singleton,planar_translation_4_1,complete,1,0,0/1,0/1,True,0/1,0/1,0/1,excluded
image-56,singleton,planar_translation_4_1,complete,1,1,0/1,1/1,False,1/2,0/1,0/1,excluded
image-56,singleton,planar_translation_4_1,complete,1,2,1/1,1/1,True,1/1,0/1,0/1,excluded
image-56,singleton,planar_translation_5_1,complete,1,0,0/1,0/1,True,0/1,0/1,0/1,excluded
image-56,singleton,planar_translation_5_1,complete,1,1,0/1,1/1,False,1/2,0/1,0/1,excluded
image-56,singleton,planar_translation_5_1,complete,1,2,1/1,1/1,True,1/1,0/1,0/1,excluded
image-56,singleton,planar_translation_161_32,complete,1,0,0/1,0/1,True,0/1,0/1,0/1,excluded
image-56,singleton,planar_translation_161_32,complete,1,1,0/1,1/1,False,1/2,0/1,0/1,excluded
image-56,singleton,planar_translation_161_32,complete,1,2,1/1,1/1,True,1/1,0/1,0/1,excluded
image-56,singleton,planar_translation_8_1,complete,1,0,0/1,0/1,True,0/1,0/1,0/1,excluded
image-56,singleton,planar_translation_8_1,complete,1,1,0/1,1/1,False,1/2,0/1,0/1,excluded
image-56,singleton,planar_translation_8_1,complete,1,2,1/1,1/1,True,1/1,0/1,0/1,excluded
image-56,singleton,planar_translation_16_1,complete,1,0,0/1,0/1,True,0/1,-1/1,1/1,unresolved
image-56,singleton,planar_translation_16_1,complete,1,1,0/1,1/1,False,1/2,-1/1,1/1,unresolved
image-56,singleton,planar_translation_16_1,complete,1,2,1/1,1/1,True,1/1,-1/1,1/1,unresolved
image-56,singleton,planar_translation_32_1,complete,1,0,0/1,0/1,True,0/1,-1/1,1/1,unresolved
image-56,singleton,planar_translation_32_1,complete,1,1,0/1,1/1,False,1/2,-1/1,1/1,unresolved
image-56,singleton,planar_translation_32_1,complete,1,2,1/1,1/1,True,1/1,-1/1,1/1,unresolved
image-56,singleton,planar_translation_64_1,complete,1,0,0/1,0/1,True,0/1,-1/1,1/1,unresolved
image-56,singleton,planar_translation_64_1,complete,1,1,0/1,1/1,False,1/2,-1/1,1/1,unresolved
image-56,singleton,planar_translation_64_1,complete,1,2,1/1,1/1,True,1/1,-1/1,1/1,unresolved
image-57,singleton,exact_projection,complete,1,0,0/1,0/1,True,0/1,4/1,4/1,supported
image-57,singleton,exact_projection,complete,1,1,0/1,2/3,False,1/3,2/1,2/1,supported
image-57,singleton,exact_projection,complete,1,2,2/3,2/3,True,2/3,0/1,0/1,excluded
image-57,singleton,exact_projection,complete,1,3,2/3,1/1,False,5/6,-1/1,-1/1,excluded
image-57,singleton,exact_projection,complete,1,4,1/1,1/1,True,1/1,-2/1,-2/1,excluded
image-57,singleton,one_edit_global,complete,1,0,0/1,0/1,True,0/1,3/1,5/1,supported
image-57,singleton,one_edit_global,complete,1,1,0/1,1/2,False,1/4,3/2,7/2,supported
image-57,singleton,one_edit_global,complete,1,2,1/2,1/2,True,1/2,0/1,2/1,unresolved
image-57,singleton,one_edit_global,complete,1,3,1/2,5/6,False,2/3,-1/1,1/1,unresolved
image-57,singleton,one_edit_global,complete,1,4,5/6,5/6,True,5/6,-2/1,0/1,excluded
image-57,singleton,one_edit_global,complete,1,5,5/6,1/1,False,11/12,-5/2,-1/2,excluded
image-57,singleton,one_edit_global,complete,1,6,1/1,1/1,True,1/1,-3/1,-1/1,excluded
image-57,singleton,one_edit_per_image,complete,1,0,0/1,0/1,True,0/1,3/1,5/1,supported
image-57,singleton,one_edit_per_image,complete,1,1,0/1,1/2,False,1/4,3/2,7/2,supported
image-57,singleton,one_edit_per_image,complete,1,2,1/2,1/2,True,1/2,0/1,2/1,unresolved
image-57,singleton,one_edit_per_image,complete,1,3,1/2,5/6,False,2/3,-1/1,1/1,unresolved
image-57,singleton,one_edit_per_image,complete,1,4,5/6,5/6,True,5/6,-2/1,0/1,excluded
image-57,singleton,one_edit_per_image,complete,1,5,5/6,1/1,False,11/12,-5/2,-1/2,excluded
image-57,singleton,one_edit_per_image,complete,1,6,1/1,1/1,True,1/1,-3/1,-1/1,excluded
image-57,singleton,axis_translation_1_1,complete,1,0,0/1,0/1,True,0/1,4/1,4/1,supported
image-57,singleton,axis_translation_1_1,complete,1,1,0/1,2/3,False,1/3,2/1,2/1,supported
image-57,singleton,axis_translation_1_1,complete,1,2,2/3,2/3,True,2/3,0/1,0/1,excluded
image-57,singleton,axis_translation_1_1,complete,1,3,2/3,1/1,False,5/6,-1/1,-1/1,excluded
image-57,singleton,axis_translation_1_1,complete,1,4,1/1,1/1,True,1/1,-2/1,-2/1,excluded
image-57,singleton,axis_translation_2_1,complete,1,0,0/1,0/1,True,0/1,4/1,4/1,supported
image-57,singleton,axis_translation_2_1,complete,1,1,0/1,2/3,False,1/3,2/1,2/1,supported
image-57,singleton,axis_translation_2_1,complete,1,2,2/3,2/3,True,2/3,0/1,0/1,excluded
image-57,singleton,axis_translation_2_1,complete,1,3,2/3,1/1,False,5/6,-1/1,-1/1,excluded
image-57,singleton,axis_translation_2_1,complete,1,4,1/1,1/1,True,1/1,-2/1,-2/1,excluded
image-57,singleton,axis_translation_4_1,complete,1,0,0/1,0/1,True,0/1,3/1,4/1,supported
image-57,singleton,axis_translation_4_1,complete,1,1,0/1,1/2,False,1/4,3/2,5/2,supported
image-57,singleton,axis_translation_4_1,complete,1,2,1/2,1/2,True,1/2,0/1,1/1,unresolved
image-57,singleton,axis_translation_4_1,complete,1,3,1/2,2/3,False,7/12,-1/2,1/2,unresolved
image-57,singleton,axis_translation_4_1,complete,1,4,2/3,2/3,True,2/3,-1/1,0/1,excluded
image-57,singleton,axis_translation_4_1,complete,1,5,2/3,1/1,False,5/6,-2/1,-1/1,excluded
image-57,singleton,axis_translation_4_1,complete,1,6,1/1,1/1,True,1/1,-3/1,-2/1,excluded
image-57,singleton,axis_translation_8_1,complete,1,0,0/1,0/1,True,0/1,3/1,5/1,supported
image-57,singleton,axis_translation_8_1,complete,1,1,0/1,1/2,False,1/4,3/2,7/2,supported
image-57,singleton,axis_translation_8_1,complete,1,2,1/2,1/2,True,1/2,0/1,2/1,unresolved
image-57,singleton,axis_translation_8_1,complete,1,3,1/2,5/6,False,2/3,-1/1,1/1,unresolved
image-57,singleton,axis_translation_8_1,complete,1,4,5/6,5/6,True,5/6,-2/1,0/1,excluded
image-57,singleton,axis_translation_8_1,complete,1,5,5/6,1/1,False,11/12,-5/2,-1/2,excluded
image-57,singleton,axis_translation_8_1,complete,1,6,1/1,1/1,True,1/1,-3/1,-1/1,excluded
image-57,singleton,axis_translation_16_1,complete,1,0,0/1,0/1,True,0/1,3/1,5/1,supported
image-57,singleton,axis_translation_16_1,complete,1,1,0/1,1/2,False,1/4,3/2,7/2,supported
image-57,singleton,axis_translation_16_1,complete,1,2,1/2,1/2,True,1/2,0/1,2/1,unresolved
image-57,singleton,axis_translation_16_1,complete,1,3,1/2,5/6,False,2/3,-1/1,1/1,unresolved
image-57,singleton,axis_translation_16_1,complete,1,4,5/6,5/6,True,5/6,-2/1,0/1,excluded
image-57,singleton,axis_translation_16_1,complete,1,5,5/6,1/1,False,11/12,-5/2,-1/2,excluded
image-57,singleton,axis_translation_16_1,complete,1,6,1/1,1/1,True,1/1,-3/1,-1/1,excluded
image-57,singleton,axis_translation_32_1,complete,1,0,0/1,0/1,True,0/1,3/1,5/1,supported
image-57,singleton,axis_translation_32_1,complete,1,1,0/1,1/2,False,1/4,3/2,7/2,supported
image-57,singleton,axis_translation_32_1,complete,1,2,1/2,1/2,True,1/2,0/1,2/1,unresolved
image-57,singleton,axis_translation_32_1,complete,1,3,1/2,5/6,False,2/3,-1/1,1/1,unresolved
image-57,singleton,axis_translation_32_1,complete,1,4,5/6,5/6,True,5/6,-2/1,0/1,excluded
image-57,singleton,axis_translation_32_1,complete,1,5,5/6,1/1,False,11/12,-5/2,-1/2,excluded
image-57,singleton,axis_translation_32_1,complete,1,6,1/1,1/1,True,1/1,-3/1,-1/1,excluded
image-57,singleton,axis_translation_64_1,complete,1,0,0/1,0/1,True,0/1,3/1,5/1,supported
image-57,singleton,axis_translation_64_1,complete,1,1,0/1,1/2,False,1/4,3/2,7/2,supported
image-57,singleton,axis_translation_64_1,complete,1,2,1/2,1/2,True,1/2,0/1,2/1,unresolved
image-57,singleton,axis_translation_64_1,complete,1,3,1/2,5/6,False,2/3,-1/1,1/1,unresolved
image-57,singleton,axis_translation_64_1,complete,1,4,5/6,5/6,True,5/6,-2/1,0/1,excluded
image-57,singleton,axis_translation_64_1,complete,1,5,5/6,1/1,False,11/12,-5/2,-1/2,excluded
image-57,singleton,axis_translation_64_1,complete,1,6,1/1,1/1,True,1/1,-3/1,-1/1,excluded
image-57,singleton,planar_translation_1_1,complete,1,0,0/1,0/1,True,0/1,4/1,4/1,supported
image-57,singleton,planar_translation_1_1,complete,1,1,0/1,2/3,False,1/3,2/1,2/1,supported
image-57,singleton,planar_translation_1_1,complete,1,2,2/3,2/3,True,2/3,0/1,0/1,excluded
image-57,singleton,planar_translation_1_1,complete,1,3,2/3,1/1,False,5/6,-1/1,-1/1,excluded
image-57,singleton,planar_translation_1_1,complete,1,4,1/1,1/1,True,1/1,-2/1,-2/1,excluded
image-57,singleton,planar_translation_2_1,complete,1,0,0/1,0/1,True,0/1,4/1,4/1,supported
image-57,singleton,planar_translation_2_1,complete,1,1,0/1,2/3,False,1/3,2/1,2/1,supported
image-57,singleton,planar_translation_2_1,complete,1,2,2/3,2/3,True,2/3,0/1,0/1,excluded
image-57,singleton,planar_translation_2_1,complete,1,3,2/3,1/1,False,5/6,-1/1,-1/1,excluded
image-57,singleton,planar_translation_2_1,complete,1,4,1/1,1/1,True,1/1,-2/1,-2/1,excluded
image-57,singleton,planar_translation_4_1,complete,1,0,0/1,0/1,True,0/1,3/1,4/1,supported
image-57,singleton,planar_translation_4_1,complete,1,1,0/1,1/2,False,1/4,3/2,5/2,supported
image-57,singleton,planar_translation_4_1,complete,1,2,1/2,1/2,True,1/2,0/1,1/1,unresolved
image-57,singleton,planar_translation_4_1,complete,1,3,1/2,2/3,False,7/12,-1/2,1/2,unresolved
image-57,singleton,planar_translation_4_1,complete,1,4,2/3,2/3,True,2/3,-1/1,0/1,excluded
image-57,singleton,planar_translation_4_1,complete,1,5,2/3,1/1,False,5/6,-2/1,-1/1,excluded
image-57,singleton,planar_translation_4_1,complete,1,6,1/1,1/1,True,1/1,-3/1,-2/1,excluded
image-57,singleton,planar_translation_5_1,complete,1,0,0/1,0/1,True,0/1,3/1,5/1,supported
image-57,singleton,planar_translation_5_1,complete,1,1,0/1,1/2,False,1/4,3/2,7/2,supported
image-57,singleton,planar_translation_5_1,complete,1,2,1/2,1/2,True,1/2,0/1,2/1,unresolved
image-57,singleton,planar_translation_5_1,complete,1,3,1/2,5/6,False,2/3,-1/1,1/1,unresolved
image-57,singleton,planar_translation_5_1,complete,1,4,5/6,5/6,True,5/6,-2/1,0/1,excluded
image-57,singleton,planar_translation_5_1,complete,1,5,5/6,1/1,False,11/12,-5/2,-1/2,excluded
image-57,singleton,planar_translation_5_1,complete,1,6,1/1,1/1,True,1/1,-3/1,-1/1,excluded
image-57,singleton,planar_translation_161_32,complete,1,0,0/1,0/1,True,0/1,3/1,5/1,supported
image-57,singleton,planar_translation_161_32,complete,1,1,0/1,1/2,False,1/4,3/2,7/2,supported
image-57,singleton,planar_translation_161_32,complete,1,2,1/2,1/2,True,1/2,0/1,2/1,unresolved
image-57,singleton,planar_translation_161_32,complete,1,3,1/2,5/6,False,2/3,-1/1,1/1,unresolved
image-57,singleton,planar_translation_161_32,complete,1,4,5/6,5/6,True,5/6,-2/1,0/1,excluded
image-57,singleton,planar_translation_161_32,complete,1,5,5/6,1/1,False,11/12,-5/2,-1/2,excluded
image-57,singleton,planar_translation_161_32,complete,1,6,1/1,1/1,True,1/1,-3/1,-1/1,excluded
image-57,singleton,planar_translation_8_1,complete,1,0,0/1,0/1,True,0/1,3/1,5/1,supported
image-57,singleton,planar_translation_8_1,complete,1,1,0/1,1/2,False,1/4,3/2,7/2,supported
image-57,singleton,planar_translation_8_1,complete,1,2,1/2,1/2,True,1/2,0/1,2/1,unresolved
image-57,singleton,planar_translation_8_1,complete,1,3,1/2,5/6,False,2/3,-1/1,1/1,unresolved
image-57,singleton,planar_translation_8_1,complete,1,4,5/6,5/6,True,5/6,-2/1,0/1,excluded
image-57,singleton,planar_translation_8_1,complete,1,5,5/6,1/1,False,11/12,-5/2,-1/2,excluded
image-57,singleton,planar_translation_8_1,complete,1,6,1/1,1/1,True,1/1,-3/1,-1/1,excluded
image-57,singleton,planar_translation_16_1,complete,1,0,0/1,0/1,True,0/1,3/1,5/1,supported
image-57,singleton,planar_translation_16_1,complete,1,1,0/1,1/2,False,1/4,3/2,7/2,supported
image-57,singleton,planar_translation_16_1,complete,1,2,1/2,1/2,True,1/2,0/1,2/1,unresolved
image-57,singleton,planar_translation_16_1,complete,1,3,1/2,5/6,False,2/3,-1/1,1/1,unresolved
image-57,singleton,planar_translation_16_1,complete,1,4,5/6,5/6,True,5/6,-2/1,0/1,excluded
image-57,singleton,planar_translation_16_1,complete,1,5,5/6,1/1,False,11/12,-5/2,-1/2,excluded
image-57,singleton,planar_translation_16_1,complete,1,6,1/1,1/1,True,1/1,-3/1,-1/1,excluded
image-57,singleton,planar_translation_32_1,complete,1,0,0/1,0/1,True,0/1,3/1,5/1,supported
image-57,singleton,planar_translation_32_1,complete,1,1,0/1,1/2,False,1/4,3/2,7/2,supported
image-57,singleton,planar_translation_32_1,complete,1,2,1/2,1/2,True,1/2,0/1,2/1,unresolved
image-57,singleton,planar_translation_32_1,complete,1,3,1/2,5/6,False,2/3,-1/1,1/1,unresolved
image-57,singleton,planar_translation_32_1,complete,1,4,5/6,5/6,True,5/6,-2/1,0/1,excluded
image-57,singleton,planar_translation_32_1,complete,1,5,5/6,1/1,False,11/12,-5/2,-1/2,excluded
image-57,singleton,planar_translation_32_1,complete,1,6,1/1,1/1,True,1/1,-3/1,-1/1,excluded
image-57,singleton,planar_translation_64_1,complete,1,0,0/1,0/1,True,0/1,3/1,5/1,supported
image-57,singleton,planar_translation_64_1,complete,1,1,0/1,1/2,False,1/4,3/2,7/2,supported
image-57,singleton,planar_translation_64_1,complete,1,2,1/2,1/2,True,1/2,0/1,2/1,unresolved
image-57,singleton,planar_translation_64_1,complete,1,3,1/2,5/6,False,2/3,-1/1,1/1,unresolved
image-57,singleton,planar_translation_64_1,complete,1,4,5/6,5/6,True,5/6,-2/1,0/1,excluded
image-57,singleton,planar_translation_64_1,complete,1,5,5/6,1/1,False,11/12,-5/2,-1/2,excluded
image-57,singleton,planar_translation_64_1,complete,1,6,1/1,1/1,True,1/1,-3/1,-1/1,excluded
image-58,singleton,exact_projection,complete,1,0,0/1,0/1,True,0/1,1/1,1/1,supported
image-58,singleton,exact_projection,complete,1,1,0/1,1/1,False,1/2,1/2,1/2,supported
image-58,singleton,exact_projection,complete,1,2,1/1,1/1,True,1/1,0/1,0/1,excluded
image-58,singleton,one_edit_global,complete,1,0,0/1,0/1,True,0/1,0/1,2/1,unresolved
image-58,singleton,one_edit_global,complete,1,1,0/1,1/1,False,1/2,-1/2,3/2,unresolved
image-58,singleton,one_edit_global,complete,1,2,1/1,1/1,True,1/1,-1/1,1/1,unresolved
image-58,singleton,one_edit_per_image,complete,1,0,0/1,0/1,True,0/1,0/1,2/1,unresolved
image-58,singleton,one_edit_per_image,complete,1,1,0/1,1/1,False,1/2,-1/2,3/2,unresolved
image-58,singleton,one_edit_per_image,complete,1,2,1/1,1/1,True,1/1,-1/1,1/1,unresolved
image-58,singleton,axis_translation_1_1,complete,1,0,0/1,0/1,True,0/1,1/1,1/1,supported
image-58,singleton,axis_translation_1_1,complete,1,1,0/1,1/1,False,1/2,1/2,1/2,supported
image-58,singleton,axis_translation_1_1,complete,1,2,1/1,1/1,True,1/1,0/1,0/1,excluded
image-58,singleton,axis_translation_2_1,complete,1,0,0/1,0/1,True,0/1,1/1,1/1,supported
image-58,singleton,axis_translation_2_1,complete,1,1,0/1,1/1,False,1/2,1/2,1/2,supported
image-58,singleton,axis_translation_2_1,complete,1,2,1/1,1/1,True,1/1,0/1,0/1,excluded
image-58,singleton,axis_translation_4_1,complete,1,0,0/1,0/1,True,0/1,1/1,1/1,supported
image-58,singleton,axis_translation_4_1,complete,1,1,0/1,1/1,False,1/2,1/2,1/2,supported
image-58,singleton,axis_translation_4_1,complete,1,2,1/1,1/1,True,1/1,0/1,0/1,excluded
image-58,singleton,axis_translation_8_1,complete,1,0,0/1,0/1,True,0/1,1/1,1/1,supported
image-58,singleton,axis_translation_8_1,complete,1,1,0/1,1/1,False,1/2,1/2,1/2,supported
image-58,singleton,axis_translation_8_1,complete,1,2,1/1,1/1,True,1/1,0/1,0/1,excluded
image-58,singleton,axis_translation_16_1,complete,1,0,0/1,0/1,True,0/1,0/1,2/1,unresolved
image-58,singleton,axis_translation_16_1,complete,1,1,0/1,1/1,False,1/2,-1/2,3/2,unresolved
image-58,singleton,axis_translation_16_1,complete,1,2,1/1,1/1,True,1/1,-1/1,1/1,unresolved
image-58,singleton,axis_translation_32_1,complete,1,0,0/1,0/1,True,0/1,0/1,2/1,unresolved
image-58,singleton,axis_translation_32_1,complete,1,1,0/1,1/1,False,1/2,-1/2,3/2,unresolved
image-58,singleton,axis_translation_32_1,complete,1,2,1/1,1/1,True,1/1,-1/1,1/1,unresolved
image-58,singleton,axis_translation_64_1,complete,1,0,0/1,0/1,True,0/1,0/1,2/1,unresolved
image-58,singleton,axis_translation_64_1,complete,1,1,0/1,1/1,False,1/2,-1/2,3/2,unresolved
image-58,singleton,axis_translation_64_1,complete,1,2,1/1,1/1,True,1/1,-1/1,1/1,unresolved
image-58,singleton,planar_translation_1_1,complete,1,0,0/1,0/1,True,0/1,1/1,1/1,supported
image-58,singleton,planar_translation_1_1,complete,1,1,0/1,1/1,False,1/2,1/2,1/2,supported
image-58,singleton,planar_translation_1_1,complete,1,2,1/1,1/1,True,1/1,0/1,0/1,excluded
image-58,singleton,planar_translation_2_1,complete,1,0,0/1,0/1,True,0/1,1/1,1/1,supported
image-58,singleton,planar_translation_2_1,complete,1,1,0/1,1/1,False,1/2,1/2,1/2,supported
image-58,singleton,planar_translation_2_1,complete,1,2,1/1,1/1,True,1/1,0/1,0/1,excluded
image-58,singleton,planar_translation_4_1,complete,1,0,0/1,0/1,True,0/1,1/1,1/1,supported
image-58,singleton,planar_translation_4_1,complete,1,1,0/1,1/1,False,1/2,1/2,1/2,supported
image-58,singleton,planar_translation_4_1,complete,1,2,1/1,1/1,True,1/1,0/1,0/1,excluded
image-58,singleton,planar_translation_5_1,complete,1,0,0/1,0/1,True,0/1,1/1,1/1,supported
image-58,singleton,planar_translation_5_1,complete,1,1,0/1,1/1,False,1/2,1/2,1/2,supported
image-58,singleton,planar_translation_5_1,complete,1,2,1/1,1/1,True,1/1,0/1,0/1,excluded
image-58,singleton,planar_translation_161_32,complete,1,0,0/1,0/1,True,0/1,1/1,1/1,supported
image-58,singleton,planar_translation_161_32,complete,1,1,0/1,1/1,False,1/2,1/2,1/2,supported
image-58,singleton,planar_translation_161_32,complete,1,2,1/1,1/1,True,1/1,0/1,0/1,excluded
image-58,singleton,planar_translation_8_1,complete,1,0,0/1,0/1,True,0/1,1/1,1/1,supported
image-58,singleton,planar_translation_8_1,complete,1,1,0/1,1/1,False,1/2,1/2,1/2,supported
image-58,singleton,planar_translation_8_1,complete,1,2,1/1,1/1,True,1/1,0/1,0/1,excluded
image-58,singleton,planar_translation_16_1,complete,1,0,0/1,0/1,True,0/1,0/1,2/1,unresolved
image-58,singleton,planar_translation_16_1,complete,1,1,0/1,1/1,False,1/2,-1/2,3/2,unresolved
image-58,singleton,planar_translation_16_1,complete,1,2,1/1,1/1,True,1/1,-1/1,1/1,unresolved
image-58,singleton,planar_translation_32_1,complete,1,0,0/1,0/1,True,0/1,0/1,2/1,unresolved
image-58,singleton,planar_translation_32_1,complete,1,1,0/1,1/1,False,1/2,-1/2,3/2,unresolved
image-58,singleton,planar_translation_32_1,complete,1,2,1/1,1/1,True,1/1,-1/1,1/1,unresolved
image-58,singleton,planar_translation_64_1,complete,1,0,0/1,0/1,True,0/1,0/1,2/1,unresolved
image-58,singleton,planar_translation_64_1,complete,1,1,0/1,1/1,False,1/2,-1/2,3/2,unresolved
image-58,singleton,planar_translation_64_1,complete,1,2,1/1,1/1,True,1/1,-1/1,1/1,unresolved
image-59,singleton,exact_projection,complete,1,0,0/1,0/1,True,0/1,1/1,1/1,supported
image-59,singleton,exact_projection,complete,1,1,0/1,1/1,False,1/2,1/2,1/2,supported
image-59,singleton,exact_projection,complete,1,2,1/1,1/1,True,1/1,0/1,0/1,excluded
image-59,singleton,one_edit_global,complete,1,0,0/1,0/1,True,0/1,0/1,2/1,unresolved
image-59,singleton,one_edit_global,complete,1,1,0/1,1/1,False,1/2,-1/2,3/2,unresolved
image-59,singleton,one_edit_global,complete,1,2,1/1,1/1,True,1/1,-1/1,1/1,unresolved
image-59,singleton,one_edit_per_image,complete,1,0,0/1,0/1,True,0/1,0/1,2/1,unresolved
image-59,singleton,one_edit_per_image,complete,1,1,0/1,1/1,False,1/2,-1/2,3/2,unresolved
image-59,singleton,one_edit_per_image,complete,1,2,1/1,1/1,True,1/1,-1/1,1/1,unresolved
image-59,singleton,axis_translation_1_1,complete,1,0,0/1,0/1,True,0/1,1/1,1/1,supported
image-59,singleton,axis_translation_1_1,complete,1,1,0/1,1/1,False,1/2,1/2,1/2,supported
image-59,singleton,axis_translation_1_1,complete,1,2,1/1,1/1,True,1/1,0/1,0/1,excluded
image-59,singleton,axis_translation_2_1,complete,1,0,0/1,0/1,True,0/1,1/1,1/1,supported
image-59,singleton,axis_translation_2_1,complete,1,1,0/1,1/1,False,1/2,1/2,1/2,supported
image-59,singleton,axis_translation_2_1,complete,1,2,1/1,1/1,True,1/1,0/1,0/1,excluded
image-59,singleton,axis_translation_4_1,complete,1,0,0/1,0/1,True,0/1,1/1,1/1,supported
image-59,singleton,axis_translation_4_1,complete,1,1,0/1,1/1,False,1/2,1/2,1/2,supported
image-59,singleton,axis_translation_4_1,complete,1,2,1/1,1/1,True,1/1,0/1,0/1,excluded
image-59,singleton,axis_translation_8_1,complete,1,0,0/1,0/1,True,0/1,1/1,1/1,supported
image-59,singleton,axis_translation_8_1,complete,1,1,0/1,1/1,False,1/2,1/2,1/2,supported
image-59,singleton,axis_translation_8_1,complete,1,2,1/1,1/1,True,1/1,0/1,0/1,excluded
image-59,singleton,axis_translation_16_1,complete,1,0,0/1,0/1,True,0/1,0/1,1/1,unresolved
image-59,singleton,axis_translation_16_1,complete,1,1,0/1,1/1,False,1/2,-1/2,1/2,unresolved
image-59,singleton,axis_translation_16_1,complete,1,2,1/1,1/1,True,1/1,-1/1,0/1,excluded
image-59,singleton,axis_translation_32_1,complete,1,0,0/1,0/1,True,0/1,0/1,2/1,unresolved
image-59,singleton,axis_translation_32_1,complete,1,1,0/1,1/1,False,1/2,-1/2,3/2,unresolved
image-59,singleton,axis_translation_32_1,complete,1,2,1/1,1/1,True,1/1,-1/1,1/1,unresolved
image-59,singleton,axis_translation_64_1,complete,1,0,0/1,0/1,True,0/1,0/1,2/1,unresolved
image-59,singleton,axis_translation_64_1,complete,1,1,0/1,1/1,False,1/2,-1/2,3/2,unresolved
image-59,singleton,axis_translation_64_1,complete,1,2,1/1,1/1,True,1/1,-1/1,1/1,unresolved
image-59,singleton,planar_translation_1_1,complete,1,0,0/1,0/1,True,0/1,1/1,1/1,supported
image-59,singleton,planar_translation_1_1,complete,1,1,0/1,1/1,False,1/2,1/2,1/2,supported
image-59,singleton,planar_translation_1_1,complete,1,2,1/1,1/1,True,1/1,0/1,0/1,excluded
image-59,singleton,planar_translation_2_1,complete,1,0,0/1,0/1,True,0/1,1/1,1/1,supported
image-59,singleton,planar_translation_2_1,complete,1,1,0/1,1/1,False,1/2,1/2,1/2,supported
image-59,singleton,planar_translation_2_1,complete,1,2,1/1,1/1,True,1/1,0/1,0/1,excluded
image-59,singleton,planar_translation_4_1,complete,1,0,0/1,0/1,True,0/1,1/1,1/1,supported
image-59,singleton,planar_translation_4_1,complete,1,1,0/1,1/1,False,1/2,1/2,1/2,supported
image-59,singleton,planar_translation_4_1,complete,1,2,1/1,1/1,True,1/1,0/1,0/1,excluded
image-59,singleton,planar_translation_5_1,complete,1,0,0/1,0/1,True,0/1,1/1,1/1,supported
image-59,singleton,planar_translation_5_1,complete,1,1,0/1,1/1,False,1/2,1/2,1/2,supported
image-59,singleton,planar_translation_5_1,complete,1,2,1/1,1/1,True,1/1,0/1,0/1,excluded
image-59,singleton,planar_translation_161_32,complete,1,0,0/1,0/1,True,0/1,1/1,1/1,supported
image-59,singleton,planar_translation_161_32,complete,1,1,0/1,1/1,False,1/2,1/2,1/2,supported
image-59,singleton,planar_translation_161_32,complete,1,2,1/1,1/1,True,1/1,0/1,0/1,excluded
image-59,singleton,planar_translation_8_1,complete,1,0,0/1,0/1,True,0/1,1/1,1/1,supported
image-59,singleton,planar_translation_8_1,complete,1,1,0/1,1/1,False,1/2,1/2,1/2,supported
image-59,singleton,planar_translation_8_1,complete,1,2,1/1,1/1,True,1/1,0/1,0/1,excluded
image-59,singleton,planar_translation_16_1,complete,1,0,0/1,0/1,True,0/1,0/1,1/1,unresolved
image-59,singleton,planar_translation_16_1,complete,1,1,0/1,1/1,False,1/2,-1/2,1/2,unresolved
image-59,singleton,planar_translation_16_1,complete,1,2,1/1,1/1,True,1/1,-1/1,0/1,excluded
image-59,singleton,planar_translation_32_1,complete,1,0,0/1,0/1,True,0/1,0/1,2/1,unresolved
image-59,singleton,planar_translation_32_1,complete,1,1,0/1,1/1,False,1/2,-1/2,3/2,unresolved
image-59,singleton,planar_translation_32_1,complete,1,2,1/1,1/1,True,1/1,-1/1,1/1,unresolved
image-59,singleton,planar_translation_64_1,complete,1,0,0/1,0/1,True,0/1,0/1,2/1,unresolved
image-59,singleton,planar_translation_64_1,complete,1,1,0/1,1/1,False,1/2,-1/2,3/2,unresolved
image-59,singleton,planar_translation_64_1,complete,1,2,1/1,1/1,True,1/1,-1/1,1/1,unresolved
image-60,singleton,exact_projection,complete,1,0,0/1,0/1,True,0/1,0/1,0/1,excluded
image-60,singleton,exact_projection,complete,1,1,0/1,1/1,False,1/2,-3/2,-3/2,excluded
image-60,singleton,exact_projection,complete,1,2,1/1,1/1,True,1/1,-3/1,-3/1,excluded
image-60,singleton,one_edit_global,complete,1,0,0/1,0/1,True,0/1,-1/1,2/1,unresolved
image-60,singleton,one_edit_global,complete,1,1,0/1,2/3,False,1/3,-2/1,1/1,unresolved
image-60,singleton,one_edit_global,complete,1,2,2/3,2/3,True,2/3,-3/1,0/1,excluded
image-60,singleton,one_edit_global,complete,1,3,2/3,1/1,False,5/6,-7/2,-1/2,excluded
image-60,singleton,one_edit_global,complete,1,4,1/1,1/1,True,1/1,-4/1,-1/1,excluded
image-60,singleton,one_edit_per_image,complete,1,0,0/1,0/1,True,0/1,-1/1,2/1,unresolved
image-60,singleton,one_edit_per_image,complete,1,1,0/1,2/3,False,1/3,-2/1,1/1,unresolved
image-60,singleton,one_edit_per_image,complete,1,2,2/3,2/3,True,2/3,-3/1,0/1,excluded
image-60,singleton,one_edit_per_image,complete,1,3,2/3,1/1,False,5/6,-7/2,-1/2,excluded
image-60,singleton,one_edit_per_image,complete,1,4,1/1,1/1,True,1/1,-4/1,-1/1,excluded
image-60,singleton,axis_translation_1_1,complete,1,0,0/1,0/1,True,0/1,0/1,0/1,excluded
image-60,singleton,axis_translation_1_1,complete,1,1,0/1,1/1,False,1/2,-3/2,-3/2,excluded
image-60,singleton,axis_translation_1_1,complete,1,2,1/1,1/1,True,1/1,-3/1,-3/1,excluded
image-60,singleton,axis_translation_2_1,complete,1,0,0/1,0/1,True,0/1,0/1,0/1,excluded
image-60,singleton,axis_translation_2_1,complete,1,1,0/1,1/1,False,1/2,-3/2,-3/2,excluded
image-60,singleton,axis_translation_2_1,complete,1,2,1/1,1/1,True,1/1,-3/1,-3/1,excluded
image-60,singleton,axis_translation_4_1,complete,1,0,0/1,0/1,True,0/1,0/1,0/1,excluded
image-60,singleton,axis_translation_4_1,complete,1,1,0/1,1/1,False,1/2,-3/2,-3/2,excluded
image-60,singleton,axis_translation_4_1,complete,1,2,1/1,1/1,True,1/1,-3/1,-3/1,excluded
image-60,singleton,axis_translation_8_1,complete,1,0,0/1,0/1,True,0/1,-1/1,1/1,unresolved
image-60,singleton,axis_translation_8_1,complete,1,1,0/1,1/3,False,1/6,-3/2,1/2,unresolved
image-60,singleton,axis_translation_8_1,complete,1,2,1/3,1/3,True,1/3,-2/1,0/1,excluded
image-60,singleton,axis_translation_8_1,complete,1,3,1/3,1/1,False,2/3,-3/1,-1/1,excluded
image-60,singleton,axis_translation_8_1,complete,1,4,1/1,1/1,True,1/1,-4/1,-2/1,excluded
image-60,singleton,axis_translation_16_1,complete,1,0,0/1,0/1,True,0/1,-1/1,1/1,unresolved
image-60,singleton,axis_translation_16_1,complete,1,1,0/1,1/3,False,1/6,-3/2,1/2,unresolved
image-60,singleton,axis_translation_16_1,complete,1,2,1/3,1/3,True,1/3,-2/1,0/1,excluded
image-60,singleton,axis_translation_16_1,complete,1,3,1/3,1/1,False,2/3,-3/1,-1/1,excluded
image-60,singleton,axis_translation_16_1,complete,1,4,1/1,1/1,True,1/1,-4/1,-2/1,excluded
image-60,singleton,axis_translation_32_1,complete,1,0,0/1,0/1,True,0/1,-1/1,1/1,unresolved
image-60,singleton,axis_translation_32_1,complete,1,1,0/1,1/3,False,1/6,-3/2,1/2,unresolved
image-60,singleton,axis_translation_32_1,complete,1,2,1/3,1/3,True,1/3,-2/1,0/1,excluded
image-60,singleton,axis_translation_32_1,complete,1,3,1/3,1/1,False,2/3,-3/1,-1/1,excluded
image-60,singleton,axis_translation_32_1,complete,1,4,1/1,1/1,True,1/1,-4/1,-2/1,excluded
image-60,singleton,axis_translation_64_1,complete,1,0,0/1,0/1,True,0/1,-1/1,1/1,unresolved
image-60,singleton,axis_translation_64_1,complete,1,1,0/1,1/3,False,1/6,-3/2,1/2,unresolved
image-60,singleton,axis_translation_64_1,complete,1,2,1/3,1/3,True,1/3,-2/1,0/1,excluded
image-60,singleton,axis_translation_64_1,complete,1,3,1/3,1/1,False,2/3,-3/1,-1/1,excluded
image-60,singleton,axis_translation_64_1,complete,1,4,1/1,1/1,True,1/1,-4/1,-2/1,excluded
image-60,singleton,planar_translation_1_1,complete,1,0,0/1,0/1,True,0/1,0/1,0/1,excluded
image-60,singleton,planar_translation_1_1,complete,1,1,0/1,1/1,False,1/2,-3/2,-3/2,excluded
image-60,singleton,planar_translation_1_1,complete,1,2,1/1,1/1,True,1/1,-3/1,-3/1,excluded
image-60,singleton,planar_translation_2_1,complete,1,0,0/1,0/1,True,0/1,0/1,0/1,excluded
image-60,singleton,planar_translation_2_1,complete,1,1,0/1,1/1,False,1/2,-3/2,-3/2,excluded
image-60,singleton,planar_translation_2_1,complete,1,2,1/1,1/1,True,1/1,-3/1,-3/1,excluded
image-60,singleton,planar_translation_4_1,complete,1,0,0/1,0/1,True,0/1,0/1,0/1,excluded
image-60,singleton,planar_translation_4_1,complete,1,1,0/1,1/1,False,1/2,-3/2,-3/2,excluded
image-60,singleton,planar_translation_4_1,complete,1,2,1/1,1/1,True,1/1,-3/1,-3/1,excluded
image-60,singleton,planar_translation_5_1,complete,1,0,0/1,0/1,True,0/1,-1/1,1/1,unresolved
image-60,singleton,planar_translation_5_1,complete,1,1,0/1,1/3,False,1/6,-3/2,1/2,unresolved
image-60,singleton,planar_translation_5_1,complete,1,2,1/3,1/3,True,1/3,-2/1,0/1,excluded
image-60,singleton,planar_translation_5_1,complete,1,3,1/3,1/1,False,2/3,-3/1,-1/1,excluded
image-60,singleton,planar_translation_5_1,complete,1,4,1/1,1/1,True,1/1,-4/1,-2/1,excluded
image-60,singleton,planar_translation_161_32,complete,1,0,0/1,0/1,True,0/1,-1/1,1/1,unresolved
image-60,singleton,planar_translation_161_32,complete,1,1,0/1,1/3,False,1/6,-3/2,1/2,unresolved
image-60,singleton,planar_translation_161_32,complete,1,2,1/3,1/3,True,1/3,-2/1,0/1,excluded
image-60,singleton,planar_translation_161_32,complete,1,3,1/3,1/1,False,2/3,-3/1,-1/1,excluded
image-60,singleton,planar_translation_161_32,complete,1,4,1/1,1/1,True,1/1,-4/1,-2/1,excluded
image-60,singleton,planar_translation_8_1,complete,1,0,0/1,0/1,True,0/1,-1/1,1/1,unresolved
image-60,singleton,planar_translation_8_1,complete,1,1,0/1,1/3,False,1/6,-3/2,1/2,unresolved
image-60,singleton,planar_translation_8_1,complete,1,2,1/3,1/3,True,1/3,-2/1,0/1,excluded
image-60,singleton,planar_translation_8_1,complete,1,3,1/3,1/1,False,2/3,-3/1,-1/1,excluded
image-60,singleton,planar_translation_8_1,complete,1,4,1/1,1/1,True,1/1,-4/1,-2/1,excluded
image-60,singleton,planar_translation_16_1,complete,1,0,0/1,0/1,True,0/1,-1/1,1/1,unresolved
image-60,singleton,planar_translation_16_1,complete,1,1,0/1,1/3,False,1/6,-3/2,1/2,unresolved
image-60,singleton,planar_translation_16_1,complete,1,2,1/3,1/3,True,1/3,-2/1,0/1,excluded
image-60,singleton,planar_translation_16_1,complete,1,3,1/3,1/1,False,2/3,-3/1,-1/1,excluded
image-60,singleton,planar_translation_16_1,complete,1,4,1/1,1/1,True,1/1,-4/1,-2/1,excluded
image-60,singleton,planar_translation_32_1,complete,1,0,0/1,0/1,True,0/1,-1/1,1/1,unresolved
image-60,singleton,planar_translation_32_1,complete,1,1,0/1,1/3,False,1/6,-3/2,1/2,unresolved
image-60,singleton,planar_translation_32_1,complete,1,2,1/3,1/3,True,1/3,-2/1,0/1,excluded
image-60,singleton,planar_translation_32_1,complete,1,3,1/3,1/1,False,2/3,-3/1,-1/1,excluded
image-60,singleton,planar_translation_32_1,complete,1,4,1/1,1/1,True,1/1,-4/1,-2/1,excluded
image-60,singleton,planar_translation_64_1,complete,1,0,0/1,0/1,True,0/1,-1/1,2/1,unresolved
image-60,singleton,planar_translation_64_1,complete,1,1,0/1,2/3,False,1/3,-2/1,1/1,unresolved
image-60,singleton,planar_translation_64_1,complete,1,2,2/3,2/3,True,2/3,-3/1,0/1,excluded
image-60,singleton,planar_translation_64_1,complete,1,3,2/3,1/1,False,5/6,-7/2,-1/2,excluded
image-60,singleton,planar_translation_64_1,complete,1,4,1/1,1/1,True,1/1,-4/1,-1/1,excluded
image-61,singleton,exact_projection,complete,1,0,0/1,0/1,True,0/1,0/1,0/1,excluded
image-61,singleton,exact_projection,complete,1,1,0/1,1/1,False,1/2,1/2,1/2,supported
image-61,singleton,exact_projection,complete,1,2,1/1,1/1,True,1/1,1/1,1/1,supported
image-61,singleton,one_edit_global,complete,1,0,0/1,0/1,True,0/1,-2/1,1/1,unresolved
image-61,singleton,one_edit_global,complete,1,1,0/1,1/1,False,1/2,-3/2,3/2,unresolved
image-61,singleton,one_edit_global,complete,1,2,1/1,1/1,True,1/1,-1/1,2/1,unresolved
image-61,singleton,one_edit_per_image,complete,1,0,0/1,0/1,True,0/1,-2/1,1/1,unresolved
image-61,singleton,one_edit_per_image,complete,1,1,0/1,1/1,False,1/2,-3/2,3/2,unresolved
image-61,singleton,one_edit_per_image,complete,1,2,1/1,1/1,True,1/1,-1/1,2/1,unresolved
image-61,singleton,axis_translation_1_1,complete,1,0,0/1,0/1,True,0/1,0/1,0/1,excluded
image-61,singleton,axis_translation_1_1,complete,1,1,0/1,1/1,False,1/2,1/2,1/2,supported
image-61,singleton,axis_translation_1_1,complete,1,2,1/1,1/1,True,1/1,1/1,1/1,supported
image-61,singleton,axis_translation_2_1,complete,1,0,0/1,0/1,True,0/1,-1/1,0/1,excluded
image-61,singleton,axis_translation_2_1,complete,1,1,0/1,1/1,False,1/2,-1/2,1/2,unresolved
image-61,singleton,axis_translation_2_1,complete,1,2,1/1,1/1,True,1/1,0/1,1/1,unresolved
image-61,singleton,axis_translation_4_1,complete,1,0,0/1,0/1,True,0/1,-1/1,0/1,excluded
image-61,singleton,axis_translation_4_1,complete,1,1,0/1,1/1,False,1/2,-1/2,1/2,unresolved
image-61,singleton,axis_translation_4_1,complete,1,2,1/1,1/1,True,1/1,0/1,1/1,unresolved
image-61,singleton,axis_translation_8_1,complete,1,0,0/1,0/1,True,0/1,-1/1,0/1,excluded
image-61,singleton,axis_translation_8_1,complete,1,1,0/1,1/1,False,1/2,-1/2,1/2,unresolved
image-61,singleton,axis_translation_8_1,complete,1,2,1/1,1/1,True,1/1,0/1,1/1,unresolved
image-61,singleton,axis_translation_16_1,complete,1,0,0/1,0/1,True,0/1,-1/1,0/1,excluded
image-61,singleton,axis_translation_16_1,complete,1,1,0/1,1/1,False,1/2,-1/2,1/2,unresolved
image-61,singleton,axis_translation_16_1,complete,1,2,1/1,1/1,True,1/1,0/1,1/1,unresolved
image-61,singleton,axis_translation_32_1,complete,1,0,0/1,0/1,True,0/1,-1/1,0/1,excluded
image-61,singleton,axis_translation_32_1,complete,1,1,0/1,1/1,False,1/2,-1/2,1/2,unresolved
image-61,singleton,axis_translation_32_1,complete,1,2,1/1,1/1,True,1/1,0/1,1/1,unresolved
image-61,singleton,axis_translation_64_1,complete,1,0,0/1,0/1,True,0/1,-1/1,0/1,excluded
image-61,singleton,axis_translation_64_1,complete,1,1,0/1,1/1,False,1/2,-1/2,1/2,unresolved
image-61,singleton,axis_translation_64_1,complete,1,2,1/1,1/1,True,1/1,0/1,1/1,unresolved
image-61,singleton,planar_translation_1_1,complete,1,0,0/1,0/1,True,0/1,0/1,0/1,excluded
image-61,singleton,planar_translation_1_1,complete,1,1,0/1,1/1,False,1/2,1/2,1/2,supported
image-61,singleton,planar_translation_1_1,complete,1,2,1/1,1/1,True,1/1,1/1,1/1,supported
image-61,singleton,planar_translation_2_1,complete,1,0,0/1,0/1,True,0/1,-1/1,0/1,excluded
image-61,singleton,planar_translation_2_1,complete,1,1,0/1,1/1,False,1/2,-1/2,1/2,unresolved
image-61,singleton,planar_translation_2_1,complete,1,2,1/1,1/1,True,1/1,0/1,1/1,unresolved
image-61,singleton,planar_translation_4_1,complete,1,0,0/1,0/1,True,0/1,-1/1,0/1,excluded
image-61,singleton,planar_translation_4_1,complete,1,1,0/1,1/1,False,1/2,-1/2,1/2,unresolved
image-61,singleton,planar_translation_4_1,complete,1,2,1/1,1/1,True,1/1,0/1,1/1,unresolved
image-61,singleton,planar_translation_5_1,complete,1,0,0/1,0/1,True,0/1,-1/1,0/1,excluded
image-61,singleton,planar_translation_5_1,complete,1,1,0/1,1/1,False,1/2,-1/2,1/2,unresolved
image-61,singleton,planar_translation_5_1,complete,1,2,1/1,1/1,True,1/1,0/1,1/1,unresolved
image-61,singleton,planar_translation_161_32,complete,1,0,0/1,0/1,True,0/1,-1/1,0/1,excluded
image-61,singleton,planar_translation_161_32,complete,1,1,0/1,1/1,False,1/2,-1/2,1/2,unresolved
image-61,singleton,planar_translation_161_32,complete,1,2,1/1,1/1,True,1/1,0/1,1/1,unresolved
image-61,singleton,planar_translation_8_1,complete,1,0,0/1,0/1,True,0/1,-1/1,0/1,excluded
image-61,singleton,planar_translation_8_1,complete,1,1,0/1,1/1,False,1/2,-1/2,1/2,unresolved
image-61,singleton,planar_translation_8_1,complete,1,2,1/1,1/1,True,1/1,0/1,1/1,unresolved
image-61,singleton,planar_translation_16_1,complete,1,0,0/1,0/1,True,0/1,-2/1,0/1,excluded
image-61,singleton,planar_translation_16_1,complete,1,1,0/1,1/1,False,1/2,-3/2,1/2,unresolved
image-61,singleton,planar_translation_16_1,complete,1,2,1/1,1/1,True,1/1,-1/1,1/1,unresolved
image-61,singleton,planar_translation_32_1,complete,1,0,0/1,0/1,True,0/1,-2/1,0/1,excluded
image-61,singleton,planar_translation_32_1,complete,1,1,0/1,1/1,False,1/2,-3/2,1/2,unresolved
image-61,singleton,planar_translation_32_1,complete,1,2,1/1,1/1,True,1/1,-1/1,1/1,unresolved
image-61,singleton,planar_translation_64_1,complete,1,0,0/1,0/1,True,0/1,-2/1,0/1,excluded
image-61,singleton,planar_translation_64_1,complete,1,1,0/1,1/1,False,1/2,-3/2,1/2,unresolved
image-61,singleton,planar_translation_64_1,complete,1,2,1/1,1/1,True,1/1,-1/1,1/1,unresolved
image-62,singleton,exact_projection,complete,1,0,0/1,0/1,True,0/1,4/1,4/1,supported
image-62,singleton,exact_projection,complete,1,1,0/1,4/5,False,2/5,2/1,2/1,supported
image-62,singleton,exact_projection,complete,1,2,4/5,4/5,True,4/5,0/1,0/1,excluded
image-62,singleton,exact_projection,complete,1,3,4/5,1/1,False,9/10,-1/2,-1/2,excluded
image-62,singleton,exact_projection,complete,1,4,1/1,1/1,True,1/1,-1/1,-1/1,excluded
image-62,singleton,one_edit_global,complete,1,0,0/1,0/1,True,0/1,3/1,6/1,supported
image-62,singleton,one_edit_global,complete,1,1,0/1,3/5,False,3/10,3/2,9/2,supported
image-62,singleton,one_edit_global,complete,1,2,3/5,3/5,True,3/5,0/1,3/1,unresolved
image-62,singleton,one_edit_global,complete,1,3,3/5,1/1,False,4/5,-1/1,2/1,unresolved
image-62,singleton,one_edit_global,complete,1,4,1/1,1/1,True,1/1,-2/1,1/1,unresolved
image-62,singleton,one_edit_per_image,complete,1,0,0/1,0/1,True,0/1,3/1,6/1,supported
image-62,singleton,one_edit_per_image,complete,1,1,0/1,3/5,False,3/10,3/2,9/2,supported
image-62,singleton,one_edit_per_image,complete,1,2,3/5,3/5,True,3/5,0/1,3/1,unresolved
image-62,singleton,one_edit_per_image,complete,1,3,3/5,1/1,False,4/5,-1/1,2/1,unresolved
image-62,singleton,one_edit_per_image,complete,1,4,1/1,1/1,True,1/1,-2/1,1/1,unresolved
image-62,singleton,axis_translation_1_1,complete,1,0,0/1,0/1,True,0/1,4/1,4/1,supported
image-62,singleton,axis_translation_1_1,complete,1,1,0/1,4/5,False,2/5,2/1,2/1,supported
image-62,singleton,axis_translation_1_1,complete,1,2,4/5,4/5,True,4/5,0/1,0/1,excluded
image-62,singleton,axis_translation_1_1,complete,1,3,4/5,1/1,False,9/10,-1/2,-1/2,excluded
image-62,singleton,axis_translation_1_1,complete,1,4,1/1,1/1,True,1/1,-1/1,-1/1,excluded
image-62,singleton,axis_translation_2_1,complete,1,0,0/1,0/1,True,0/1,4/1,5/1,supported
image-62,singleton,axis_translation_2_1,complete,1,1,0/1,4/5,False,2/5,2/1,3/1,supported
image-62,singleton,axis_translation_2_1,complete,1,2,4/5,4/5,True,4/5,0/1,1/1,unresolved
image-62,singleton,axis_translation_2_1,complete,1,3,4/5,1/1,False,9/10,-1/2,1/2,unresolved
image-62,singleton,axis_translation_2_1,complete,1,4,1/1,1/1,True,1/1,-1/1,0/1,excluded
image-62,singleton,axis_translation_4_1,complete,1,0,0/1,0/1,True,0/1,4/1,5/1,supported
image-62,singleton,axis_translation_4_1,complete,1,1,0/1,4/5,False,2/5,2/1,3/1,supported
image-62,singleton,axis_translation_4_1,complete,1,2,4/5,4/5,True,4/5,0/1,1/1,unresolved
image-62,singleton,axis_translation_4_1,complete,1,3,4/5,1/1,False,9/10,-1/2,1/2,unresolved
image-62,singleton,axis_translation_4_1,complete,1,4,1/1,1/1,True,1/1,-1/1,0/1,excluded
image-62,singleton,axis_translation_8_1,complete,1,0,0/1,0/1,True,0/1,4/1,5/1,supported
image-62,singleton,axis_translation_8_1,complete,1,1,0/1,4/5,False,2/5,2/1,3/1,supported
image-62,singleton,axis_translation_8_1,complete,1,2,4/5,4/5,True,4/5,0/1,1/1,unresolved
image-62,singleton,axis_translation_8_1,complete,1,3,4/5,1/1,False,9/10,-1/2,1/2,unresolved
image-62,singleton,axis_translation_8_1,complete,1,4,1/1,1/1,True,1/1,-1/1,0/1,excluded
image-62,singleton,axis_translation_16_1,complete,1,0,0/1,0/1,True,0/1,3/1,5/1,supported
image-62,singleton,axis_translation_16_1,complete,1,1,0/1,3/5,False,3/10,3/2,7/2,supported
image-62,singleton,axis_translation_16_1,complete,1,2,3/5,3/5,True,3/5,0/1,2/1,unresolved
image-62,singleton,axis_translation_16_1,complete,1,3,3/5,1/1,False,4/5,-1/1,1/1,unresolved
image-62,singleton,axis_translation_16_1,complete,1,4,1/1,1/1,True,1/1,-2/1,0/1,excluded
image-62,singleton,axis_translation_32_1,complete,1,0,0/1,0/1,True,0/1,3/1,5/1,supported
image-62,singleton,axis_translation_32_1,complete,1,1,0/1,3/5,False,3/10,3/2,7/2,supported
image-62,singleton,axis_translation_32_1,complete,1,2,3/5,3/5,True,3/5,0/1,2/1,unresolved
image-62,singleton,axis_translation_32_1,complete,1,3,3/5,1/1,False,4/5,-1/1,1/1,unresolved
image-62,singleton,axis_translation_32_1,complete,1,4,1/1,1/1,True,1/1,-2/1,0/1,excluded
image-62,singleton,axis_translation_64_1,complete,1,0,0/1,0/1,True,0/1,3/1,5/1,supported
image-62,singleton,axis_translation_64_1,complete,1,1,0/1,3/5,False,3/10,3/2,7/2,supported
image-62,singleton,axis_translation_64_1,complete,1,2,3/5,3/5,True,3/5,0/1,2/1,unresolved
image-62,singleton,axis_translation_64_1,complete,1,3,3/5,1/1,False,4/5,-1/1,1/1,unresolved
image-62,singleton,axis_translation_64_1,complete,1,4,1/1,1/1,True,1/1,-2/1,0/1,excluded
image-62,singleton,planar_translation_1_1,complete,1,0,0/1,0/1,True,0/1,4/1,4/1,supported
image-62,singleton,planar_translation_1_1,complete,1,1,0/1,4/5,False,2/5,2/1,2/1,supported
image-62,singleton,planar_translation_1_1,complete,1,2,4/5,4/5,True,4/5,0/1,0/1,excluded
image-62,singleton,planar_translation_1_1,complete,1,3,4/5,1/1,False,9/10,-1/2,-1/2,excluded
image-62,singleton,planar_translation_1_1,complete,1,4,1/1,1/1,True,1/1,-1/1,-1/1,excluded
image-62,singleton,planar_translation_2_1,complete,1,0,0/1,0/1,True,0/1,4/1,5/1,supported
image-62,singleton,planar_translation_2_1,complete,1,1,0/1,4/5,False,2/5,2/1,3/1,supported
image-62,singleton,planar_translation_2_1,complete,1,2,4/5,4/5,True,4/5,0/1,1/1,unresolved
image-62,singleton,planar_translation_2_1,complete,1,3,4/5,1/1,False,9/10,-1/2,1/2,unresolved
image-62,singleton,planar_translation_2_1,complete,1,4,1/1,1/1,True,1/1,-1/1,0/1,excluded
image-62,singleton,planar_translation_4_1,complete,1,0,0/1,0/1,True,0/1,4/1,5/1,supported
image-62,singleton,planar_translation_4_1,complete,1,1,0/1,4/5,False,2/5,2/1,3/1,supported
image-62,singleton,planar_translation_4_1,complete,1,2,4/5,4/5,True,4/5,0/1,1/1,unresolved
image-62,singleton,planar_translation_4_1,complete,1,3,4/5,1/1,False,9/10,-1/2,1/2,unresolved
image-62,singleton,planar_translation_4_1,complete,1,4,1/1,1/1,True,1/1,-1/1,0/1,excluded
image-62,singleton,planar_translation_5_1,complete,1,0,0/1,0/1,True,0/1,4/1,5/1,supported
image-62,singleton,planar_translation_5_1,complete,1,1,0/1,4/5,False,2/5,2/1,3/1,supported
image-62,singleton,planar_translation_5_1,complete,1,2,4/5,4/5,True,4/5,0/1,1/1,unresolved
image-62,singleton,planar_translation_5_1,complete,1,3,4/5,1/1,False,9/10,-1/2,1/2,unresolved
image-62,singleton,planar_translation_5_1,complete,1,4,1/1,1/1,True,1/1,-1/1,0/1,excluded
image-62,singleton,planar_translation_161_32,complete,1,0,0/1,0/1,True,0/1,3/1,5/1,supported
image-62,singleton,planar_translation_161_32,complete,1,1,0/1,3/5,False,3/10,3/2,7/2,supported
image-62,singleton,planar_translation_161_32,complete,1,2,3/5,3/5,True,3/5,0/1,2/1,unresolved
image-62,singleton,planar_translation_161_32,complete,1,3,3/5,1/1,False,4/5,-1/1,1/1,unresolved
image-62,singleton,planar_translation_161_32,complete,1,4,1/1,1/1,True,1/1,-2/1,0/1,excluded
image-62,singleton,planar_translation_8_1,complete,1,0,0/1,0/1,True,0/1,3/1,5/1,supported
image-62,singleton,planar_translation_8_1,complete,1,1,0/1,3/5,False,3/10,3/2,7/2,supported
image-62,singleton,planar_translation_8_1,complete,1,2,3/5,3/5,True,3/5,0/1,2/1,unresolved
image-62,singleton,planar_translation_8_1,complete,1,3,3/5,1/1,False,4/5,-1/1,1/1,unresolved
image-62,singleton,planar_translation_8_1,complete,1,4,1/1,1/1,True,1/1,-2/1,0/1,excluded
image-62,singleton,planar_translation_16_1,complete,1,0,0/1,0/1,True,0/1,3/1,5/1,supported
image-62,singleton,planar_translation_16_1,complete,1,1,0/1,3/5,False,3/10,3/2,7/2,supported
image-62,singleton,planar_translation_16_1,complete,1,2,3/5,3/5,True,3/5,0/1,2/1,unresolved
image-62,singleton,planar_translation_16_1,complete,1,3,3/5,1/1,False,4/5,-1/1,1/1,unresolved
image-62,singleton,planar_translation_16_1,complete,1,4,1/1,1/1,True,1/1,-2/1,0/1,excluded
image-62,singleton,planar_translation_32_1,complete,1,0,0/1,0/1,True,0/1,3/1,5/1,supported
image-62,singleton,planar_translation_32_1,complete,1,1,0/1,3/5,False,3/10,3/2,7/2,supported
image-62,singleton,planar_translation_32_1,complete,1,2,3/5,3/5,True,3/5,0/1,2/1,unresolved
image-62,singleton,planar_translation_32_1,complete,1,3,3/5,1/1,False,4/5,-1/1,1/1,unresolved
image-62,singleton,planar_translation_32_1,complete,1,4,1/1,1/1,True,1/1,-2/1,0/1,excluded
image-62,singleton,planar_translation_64_1,complete,1,0,0/1,0/1,True,0/1,3/1,5/1,supported
image-62,singleton,planar_translation_64_1,complete,1,1,0/1,3/5,False,3/10,3/2,7/2,supported
image-62,singleton,planar_translation_64_1,complete,1,2,3/5,3/5,True,3/5,0/1,2/1,unresolved
image-62,singleton,planar_translation_64_1,complete,1,3,3/5,1/1,False,4/5,-1/1,1/1,unresolved
image-62,singleton,planar_translation_64_1,complete,1,4,1/1,1/1,True,1/1,-2/1,0/1,excluded
image-63,singleton,exact_projection,complete,1,0,0/1,0/1,True,0/1,-1/1,-1/1,excluded
image-63,singleton,exact_projection,complete,1,1,0/1,1/1,False,1/2,-1/2,-1/2,excluded
image-63,singleton,exact_projection,complete,1,2,1/1,1/1,True,1/1,0/1,0/1,excluded
image-63,singleton,one_edit_global,complete,1,0,0/1,0/1,True,0/1,-2/1,0/1,excluded
image-63,singleton,one_edit_global,complete,1,1,0/1,1/1,False,1/2,-3/2,1/2,unresolved
image-63,singleton,one_edit_global,complete,1,2,1/1,1/1,True,1/1,-1/1,1/1,unresolved
image-63,singleton,one_edit_per_image,complete,1,0,0/1,0/1,True,0/1,-2/1,0/1,excluded
image-63,singleton,one_edit_per_image,complete,1,1,0/1,1/1,False,1/2,-3/2,1/2,unresolved
image-63,singleton,one_edit_per_image,complete,1,2,1/1,1/1,True,1/1,-1/1,1/1,unresolved
image-63,singleton,axis_translation_1_1,complete,1,0,0/1,0/1,True,0/1,-1/1,-1/1,excluded
image-63,singleton,axis_translation_1_1,complete,1,1,0/1,1/1,False,1/2,-1/2,-1/2,excluded
image-63,singleton,axis_translation_1_1,complete,1,2,1/1,1/1,True,1/1,0/1,0/1,excluded
image-63,singleton,axis_translation_2_1,complete,1,0,0/1,0/1,True,0/1,-1/1,-1/1,excluded
image-63,singleton,axis_translation_2_1,complete,1,1,0/1,1/1,False,1/2,-1/2,-1/2,excluded
image-63,singleton,axis_translation_2_1,complete,1,2,1/1,1/1,True,1/1,0/1,0/1,excluded
image-63,singleton,axis_translation_4_1,complete,1,0,0/1,0/1,True,0/1,-1/1,-1/1,excluded
image-63,singleton,axis_translation_4_1,complete,1,1,0/1,1/1,False,1/2,-1/2,-1/2,excluded
image-63,singleton,axis_translation_4_1,complete,1,2,1/1,1/1,True,1/1,0/1,0/1,excluded
image-63,singleton,axis_translation_8_1,complete,1,0,0/1,0/1,True,0/1,-1/1,-1/1,excluded
image-63,singleton,axis_translation_8_1,complete,1,1,0/1,1/1,False,1/2,-1/2,-1/2,excluded
image-63,singleton,axis_translation_8_1,complete,1,2,1/1,1/1,True,1/1,0/1,0/1,excluded
image-63,singleton,axis_translation_16_1,complete,1,0,0/1,0/1,True,0/1,-2/1,0/1,excluded
image-63,singleton,axis_translation_16_1,complete,1,1,0/1,1/1,False,1/2,-3/2,1/2,unresolved
image-63,singleton,axis_translation_16_1,complete,1,2,1/1,1/1,True,1/1,-1/1,1/1,unresolved
image-63,singleton,axis_translation_32_1,complete,1,0,0/1,0/1,True,0/1,-2/1,0/1,excluded
image-63,singleton,axis_translation_32_1,complete,1,1,0/1,1/1,False,1/2,-3/2,1/2,unresolved
image-63,singleton,axis_translation_32_1,complete,1,2,1/1,1/1,True,1/1,-1/1,1/1,unresolved
image-63,singleton,axis_translation_64_1,complete,1,0,0/1,0/1,True,0/1,-2/1,0/1,excluded
image-63,singleton,axis_translation_64_1,complete,1,1,0/1,1/1,False,1/2,-3/2,1/2,unresolved
image-63,singleton,axis_translation_64_1,complete,1,2,1/1,1/1,True,1/1,-1/1,1/1,unresolved
image-63,singleton,planar_translation_1_1,complete,1,0,0/1,0/1,True,0/1,-1/1,-1/1,excluded
image-63,singleton,planar_translation_1_1,complete,1,1,0/1,1/1,False,1/2,-1/2,-1/2,excluded
image-63,singleton,planar_translation_1_1,complete,1,2,1/1,1/1,True,1/1,0/1,0/1,excluded
image-63,singleton,planar_translation_2_1,complete,1,0,0/1,0/1,True,0/1,-1/1,-1/1,excluded
image-63,singleton,planar_translation_2_1,complete,1,1,0/1,1/1,False,1/2,-1/2,-1/2,excluded
image-63,singleton,planar_translation_2_1,complete,1,2,1/1,1/1,True,1/1,0/1,0/1,excluded
image-63,singleton,planar_translation_4_1,complete,1,0,0/1,0/1,True,0/1,-1/1,-1/1,excluded
image-63,singleton,planar_translation_4_1,complete,1,1,0/1,1/1,False,1/2,-1/2,-1/2,excluded
image-63,singleton,planar_translation_4_1,complete,1,2,1/1,1/1,True,1/1,0/1,0/1,excluded
image-63,singleton,planar_translation_5_1,complete,1,0,0/1,0/1,True,0/1,-1/1,-1/1,excluded
image-63,singleton,planar_translation_5_1,complete,1,1,0/1,1/1,False,1/2,-1/2,-1/2,excluded
image-63,singleton,planar_translation_5_1,complete,1,2,1/1,1/1,True,1/1,0/1,0/1,excluded
image-63,singleton,planar_translation_161_32,complete,1,0,0/1,0/1,True,0/1,-1/1,-1/1,excluded
image-63,singleton,planar_translation_161_32,complete,1,1,0/1,1/1,False,1/2,-1/2,-1/2,excluded
image-63,singleton,planar_translation_161_32,complete,1,2,1/1,1/1,True,1/1,0/1,0/1,excluded
image-63,singleton,planar_translation_8_1,complete,1,0,0/1,0/1,True,0/1,-1/1,0/1,excluded
image-63,singleton,planar_translation_8_1,complete,1,1,0/1,1/1,False,1/2,-1/2,1/2,unresolved
image-63,singleton,planar_translation_8_1,complete,1,2,1/1,1/1,True,1/1,0/1,1/1,unresolved
image-63,singleton,planar_translation_16_1,complete,1,0,0/1,0/1,True,0/1,-2/1,0/1,excluded
image-63,singleton,planar_translation_16_1,complete,1,1,0/1,1/1,False,1/2,-3/2,1/2,unresolved
image-63,singleton,planar_translation_16_1,complete,1,2,1/1,1/1,True,1/1,-1/1,1/1,unresolved
image-63,singleton,planar_translation_32_1,complete,1,0,0/1,0/1,True,0/1,-2/1,0/1,excluded
image-63,singleton,planar_translation_32_1,complete,1,1,0/1,1/1,False,1/2,-3/2,1/2,unresolved
image-63,singleton,planar_translation_32_1,complete,1,2,1/1,1/1,True,1/1,-1/1,1/1,unresolved
image-63,singleton,planar_translation_64_1,complete,1,0,0/1,0/1,True,0/1,-2/1,0/1,excluded
image-63,singleton,planar_translation_64_1,complete,1,1,0/1,1/1,False,1/2,-3/2,1/2,unresolved
image-63,singleton,planar_translation_64_1,complete,1,2,1/1,1/1,True,1/1,-1/1,1/1,unresolved
block-00,block,exact_projection,complete,8,0,0/1,0/1,True,0/1,11/8,11/8,supported
block-00,block,exact_projection,complete,8,1,0/1,11/14,False,11/28,11/16,11/16,supported
block-00,block,exact_projection,complete,8,2,11/14,11/14,True,11/14,0/1,0/1,excluded
block-00,block,exact_projection,complete,8,3,11/14,1/1,False,25/28,-3/16,-3/16,excluded
block-00,block,exact_projection,complete,8,4,1/1,1/1,True,1/1,-3/8,-3/8,excluded
block-00,block,one_edit_global,complete,8,0,0/1,0/1,True,0/1,5/4,13/8,supported
block-00,block,one_edit_global,complete,8,1,0/1,5/7,False,5/14,5/8,1/1,supported
block-00,block,one_edit_global,complete,8,2,5/7,5/7,True,5/7,0/1,3/8,unresolved
block-00,block,one_edit_global,complete,8,3,5/7,13/14,False,23/28,-3/16,3/16,unresolved
block-00,block,one_edit_global,complete,8,4,13/14,13/14,True,13/14,-3/8,0/1,excluded
block-00,block,one_edit_global,complete,8,5,13/14,1/1,False,27/28,-7/16,-1/16,excluded
block-00,block,one_edit_global,complete,8,6,1/1,1/1,True,1/1,-1/2,-1/8,excluded
block-00,block,one_edit_per_image,complete,8,0,0/1,0/1,True,0/1,3/8,5/2,supported
block-00,block,one_edit_per_image,complete,8,1,0/1,3/14,False,3/28,3/16,37/16,supported
block-00,block,one_edit_per_image,complete,8,2,3/14,3/14,True,3/14,0/1,17/8,unresolved
block-00,block,one_edit_per_image,complete,8,3,3/14,1/1,False,17/28,-11/16,23/16,unresolved
block-00,block,one_edit_per_image,complete,8,4,1/1,1/1,True,1/1,-11/8,3/4,unresolved
block-00,block,axis_translation_1_1,complete,8,0,0/1,0/1,True,0/1,11/8,3/2,supported
block-00,block,axis_translation_1_1,complete,8,1,0/1,11/14,False,11/28,11/16,13/16,supported
block-00,block,axis_translation_1_1,complete,8,2,11/14,11/14,True,11/14,0/1,1/8,unresolved
block-00,block,axis_translation_1_1,complete,8,3,11/14,6/7,False,23/28,-1/16,1/16,unresolved
block-00,block,axis_translation_1_1,complete,8,4,6/7,6/7,True,6/7,-1/8,0/1,excluded
block-00,block,axis_translation_1_1,complete,8,5,6/7,1/1,False,13/14,-1/4,-1/8,excluded
block-00,block,axis_translation_1_1,complete,8,6,1/1,1/1,True,1/1,-3/8,-1/4,excluded
block-00,block,axis_translation_2_1,complete,8,0,0/1,0/1,True,0/1,11/8,13/8,supported
block-00,block,axis_translation_2_1,complete,8,1,0/1,11/14,False,11/28,11/16,15/16,supported
block-00,block,axis_translation_2_1,complete,8,2,11/14,11/14,True,11/14,0/1,1/4,unresolved
block-00,block,axis_translation_2_1,complete,8,3,11/14,13/14,False,6/7,-1/8,1/8,unresolved
block-00,block,axis_translation_2_1,complete,8,4,13/14,13/14,True,13/14,-1/4,0/1,excluded
block-00,block,axis_translation_2_1,complete,8,5,13/14,1/1,False,27/28,-5/16,-1/16,excluded
block-00,block,axis_translation_2_1,complete,8,6,1/1,1/1,True,1/1,-3/8,-1/8,excluded
block-00,block,axis_translation_4_1,complete,8,0,0/1,0/1,True,0/1,11/8,13/8,supported
block-00,block,axis_translation_4_1,complete,8,1,0/1,11/14,False,11/28,11/16,15/16,supported
block-00,block,axis_translation_4_1,complete,8,2,11/14,11/14,True,11/14,0/1,1/4,unresolved
block-00,block,axis_translation_4_1,complete,8,3,11/14,13/14,False,6/7,-1/8,1/8,unresolved
block-00,block,axis_translation_4_1,complete,8,4,13/14,13/14,True,13/14,-1/4,0/1,excluded
block-00,block,axis_translation_4_1,complete,8,5,13/14,1/1,False,27/28,-5/16,-1/16,excluded
block-00,block,axis_translation_4_1,complete,8,6,1/1,1/1,True,1/1,-3/8,-1/8,excluded
block-00,block,axis_translation_8_1,complete,8,0,0/1,0/1,True,0/1,9/8,7/4,supported
block-00,block,axis_translation_8_1,complete,8,1,0/1,9/14,False,9/28,9/16,19/16,supported
block-00,block,axis_translation_8_1,complete,8,2,9/14,9/14,True,9/14,0/1,5/8,unresolved
block-00,block,axis_translation_8_1,complete,8,3,9/14,1/1,False,23/28,-5/16,5/16,unresolved
block-00,block,axis_translation_8_1,complete,8,4,1/1,1/1,True,1/1,-5/8,0/1,excluded
block-00,block,axis_translation_16_1,complete,8,0,0/1,0/1,True,0/1,7/8,2/1,supported
block-00,block,axis_translation_16_1,complete,8,1,0/1,1/2,False,1/4,7/16,25/16,supported
block-00,block,axis_translation_16_1,complete,8,2,1/2,1/2,True,1/2,0/1,9/8,unresolved
block-00,block,axis_translation_16_1,complete,8,3,1/2,1/1,False,3/4,-7/16,11/16,unresolved
block-00,block,axis_translation_16_1,complete,8,4,1/1,1/1,True,1/1,-7/8,1/4,unresolved
block-00,block,axis_translation_32_1,complete,8,0,0/1,0/1,True,0/1,5/8,9/4,supported
block-00,block,axis_translation_32_1,complete,8,1,0/1,5/14,False,5/28,5/16,31/16,supported
block-00,block,axis_translation_32_1,complete,8,2,5/14,5/14,True,5/14,0/1,13/8,unresolved
block-00,block,axis_translation_32_1,complete,8,3,5/14,1/1,False,19/28,-9/16,17/16,unresolved
block-00,block,axis_translation_32_1,complete,8,4,1/1,1/1,True,1/1,-9/8,1/2,unresolved
block-00,block,axis_translation_64_1,complete,8,0,0/1,0/1,True,0/1,3/8,9/4,supported
block-00,block,axis_translation_64_1,complete,8,1,0/1,3/14,False,3/28,3/16,33/16,supported
block-00,block,axis_translation_64_1,complete,8,2,3/14,3/14,True,3/14,0/1,15/8,unresolved
block-00,block,axis_translation_64_1,complete,8,3,3/14,1/1,False,17/28,-11/16,19/16,unresolved
block-00,block,axis_translation_64_1,complete,8,4,1/1,1/1,True,1/1,-11/8,1/2,unresolved
block-00,block,planar_translation_1_1,complete,8,0,0/1,0/1,True,0/1,11/8,3/2,supported
block-00,block,planar_translation_1_1,complete,8,1,0/1,11/14,False,11/28,11/16,13/16,supported
block-00,block,planar_translation_1_1,complete,8,2,11/14,11/14,True,11/14,0/1,1/8,unresolved
block-00,block,planar_translation_1_1,complete,8,3,11/14,6/7,False,23/28,-1/16,1/16,unresolved
block-00,block,planar_translation_1_1,complete,8,4,6/7,6/7,True,6/7,-1/8,0/1,excluded
block-00,block,planar_translation_1_1,complete,8,5,6/7,1/1,False,13/14,-1/4,-1/8,excluded
block-00,block,planar_translation_1_1,complete,8,6,1/1,1/1,True,1/1,-3/8,-1/4,excluded
block-00,block,planar_translation_2_1,complete,8,0,0/1,0/1,True,0/1,11/8,13/8,supported
block-00,block,planar_translation_2_1,complete,8,1,0/1,11/14,False,11/28,11/16,15/16,supported
block-00,block,planar_translation_2_1,complete,8,2,11/14,11/14,True,11/14,0/1,1/4,unresolved
block-00,block,planar_translation_2_1,complete,8,3,11/14,13/14,False,6/7,-1/8,1/8,unresolved
block-00,block,planar_translation_2_1,complete,8,4,13/14,13/14,True,13/14,-1/4,0/1,excluded
block-00,block,planar_translation_2_1,complete,8,5,13/14,1/1,False,27/28,-5/16,-1/16,excluded
block-00,block,planar_translation_2_1,complete,8,6,1/1,1/1,True,1/1,-3/8,-1/8,excluded
block-00,block,planar_translation_4_1,complete,8,0,0/1,0/1,True,0/1,5/4,13/8,supported
block-00,block,planar_translation_4_1,complete,8,1,0/1,5/7,False,5/14,5/8,1/1,supported
block-00,block,planar_translation_4_1,complete,8,2,5/7,5/7,True,5/7,0/1,3/8,unresolved
block-00,block,planar_translation_4_1,complete,8,3,5/7,13/14,False,23/28,-3/16,3/16,unresolved
block-00,block,planar_translation_4_1,complete,8,4,13/14,13/14,True,13/14,-3/8,0/1,excluded
block-00,block,planar_translation_4_1,complete,8,5,13/14,1/1,False,27/28,-7/16,-1/16,excluded
block-00,block,planar_translation_4_1,complete,8,6,1/1,1/1,True,1/1,-1/2,-1/8,excluded
block-00,block,planar_translation_5_1,complete,8,0,0/1,0/1,True,0/1,5/4,7/4,supported
block-00,block,planar_translation_5_1,complete,8,1,0/1,5/7,False,5/14,5/8,9/8,supported
block-00,block,planar_translation_5_1,complete,8,2,5/7,5/7,True,5/7,0/1,1/2,unresolved
block-00,block,planar_translation_5_1,complete,8,3,5/7,1/1,False,6/7,-1/4,1/4,unresolved
block-00,block,planar_translation_5_1,complete,8,4,1/1,1/1,True,1/1,-1/2,0/1,excluded
block-00,block,planar_translation_161_32,complete,8,0,0/1,0/1,True,0/1,5/4,7/4,supported
block-00,block,planar_translation_161_32,complete,8,1,0/1,5/7,False,5/14,5/8,9/8,supported
block-00,block,planar_translation_161_32,complete,8,2,5/7,5/7,True,5/7,0/1,1/2,unresolved
block-00,block,planar_translation_161_32,complete,8,3,5/7,1/1,False,6/7,-1/4,1/4,unresolved
block-00,block,planar_translation_161_32,complete,8,4,1/1,1/1,True,1/1,-1/2,0/1,excluded
block-00,block,planar_translation_8_1,complete,8,0,0/1,0/1,True,0/1,7/8,7/4,supported
block-00,block,planar_translation_8_1,complete,8,1,0/1,1/2,False,1/4,7/16,21/16,supported
block-00,block,planar_translation_8_1,complete,8,2,1/2,1/2,True,1/2,0/1,7/8,unresolved
block-00,block,planar_translation_8_1,complete,8,3,1/2,1/1,False,3/4,-7/16,7/16,unresolved
block-00,block,planar_translation_8_1,complete,8,4,1/1,1/1,True,1/1,-7/8,0/1,excluded
block-00,block,planar_translation_16_1,complete,8,0,0/1,0/1,True,0/1,1/2,9/4,supported
block-00,block,planar_translation_16_1,complete,8,1,0/1,2/7,False,1/7,1/4,2/1,supported
block-00,block,planar_translation_16_1,complete,8,2,2/7,2/7,True,2/7,0/1,7/4,unresolved
block-00,block,planar_translation_16_1,complete,8,3,2/7,1/1,False,9/14,-5/8,9/8,unresolved
block-00,block,planar_translation_16_1,complete,8,4,1/1,1/1,True,1/1,-5/4,1/2,unresolved
block-00,block,planar_translation_32_1,complete,8,0,0/1,0/1,True,0/1,3/8,19/8,supported
block-00,block,planar_translation_32_1,complete,8,1,0/1,3/14,False,3/28,3/16,35/16,supported
block-00,block,planar_translation_32_1,complete,8,2,3/14,3/14,True,3/14,0/1,2/1,unresolved
block-00,block,planar_translation_32_1,complete,8,3,3/14,1/1,False,17/28,-11/16,21/16,unresolved
block-00,block,planar_translation_32_1,complete,8,4,1/1,1/1,True,1/1,-11/8,5/8,unresolved
block-00,block,planar_translation_64_1,complete,8,0,0/1,0/1,True,0/1,3/8,19/8,supported
block-00,block,planar_translation_64_1,complete,8,1,0/1,3/14,False,3/28,3/16,35/16,supported
block-00,block,planar_translation_64_1,complete,8,2,3/14,3/14,True,3/14,0/1,2/1,unresolved
block-00,block,planar_translation_64_1,complete,8,3,3/14,1/1,False,17/28,-11/16,21/16,unresolved
block-00,block,planar_translation_64_1,complete,8,4,1/1,1/1,True,1/1,-11/8,5/8,unresolved
block-01,block,exact_projection,complete,8,0,0/1,0/1,True,0/1,15/8,15/8,supported
block-01,block,exact_projection,complete,8,1,0/1,15/16,False,15/32,15/16,15/16,supported
block-01,block,exact_projection,complete,8,2,15/16,15/16,True,15/16,0/1,0/1,excluded
block-01,block,exact_projection,complete,8,3,15/16,1/1,False,31/32,-1/16,-1/16,excluded
block-01,block,exact_projection,complete,8,4,1/1,1/1,True,1/1,-1/8,-1/8,excluded
block-01,block,one_edit_global,complete,8,0,0/1,0/1,True,0/1,13/8,17/8,supported
block-01,block,one_edit_global,complete,8,1,0/1,13/16,False,13/32,13/16,21/16,supported
block-01,block,one_edit_global,complete,8,2,13/16,13/16,True,13/16,0/1,1/2,unresolved
block-01,block,one_edit_global,complete,8,3,13/16,1/1,False,29/32,-3/16,5/16,unresolved
block-01,block,one_edit_global,complete,8,4,1/1,1/1,True,1/1,-3/8,1/8,unresolved
block-01,block,one_edit_per_image,complete,8,0,0/1,0/1,True,0/1,3/4,25/8,supported
block-01,block,one_edit_per_image,complete,8,1,0/1,3/8,False,3/16,3/8,11/4,supported
block-01,block,one_edit_per_image,complete,8,2,3/8,3/8,True,3/8,0/1,19/8,unresolved
block-01,block,one_edit_per_image,complete,8,3,3/8,1/1,False,11/16,-5/8,7/4,unresolved
block-01,block,one_edit_per_image,complete,8,4,1/1,1/1,True,1/1,-5/4,9/8,unresolved
block-01,block,axis_translation_1_1,complete,8,0,0/1,0/1,True,0/1,13/8,15/8,supported
block-01,block,axis_translation_1_1,complete,8,1,0/1,13/16,False,13/32,13/16,17/16,supported
block-01,block,axis_translation_1_1,complete,8,2,13/16,13/16,True,13/16,0/1,1/4,unresolved
block-01,block,axis_translation_1_1,complete,8,3,13/16,15/16,False,7/8,-1/8,1/8,unresolved
block-01,block,axis_translation_1_1,complete,8,4,15/16,15/16,True,15/16,-1/4,0/1,excluded
block-01,block,axis_translation_1_1,complete,8,5,15/16,1/1,False,31/32,-5/16,-1/16,excluded
block-01,block,axis_translation_1_1,complete,8,6,1/1,1/1,True,1/1,-3/8,-1/8,excluded
block-01,block,axis_translation_2_1,complete,8,0,0/1,0/1,True,0/1,13/8,15/8,supported
block-01,block,axis_translation_2_1,complete,8,1,0/1,13/16,False,13/32,13/16,17/16,supported
block-01,block,axis_translation_2_1,complete,8,2,13/16,13/16,True,13/16,0/1,1/4,unresolved
block-01,block,axis_translation_2_1,complete,8,3,13/16,15/16,False,7/8,-1/8,1/8,unresolved
block-01,block,axis_translation_2_1,complete,8,4,15/16,15/16,True,15/16,-1/4,0/1,excluded
block-01,block,axis_translation_2_1,complete,8,5,15/16,1/1,False,31/32,-5/16,-1/16,excluded
block-01,block,axis_translation_2_1,complete,8,6,1/1,1/1,True,1/1,-3/8,-1/8,excluded
block-01,block,axis_translation_4_1,complete,8,0,0/1,0/1,True,0/1,3/2,15/8,supported
block-01,block,axis_translation_4_1,complete,8,1,0/1,3/4,False,3/8,3/4,9/8,supported
block-01,block,axis_translation_4_1,complete,8,2,3/4,3/4,True,3/4,0/1,3/8,unresolved
block-01,block,axis_translation_4_1,complete,8,3,3/4,15/16,False,27/32,-3/16,3/16,unresolved
block-01,block,axis_translation_4_1,complete,8,4,15/16,15/16,True,15/16,-3/8,0/1,excluded
block-01,block,axis_translation_4_1,complete,8,5,15/16,1/1,False,31/32,-7/16,-1/16,excluded
block-01,block,axis_translation_4_1,complete,8,6,1/1,1/1,True,1/1,-1/2,-1/8,excluded
block-01,block,axis_translation_8_1,complete,8,0,0/1,0/1,True,0/1,11/8,9/4,supported
block-01,block,axis_translation_8_1,complete,8,1,0/1,11/16,False,11/32,11/16,25/16,supported
block-01,block,axis_translation_8_1,complete,8,2,11/16,11/16,True,11/16,0/1,7/8,unresolved
block-01,block,axis_translation_8_1,complete,8,3,11/16,1/1,False,27/32,-5/16,9/16,unresolved
block-01,block,axis_translation_8_1,complete,8,4,1/1,1/1,True,1/1,-5/8,1/4,unresolved
block-01,block,axis_translation_16_1,complete,8,0,0/1,0/1,True,0/1,9/8,21/8,supported
block-01,block,axis_translation_16_1,complete,8,1,0/1,9/16,False,9/32,9/16,33/16,supported
block-01,block,axis_translation_16_1,complete,8,2,9/16,9/16,True,9/16,0/1,3/2,unresolved
block-01,block,axis_translation_16_1,complete,8,3,9/16,1/1,False,25/32,-7/16,17/16,unresolved
block-01,block,axis_translation_16_1,complete,8,4,1/1,1/1,True,1/1,-7/8,5/8,unresolved
block-01,block,axis_translation_32_1,complete,8,0,0/1,0/1,True,0/1,7/8,11/4,supported
block-01,block,axis_translation_32_1,complete,8,1,0/1,7/16,False,7/32,7/16,37/16,supported
block-01,block,axis_translation_32_1,complete,8,2,7/16,7/16,True,7/16,0/1,15/8,unresolved
block-01,block,axis_translation_32_1,complete,8,3,7/16,1/1,False,23/32,-9/16,21/16,unresolved
block-01,block,axis_translation_32_1,complete,8,4,1/1,1/1,True,1/1,-9/8,3/4,unresolved
block-01,block,axis_translation_64_1,complete,8,0,0/1,0/1,True,0/1,7/8,23/8,supported
block-01,block,axis_translation_64_1,complete,8,1,0/1,7/16,False,7/32,7/16,39/16,supported
block-01,block,axis_translation_64_1,complete,8,2,7/16,7/16,True,7/16,0/1,2/1,unresolved
block-01,block,axis_translation_64_1,complete,8,3,7/16,1/1,False,23/32,-9/16,23/16,unresolved
block-01,block,axis_translation_64_1,complete,8,4,1/1,1/1,True,1/1,-9/8,7/8,unresolved
block-01,block,planar_translation_1_1,complete,8,0,0/1,0/1,True,0/1,13/8,15/8,supported
block-01,block,planar_translation_1_1,complete,8,1,0/1,13/16,False,13/32,13/16,17/16,supported
block-01,block,planar_translation_1_1,complete,8,2,13/16,13/16,True,13/16,0/1,1/4,unresolved
block-01,block,planar_translation_1_1,complete,8,3,13/16,15/16,False,7/8,-1/8,1/8,unresolved
block-01,block,planar_translation_1_1,complete,8,4,15/16,15/16,True,15/16,-1/4,0/1,excluded
block-01,block,planar_translation_1_1,complete,8,5,15/16,1/1,False,31/32,-5/16,-1/16,excluded
block-01,block,planar_translation_1_1,complete,8,6,1/1,1/1,True,1/1,-3/8,-1/8,excluded
block-01,block,planar_translation_2_1,complete,8,0,0/1,0/1,True,0/1,13/8,15/8,supported
block-01,block,planar_translation_2_1,complete,8,1,0/1,13/16,False,13/32,13/16,17/16,supported
block-01,block,planar_translation_2_1,complete,8,2,13/16,13/16,True,13/16,0/1,1/4,unresolved
block-01,block,planar_translation_2_1,complete,8,3,13/16,15/16,False,7/8,-1/8,1/8,unresolved
block-01,block,planar_translation_2_1,complete,8,4,15/16,15/16,True,15/16,-1/4,0/1,excluded
block-01,block,planar_translation_2_1,complete,8,5,15/16,1/1,False,31/32,-5/16,-1/16,excluded
block-01,block,planar_translation_2_1,complete,8,6,1/1,1/1,True,1/1,-3/8,-1/8,excluded
block-01,block,planar_translation_4_1,complete,8,0,0/1,0/1,True,0/1,3/2,15/8,supported
block-01,block,planar_translation_4_1,complete,8,1,0/1,3/4,False,3/8,3/4,9/8,supported
block-01,block,planar_translation_4_1,complete,8,2,3/4,3/4,True,3/4,0/1,3/8,unresolved
block-01,block,planar_translation_4_1,complete,8,3,3/4,15/16,False,27/32,-3/16,3/16,unresolved
block-01,block,planar_translation_4_1,complete,8,4,15/16,15/16,True,15/16,-3/8,0/1,excluded
block-01,block,planar_translation_4_1,complete,8,5,15/16,1/1,False,31/32,-7/16,-1/16,excluded
block-01,block,planar_translation_4_1,complete,8,6,1/1,1/1,True,1/1,-1/2,-1/8,excluded
block-01,block,planar_translation_5_1,complete,8,0,0/1,0/1,True,0/1,3/2,2/1,supported
block-01,block,planar_translation_5_1,complete,8,1,0/1,3/4,False,3/8,3/4,5/4,supported
block-01,block,planar_translation_5_1,complete,8,2,3/4,3/4,True,3/4,0/1,1/2,unresolved
block-01,block,planar_translation_5_1,complete,8,3,3/4,1/1,False,7/8,-1/4,1/4,unresolved
block-01,block,planar_translation_5_1,complete,8,4,1/1,1/1,True,1/1,-1/2,0/1,excluded
block-01,block,planar_translation_161_32,complete,8,0,0/1,0/1,True,0/1,3/2,2/1,supported
block-01,block,planar_translation_161_32,complete,8,1,0/1,3/4,False,3/8,3/4,5/4,supported
block-01,block,planar_translation_161_32,complete,8,2,3/4,3/4,True,3/4,0/1,1/2,unresolved
block-01,block,planar_translation_161_32,complete,8,3,3/4,1/1,False,7/8,-1/4,1/4,unresolved
block-01,block,planar_translation_161_32,complete,8,4,1/1,1/1,True,1/1,-1/2,0/1,excluded
block-01,block,planar_translation_8_1,complete,8,0,0/1,0/1,True,0/1,5/4,5/2,supported
block-01,block,planar_translation_8_1,complete,8,1,0/1,5/8,False,5/16,5/8,15/8,supported
block-01,block,planar_translation_8_1,complete,8,2,5/8,5/8,True,5/8,0/1,5/4,unresolved
block-01,block,planar_translation_8_1,complete,8,3,5/8,1/1,False,13/16,-3/8,7/8,unresolved
block-01,block,planar_translation_8_1,complete,8,4,1/1,1/1,True,1/1,-3/4,1/2,unresolved
block-01,block,planar_translation_16_1,complete,8,0,0/1,0/1,True,0/1,7/8,21/8,supported
block-01,block,planar_translation_16_1,complete,8,1,0/1,7/16,False,7/32,7/16,35/16,supported
block-01,block,planar_translation_16_1,complete,8,2,7/16,7/16,True,7/16,0/1,7/4,unresolved
block-01,block,planar_translation_16_1,complete,8,3,7/16,1/1,False,23/32,-9/16,19/16,unresolved
block-01,block,planar_translation_16_1,complete,8,4,1/1,1/1,True,1/1,-9/8,5/8,unresolved
block-01,block,planar_translation_32_1,complete,8,0,0/1,0/1,True,0/1,7/8,23/8,supported
block-01,block,planar_translation_32_1,complete,8,1,0/1,7/16,False,7/32,7/16,39/16,supported
block-01,block,planar_translation_32_1,complete,8,2,7/16,7/16,True,7/16,0/1,2/1,unresolved
block-01,block,planar_translation_32_1,complete,8,3,7/16,1/1,False,23/32,-9/16,23/16,unresolved
block-01,block,planar_translation_32_1,complete,8,4,1/1,1/1,True,1/1,-9/8,7/8,unresolved
block-01,block,planar_translation_64_1,complete,8,0,0/1,0/1,True,0/1,7/8,23/8,supported
block-01,block,planar_translation_64_1,complete,8,1,0/1,7/16,False,7/32,7/16,39/16,supported
block-01,block,planar_translation_64_1,complete,8,2,7/16,7/16,True,7/16,0/1,2/1,unresolved
block-01,block,planar_translation_64_1,complete,8,3,7/16,1/1,False,23/32,-9/16,23/16,unresolved
block-01,block,planar_translation_64_1,complete,8,4,1/1,1/1,True,1/1,-9/8,7/8,unresolved
block-02,block,exact_projection,complete,8,0,0/1,0/1,True,0/1,1/2,1/2,supported
block-02,block,exact_projection,complete,8,1,0/1,2/3,False,1/3,1/4,1/4,supported
block-02,block,exact_projection,complete,8,2,2/3,2/3,True,2/3,0/1,0/1,excluded
block-02,block,exact_projection,complete,8,3,2/3,1/1,False,5/6,-1/8,-1/8,excluded
block-02,block,exact_projection,complete,8,4,1/1,1/1,True,1/1,-1/4,-1/4,excluded
block-02,block,one_edit_global,complete,8,0,0/1,0/1,True,0/1,3/8,3/4,supported
block-02,block,one_edit_global,complete,8,1,0/1,1/2,False,1/4,3/16,9/16,supported
block-02,block,one_edit_global,complete,8,2,1/2,1/2,True,1/2,0/1,3/8,unresolved
block-02,block,one_edit_global,complete,8,3,1/2,1/1,False,3/4,-3/16,3/16,unresolved
block-02,block,one_edit_global,complete,8,4,1/1,1/1,True,1/1,-3/8,0/1,excluded
block-02,block,one_edit_per_image,complete,8,0,0/1,0/1,True,0/1,-3/8,3/2,unresolved
block-02,block,one_edit_per_image,complete,8,1,0/1,1/1,False,1/2,-3/4,9/8,unresolved
block-02,block,one_edit_per_image,complete,8,2,1/1,1/1,True,1/1,-9/8,3/4,unresolved
block-02,block,axis_translation_1_1,complete,8,0,0/1,0/1,True,0/1,1/2,1/2,supported
block-02,block,axis_translation_1_1,complete,8,1,0/1,2/3,False,1/3,1/4,1/4,supported
block-02,block,axis_translation_1_1,complete,8,2,2/3,2/3,True,2/3,0/1,0/1,excluded
block-02,block,axis_translation_1_1,complete,8,3,2/3,1/1,False,5/6,-1/8,-1/8,excluded
block-02,block,axis_translation_1_1,complete,8,4,1/1,1/1,True,1/1,-1/4,-1/4,excluded
block-02,block,axis_translation_2_1,complete,8,0,0/1,0/1,True,0/1,1/2,1/2,supported
block-02,block,axis_translation_2_1,complete,8,1,0/1,2/3,False,1/3,1/4,1/4,supported
block-02,block,axis_translation_2_1,complete,8,2,2/3,2/3,True,2/3,0/1,0/1,excluded
block-02,block,axis_translation_2_1,complete,8,3,2/3,1/1,False,5/6,-1/8,-1/8,excluded
block-02,block,axis_translation_2_1,complete,8,4,1/1,1/1,True,1/1,-1/4,-1/4,excluded
block-02,block,axis_translation_4_1,complete,8,0,0/1,0/1,True,0/1,3/8,1/2,supported
block-02,block,axis_translation_4_1,complete,8,1,0/1,1/2,False,1/4,3/16,5/16,supported
block-02,block,axis_translation_4_1,complete,8,2,1/2,1/2,True,1/2,0/1,1/8,unresolved
block-02,block,axis_translation_4_1,complete,8,3,1/2,2/3,False,7/12,-1/16,1/16,unresolved
block-02,block,axis_translation_4_1,complete,8,4,2/3,2/3,True,2/3,-1/8,0/1,excluded
block-02,block,axis_translation_4_1,complete,8,5,2/3,1/1,False,5/6,-1/4,-1/8,excluded
block-02,block,axis_translation_4_1,complete,8,6,1/1,1/1,True,1/1,-3/8,-1/4,excluded
block-02,block,axis_translation_8_1,complete,8,0,0/1,0/1,True,0/1,3/8,5/8,supported
block-02,block,axis_translation_8_1,complete,8,1,0/1,1/2,False,1/4,3/16,7/16,supported
block-02,block,axis_translation_8_1,complete,8,2,1/2,1/2,True,1/2,0/1,1/4,unresolved
block-02,block,axis_translation_8_1,complete,8,3,1/2,5/6,False,2/3,-1/8,1/8,unresolved
block-02,block,axis_translation_8_1,complete,8,4,5/6,5/6,True,5/6,-1/4,0/1,excluded
block-02,block,axis_translation_8_1,complete,8,5,5/6,1/1,False,11/12,-5/16,-1/16,excluded
block-02,block,axis_translation_8_1,complete,8,6,1/1,1/1,True,1/1,-3/8,-1/8,excluded
block-02,block,axis_translation_16_1,complete,8,0,0/1,0/1,True,0/1,1/4,1/1,supported
block-02,block,axis_translation_16_1,complete,8,1,0/1,1/3,False,1/6,1/8,7/8,supported
block-02,block,axis_translation_16_1,complete,8,2,1/3,1/3,True,1/3,0/1,3/4,unresolved
block-02,block,axis_translation_16_1,complete,8,3,1/3,1/1,False,2/3,-1/4,1/2,unresolved
block-02,block,axis_translation_16_1,complete,8,4,1/1,1/1,True,1/1,-1/2,1/4,unresolved
block-02,block,axis_translation_32_1,complete,8,0,0/1,0/1,True,0/1,-1/8,5/4,unresolved
block-02,block,axis_translation_32_1,complete,8,1,0/1,1/1,False,1/2,-1/2,7/8,unresolved
block-02,block,axis_translation_32_1,complete,8,2,1/1,1/1,True,1/1,-7/8,1/2,unresolved
block-02,block,axis_translation_64_1,complete,8,0,0/1,0/1,True,0/1,-1/8,5/4,unresolved
block-02,block,axis_translation_64_1,complete,8,1,0/1,1/1,False,1/2,-1/2,7/8,unresolved
block-02,block,axis_translation_64_1,complete,8,2,1/1,1/1,True,1/1,-7/8,1/2,unresolved
block-02,block,planar_translation_1_1,complete,8,0,0/1,0/1,True,0/1,1/2,1/2,supported
block-02,block,planar_translation_1_1,complete,8,1,0/1,2/3,False,1/3,1/4,1/4,supported
block-02,block,planar_translation_1_1,complete,8,2,2/3,2/3,True,2/3,0/1,0/1,excluded
block-02,block,planar_translation_1_1,complete,8,3,2/3,1/1,False,5/6,-1/8,-1/8,excluded
block-02,block,planar_translation_1_1,complete,8,4,1/1,1/1,True,1/1,-1/4,-1/4,excluded
block-02,block,planar_translation_2_1,complete,8,0,0/1,0/1,True,0/1,1/2,1/2,supported
block-02,block,planar_translation_2_1,complete,8,1,0/1,2/3,False,1/3,1/4,1/4,supported
block-02,block,planar_translation_2_1,complete,8,2,2/3,2/3,True,2/3,0/1,0/1,excluded
block-02,block,planar_translation_2_1,complete,8,3,2/3,1/1,False,5/6,-1/8,-1/8,excluded
block-02,block,planar_translation_2_1,complete,8,4,1/1,1/1,True,1/1,-1/4,-1/4,excluded
block-02,block,planar_translation_4_1,complete,8,0,0/1,0/1,True,0/1,3/8,1/2,supported
block-02,block,planar_translation_4_1,complete,8,1,0/1,1/2,False,1/4,3/16,5/16,supported
block-02,block,planar_translation_4_1,complete,8,2,1/2,1/2,True,1/2,0/1,1/8,unresolved
block-02,block,planar_translation_4_1,complete,8,3,1/2,2/3,False,7/12,-1/16,1/16,unresolved
block-02,block,planar_translation_4_1,complete,8,4,2/3,2/3,True,2/3,-1/8,0/1,excluded
block-02,block,planar_translation_4_1,complete,8,5,2/3,1/1,False,5/6,-1/4,-1/8,excluded
block-02,block,planar_translation_4_1,complete,8,6,1/1,1/1,True,1/1,-3/8,-1/4,excluded
block-02,block,planar_translation_5_1,complete,8,0,0/1,0/1,True,0/1,3/8,1/2,supported
block-02,block,planar_translation_5_1,complete,8,1,0/1,1/2,False,1/4,3/16,5/16,supported
block-02,block,planar_translation_5_1,complete,8,2,1/2,1/2,True,1/2,0/1,1/8,unresolved
block-02,block,planar_translation_5_1,complete,8,3,1/2,2/3,False,7/12,-1/16,1/16,unresolved
block-02,block,planar_translation_5_1,complete,8,4,2/3,2/3,True,2/3,-1/8,0/1,excluded
block-02,block,planar_translation_5_1,complete,8,5,2/3,1/1,False,5/6,-1/4,-1/8,excluded
block-02,block,planar_translation_5_1,complete,8,6,1/1,1/1,True,1/1,-3/8,-1/4,excluded
block-02,block,planar_translation_161_32,complete,8,0,0/1,0/1,True,0/1,3/8,1/2,supported
block-02,block,planar_translation_161_32,complete,8,1,0/1,1/2,False,1/4,3/16,5/16,supported
block-02,block,planar_translation_161_32,complete,8,2,1/2,1/2,True,1/2,0/1,1/8,unresolved
block-02,block,planar_translation_161_32,complete,8,3,1/2,2/3,False,7/12,-1/16,1/16,unresolved
block-02,block,planar_translation_161_32,complete,8,4,2/3,2/3,True,2/3,-1/8,0/1,excluded
block-02,block,planar_translation_161_32,complete,8,5,2/3,1/1,False,5/6,-1/4,-1/8,excluded
block-02,block,planar_translation_161_32,complete,8,6,1/1,1/1,True,1/1,-3/8,-1/4,excluded
block-02,block,planar_translation_8_1,complete,8,0,0/1,0/1,True,0/1,3/8,3/4,supported
block-02,block,planar_translation_8_1,complete,8,1,0/1,1/2,False,1/4,3/16,9/16,supported
block-02,block,planar_translation_8_1,complete,8,2,1/2,1/2,True,1/2,0/1,3/8,unresolved
block-02,block,planar_translation_8_1,complete,8,3,1/2,1/1,False,3/4,-3/16,3/16,unresolved
block-02,block,planar_translation_8_1,complete,8,4,1/1,1/1,True,1/1,-3/8,0/1,excluded
block-02,block,planar_translation_16_1,complete,8,0,0/1,0/1,True,0/1,-1/8,5/4,unresolved
block-02,block,planar_translation_16_1,complete,8,1,0/1,1/1,False,1/2,-1/2,7/8,unresolved
block-02,block,planar_translation_16_1,complete,8,2,1/1,1/1,True,1/1,-7/8,1/2,unresolved
block-02,block,planar_translation_32_1,complete,8,0,0/1,0/1,True,0/1,-1/8,5/4,unresolved
block-02,block,planar_translation_32_1,complete,8,1,0/1,1/1,False,1/2,-1/2,7/8,unresolved
block-02,block,planar_translation_32_1,complete,8,2,1/1,1/1,True,1/1,-7/8,1/2,unresolved
block-02,block,planar_translation_64_1,complete,8,0,0/1,0/1,True,0/1,-1/8,5/4,unresolved
block-02,block,planar_translation_64_1,complete,8,1,0/1,1/1,False,1/2,-1/2,7/8,unresolved
block-02,block,planar_translation_64_1,complete,8,2,1/1,1/1,True,1/1,-7/8,1/2,unresolved
block-03,block,exact_projection,complete,8,0,0/1,0/1,True,0/1,3/4,3/4,supported
block-03,block,exact_projection,complete,8,1,0/1,1/2,False,1/4,3/8,3/8,supported
block-03,block,exact_projection,complete,8,2,1/2,1/2,True,1/2,0/1,0/1,excluded
block-03,block,exact_projection,complete,8,3,1/2,1/1,False,3/4,-3/8,-3/8,excluded
block-03,block,exact_projection,complete,8,4,1/1,1/1,True,1/1,-3/4,-3/4,excluded
block-03,block,one_edit_global,complete,8,0,0/1,0/1,True,0/1,1/2,1/1,supported
block-03,block,one_edit_global,complete,8,1,0/1,1/3,False,1/6,1/4,3/4,supported
block-03,block,one_edit_global,complete,8,2,1/3,1/3,True,1/3,0/1,1/2,unresolved
block-03,block,one_edit_global,complete,8,3,1/3,2/3,False,1/2,-1/4,1/4,unresolved
block-03,block,one_edit_global,complete,8,4,2/3,2/3,True,2/3,-1/2,0/1,excluded
block-03,block,one_edit_global,complete,8,5,2/3,1/1,False,5/6,-3/4,-1/4,excluded
block-03,block,one_edit_global,complete,8,6,1/1,1/1,True,1/1,-1/1,-1/2,excluded
block-03,block,one_edit_per_image,complete,8,0,0/1,0/1,True,0/1,-1/2,2/1,unresolved
block-03,block,one_edit_per_image,complete,8,1,0/1,1/1,False,1/2,-5/4,5/4,unresolved
block-03,block,one_edit_per_image,complete,8,2,1/1,1/1,True,1/1,-2/1,1/2,unresolved
block-03,block,axis_translation_1_1,complete,8,0,0/1,0/1,True,0/1,3/4,1/1,supported
block-03,block,axis_translation_1_1,complete,8,1,0/1,1/2,False,1/4,3/8,5/8,supported
block-03,block,axis_translation_1_1,complete,8,2,1/2,1/2,True,1/2,0/1,1/4,unresolved
block-03,block,axis_translation_1_1,complete,8,3,1/2,2/3,False,7/12,-1/8,1/8,unresolved
block-03,block,axis_translation_1_1,complete,8,4,2/3,2/3,True,2/3,-1/4,0/1,excluded
block-03,block,axis_translation_1_1,complete,8,5,2/3,1/1,False,5/6,-1/2,-1/4,excluded
block-03,block,axis_translation_1_1,complete,8,6,1/1,1/1,True,1/1,-3/4,-1/2,excluded
block-03,block,axis_translation_2_1,complete,8,0,0/1,0/1,True,0/1,3/4,1/1,supported
block-03,block,axis_translation_2_1,complete,8,1,0/1,1/2,False,1/4,3/8,5/8,supported
block-03,block,axis_translation_2_1,complete,8,2,1/2,1/2,True,1/2,0/1,1/4,unresolved
block-03,block,axis_translation_2_1,complete,8,3,1/2,2/3,False,7/12,-1/8,1/8,unresolved
block-03,block,axis_translation_2_1,complete,8,4,2/3,2/3,True,2/3,-1/4,0/1,excluded
block-03,block,axis_translation_2_1,complete,8,5,2/3,1/1,False,5/6,-1/2,-1/4,excluded
block-03,block,axis_translation_2_1,complete,8,6,1/1,1/1,True,1/1,-3/4,-1/2,excluded
block-03,block,axis_translation_4_1,complete,8,0,0/1,0/1,True,0/1,3/4,9/8,supported
block-03,block,axis_translation_4_1,complete,8,1,0/1,1/2,False,1/4,3/8,3/4,supported
block-03,block,axis_translation_4_1,complete,8,2,1/2,1/2,True,1/2,0/1,3/8,unresolved
block-03,block,axis_translation_4_1,complete,8,3,1/2,3/4,False,5/8,-3/16,3/16,unresolved
block-03,block,axis_translation_4_1,complete,8,4,3/4,3/4,True,3/4,-3/8,0/1,excluded
block-03,block,axis_translation_4_1,complete,8,5,3/4,1/1,False,7/8,-9/16,-3/16,excluded
block-03,block,axis_translation_4_1,complete,8,6,1/1,1/1,True,1/1,-3/4,-3/8,excluded
block-03,block,axis_translation_8_1,complete,8,0,0/1,0/1,True,0/1,3/8,5/4,supported
block-03,block,axis_translation_8_1,complete,8,1,0/1,1/4,False,1/8,3/16,17/16,supported
block-03,block,axis_translation_8_1,complete,8,2,1/4,1/4,True,1/4,0/1,7/8,unresolved
block-03,block,axis_translation_8_1,complete,8,3,1/4,5/6,False,13/24,-7/16,7/16,unresolved
block-03,block,axis_translation_8_1,complete,8,4,5/6,5/6,True,5/6,-7/8,0/1,excluded
block-03,block,axis_translation_8_1,complete,8,5,5/6,1/1,False,11/12,-1/1,-1/8,excluded
block-03,block,axis_translation_8_1,complete,8,6,1/1,1/1,True,1/1,-9/8,-1/4,excluded
block-03,block,axis_translation_16_1,complete,8,0,0/1,0/1,True,0/1,0/1,13/8,unresolved
block-03,block,axis_translation_16_1,complete,8,1,0/1,1/1,False,1/2,-3/4,7/8,unresolved
block-03,block,axis_translation_16_1,complete,8,2,1/1,1/1,True,1/1,-3/2,1/8,unresolved
block-03,block,axis_translation_32_1,complete,8,0,0/1,0/1,True,0/1,-1/4,15/8,unresolved
block-03,block,axis_translation_32_1,complete,8,1,0/1,1/1,False,1/2,-1/1,9/8,unresolved
block-03,block,axis_translation_32_1,complete,8,2,1/1,1/1,True,1/1,-7/4,3/8,unresolved
block-03,block,axis_translation_64_1,complete,8,0,0/1,0/1,True,0/1,-1/4,15/8,unresolved
block-03,block,axis_translation_64_1,complete,8,1,0/1,1/1,False,1/2,-1/1,9/8,unresolved
block-03,block,axis_translation_64_1,complete,8,2,1/1,1/1,True,1/1,-7/4,3/8,unresolved
block-03,block,planar_translation_1_1,complete,8,0,0/1,0/1,True,0/1,3/4,1/1,supported
block-03,block,planar_translation_1_1,complete,8,1,0/1,1/2,False,1/4,3/8,5/8,supported
block-03,block,planar_translation_1_1,complete,8,2,1/2,1/2,True,1/2,0/1,1/4,unresolved
block-03,block,planar_translation_1_1,complete,8,3,1/2,2/3,False,7/12,-1/8,1/8,unresolved
block-03,block,planar_translation_1_1,complete,8,4,2/3,2/3,True,2/3,-1/4,0/1,excluded
block-03,block,planar_translation_1_1,complete,8,5,2/3,1/1,False,5/6,-1/2,-1/4,excluded
block-03,block,planar_translation_1_1,complete,8,6,1/1,1/1,True,1/1,-3/4,-1/2,excluded
block-03,block,planar_translation_2_1,complete,8,0,0/1,0/1,True,0/1,3/4,1/1,supported
block-03,block,planar_translation_2_1,complete,8,1,0/1,1/2,False,1/4,3/8,5/8,supported
block-03,block,planar_translation_2_1,complete,8,2,1/2,1/2,True,1/2,0/1,1/4,unresolved
block-03,block,planar_translation_2_1,complete,8,3,1/2,2/3,False,7/12,-1/8,1/8,unresolved
block-03,block,planar_translation_2_1,complete,8,4,2/3,2/3,True,2/3,-1/4,0/1,excluded
block-03,block,planar_translation_2_1,complete,8,5,2/3,1/1,False,5/6,-1/2,-1/4,excluded
block-03,block,planar_translation_2_1,complete,8,6,1/1,1/1,True,1/1,-3/4,-1/2,excluded
block-03,block,planar_translation_4_1,complete,8,0,0/1,0/1,True,0/1,3/4,5/4,supported
block-03,block,planar_translation_4_1,complete,8,1,0/1,1/2,False,1/4,3/8,7/8,supported
block-03,block,planar_translation_4_1,complete,8,2,1/2,1/2,True,1/2,0/1,1/2,unresolved
block-03,block,planar_translation_4_1,complete,8,3,1/2,5/6,False,2/3,-1/4,1/4,unresolved
block-03,block,planar_translation_4_1,complete,8,4,5/6,5/6,True,5/6,-1/2,0/1,excluded
block-03,block,planar_translation_4_1,complete,8,5,5/6,1/1,False,11/12,-5/8,-1/8,excluded
block-03,block,planar_translation_4_1,complete,8,6,1/1,1/1,True,1/1,-3/4,-1/4,excluded
block-03,block,planar_translation_5_1,complete,8,0,0/1,0/1,True,0/1,1/2,5/4,supported
block-03,block,planar_translation_5_1,complete,8,1,0/1,1/3,False,1/6,1/4,1/1,supported
block-03,block,planar_translation_5_1,complete,8,2,1/3,1/3,True,1/3,0/1,3/4,unresolved
block-03,block,planar_translation_5_1,complete,8,3,1/3,5/6,False,7/12,-3/8,3/8,unresolved
block-03,block,planar_translation_5_1,complete,8,4,5/6,5/6,True,5/6,-3/4,0/1,excluded
block-03,block,planar_translation_5_1,complete,8,5,5/6,1/1,False,11/12,-7/8,-1/8,excluded
block-03,block,planar_translation_5_1,complete,8,6,1/1,1/1,True,1/1,-1/1,-1/4,excluded
block-03,block,planar_translation_161_32,complete,8,0,0/1,0/1,True,0/1,1/2,5/4,supported
block-03,block,planar_translation_161_32,complete,8,1,0/1,1/3,False,1/6,1/4,1/1,supported
block-03,block,planar_translation_161_32,complete,8,2,1/3,1/3,True,1/3,0/1,3/4,unresolved
block-03,block,planar_translation_161_32,complete,8,3,1/3,5/6,False,7/12,-3/8,3/8,unresolved
block-03,block,planar_translation_161_32,complete,8,4,5/6,5/6,True,5/6,-3/4,0/1,excluded
block-03,block,planar_translation_161_32,complete,8,5,5/6,1/1,False,11/12,-7/8,-1/8,excluded
block-03,block,planar_translation_161_32,complete,8,6,1/1,1/1,True,1/1,-1/1,-1/4,excluded
block-03,block,planar_translation_8_1,complete,8,0,0/1,0/1,True,0/1,1/4,5/4,supported
block-03,block,planar_translation_8_1,complete,8,1,0/1,1/6,False,1/12,1/8,9/8,supported
block-03,block,planar_translation_8_1,complete,8,2,1/6,1/6,True,1/6,0/1,1/1,unresolved
block-03,block,planar_translation_8_1,complete,8,3,1/6,5/6,False,1/2,-1/2,1/2,unresolved
block-03,block,planar_translation_8_1,complete,8,4,5/6,5/6,True,5/6,-1/1,0/1,excluded
block-03,block,planar_translation_8_1,complete,8,5,5/6,1/1,False,11/12,-9/8,-1/8,excluded
block-03,block,planar_translation_8_1,complete,8,6,1/1,1/1,True,1/1,-5/4,-1/4,excluded
block-03,block,planar_translation_16_1,complete,8,0,0/1,0/1,True,0/1,-1/8,15/8,unresolved
block-03,block,planar_translation_16_1,complete,8,1,0/1,1/1,False,1/2,-7/8,9/8,unresolved
block-03,block,planar_translation_16_1,complete,8,2,1/1,1/1,True,1/1,-13/8,3/8,unresolved
block-03,block,planar_translation_32_1,complete,8,0,0/1,0/1,True,0/1,-1/4,15/8,unresolved
block-03,block,planar_translation_32_1,complete,8,1,0/1,1/1,False,1/2,-1/1,9/8,unresolved
block-03,block,planar_translation_32_1,complete,8,2,1/1,1/1,True,1/1,-7/4,3/8,unresolved
block-03,block,planar_translation_64_1,complete,8,0,0/1,0/1,True,0/1,-1/4,15/8,unresolved
block-03,block,planar_translation_64_1,complete,8,1,0/1,1/1,False,1/2,-1/1,9/8,unresolved
block-03,block,planar_translation_64_1,complete,8,2,1/1,1/1,True,1/1,-7/4,3/8,unresolved
block-04,block,exact_projection,complete,8,0,0/1,0/1,True,0/1,7/8,7/8,supported
block-04,block,exact_projection,complete,8,1,0/1,7/8,False,7/16,7/16,7/16,supported
block-04,block,exact_projection,complete,8,2,7/8,7/8,True,7/8,0/1,0/1,excluded
block-04,block,exact_projection,complete,8,3,7/8,1/1,False,15/16,-1/16,-1/16,excluded
block-04,block,exact_projection,complete,8,4,1/1,1/1,True,1/1,-1/8,-1/8,excluded
block-04,block,one_edit_global,complete,8,0,0/1,0/1,True,0/1,3/4,9/8,supported
block-04,block,one_edit_global,complete,8,1,0/1,3/4,False,3/8,3/8,3/4,supported
block-04,block,one_edit_global,complete,8,2,3/4,3/4,True,3/4,0/1,3/8,unresolved
block-04,block,one_edit_global,complete,8,3,3/4,1/1,False,7/8,-1/8,1/4,unresolved
block-04,block,one_edit_global,complete,8,4,1/1,1/1,True,1/1,-1/4,1/8,unresolved
block-04,block,one_edit_per_image,complete,8,0,0/1,0/1,True,0/1,-1/8,15/8,unresolved
block-04,block,one_edit_per_image,complete,8,1,0/1,1/1,False,1/2,-5/8,11/8,unresolved
block-04,block,one_edit_per_image,complete,8,2,1/1,1/1,True,1/1,-9/8,7/8,unresolved
block-04,block,axis_translation_1_1,complete,8,0,0/1,0/1,True,0/1,7/8,7/8,supported
block-04,block,axis_translation_1_1,complete,8,1,0/1,7/8,False,7/16,7/16,7/16,supported
block-04,block,axis_translation_1_1,complete,8,2,7/8,7/8,True,7/8,0/1,0/1,excluded
block-04,block,axis_translation_1_1,complete,8,3,7/8,1/1,False,15/16,-1/16,-1/16,excluded
block-04,block,axis_translation_1_1,complete,8,4,1/1,1/1,True,1/1,-1/8,-1/8,excluded
block-04,block,axis_translation_2_1,complete,8,0,0/1,0/1,True,0/1,7/8,7/8,supported
block-04,block,axis_translation_2_1,complete,8,1,0/1,7/8,False,7/16,7/16,7/16,supported
block-04,block,axis_translation_2_1,complete,8,2,7/8,7/8,True,7/8,0/1,0/1,excluded
block-04,block,axis_translation_2_1,complete,8,3,7/8,1/1,False,15/16,-1/16,-1/16,excluded
block-04,block,axis_translation_2_1,complete,8,4,1/1,1/1,True,1/1,-1/8,-1/8,excluded
block-04,block,axis_translation_4_1,complete,8,0,0/1,0/1,True,0/1,3/4,1/1,supported
block-04,block,axis_translation_4_1,complete,8,1,0/1,3/4,False,3/8,3/8,5/8,supported
block-04,block,axis_translation_4_1,complete,8,2,3/4,3/4,True,3/4,0/1,1/4,unresolved
block-04,block,axis_translation_4_1,complete,8,3,3/4,1/1,False,7/8,-1/8,1/8,unresolved
block-04,block,axis_translation_4_1,complete,8,4,1/1,1/1,True,1/1,-1/4,0/1,excluded
block-04,block,axis_translation_8_1,complete,8,0,0/1,0/1,True,0/1,3/8,9/8,supported
block-04,block,axis_translation_8_1,complete,8,1,0/1,3/8,False,3/16,3/16,15/16,supported
block-04,block,axis_translation_8_1,complete,8,2,3/8,3/8,True,3/8,0/1,3/4,unresolved
block-04,block,axis_translation_8_1,complete,8,3,3/8,1/1,False,11/16,-5/16,7/16,unresolved
block-04,block,axis_translation_8_1,complete,8,4,1/1,1/1,True,1/1,-5/8,1/8,unresolved
block-04,block,axis_translation_16_1,complete,8,0,0/1,0/1,True,0/1,1/4,5/4,supported
block-04,block,axis_translation_16_1,complete,8,1,0/1,1/4,False,1/8,1/8,9/8,supported
block-04,block,axis_translation_16_1,complete,8,2,1/4,1/4,True,1/4,0/1,1/1,unresolved
block-04,block,axis_translation_16_1,complete,8,3,1/4,1/1,False,5/8,-3/8,5/8,unresolved
block-04,block,axis_translation_16_1,complete,8,4,1/1,1/1,True,1/1,-3/4,1/4,unresolved
block-04,block,axis_translation_32_1,complete,8,0,0/1,0/1,True,0/1,1/8,3/2,supported
block-04,block,axis_translation_32_1,complete,8,1,0/1,1/8,False,1/16,1/16,23/16,supported
block-04,block,axis_translation_32_1,complete,8,2,1/8,1/8,True,1/8,0/1,11/8,unresolved
block-04,block,axis_translation_32_1,complete,8,3,1/8,1/1,False,9/16,-7/16,15/16,unresolved
block-04,block,axis_translation_32_1,complete,8,4,1/1,1/1,True,1/1,-7/8,1/2,unresolved
block-04,block,axis_translation_64_1,complete,8,0,0/1,0/1,True,0/1,1/8,7/4,supported
block-04,block,axis_translation_64_1,complete,8,1,0/1,1/8,False,1/16,1/16,27/16,supported
block-04,block,axis_translation_64_1,complete,8,2,1/8,1/8,True,1/8,0/1,13/8,unresolved
block-04,block,axis_translation_64_1,complete,8,3,1/8,1/1,False,9/16,-7/16,19/16,unresolved
block-04,block,axis_translation_64_1,complete,8,4,1/1,1/1,True,1/1,-7/8,3/4,unresolved
block-04,block,planar_translation_1_1,complete,8,0,0/1,0/1,True,0/1,7/8,7/8,supported
block-04,block,planar_translation_1_1,complete,8,1,0/1,7/8,False,7/16,7/16,7/16,supported
block-04,block,planar_translation_1_1,complete,8,2,7/8,7/8,True,7/8,0/1,0/1,excluded
block-04,block,planar_translation_1_1,complete,8,3,7/8,1/1,False,15/16,-1/16,-1/16,excluded
block-04,block,planar_translation_1_1,complete,8,4,1/1,1/1,True,1/1,-1/8,-1/8,excluded
block-04,block,planar_translation_2_1,complete,8,0,0/1,0/1,True,0/1,7/8,7/8,supported
block-04,block,planar_translation_2_1,complete,8,1,0/1,7/8,False,7/16,7/16,7/16,supported
block-04,block,planar_translation_2_1,complete,8,2,7/8,7/8,True,7/8,0/1,0/1,excluded
block-04,block,planar_translation_2_1,complete,8,3,7/8,1/1,False,15/16,-1/16,-1/16,excluded
block-04,block,planar_translation_2_1,complete,8,4,1/1,1/1,True,1/1,-1/8,-1/8,excluded
block-04,block,planar_translation_4_1,complete,8,0,0/1,0/1,True,0/1,5/8,1/1,supported
block-04,block,planar_translation_4_1,complete,8,1,0/1,5/8,False,5/16,5/16,11/16,supported
block-04,block,planar_translation_4_1,complete,8,2,5/8,5/8,True,5/8,0/1,3/8,unresolved
block-04,block,planar_translation_4_1,complete,8,3,5/8,1/1,False,13/16,-3/16,3/16,unresolved
block-04,block,planar_translation_4_1,complete,8,4,1/1,1/1,True,1/1,-3/8,0/1,excluded
block-04,block,planar_translation_5_1,complete,8,0,0/1,0/1,True,0/1,1/2,1/1,supported
block-04,block,planar_translation_5_1,complete,8,1,0/1,1/2,False,1/4,1/4,3/4,supported
block-04,block,planar_translation_5_1,complete,8,2,1/2,1/2,True,1/2,0/1,1/2,unresolved
block-04,block,planar_translation_5_1,complete,8,3,1/2,1/1,False,3/4,-1/4,1/4,unresolved
block-04,block,planar_translation_5_1,complete,8,4,1/1,1/1,True,1/1,-1/2,0/1,excluded
block-04,block,planar_translation_161_32,complete,8,0,0/1,0/1,True,0/1,1/2,1/1,supported
block-04,block,planar_translation_161_32,complete,8,1,0/1,1/2,False,1/4,1/4,3/4,supported
block-04,block,planar_translation_161_32,complete,8,2,1/2,1/2,True,1/2,0/1,1/2,unresolved
block-04,block,planar_translation_161_32,complete,8,3,1/2,1/1,False,3/4,-1/4,1/4,unresolved
block-04,block,planar_translation_161_32,complete,8,4,1/1,1/1,True,1/1,-1/2,0/1,excluded
block-04,block,planar_translation_8_1,complete,8,0,0/1,0/1,True,0/1,1/4,5/4,supported
block-04,block,planar_translation_8_1,complete,8,1,0/1,1/4,False,1/8,1/8,9/8,supported
block-04,block,planar_translation_8_1,complete,8,2,1/4,1/4,True,1/4,0/1,1/1,unresolved
block-04,block,planar_translation_8_1,complete,8,3,1/4,1/1,False,5/8,-3/8,5/8,unresolved
block-04,block,planar_translation_8_1,complete,8,4,1/1,1/1,True,1/1,-3/4,1/4,unresolved
block-04,block,planar_translation_16_1,complete,8,0,0/1,0/1,True,0/1,1/8,11/8,supported
block-04,block,planar_translation_16_1,complete,8,1,0/1,1/8,False,1/16,1/16,21/16,supported
block-04,block,planar_translation_16_1,complete,8,2,1/8,1/8,True,1/8,0/1,5/4,unresolved
block-04,block,planar_translation_16_1,complete,8,3,1/8,1/1,False,9/16,-7/16,13/16,unresolved
block-04,block,planar_translation_16_1,complete,8,4,1/1,1/1,True,1/1,-7/8,3/8,unresolved
block-04,block,planar_translation_32_1,complete,8,0,0/1,0/1,True,0/1,1/8,13/8,supported
block-04,block,planar_translation_32_1,complete,8,1,0/1,1/8,False,1/16,1/16,25/16,supported
block-04,block,planar_translation_32_1,complete,8,2,1/8,1/8,True,1/8,0/1,3/2,unresolved
block-04,block,planar_translation_32_1,complete,8,3,1/8,1/1,False,9/16,-7/16,17/16,unresolved
block-04,block,planar_translation_32_1,complete,8,4,1/1,1/1,True,1/1,-7/8,5/8,unresolved
block-04,block,planar_translation_64_1,complete,8,0,0/1,0/1,True,0/1,0/1,7/4,unresolved
block-04,block,planar_translation_64_1,complete,8,1,0/1,1/1,False,1/2,-1/2,5/4,unresolved
block-04,block,planar_translation_64_1,complete,8,2,1/1,1/1,True,1/1,-1/1,3/4,unresolved
block-05,block,exact_projection,complete,8,0,0/1,0/1,True,0/1,1/4,1/4,supported
block-05,block,exact_projection,complete,8,1,0/1,2/3,False,1/3,1/8,1/8,supported
block-05,block,exact_projection,complete,8,2,2/3,2/3,True,2/3,0/1,0/1,excluded
block-05,block,exact_projection,complete,8,3,2/3,1/1,False,5/6,-1/16,-1/16,excluded
block-05,block,exact_projection,complete,8,4,1/1,1/1,True,1/1,-1/8,-1/8,excluded
block-05,block,one_edit_global,complete,8,0,0/1,0/1,True,0/1,1/8,1/2,supported
block-05,block,one_edit_global,complete,8,1,0/1,1/3,False,1/6,1/16,7/16,supported
block-05,block,one_edit_global,complete,8,2,1/3,1/3,True,1/3,0/1,3/8,unresolved
block-05,block,one_edit_global,complete,8,3,1/3,1/1,False,2/3,-1/8,1/4,unresolved
block-05,block,one_edit_global,complete,8,4,1/1,1/1,True,1/1,-1/4,1/8,unresolved
block-05,block,one_edit_per_image,complete,8,0,0/1,0/1,True,0/1,-3/8,1/1,unresolved
block-05,block,one_edit_per_image,complete,8,1,0/1,1/1,False,1/2,-9/16,13/16,unresolved
block-05,block,one_edit_per_image,complete,8,2,1/1,1/1,True,1/1,-3/4,5/8,unresolved
block-05,block,axis_translation_1_1,complete,8,0,0/1,0/1,True,0/1,1/4,1/4,supported
block-05,block,axis_translation_1_1,complete,8,1,0/1,2/3,False,1/3,1/8,1/8,supported
block-05,block,axis_translation_1_1,complete,8,2,2/3,2/3,True,2/3,0/1,0/1,excluded
block-05,block,axis_translation_1_1,complete,8,3,2/3,1/1,False,5/6,-1/16,-1/16,excluded
block-05,block,axis_translation_1_1,complete,8,4,1/1,1/1,True,1/1,-1/8,-1/8,excluded
block-05,block,axis_translation_2_1,complete,8,0,0/1,0/1,True,0/1,1/4,1/4,supported
block-05,block,axis_translation_2_1,complete,8,1,0/1,2/3,False,1/3,1/8,1/8,supported
block-05,block,axis_translation_2_1,complete,8,2,2/3,2/3,True,2/3,0/1,0/1,excluded
block-05,block,axis_translation_2_1,complete,8,3,2/3,1/1,False,5/6,-1/16,-1/16,excluded
block-05,block,axis_translation_2_1,complete,8,4,1/1,1/1,True,1/1,-1/8,-1/8,excluded
block-05,block,axis_translation_4_1,complete,8,0,0/1,0/1,True,0/1,1/4,3/8,supported
block-05,block,axis_translation_4_1,complete,8,1,0/1,2/3,False,1/3,1/8,1/4,supported
block-05,block,axis_translation_4_1,complete,8,2,2/3,2/3,True,2/3,0/1,1/8,unresolved
block-05,block,axis_translation_4_1,complete,8,3,2/3,1/1,False,5/6,-1/16,1/16,unresolved
block-05,block,axis_translation_4_1,complete,8,4,1/1,1/1,True,1/1,-1/8,0/1,excluded
block-05,block,axis_translation_8_1,complete,8,0,0/1,0/1,True,0/1,0/1,3/8,unresolved
block-05,block,axis_translation_8_1,complete,8,1,0/1,1/1,False,1/2,-3/16,3/16,unresolved
block-05,block,axis_translation_8_1,complete,8,2,1/1,1/1,True,1/1,-3/8,0/1,excluded
block-05,block,axis_translation_16_1,complete,8,0,0/1,0/1,True,0/1,-1/8,5/8,unresolved
block-05,block,axis_translation_16_1,complete,8,1,0/1,1/1,False,1/2,-5/16,7/16,unresolved
block-05,block,axis_translation_16_1,complete,8,2,1/1,1/1,True,1/1,-1/2,1/4,unresolved
block-05,block,axis_translation_32_1,complete,8,0,0/1,0/1,True,0/1,-1/4,3/4,unresolved
block-05,block,axis_translation_32_1,complete,8,1,0/1,1/1,False,1/2,-7/16,9/16,unresolved
block-05,block,axis_translation_32_1,complete,8,2,1/1,1/1,True,1/1,-5/8,3/8,unresolved
block-05,block,axis_translation_64_1,complete,8,0,0/1,0/1,True,0/1,-1/4,3/4,unresolved
block-05,block,axis_translation_64_1,complete,8,1,0/1,1/1,False,1/2,-7/16,9/16,unresolved
block-05,block,axis_translation_64_1,complete,8,2,1/1,1/1,True,1/1,-5/8,3/8,unresolved
block-05,block,planar_translation_1_1,complete,8,0,0/1,0/1,True,0/1,1/4,1/4,supported
block-05,block,planar_translation_1_1,complete,8,1,0/1,2/3,False,1/3,1/8,1/8,supported
block-05,block,planar_translation_1_1,complete,8,2,2/3,2/3,True,2/3,0/1,0/1,excluded
block-05,block,planar_translation_1_1,complete,8,3,2/3,1/1,False,5/6,-1/16,-1/16,excluded
block-05,block,planar_translation_1_1,complete,8,4,1/1,1/1,True,1/1,-1/8,-1/8,excluded
block-05,block,planar_translation_2_1,complete,8,0,0/1,0/1,True,0/1,1/4,1/4,supported
block-05,block,planar_translation_2_1,complete,8,1,0/1,2/3,False,1/3,1/8,1/8,supported
block-05,block,planar_translation_2_1,complete,8,2,2/3,2/3,True,2/3,0/1,0/1,excluded
block-05,block,planar_translation_2_1,complete,8,3,2/3,1/1,False,5/6,-1/16,-1/16,excluded
block-05,block,planar_translation_2_1,complete,8,4,1/1,1/1,True,1/1,-1/8,-1/8,excluded
block-05,block,planar_translation_4_1,complete,8,0,0/1,0/1,True,0/1,1/8,3/8,supported
block-05,block,planar_translation_4_1,complete,8,1,0/1,1/3,False,1/6,1/16,5/16,supported
block-05,block,planar_translation_4_1,complete,8,2,1/3,1/3,True,1/3,0/1,1/4,unresolved
block-05,block,planar_translation_4_1,complete,8,3,1/3,1/1,False,2/3,-1/8,1/8,unresolved
block-05,block,planar_translation_4_1,complete,8,4,1/1,1/1,True,1/1,-1/4,0/1,excluded
block-05,block,planar_translation_5_1,complete,8,0,0/1,0/1,True,0/1,0/1,3/8,unresolved
block-05,block,planar_translation_5_1,complete,8,1,0/1,1/1,False,1/2,-3/16,3/16,unresolved
block-05,block,planar_translation_5_1,complete,8,2,1/1,1/1,True,1/1,-3/8,0/1,excluded
block-05,block,planar_translation_161_32,complete,8,0,0/1,0/1,True,0/1,0/1,3/8,unresolved
block-05,block,planar_translation_161_32,complete,8,1,0/1,1/1,False,1/2,-3/16,3/16,unresolved
block-05,block,planar_translation_161_32,complete,8,2,1/1,1/1,True,1/1,-3/8,0/1,excluded
block-05,block,planar_translation_8_1,complete,8,0,0/1,0/1,True,0/1,0/1,1/2,unresolved
block-05,block,planar_translation_8_1,complete,8,1,0/1,1/1,False,1/2,-3/16,5/16,unresolved
block-05,block,planar_translation_8_1,complete,8,2,1/1,1/1,True,1/1,-3/8,1/8,unresolved
block-05,block,planar_translation_16_1,complete,8,0,0/1,0/1,True,0/1,-1/4,3/4,unresolved
block-05,block,planar_translation_16_1,complete,8,1,0/1,1/1,False,1/2,-7/16,9/16,unresolved
block-05,block,planar_translation_16_1,complete,8,2,1/1,1/1,True,1/1,-5/8,3/8,unresolved
block-05,block,planar_translation_32_1,complete,8,0,0/1,0/1,True,0/1,-1/4,3/4,unresolved
block-05,block,planar_translation_32_1,complete,8,1,0/1,1/1,False,1/2,-7/16,9/16,unresolved
block-05,block,planar_translation_32_1,complete,8,2,1/1,1/1,True,1/1,-5/8,3/8,unresolved
block-05,block,planar_translation_64_1,complete,8,0,0/1,0/1,True,0/1,-1/4,3/4,unresolved
block-05,block,planar_translation_64_1,complete,8,1,0/1,1/1,False,1/2,-7/16,9/16,unresolved
block-05,block,planar_translation_64_1,complete,8,2,1/1,1/1,True,1/1,-5/8,3/8,unresolved
block-06,block,exact_projection,complete,8,0,0/1,0/1,True,0/1,1/2,1/2,supported
block-06,block,exact_projection,complete,8,1,0/1,2/3,False,1/3,1/4,1/4,supported
block-06,block,exact_projection,complete,8,2,2/3,2/3,True,2/3,0/1,0/1,excluded
block-06,block,exact_projection,complete,8,3,2/3,1/1,False,5/6,-1/8,-1/8,excluded
block-06,block,exact_projection,complete,8,4,1/1,1/1,True,1/1,-1/4,-1/4,excluded
block-06,block,one_edit_global,complete,8,0,0/1,0/1,True,0/1,3/8,5/8,supported
block-06,block,one_edit_global,complete,8,1,0/1,1/2,False,1/4,3/16,7/16,supported
block-06,block,one_edit_global,complete,8,2,1/2,1/2,True,1/2,0/1,1/4,unresolved
block-06,block,one_edit_global,complete,8,3,1/2,5/6,False,2/3,-1/8,1/8,unresolved
block-06,block,one_edit_global,complete,8,4,5/6,5/6,True,5/6,-1/4,0/1,excluded
block-06,block,one_edit_global,complete,8,5,5/6,1/1,False,11/12,-5/16,-1/16,excluded
block-06,block,one_edit_global,complete,8,6,1/1,1/1,True,1/1,-3/8,-1/8,excluded
block-06,block,one_edit_per_image,complete,8,0,0/1,0/1,True,0/1,-3/8,11/8,unresolved
block-06,block,one_edit_per_image,complete,8,1,0/1,1/1,False,1/2,-3/4,1/1,unresolved
block-06,block,one_edit_per_image,complete,8,2,1/1,1/1,True,1/1,-9/8,5/8,unresolved
block-06,block,axis_translation_1_1,complete,8,0,0/1,0/1,True,0/1,3/8,1/2,supported
block-06,block,axis_translation_1_1,complete,8,1,0/1,1/2,False,1/4,3/16,5/16,supported
block-06,block,axis_translation_1_1,complete,8,2,1/2,1/2,True,1/2,0/1,1/8,unresolved
block-06,block,axis_translation_1_1,complete,8,3,1/2,2/3,False,7/12,-1/16,1/16,unresolved
block-06,block,axis_translation_1_1,complete,8,4,2/3,2/3,True,2/3,-1/8,0/1,excluded
block-06,block,axis_translation_1_1,complete,8,5,2/3,1/1,False,5/6,-1/4,-1/8,excluded
block-06,block,axis_translation_1_1,complete,8,6,1/1,1/1,True,1/1,-3/8,-1/4,excluded
block-06,block,axis_translation_2_1,complete,8,0,0/1,0/1,True,0/1,3/8,1/2,supported
block-06,block,axis_translation_2_1,complete,8,1,0/1,1/2,False,1/4,3/16,5/16,supported
block-06,block,axis_translation_2_1,complete,8,2,1/2,1/2,True,1/2,0/1,1/8,unresolved
block-06,block,axis_translation_2_1,complete,8,3,1/2,2/3,False,7/12,-1/16,1/16,unresolved
block-06,block,axis_translation_2_1,complete,8,4,2/3,2/3,True,2/3,-1/8,0/1,excluded
block-06,block,axis_translation_2_1,complete,8,5,2/3,1/1,False,5/6,-1/4,-1/8,excluded
block-06,block,axis_translation_2_1,complete,8,6,1/1,1/1,True,1/1,-3/8,-1/4,excluded
block-06,block,axis_translation_4_1,complete,8,0,0/1,0/1,True,0/1,3/8,5/8,supported
block-06,block,axis_translation_4_1,complete,8,1,0/1,1/2,False,1/4,3/16,7/16,supported
block-06,block,axis_translation_4_1,complete,8,2,1/2,1/2,True,1/2,0/1,1/4,unresolved
block-06,block,axis_translation_4_1,complete,8,3,1/2,5/6,False,2/3,-1/8,1/8,unresolved
block-06,block,axis_translation_4_1,complete,8,4,5/6,5/6,True,5/6,-1/4,0/1,excluded
block-06,block,axis_translation_4_1,complete,8,5,5/6,1/1,False,11/12,-5/16,-1/16,excluded
block-06,block,axis_translation_4_1,complete,8,6,1/1,1/1,True,1/1,-3/8,-1/8,excluded
block-06,block,axis_translation_8_1,complete,8,0,0/1,0/1,True,0/1,1/8,3/4,supported
block-06,block,axis_translation_8_1,complete,8,1,0/1,1/6,False,1/12,1/16,11/16,supported
block-06,block,axis_translation_8_1,complete,8,2,1/6,1/6,True,1/6,0/1,5/8,unresolved
block-06,block,axis_translation_8_1,complete,8,3,1/6,1/1,False,7/12,-5/16,5/16,unresolved
block-06,block,axis_translation_8_1,complete,8,4,1/1,1/1,True,1/1,-5/8,0/1,excluded
block-06,block,axis_translation_16_1,complete,8,0,0/1,0/1,True,0/1,0/1,7/8,unresolved
block-06,block,axis_translation_16_1,complete,8,1,0/1,1/1,False,1/2,-3/8,1/2,unresolved
block-06,block,axis_translation_16_1,complete,8,2,1/1,1/1,True,1/1,-3/4,1/8,unresolved
block-06,block,axis_translation_32_1,complete,8,0,0/1,0/1,True,0/1,-1/4,9/8,unresolved
block-06,block,axis_translation_32_1,complete,8,1,0/1,1/1,False,1/2,-5/8,3/4,unresolved
block-06,block,axis_translation_32_1,complete,8,2,1/1,1/1,True,1/1,-1/1,3/8,unresolved
block-06,block,axis_translation_64_1,complete,8,0,0/1,0/1,True,0/1,-3/8,5/4,unresolved
block-06,block,axis_translation_64_1,complete,8,1,0/1,1/1,False,1/2,-3/4,7/8,unresolved
block-06,block,axis_translation_64_1,complete,8,2,1/1,1/1,True,1/1,-9/8,1/2,unresolved
block-06,block,planar_translation_1_1,complete,8,0,0/1,0/1,True,0/1,3/8,1/2,supported
block-06,block,planar_translation_1_1,complete,8,1,0/1,1/2,False,1/4,3/16,5/16,supported
block-06,block,planar_translation_1_1,complete,8,2,1/2,1/2,True,1/2,0/1,1/8,unresolved
block-06,block,planar_translation_1_1,complete,8,3,1/2,2/3,False,7/12,-1/16,1/16,unresolved
block-06,block,planar_translation_1_1,complete,8,4,2/3,2/3,True,2/3,-1/8,0/1,excluded
block-06,block,planar_translation_1_1,complete,8,5,2/3,1/1,False,5/6,-1/4,-1/8,excluded
block-06,block,planar_translation_1_1,complete,8,6,1/1,1/1,True,1/1,-3/8,-1/4,excluded
block-06,block,planar_translation_2_1,complete,8,0,0/1,0/1,True,0/1,3/8,1/2,supported
block-06,block,planar_translation_2_1,complete,8,1,0/1,1/2,False,1/4,3/16,5/16,supported
block-06,block,planar_translation_2_1,complete,8,2,1/2,1/2,True,1/2,0/1,1/8,unresolved
block-06,block,planar_translation_2_1,complete,8,3,1/2,2/3,False,7/12,-1/16,1/16,unresolved
block-06,block,planar_translation_2_1,complete,8,4,2/3,2/3,True,2/3,-1/8,0/1,excluded
block-06,block,planar_translation_2_1,complete,8,5,2/3,1/1,False,5/6,-1/4,-1/8,excluded
block-06,block,planar_translation_2_1,complete,8,6,1/1,1/1,True,1/1,-3/8,-1/4,excluded
block-06,block,planar_translation_4_1,complete,8,0,0/1,0/1,True,0/1,1/4,5/8,supported
block-06,block,planar_translation_4_1,complete,8,1,0/1,1/3,False,1/6,1/8,1/2,supported
block-06,block,planar_translation_4_1,complete,8,2,1/3,1/3,True,1/3,0/1,3/8,unresolved
block-06,block,planar_translation_4_1,complete,8,3,1/3,5/6,False,7/12,-3/16,3/16,unresolved
block-06,block,planar_translation_4_1,complete,8,4,5/6,5/6,True,5/6,-3/8,0/1,excluded
block-06,block,planar_translation_4_1,complete,8,5,5/6,1/1,False,11/12,-7/16,-1/16,excluded
block-06,block,planar_translation_4_1,complete,8,6,1/1,1/1,True,1/1,-1/2,-1/8,excluded
block-06,block,planar_translation_5_1,complete,8,0,0/1,0/1,True,0/1,1/8,3/4,supported
block-06,block,planar_translation_5_1,complete,8,1,0/1,1/6,False,1/12,1/16,11/16,supported
block-06,block,planar_translation_5_1,complete,8,2,1/6,1/6,True,1/6,0/1,5/8,unresolved
block-06,block,planar_translation_5_1,complete,8,3,1/6,1/1,False,7/12,-5/16,5/16,unresolved
block-06,block,planar_translation_5_1,complete,8,4,1/1,1/1,True,1/1,-5/8,0/1,excluded
block-06,block,planar_translation_161_32,complete,8,0,0/1,0/1,True,0/1,1/8,3/4,supported
block-06,block,planar_translation_161_32,complete,8,1,0/1,1/6,False,1/12,1/16,11/16,supported
block-06,block,planar_translation_161_32,complete,8,2,1/6,1/6,True,1/6,0/1,5/8,unresolved
block-06,block,planar_translation_161_32,complete,8,3,1/6,1/1,False,7/12,-5/16,5/16,unresolved
block-06,block,planar_translation_161_32,complete,8,4,1/1,1/1,True,1/1,-5/8,0/1,excluded
block-06,block,planar_translation_8_1,complete,8,0,0/1,0/1,True,0/1,1/8,3/4,supported
block-06,block,planar_translation_8_1,complete,8,1,0/1,1/6,False,1/12,1/16,11/16,supported
block-06,block,planar_translation_8_1,complete,8,2,1/6,1/6,True,1/6,0/1,5/8,unresolved
block-06,block,planar_translation_8_1,complete,8,3,1/6,1/1,False,7/12,-5/16,5/16,unresolved
block-06,block,planar_translation_8_1,complete,8,4,1/1,1/1,True,1/1,-5/8,0/1,excluded
block-06,block,planar_translation_16_1,complete,8,0,0/1,0/1,True,0/1,-1/4,9/8,unresolved
block-06,block,planar_translation_16_1,complete,8,1,0/1,1/1,False,1/2,-5/8,3/4,unresolved
block-06,block,planar_translation_16_1,complete,8,2,1/1,1/1,True,1/1,-1/1,3/8,unresolved
block-06,block,planar_translation_32_1,complete,8,0,0/1,0/1,True,0/1,-1/4,5/4,unresolved
block-06,block,planar_translation_32_1,complete,8,1,0/1,1/1,False,1/2,-5/8,7/8,unresolved
block-06,block,planar_translation_32_1,complete,8,2,1/1,1/1,True,1/1,-1/1,1/2,unresolved
block-06,block,planar_translation_64_1,complete,8,0,0/1,0/1,True,0/1,-3/8,11/8,unresolved
block-06,block,planar_translation_64_1,complete,8,1,0/1,1/1,False,1/2,-3/4,1/1,unresolved
block-06,block,planar_translation_64_1,complete,8,2,1/1,1/1,True,1/1,-9/8,5/8,unresolved
block-07,block,exact_projection,complete,8,0,0/1,0/1,True,0/1,9/8,9/8,supported
block-07,block,exact_projection,complete,8,1,0/1,9/14,False,9/28,9/16,9/16,supported
block-07,block,exact_projection,complete,8,2,9/14,9/14,True,9/14,0/1,0/1,excluded
block-07,block,exact_projection,complete,8,3,9/14,1/1,False,23/28,-5/16,-5/16,excluded
block-07,block,exact_projection,complete,8,4,1/1,1/1,True,1/1,-5/8,-5/8,excluded
block-07,block,one_edit_global,complete,8,0,0/1,0/1,True,0/1,7/8,11/8,supported
block-07,block,one_edit_global,complete,8,1,0/1,1/2,False,1/4,7/16,15/16,supported
block-07,block,one_edit_global,complete,8,2,1/2,1/2,True,1/2,0/1,1/2,unresolved
block-07,block,one_edit_global,complete,8,3,1/2,11/14,False,9/14,-1/4,1/4,unresolved
block-07,block,one_edit_global,complete,8,4,11/14,11/14,True,11/14,-1/2,0/1,excluded
block-07,block,one_edit_global,complete,8,5,11/14,1/1,False,25/28,-11/16,-3/16,excluded
block-07,block,one_edit_global,complete,8,6,1/1,1/1,True,1/1,-7/8,-3/8,excluded
block-07,block,one_edit_per_image,complete,8,0,0/1,0/1,True,0/1,0/1,19/8,unresolved
block-07,block,one_edit_per_image,complete,8,1,0/1,1/1,False,1/2,-7/8,3/2,unresolved
block-07,block,one_edit_per_image,complete,8,2,1/1,1/1,True,1/1,-7/4,5/8,unresolved
block-07,block,axis_translation_1_1,complete,8,0,0/1,0/1,True,0/1,9/8,9/8,supported
block-07,block,axis_translation_1_1,complete,8,1,0/1,9/14,False,9/28,9/16,9/16,supported
block-07,block,axis_translation_1_1,complete,8,2,9/14,9/14,True,9/14,0/1,0/1,excluded
block-07,block,axis_translation_1_1,complete,8,3,9/14,1/1,False,23/28,-5/16,-5/16,excluded
block-07,block,axis_translation_1_1,complete,8,4,1/1,1/1,True,1/1,-5/8,-5/8,excluded
block-07,block,axis_translation_2_1,complete,8,0,0/1,0/1,True,0/1,1/1,5/4,supported
block-07,block,axis_translation_2_1,complete,8,1,0/1,4/7,False,2/7,1/2,3/4,supported
block-07,block,axis_translation_2_1,complete,8,2,4/7,4/7,True,4/7,0/1,1/4,unresolved
block-07,block,axis_translation_2_1,complete,8,3,4/7,5/7,False,9/14,-1/8,1/8,unresolved
block-07,block,axis_translation_2_1,complete,8,4,5/7,5/7,True,5/7,-1/4,0/1,excluded
block-07,block,axis_translation_2_1,complete,8,5,5/7,1/1,False,6/7,-1/2,-1/4,excluded
block-07,block,axis_translation_2_1,complete,8,6,1/1,1/1,True,1/1,-3/4,-1/2,excluded
block-07,block,axis_translation_4_1,complete,8,0,0/1,0/1,True,0/1,7/8,5/4,supported
block-07,block,axis_translation_4_1,complete,8,1,0/1,1/2,False,1/4,7/16,13/16,supported
block-07,block,axis_translation_4_1,complete,8,2,1/2,1/2,True,1/2,0/1,3/8,unresolved
block-07,block,axis_translation_4_1,complete,8,3,1/2,5/7,False,17/28,-3/16,3/16,unresolved
block-07,block,axis_translation_4_1,complete,8,4,5/7,5/7,True,5/7,-3/8,0/1,excluded
block-07,block,axis_translation_4_1,complete,8,5,5/7,1/1,False,6/7,-5/8,-1/4,excluded
block-07,block,axis_translation_4_1,complete,8,6,1/1,1/1,True,1/1,-7/8,-1/2,excluded
block-07,block,axis_translation_8_1,complete,8,0,0/1,0/1,True,0/1,3/4,3/2,supported
block-07,block,axis_translation_8_1,complete,8,1,0/1,3/7,False,3/14,3/8,9/8,supported
block-07,block,axis_translation_8_1,complete,8,2,3/7,3/7,True,3/7,0/1,3/4,unresolved
block-07,block,axis_translation_8_1,complete,8,3,3/7,6/7,False,9/14,-3/8,3/8,unresolved
block-07,block,axis_translation_8_1,complete,8,4,6/7,6/7,True,6/7,-3/4,0/1,excluded
block-07,block,axis_translation_8_1,complete,8,5,6/7,1/1,False,13/14,-7/8,-1/8,excluded
block-07,block,axis_translation_8_1,complete,8,6,1/1,1/1,True,1/1,-1/1,-1/4,excluded
block-07,block,axis_translation_16_1,complete,8,0,0/1,0/1,True,0/1,1/8,7/4,supported
block-07,block,axis_translation_16_1,complete,8,1,0/1,1/14,False,1/28,1/16,27/16,supported
block-07,block,axis_translation_16_1,complete,8,2,1/14,1/14,True,1/14,0/1,13/8,unresolved
block-07,block,axis_translation_16_1,complete,8,3,1/14,1/1,False,15/28,-13/16,13/16,unresolved
block-07,block,axis_translation_16_1,complete,8,4,1/1,1/1,True,1/1,-13/8,0/1,excluded
block-07,block,axis_translation_32_1,complete,8,0,0/1,0/1,True,0/1,1/8,2/1,supported
block-07,block,axis_translation_32_1,complete,8,1,0/1,1/14,False,1/28,1/16,31/16,supported
block-07,block,axis_translation_32_1,complete,8,2,1/14,1/14,True,1/14,0/1,15/8,unresolved
block-07,block,axis_translation_32_1,complete,8,3,1/14,1/1,False,15/28,-13/16,17/16,unresolved
block-07,block,axis_translation_32_1,complete,8,4,1/1,1/1,True,1/1,-13/8,1/4,unresolved
block-07,block,axis_translation_64_1,complete,8,0,0/1,0/1,True,0/1,1/8,2/1,supported
block-07,block,axis_translation_64_1,complete,8,1,0/1,1/14,False,1/28,1/16,31/16,supported
block-07,block,axis_translation_64_1,complete,8,2,1/14,1/14,True,1/14,0/1,15/8,unresolved
block-07,block,axis_translation_64_1,complete,8,3,1/14,1/1,False,15/28,-13/16,17/16,unresolved
block-07,block,axis_translation_64_1,complete,8,4,1/1,1/1,True,1/1,-13/8,1/4,unresolved
block-07,block,planar_translation_1_1,complete,8,0,0/1,0/1,True,0/1,9/8,9/8,supported
block-07,block,planar_translation_1_1,complete,8,1,0/1,9/14,False,9/28,9/16,9/16,supported
block-07,block,planar_translation_1_1,complete,8,2,9/14,9/14,True,9/14,0/1,0/1,excluded
block-07,block,planar_translation_1_1,complete,8,3,9/14,1/1,False,23/28,-5/16,-5/16,excluded
block-07,block,planar_translation_1_1,complete,8,4,1/1,1/1,True,1/1,-5/8,-5/8,excluded
block-07,block,planar_translation_2_1,complete,8,0,0/1,0/1,True,0/1,1/1,5/4,supported
block-07,block,planar_translation_2_1,complete,8,1,0/1,4/7,False,2/7,1/2,3/4,supported
block-07,block,planar_translation_2_1,complete,8,2,4/7,4/7,True,4/7,0/1,1/4,unresolved
block-07,block,planar_translation_2_1,complete,8,3,4/7,5/7,False,9/14,-1/8,1/8,unresolved
block-07,block,planar_translation_2_1,complete,8,4,5/7,5/7,True,5/7,-1/4,0/1,excluded
block-07,block,planar_translation_2_1,complete,8,5,5/7,1/1,False,6/7,-1/2,-1/4,excluded
block-07,block,planar_translation_2_1,complete,8,6,1/1,1/1,True,1/1,-3/4,-1/2,excluded
block-07,block,planar_translation_4_1,complete,8,0,0/1,0/1,True,0/1,7/8,5/4,supported
block-07,block,planar_translation_4_1,complete,8,1,0/1,1/2,False,1/4,7/16,13/16,supported
block-07,block,planar_translation_4_1,complete,8,2,1/2,1/2,True,1/2,0/1,3/8,unresolved
block-07,block,planar_translation_4_1,complete,8,3,1/2,5/7,False,17/28,-3/16,3/16,unresolved
block-07,block,planar_translation_4_1,complete,8,4,5/7,5/7,True,5/7,-3/8,0/1,excluded
block-07,block,planar_translation_4_1,complete,8,5,5/7,1/1,False,6/7,-5/8,-1/4,excluded
block-07,block,planar_translation_4_1,complete,8,6,1/1,1/1,True,1/1,-7/8,-1/2,excluded
block-07,block,planar_translation_5_1,complete,8,0,0/1,0/1,True,0/1,3/4,3/2,supported
block-07,block,planar_translation_5_1,complete,8,1,0/1,3/7,False,3/14,3/8,9/8,supported
block-07,block,planar_translation_5_1,complete,8,2,3/7,3/7,True,3/7,0/1,3/4,unresolved
block-07,block,planar_translation_5_1,complete,8,3,3/7,6/7,False,9/14,-3/8,3/8,unresolved
block-07,block,planar_translation_5_1,complete,8,4,6/7,6/7,True,6/7,-3/4,0/1,excluded
block-07,block,planar_translation_5_1,complete,8,5,6/7,1/1,False,13/14,-7/8,-1/8,excluded
block-07,block,planar_translation_5_1,complete,8,6,1/1,1/1,True,1/1,-1/1,-1/4,excluded
block-07,block,planar_translation_161_32,complete,8,0,0/1,0/1,True,0/1,5/8,3/2,supported
block-07,block,planar_translation_161_32,complete,8,1,0/1,5/14,False,5/28,5/16,19/16,supported
block-07,block,planar_translation_161_32,complete,8,2,5/14,5/14,True,5/14,0/1,7/8,unresolved
block-07,block,planar_translation_161_32,complete,8,3,5/14,6/7,False,17/28,-7/16,7/16,unresolved
block-07,block,planar_translation_161_32,complete,8,4,6/7,6/7,True,6/7,-7/8,0/1,excluded
block-07,block,planar_translation_161_32,complete,8,5,6/7,1/1,False,13/14,-1/1,-1/8,excluded
block-07,block,planar_translation_161_32,complete,8,6,1/1,1/1,True,1/1,-9/8,-1/4,excluded
block-07,block,planar_translation_8_1,complete,8,0,0/1,0/1,True,0/1,5/8,13/8,supported
block-07,block,planar_translation_8_1,complete,8,1,0/1,5/14,False,5/28,5/16,21/16,supported
block-07,block,planar_translation_8_1,complete,8,2,5/14,5/14,True,5/14,0/1,1/1,unresolved
block-07,block,planar_translation_8_1,complete,8,3,5/14,13/14,False,9/14,-1/2,1/2,unresolved
block-07,block,planar_translation_8_1,complete,8,4,13/14,13/14,True,13/14,-1/1,0/1,excluded
block-07,block,planar_translation_8_1,complete,8,5,13/14,1/1,False,27/28,-17/16,-1/16,excluded
block-07,block,planar_translation_8_1,complete,8,6,1/1,1/1,True,1/1,-9/8,-1/8,excluded
block-07,block,planar_translation_16_1,complete,8,0,0/1,0/1,True,0/1,0/1,15/8,unresolved
block-07,block,planar_translation_16_1,complete,8,1,0/1,1/1,False,1/2,-7/8,1/1,unresolved
block-07,block,planar_translation_16_1,complete,8,2,1/1,1/1,True,1/1,-7/4,1/8,unresolved
block-07,block,planar_translation_32_1,complete,8,0,0/1,0/1,True,0/1,0/1,2/1,unresolved
block-07,block,planar_translation_32_1,complete,8,1,0/1,1/1,False,1/2,-7/8,9/8,unresolved
block-07,block,planar_translation_32_1,complete,8,2,1/1,1/1,True,1/1,-7/4,1/4,unresolved
block-07,block,planar_translation_64_1,complete,8,0,0/1,0/1,True,0/1,0/1,17/8,unresolved
block-07,block,planar_translation_64_1,complete,8,1,0/1,1/1,False,1/2,-7/8,5/4,unresolved
block-07,block,planar_translation_64_1,complete,8,2,1/1,1/1,True,1/1,-7/4,3/8,unresolved
all-64,primary,exact_projection,complete,64,0,0/1,0/1,True,0/1,29/32,29/32,supported
all-64,primary,exact_projection,complete,64,1,0/1,58/79,False,29/79,29/64,29/64,supported
all-64,primary,exact_projection,complete,64,2,58/79,58/79,True,58/79,0/1,0/1,excluded
all-64,primary,exact_projection,complete,64,3,58/79,1/1,False,137/158,-21/128,-21/128,excluded
all-64,primary,exact_projection,complete,64,4,1/1,1/1,True,1/1,-21/64,-21/64,excluded
all-64,primary,one_edit_global,complete,64,0,0/1,0/1,True,0/1,7/8,15/16,supported
all-64,primary,one_edit_global,complete,64,1,0/1,56/79,False,28/79,7/16,1/2,supported
all-64,primary,one_edit_global,complete,64,2,56/79,56/79,True,56/79,0/1,1/16,unresolved
all-64,primary,one_edit_global,complete,64,3,56/79,60/79,False,58/79,-1/32,1/32,unresolved
all-64,primary,one_edit_global,complete,64,4,60/79,60/79,True,60/79,-1/16,0/1,excluded
all-64,primary,one_edit_global,complete,64,5,60/79,1/1,False,139/158,-27/128,-19/128,excluded
all-64,primary,one_edit_global,complete,64,6,1/1,1/1,True,1/1,-23/64,-19/64,excluded
all-64,primary,one_edit_per_image,complete,64,0,0/1,0/1,True,0/1,-5/64,63/32,unresolved
all-64,primary,one_edit_per_image,complete,64,1,0/1,1/1,False,1/2,-89/128,173/128,unresolved
all-64,primary,one_edit_per_image,complete,64,2,1/1,1/1,True,1/1,-21/16,47/64,unresolved
all-64,primary,axis_translation_1_1,complete,64,0,0/1,0/1,True,0/1,55/64,61/64,supported
all-64,primary,axis_translation_1_1,complete,64,1,0/1,55/79,False,55/158,55/128,67/128,supported
all-64,primary,axis_translation_1_1,complete,64,2,55/79,55/79,True,55/79,0/1,3/32,unresolved
all-64,primary,axis_translation_1_1,complete,64,3,55/79,61/79,False,58/79,-3/64,3/64,unresolved
all-64,primary,axis_translation_1_1,complete,64,4,61/79,61/79,True,61/79,-3/32,0/1,excluded
all-64,primary,axis_translation_1_1,complete,64,5,61/79,1/1,False,70/79,-15/64,-9/64,excluded
all-64,primary,axis_translation_1_1,complete,64,6,1/1,1/1,True,1/1,-3/8,-9/32,excluded
all-64,primary,axis_translation_2_1,complete,64,0,0/1,0/1,True,0/1,27/32,63/64,supported
all-64,primary,axis_translation_2_1,complete,64,1,0/1,54/79,False,27/79,27/64,9/16,supported
all-64,primary,axis_translation_2_1,complete,64,2,54/79,54/79,True,54/79,0/1,9/64,unresolved
all-64,primary,axis_translation_2_1,complete,64,3,54/79,63/79,False,117/158,-9/128,9/128,unresolved
all-64,primary,axis_translation_2_1,complete,64,4,63/79,63/79,True,63/79,-9/64,0/1,excluded
all-64,primary,axis_translation_2_1,complete,64,5,63/79,1/1,False,71/79,-17/64,-1/8,excluded
all-64,primary,axis_translation_2_1,complete,64,6,1/1,1/1,True,1/1,-25/64,-1/4,excluded
all-64,primary,axis_translation_4_1,complete,64,0,0/1,0/1,True,0/1,25/32,67/64,supported
all-64,primary,axis_translation_4_1,complete,64,1,0/1,50/79,False,25/79,25/64,21/32,supported
all-64,primary,axis_translation_4_1,complete,64,2,50/79,50/79,True,50/79,0/1,17/64,unresolved
all-64,primary,axis_translation_4_1,complete,64,3,50/79,67/79,False,117/158,-17/128,17/128,unresolved
all-64,primary,axis_translation_4_1,complete,64,4,67/79,67/79,True,67/79,-17/64,0/1,excluded
all-64,primary,axis_translation_4_1,complete,64,5,67/79,1/1,False,73/79,-23/64,-3/32,excluded
all-64,primary,axis_translation_4_1,complete,64,6,1/1,1/1,True,1/1,-29/64,-3/16,excluded
all-64,primary,axis_translation_8_1,complete,64,0,0/1,0/1,True,0/1,9/16,77/64,supported
all-64,primary,axis_translation_8_1,complete,64,1,0/1,36/79,False,18/79,9/32,59/64,supported
all-64,primary,axis_translation_8_1,complete,64,2,36/79,36/79,True,36/79,0/1,41/64,unresolved
all-64,primary,axis_translation_8_1,complete,64,3,36/79,77/79,False,113/158,-41/128,41/128,unresolved
all-64,primary,axis_translation_8_1,complete,64,4,77/79,77/79,True,77/79,-41/64,0/1,excluded
all-64,primary,axis_translation_8_1,complete,64,5,77/79,1/1,False,78/79,-21/32,-1/64,excluded
all-64,primary,axis_translation_8_1,complete,64,6,1/1,1/1,True,1/1,-43/64,-1/32,excluded
all-64,primary,axis_translation_16_1,complete,64,0,0/1,0/1,True,0/1,5/16,47/32,supported
all-64,primary,axis_translation_16_1,complete,64,1,0/1,20/79,False,10/79,5/32,21/16,supported
all-64,primary,axis_translation_16_1,complete,64,2,20/79,20/79,True,20/79,0/1,37/32,unresolved
all-64,primary,axis_translation_16_1,complete,64,3,20/79,1/1,False,99/158,-59/128,89/128,unresolved
all-64,primary,axis_translation_16_1,complete,64,4,1/1,1/1,True,1/1,-59/64,15/64,unresolved
all-64,primary,axis_translation_32_1,complete,64,0,0/1,0/1,True,0/1,7/64,27/16,supported
all-64,primary,axis_translation_32_1,complete,64,1,0/1,7/79,False,7/158,7/128,209/128,supported
all-64,primary,axis_translation_32_1,complete,64,2,7/79,7/79,True,7/79,0/1,101/64,unresolved
all-64,primary,axis_translation_32_1,complete,64,3,7/79,1/1,False,43/79,-9/16,65/64,unresolved
all-64,primary,axis_translation_32_1,complete,64,4,1/1,1/1,True,1/1,-9/8,29/64,unresolved
all-64,primary,axis_translation_64_1,complete,64,0,0/1,0/1,True,0/1,1/16,7/4,supported
all-64,primary,axis_translation_64_1,complete,64,1,0/1,4/79,False,2/79,1/32,55/32,supported
all-64,primary,axis_translation_64_1,complete,64,2,4/79,4/79,True,4/79,0/1,27/16,unresolved
all-64,primary,axis_translation_64_1,complete,64,3,4/79,1/1,False,83/158,-75/128,141/128,unresolved
all-64,primary,axis_translation_64_1,complete,64,4,1/1,1/1,True,1/1,-75/64,33/64,unresolved
all-64,primary,planar_translation_1_1,complete,64,0,0/1,0/1,True,0/1,55/64,61/64,supported
all-64,primary,planar_translation_1_1,complete,64,1,0/1,55/79,False,55/158,55/128,67/128,supported
all-64,primary,planar_translation_1_1,complete,64,2,55/79,55/79,True,55/79,0/1,3/32,unresolved
all-64,primary,planar_translation_1_1,complete,64,3,55/79,61/79,False,58/79,-3/64,3/64,unresolved
all-64,primary,planar_translation_1_1,complete,64,4,61/79,61/79,True,61/79,-3/32,0/1,excluded
all-64,primary,planar_translation_1_1,complete,64,5,61/79,1/1,False,70/79,-15/64,-9/64,excluded
all-64,primary,planar_translation_1_1,complete,64,6,1/1,1/1,True,1/1,-3/8,-9/32,excluded
all-64,primary,planar_translation_2_1,complete,64,0,0/1,0/1,True,0/1,27/32,63/64,supported
all-64,primary,planar_translation_2_1,complete,64,1,0/1,54/79,False,27/79,27/64,9/16,supported
all-64,primary,planar_translation_2_1,complete,64,2,54/79,54/79,True,54/79,0/1,9/64,unresolved
all-64,primary,planar_translation_2_1,complete,64,3,54/79,63/79,False,117/158,-9/128,9/128,unresolved
all-64,primary,planar_translation_2_1,complete,64,4,63/79,63/79,True,63/79,-9/64,0/1,excluded
all-64,primary,planar_translation_2_1,complete,64,5,63/79,1/1,False,71/79,-17/64,-1/8,excluded
all-64,primary,planar_translation_2_1,complete,64,6,1/1,1/1,True,1/1,-25/64,-1/4,excluded
all-64,primary,planar_translation_4_1,complete,64,0,0/1,0/1,True,0/1,23/32,17/16,supported
all-64,primary,planar_translation_4_1,complete,64,1,0/1,46/79,False,23/79,23/64,45/64,supported
all-64,primary,planar_translation_4_1,complete,64,2,46/79,46/79,True,46/79,0/1,11/32,unresolved
all-64,primary,planar_translation_4_1,complete,64,3,46/79,68/79,False,57/79,-11/64,11/64,unresolved
all-64,primary,planar_translation_4_1,complete,64,4,68/79,68/79,True,68/79,-11/32,0/1,excluded
all-64,primary,planar_translation_4_1,complete,64,5,68/79,1/1,False,147/158,-55/128,-11/128,excluded
all-64,primary,planar_translation_4_1,complete,64,6,1/1,1/1,True,1/1,-33/64,-11/64,excluded
all-64,primary,planar_translation_5_1,complete,64,0,0/1,0/1,True,0/1,5/8,73/64,supported
all-64,primary,planar_translation_5_1,complete,64,1,0/1,40/79,False,20/79,5/16,53/64,supported
all-64,primary,planar_translation_5_1,complete,64,2,40/79,40/79,True,40/79,0/1,33/64,unresolved
all-64,primary,planar_translation_5_1,complete,64,3,40/79,73/79,False,113/158,-33/128,33/128,unresolved
all-64,primary,planar_translation_5_1,complete,64,4,73/79,73/79,True,73/79,-33/64,0/1,excluded
all-64,primary,planar_translation_5_1,complete,64,5,73/79,1/1,False,76/79,-9/16,-3/64,excluded
all-64,primary,planar_translation_5_1,complete,64,6,1/1,1/1,True,1/1,-39/64,-3/32,excluded
all-64,primary,planar_translation_161_32,complete,64,0,0/1,0/1,True,0/1,39/64,73/64,supported
all-64,primary,planar_translation_161_32,complete,64,1,0/1,39/79,False,39/158,39/128,107/128,supported
all-64,primary,planar_translation_161_32,complete,64,2,39/79,39/79,True,39/79,0/1,17/32,unresolved
all-64,primary,planar_translation_161_32,complete,64,3,39/79,73/79,False,56/79,-17/64,17/64,unresolved
all-64,primary,planar_translation_161_32,complete,64,4,73/79,73/79,True,73/79,-17/32,0/1,excluded
all-64,primary,planar_translation_161_32,complete,64,5,73/79,1/1,False,76/79,-37/64,-3/64,excluded
all-64,primary,planar_translation_161_32,complete,64,6,1/1,1/1,True,1/1,-5/8,-3/32,excluded
all-64,primary,planar_translation_8_1,complete,64,0,0/1,0/1,True,0/1,15/32,83/64,supported
all-64,primary,planar_translation_8_1,complete,64,1,0/1,30/79,False,15/79,15/64,17/16,supported
all-64,primary,planar_translation_8_1,complete,64,2,30/79,30/79,True,30/79,0/1,53/64,unresolved
all-64,primary,planar_translation_8_1,complete,64,3,30/79,1/1,False,109/158,-49/128,57/128,unresolved
all-64,primary,planar_translation_8_1,complete,64,4,1/1,1/1,True,1/1,-49/64,1/16,unresolved
all-64,primary,planar_translation_16_1,complete,64,0,0/1,0/1,True,0/1,3/32,105/64,supported
all-64,primary,planar_translation_16_1,complete,64,1,0/1,6/79,False,3/79,3/64,51/32,supported
all-64,primary,planar_translation_16_1,complete,64,2,6/79,6/79,True,6/79,0/1,99/64,unresolved
all-64,primary,planar_translation_16_1,complete,64,3,6/79,1/1,False,85/158,-73/128,125/128,unresolved
all-64,primary,planar_translation_16_1,complete,64,4,1/1,1/1,True,1/1,-73/64,13/32,unresolved
all-64,primary,planar_translation_32_1,complete,64,0,0/1,0/1,True,0/1,1/16,7/4,supported
all-64,primary,planar_translation_32_1,complete,64,1,0/1,4/79,False,2/79,1/32,55/32,supported
all-64,primary,planar_translation_32_1,complete,64,2,4/79,4/79,True,4/79,0/1,27/16,unresolved
all-64,primary,planar_translation_32_1,complete,64,3,4/79,1/1,False,83/158,-75/128,141/128,unresolved
all-64,primary,planar_translation_32_1,complete,64,4,1/1,1/1,True,1/1,-75/64,33/64,unresolved
all-64,primary,planar_translation_64_1,complete,64,0,0/1,0/1,True,0/1,1/32,115/64,supported
all-64,primary,planar_translation_64_1,complete,64,1,0/1,2/79,False,1/79,1/64,57/32,supported
all-64,primary,planar_translation_64_1,complete,64,2,2/79,2/79,True,2/79,0/1,113/64,unresolved
all-64,primary,planar_translation_64_1,complete,64,3,2/79,1/1,False,81/158,-77/128,149/128,unresolved
all-64,primary,planar_translation_64_1,complete,64,4,1/1,1/1,True,1/1,-77/64,9/16,unresolved
