section,parent_index,case_id,group,family,allocated_images,parent_row_sha256,state,universal_lower,universal_upper,attained_lower,attained_upper
primary_rows,4,all-64,primary,current_partial,64,f8c4d7ab8f997fe7894713fa134b01db55d4b3d151db713da5b8b9f3aeb7167d,same_presence_opposite_decisions,-43/64,99/64,-27/64,73/64
primary_rows,11,all-64,primary,current_partial,64,c74c5258d34232cfecd7b90f087e171ccc7f5628749bb1c3640b6c7d683e2c6d,same_presence_opposite_decisions,-11/16,49/32,-7/16,9/8
primary_rows,18,all-64,primary,current_partial,64,4605b9bed7a847bd56dbf48142bce726c2331eaf63e97995ba4106edcb6e33a0,same_presence_opposite_decisions,-45/64,97/64,-29/64,71/64
primary_rows,25,all-64,primary,current_partial,64,82d1a947d1507e27db63ffcaad19b113f9894fd38a4d679dc1ad10316bc445af,same_presence_opposite_decisions,-11/16,49/32,-7/16,9/8
primary_rows,32,all-64,primary,current_partial,64,658b0361702e73d0936012a632b01056f32594e3c304e3137bee4346bd3dbd2b,same_presence_opposite_decisions,-45/64,97/64,-29/64,71/64
primary_rows,39,all-64,primary,current_partial,64,fc84ea3aa1bfbc0ae39146567015670ddb3fa1f6b6eb257595d39483f5244e91,same_presence_opposite_decisions,-23/32,3/2,-15/32,35/32
primary_rows,46,all-64,primary,current_partial,64,fb814ebf069628abe1d463fe5719c2198283502a9387f2c242c3a8279e88975f,same_presence_opposite_decisions,-47/64,95/64,-31/64,69/64
primary_rows,53,all-64,primary,current_partial,64,e5f6811fdca08e72b495fa6a97a7f9b91e5da2d99f2c810c08d4deab82c49681,same_presence_opposite_decisions,-3/4,47/32,-1/2,17/16
primary_rows,60,all-64,primary,current_partial,64,31b5887813b2eec5995586ff53cf116ec8ac78acf07ff0d24937d88bd8e6d893,same_presence_opposite_decisions,-47/64,95/64,-31/64,69/64
primary_rows,67,all-64,primary,current_partial,64,4348d0364a9d4ab8e7a95e8d48652022839d3947a975fa08f56e46eb776ee184,same_presence_opposite_decisions,-23/32,3/2,-15/32,35/32
primary_rows,74,all-64,primary,current_partial,64,0af6ab777401664d18ea60dc0fd9003839a7ecb72e820c66641bc2f1cc44b99f,same_presence_opposite_decisions,-47/64,95/64,-31/64,69/64
primary_rows,81,all-64,primary,current_partial,64,6f403ba92cd0e4e49735d0ae7aa80ca27b5978c016e3c38ead24c4469884ef1e,same_presence_opposite_decisions,-3/4,47/32,-1/2,17/16
primary_rows,88,all-64,primary,current_partial,64,2c0f69a92aeaf48fc0f981684804ca1bc9f05b1ce2e4b9ce19fdddd2c72da4ec,same_presence_opposite_decisions,-49/64,93/64,-33/64,67/64
primary_rows,95,all-64,primary,current_partial,64,331c3b36e154cb16a3ff8ad7ec781b38f1cd94e166b947bda73d592cce849e1a,same_presence_opposite_decisions,-3/4,47/32,-1/2,17/16
primary_rows,102,all-64,primary,current_partial,64,cdd15e28e10fb831df7746a90da2a5a875c244926528eda97282751cde11eeab,same_presence_opposite_decisions,-49/64,93/64,-33/64,67/64
primary_rows,109,all-64,primary,current_partial,64,7e17fd4ddac4cae0e2be700700a125b314a09f3cda8b046f17fb1617787513e5,same_presence_opposite_decisions,-3/4,23/16,-1/2,33/32
primary_rows,116,all-64,primary,current_partial,64,9ed5f01ef19843f1fb9afdbbcbdf352aecc87cf38134464a3c0b24f26c95a477,same_presence_opposite_decisions,-49/64,91/64,-33/64,65/64
primary_rows,123,all-64,primary,current_partial,64,58cdd13fe5dd968e9ebe9f598bb257b6a7bf8450c96699cee85e02e2a7371c03,same_presence_opposite_decisions,-25/32,45/32,-17/32,1
primary_rows,130,all-64,primary,current_partial,64,ad5abe4504d50eb2f0d1851a8822a9ad89eca4359757e2f13f015e53e070c49f,same_presence_opposite_decisions,-51/64,89/64,-33/64,63/64
primary_rows,137,all-64,primary,current_partial,64,101725194e7e0e58f3779e64f759a9a3bab05b934e06ca67c2adae0e848d4ead,same_presence_opposite_decisions,-25/32,45/32,-1/2,31/32
primary_rows,144,all-64,primary,current_partial,64,df3480275f8cddfec8cd382daaca4024090e82eaa04b0b9f1cd1c562fab81f0b,same_presence_opposite_decisions,-51/64,89/64,-33/64,61/64
primary_rows,151,all-64,primary,current_partial,64,f2ccdd9658e80e87560e8106d53d941b82ad567a5a30c9d7049c6f48a4c3e5f8,same_presence_opposite_decisions,-13/16,11/8,-17/32,15/16
primary_rows,158,all-64,primary,current_partial,64,529404aee4d02e726e31279c0e4cc40a9c859285f7ef5d6a360e23e04c1273ac,same_presence_opposite_decisions,-53/64,87/64,-35/64,59/64
primary_rows,165,all-64,primary,current_partial,64,63e15fb062480e8db5c792529d415f1fb3513dcb44e0e9f75268b8366d4d7899,same_presence_opposite_decisions,-27/32,43/32,-17/32,29/32
primary_rows,172,all-64,primary,current_partial,64,e38f188320faf337d8511fe6a9aaeda4a49b967782efd2dcab6486643b07e24f,same_presence_opposite_decisions,-55/64,85/64,-35/64,57/64
primary_rows,179,all-64,primary,current_partial,64,06317f99f11851f90e5520f3a15a18fde4c83d86046e5c12a982368a75f5262e,same_presence_opposite_decisions,-27/32,43/32,-17/32,29/32
primary_rows,186,all-64,primary,current_partial,64,8c05907a983afc56611c544e980f95360c62049fd3a1182e25d0069c949f3377,same_presence_opposite_decisions,-53/64,87/64,-33/64,59/64
primary_rows,193,all-64,primary,current_partial,64,13f61fd63ccfcf4dccfc077d225d02795e90d4ee5ac9d15595f79407cb9f062a,same_presence_opposite_decisions,-27/32,43/32,-17/32,29/32
primary_rows,200,all-64,primary,current_partial,64,9fe5484988d9370a0ca6ddc3bf0dd4745a7c0e00df8df16c02e8be1f12bbc3d7,same_presence_opposite_decisions,-55/64,85/64,-35/64,57/64
primary_rows,207,all-64,primary,current_partial,64,9d8dc866abad3a2044cc274406dcce86e6f20503eac2428d85598bcc740ae924,same_presence_opposite_decisions,-7/8,21/16,-9/16,7/8
primary_rows,214,all-64,primary,current_partial,64,8736676d9a73109be35a6dc0e6afe30ba7d9dc860d4012123015317c67c99f5e,same_presence_opposite_decisions,-55/64,85/64,-35/64,57/64
primary_rows,221,all-64,primary,current_partial,64,9cdf2e17ca9d2a37ec7719ac95f8725cf7df91233cca9133d8ff557017afc104,same_presence_opposite_decisions,-7/8,21/16,-9/16,7/8
primary_rows,228,all-64,primary,current_partial,64,2651f8427903a020e6c0774bde29cfbb8be7e10d53192a8ca8ad6d809d5d0b73,same_presence_opposite_decisions,-57/64,83/64,-35/64,55/64
primary_rows,235,all-64,primary,current_partial,64,b77a7a17d27958c6bdc326bbb15dd3c0e2a600314866b6711c9c912a06dee768,same_presence_opposite_decisions,-29/32,41/32,-9/16,27/32
primary_rows,242,all-64,primary,current_partial,64,a5ae298dc874f4395108589564641600ce26973fa08b168a18d9b5267209581d,same_presence_opposite_decisions,-59/64,81/64,-37/64,53/64
primary_rows,249,all-64,primary,current_partial,64,e911ce6b2350b7d9ce293237a41fc25efcf80fb2540d6b379d2210c8c406cd0b,same_presence_opposite_decisions,-29/32,41/32,-9/16,27/32
primary_rows,256,all-64,primary,current_partial,64,b7090c785d9c0e88d841ac63c1ea63e25920b77fb9555336086a2646f8b8dee1,same_presence_opposite_decisions,-57/64,83/64,-35/64,55/64
primary_rows,263,all-64,primary,current_partial,64,8f68a7f89a68068dc6c113ab816e138a4b8925a65b430e6b24292c38563ce029,same_presence_opposite_decisions,-29/32,41/32,-9/16,27/32
primary_rows,270,all-64,primary,current_partial,64,f63bda47267a5375dfa71c0fc9b97746c54d7fddaf1887c88716022511c91d0d,same_presence_opposite_decisions,-57/64,83/64,-35/64,55/64
primary_rows,277,all-64,primary,current_partial,64,ec7291a8a0fca44f16d092686986c7b0761551fb1af055dbcd98a647a737a071,same_presence_opposite_decisions,-7/8,41/32,-17/32,27/32
primary_rows,284,all-64,primary,current_partial,64,b9e4e196bd4143a33a1d231e5566aa08479240fbb6a91ac8f4c67106925fb640,same_presence_opposite_decisions,-55/64,81/64,-33/64,53/64
primary_rows,291,all-64,primary,current_partial,64,5f9be58c01fe7b35eb68ea51d07075555f14ba1525ecb12817d8e4a24741897a,same_presence_opposite_decisions,-27/32,5/4,-1/2,13/16
primary_rows,298,all-64,primary,current_partial,64,923a3e378b44dd86eac99a90bfcb13d233121ab6b35eeb74bba0b47b93c1fd2c,same_presence_opposite_decisions,-55/64,79/64,-33/64,51/64
primary_rows,305,all-64,primary,current_partial,64,c508a385c806089f03a56c677f9276e9f42ac791b99ffa122f5c8f0fe2147129,same_presence_opposite_decisions,-7/8,39/32,-17/32,25/32
primary_rows,312,all-64,primary,current_partial,64,46a9d1c1784eef8a41d565f3e7b108eca4acb71d7ccc9ff0c5a7c176b732a9e9,same_presence_opposite_decisions,-55/64,79/64,-33/64,51/64
primary_rows,319,all-64,primary,current_partial,64,669ed58984eee4530e011cd1891bf30802f71416f0761d1eadcd125f339e70ca,same_presence_opposite_decisions,-27/32,5/4,-1/2,13/16
primary_rows,326,all-64,primary,current_partial,64,f76dee3b028fe3911cf71261f659ce010d5f516a5133656b68c995b89278a5f4,same_presence_opposite_decisions,-53/64,81/64,-31/64,53/64
primary_rows,333,all-64,primary,current_partial,64,f1f1db517eab235b66f27533488569340e09f809ace0c6d92d2c44ba9024df13,same_presence_opposite_decisions,-13/16,5/4,-15/32,13/16
primary_rows,340,all-64,primary,current_partial,64,0e761fae164c7e07befb3dada201b8cf12d1cd715ba33024072259bc2eabc243,same_presence_opposite_decisions,-51/64,81/64,-29/64,53/64
primary_rows,347,all-64,primary,current_partial,64,1b96bffe284755cd27dfff28a082e2be1d4157e104164418c2d5eee1f6026f10,same_presence_opposite_decisions,-25/32,5/4,-7/16,13/16
primary_rows,354,all-64,primary,current_partial,64,ff38ebb19fe04e1e4573206c504ae375ec684a00318b45ddb72041ccdf7d1b4c,same_presence_opposite_decisions,-49/64,81/64,-27/64,53/64
primary_rows,361,all-64,primary,current_partial,64,fc6b72e446c5781d8f4a09c934874efab51245032d665a8f396c3efcd3615ecf,same_presence_opposite_decisions,-3/4,5/4,-13/32,27/32
primary_rows,368,all-64,primary,current_partial,64,7e044d3b6abd5721172922dd6b431ff85f0c3a89295a9d7f15de88746c2f0508,same_presence_opposite_decisions,-49/64,79/64,-27/64,53/64
primary_rows,375,all-64,primary,current_partial,64,d551b27144c47d9fcce3f8b2ad30f2082c0a7323d56a4384b91ef1af4ae5ea78,same_presence_opposite_decisions,-3/4,5/4,-13/32,27/32
primary_rows,382,all-64,primary,current_partial,64,cc26f4ddc674d7c4dedaab4f2fb0d9be55b233dbd767242f3896e0b87a3250d5,same_presence_opposite_decisions,-47/64,81/64,-25/64,55/64
primary_rows,389,all-64,primary,current_partial,64,91f5824f8dfd3b4c4ddc1ab57c774157ebfc7d20a062ae5d490b76fdfb0f9823,same_presence_opposite_decisions,-3/4,5/4,-13/32,27/32
primary_rows,396,all-64,primary,current_partial,64,588e1d2bf2f1edf5d192e8c2956e1bb0d701735a107bcc0901f4e5b198288fdf,same_presence_opposite_decisions,-49/64,79/64,-27/64,53/64
primary_rows,403,all-64,primary,current_partial,64,7f31598a7472ad7fc9fca88d39da0ae6b966b8e7a22dd8a4dad73824ac70bc87,same_presence_opposite_decisions,-3/4,5/4,-13/32,27/32
primary_rows,410,all-64,primary,current_partial,64,6ce96160dcd90ff3ccf4a4758f437d443c894dc54f9889ca96c90d1276472553,same_presence_opposite_decisions,-47/64,81/64,-25/64,55/64
primary_rows,417,all-64,primary,current_partial,64,4d88df21f4f702135e528c3e50a7d4137491e8248db23cb48b660a21e7926535,same_presence_opposite_decisions,-23/32,41/32,-3/8,7/8
primary_rows,424,all-64,primary,current_partial,64,e46ed0d5b48ae3fbf0e29fe6d600a589aed457af9d0df1c9923b5627260932a4,same_presence_opposite_decisions,-47/64,81/64,-25/64,55/64
primary_rows,431,all-64,primary,current_partial,64,1ba50d7e46c2d5568d01ca8f850c66b61722eab77c483fc9eeb5eff315d4011f,same_presence_opposite_decisions,-3/4,5/4,-3/8,27/32
primary_rows,438,all-64,primary,current_partial,64,72ae9f11f87a9073f962036d9335d27c4d20e649059ea45e5b34df8587cc606e,same_presence_opposite_decisions,-47/64,81/64,-25/64,55/64
primary_rows,445,all-64,primary,current_partial,64,ba7b7c6b3145792bb561f1108b18b0fe5ba11243d4b73ab18f9a89d19826e36d,same_presence_opposite_decisions,-3/4,5/4,-13/32,27/32
primary_rows,452,all-64,primary,current_partial,64,886568770eb4a2f0431e495158563a3f9a36d268e6f7adf961eb1d7efa752c61,same_presence_opposite_decisions,-49/64,79/64,-27/64,53/64
primary_rows,459,all-64,primary,current_partial,64,724d01a3dbefd48a4ac8dcabb6901101900039dd22bf2457506ca3e7324b81b2,same_presence_opposite_decisions,-3/4,5/4,-13/32,27/32
primary_rows,466,all-64,primary,current_partial,64,a20cd6d29b4d86b77e497e9b4758185d0ab28c8d346de5ba3cc56ddd43404be7,same_presence_opposite_decisions,-49/64,79/64,-27/64,53/64
primary_rows,473,all-64,primary,current_partial,64,8ee0595330fb6ee7c2513a1d9eaf687edc23aed9551af6b02580b6c972938f1f,same_presence_opposite_decisions,-3/4,5/4,-13/32,27/32
primary_rows,480,all-64,primary,current_partial,64,1834678e92addcfb311b5b6c50fa94c4ff6699be2d0f8aed32938be77dde14c1,same_presence_opposite_decisions,-49/64,79/64,-27/64,53/64
primary_rows,487,all-64,primary,current_partial,64,9582f061dc0ff805938ce6ea8474e0621cbc5e0b8888c56d9da249732d19f2f2,same_presence_opposite_decisions,-3/4,5/4,-13/32,27/32
primary_rows,494,all-64,primary,current_partial,64,b3e880e8a89d108b1e0ff33f3ab8edfd3fe02be3eb6aa3c1e3bc52b8eba35a67,same_presence_opposite_decisions,-47/64,81/64,-25/64,55/64
primary_rows,501,all-64,primary,current_partial,64,b8e10da91c8980ec8349fc64efe7f2e5ed7174db2ff04726bfcee2acb9a3c528,same_presence_opposite_decisions,-3/4,5/4,-3/8,27/32
primary_rows,508,all-64,primary,current_partial,64,6672d2f3c747d27e2daaa3e93f3bdb0e855a6be12c2231db940a5335a79c9593,same_presence_opposite_decisions,-49/64,79/64,-25/64,55/64
primary_rows,515,all-64,primary,current_partial,64,2a8466770d044791a91b080e649fbc6e4ec8274ee24bf751006e184eec533bb0,same_presence_opposite_decisions,-25/32,39/32,-13/32,27/32
primary_rows,522,all-64,primary,current_partial,64,46eda4d4581d0118dec1cea6968eb38f2b748e764fe8a36f48efad9f220b1f4a,same_presence_opposite_decisions,-49/64,77/64,-25/64,53/64
primary_rows,529,all-64,primary,current_partial,64,2cbca64c347fdd293e8263c3907214dc17d93924af75a2aa1e21aa7196b704e7,same_presence_opposite_decisions,-3/4,39/32,-3/8,27/32
primary_rows,536,all-64,primary,current_partial,64,8c1cb96c735d6868db3664af349ed77f91bbdb964d8a2bb3833dabe8b26d6068,same_presence_opposite_decisions,-49/64,77/64,-25/64,53/64
primary_rows,543,all-64,primary,current_partial,64,d5a872a6f37607af221c0ecc39082b1c44c1a50e45c0bba9e60d82069d394073,same_presence_opposite_decisions,-25/32,19/16,-13/32,13/16
primary_rows,550,all-64,primary,current_partial,64,81c5eec7fd9181028c1272a34743735f1ecc30800b2a9b4300fa6841d4215a97,same_presence_opposite_decisions,-49/64,77/64,-25/64,53/64
primary_rows,557,all-64,primary,current_partial,64,e5bd2853b0ecc9faacdb0071f7d5774705463a8802665a8c445f35c14c99e048,same_presence_opposite_decisions,-25/32,19/16,-13/32,13/16
primary_rows,564,all-64,primary,current_partial,64,bcb64ea3167a51f50cfd3e5b7b8c9f38024147c795282cbb0eec5a56fdb566c3,same_presence_opposite_decisions,-51/64,75/64,-27/64,51/64
primary_rows,571,all-64,primary,current_partial,64,eaee05b07418ddb1ddc3d2a4b969318746b0f5ad3184a399f7dd9f56caea296e,same_presence_opposite_decisions,-25/32,19/16,-13/32,13/16
primary_rows,578,all-64,primary,current_partial,64,7072862c14e18c01610b329a112fff6867d92ab596ae755c07b09ca11c61575b,same_presence_opposite_decisions,-51/64,75/64,-27/64,51/64
primary_rows,585,all-64,primary,current_partial,64,9bb25baba1dc3653c6bc9c03ed77f1f11896a02fa56788dd8bd49c91d03aff88,same_presence_opposite_decisions,-25/32,37/32,-13/32,25/32
primary_rows,592,all-64,primary,current_partial,64,95cd1ccdc97daf000d9ac5932a0bfa900a728a1b2d06c5073ffd8b24a1188a3d,same_presence_opposite_decisions,-51/64,73/64,-27/64,49/64
primary_rows,599,all-64,primary,current_partial,64,741010d16e354a8f7aa1c366829b8469688375b056b724ecce3855af858addc6,same_presence_opposite_decisions,-13/16,9/8,-7/16,3/4
primary_rows,606,all-64,primary,current_partial,64,93fc31916b03b63ef65871836876891fa9f23025ef1b41d587fb3d5edf254d51,same_presence_opposite_decisions,-51/64,71/64,-27/64,47/64
primary_rows,613,all-64,primary,current_partial,64,4368e2e9ee8389dc3eb6ead565e943b3bf9fd289b64f4445c90a48b6b23e7953,same_presence_opposite_decisions,-25/32,9/8,-13/32,3/4
primary_rows,620,all-64,primary,current_partial,64,2f1609615d1736905173cf594dfe5ee9d1b991750f38d61a8a46a07487978903,same_presence_opposite_decisions,-51/64,71/64,-27/64,47/64
primary_rows,627,all-64,primary,current_partial,64,c2241457f96c23a56900897828bea0e4e5cddc3d8a97dcd126f612abeb557fda,same_presence_opposite_decisions,-25/32,9/8,-13/32,3/4
primary_rows,634,all-64,primary,current_partial,64,f1b801149a081ea4fa3dec61b045e7c62bd2f33afa28cbd3c3296582975c10d4,same_presence_opposite_decisions,-51/64,71/64,-27/64,49/64
primary_rows,641,all-64,primary,current_partial,64,84bf44d179df722e9222ce40f7588ef77f02007bf505e30d3cce70e65a58139b,same_presence_opposite_decisions,-25/32,35/32,-13/32,3/4
primary_rows,648,all-64,primary,current_partial,64,c4ed0581a52e8153a7de601da01d168b96bcb01f46873c69fbb1ec1b78d89fed,same_presence_opposite_decisions,-49/64,69/64,-25/64,47/64
primary_rows,655,all-64,primary,current_partial,64,e07df9fe26b0a80be70bd5b984373cc9790c3d7ec73581bc02eeb9b3f7dc5d74,same_presence_opposite_decisions,-25/32,17/16,-13/32,23/32
primary_rows,662,all-64,primary,current_partial,64,80582b4d4b31e535a07b75b97d4843cda8ddfae87242674fef24a7a86497efdc,same_presence_opposite_decisions,-51/64,67/64,-27/64,45/64
primary_rows,669,all-64,primary,current_partial,64,72fc62693aa7021c0607a1229a209b1994bfb1983c7fbead4a97026de13ed3ba,same_presence_opposite_decisions,-13/16,33/32,-7/16,11/16
primary_rows,676,all-64,primary,current_partial,64,33ec2ed7d504173e2d021a5e88423d8b2472693c56c769acabf21fe0d58fb825,same_presence_opposite_decisions,-53/64,65/64,-29/64,43/64
primary_rows,683,all-64,primary,current_partial,64,7868c4d69ccd6e9e5e41a76a1b2237f4f91f81f935bf950e2c0cbd1cb9acbd94,same_presence_opposite_decisions,-27/32,1,-15/32,11/16
primary_rows,690,all-64,primary,current_partial,64,0fc5d2905309ec886f34a1f2cc6b21ac5cb28af1270a2d15288613e4d4562718,same_presence_opposite_decisions,-53/64,65/64,-29/64,45/64
primary_rows,697,all-64,primary,current_partial,64,bdef82ec33aa69564e13cd9fa5c472e524b56c671f4bb5517c7e3fcd4a3e2f74,same_presence_opposite_decisions,-27/32,1,-15/32,11/16
primary_rows,704,all-64,primary,current_partial,64,c13e76546f19e24975b042f0b81386616645916720e4bfda4f1ec965a19f293b,same_presence_opposite_decisions,-53/64,63/64,-29/64,43/64
primary_rows,711,all-64,primary,current_partial,64,da30631cc844316f1958390bc791da262a6b8c28b2d63db2dfae3591d609b830,same_presence_opposite_decisions,-27/32,31/32,-15/32,21/32
primary_rows,718,all-64,primary,current_partial,64,b5b67c0abee295fb4334cdf794852ea16ebd03b14269e58cf26dd7baf88604e4,same_presence_opposite_decisions,-53/64,63/64,-29/64,43/64
primary_rows,725,all-64,primary,current_partial,64,9da6587d3af3b212ae8dfad3020cd06edcd6fba5d454a0535fec7814b7704be9,same_presence_opposite_decisions,-13/16,1,-7/16,11/16
primary_rows,732,all-64,primary,current_partial,64,585ca06c4b414106016c6ba7eeae15b58d2d4865b116d3c8aee6108489ca188a,same_presence_opposite_decisions,-51/64,65/64,-31/64,47/64
primary_rows,739,all-64,primary,current_partial,64,6a8d07954f178936caf5238dde5ec3a3169d077446d9c1b096d25fb586c66bdf,same_presence_opposite_decisions,-25/32,1,-15/32,3/4
primary_rows,746,all-64,primary,current_partial,64,61ee02473d5dae33f03a29b08de077355937cacb3f5107d151f9bb4faa06878a,same_presence_opposite_decisions,-51/64,63/64,-31/64,47/64
primary_rows,753,all-64,primary,current_partial,64,d04620a76ad45b38880491663e5767d3970ce0dc4e2e0fb4dea19323e997f2c5,same_presence_opposite_decisions,-13/16,31/32,-1/2,23/32
primary_rows,760,all-64,primary,current_partial,64,71e8d2b77e9af72f144af67cb06156242dd185887222e9e1c47e94cd28b8cb6e,same_presence_opposite_decisions,-53/64,61/64,-33/64,45/64
primary_rows,767,all-64,primary,current_partial,64,37526398df553f604dfda03d541a180d189f99ca8309461eea833eaaa39f9c07,same_presence_opposite_decisions,-27/32,15/16,-17/32,11/16
primary_rows,774,all-64,primary,current_partial,64,4e2bd4ce824499ef21ff8e2088bdff347d01471d74b246dc44e4fca1bfac3151,same_presence_opposite_decisions,-53/64,59/64,-35/64,43/64
primary_rows,781,all-64,primary,current_partial,64,78cd62cf6a50e6ac5b3190130365933f73bbc5e6053d68c89094d2b2427e6f4a,same_presence_opposite_decisions,-27/32,29/32,-9/16,21/32
primary_rows,788,all-64,primary,current_partial,64,95ad83218b4f95eaef85e0085d89597dfc653d6997185dca1e923b05a4b7ee23,same_presence_opposite_decisions,-55/64,57/64,-37/64,43/64
primary_rows,795,all-64,primary,current_partial,64,e1ce97113f4fab874a2595d98bfda882f0c974a81dd1b2e299a0c340e8d218cb,same_presence_opposite_decisions,-27/32,29/32,-9/16,11/16
primary_rows,802,all-64,primary,current_partial,64,57873f4e51295ad8c5df415954832e8cef28a99536b41baef744f96b30ca824f,same_presence_opposite_decisions,-53/64,59/64,-35/64,45/64
primary_rows,809,all-64,primary,current_partial,64,d24b4cc0de7d3c46cd4f21ca2a6b2d4e2d56a2b9d8bf15a6d91f41a3be459d2e,same_presence_opposite_decisions,-13/16,15/16,-17/32,11/16
primary_rows,816,all-64,primary,current_partial,64,8b1831edae9861ff9535cd79e8999e1030e4390f17b8ee8f6f0d676645082bec,same_presence_opposite_decisions,-51/64,61/64,-33/64,45/64
primary_rows,823,all-64,primary,current_partial,64,c1d00d9422e56060f025e4430e6d16d4b01e1cb24e006b878cec00c8159cf6c7,same_presence_opposite_decisions,-25/32,15/16,-1/2,11/16
primary_rows,830,all-64,primary,current_partial,64,a05062fc3e86fce8807c3bf4432a3de8a59fdeea74b7eb406d0470e2a362bcf1,same_presence_opposite_decisions,-51/64,59/64,-31/64,41/64
primary_rows,837,all-64,primary,current_partial,64,bfb3bc6e5580b1fc27bae7b23eea6f13278809ca2f79f60a782620a7be02a14c,same_presence_opposite_decisions,-13/16,29/32,-1/2,5/8
primary_rows,844,all-64,primary,current_partial,64,0e0c9d42346030efec72db0be5dc7b804f8a0d5fc52af7ef3099c96c97b86418,same_presence_opposite_decisions,-53/64,57/64,-33/64,39/64
primary_rows,851,all-64,primary,current_partial,64,029a86c191fc02c7abf054fe0954fbde2141f5649958a21b39c36e6dea63f0b2,same_presence_opposite_decisions,-27/32,7/8,-17/32,19/32
primary_rows,858,all-64,primary,current_partial,64,5b8157d4f59588eb4fd2e154bd00f06e6d15e958595957e5916750aa4e17d064,same_presence_opposite_decisions,-53/64,57/64,-33/64,39/64
primary_rows,865,all-64,primary,current_partial,64,893a4d4181ec6d134eb46d4729e78118d2792235d8def1b0ae6201e77d7c1123,same_presence_opposite_decisions,-13/16,29/32,-1/2,5/8
primary_rows,872,all-64,primary,current_partial,64,2e33c7d7f8e10b1152ddf6da0430c43313221bef0ef4bdaf2fbd98a388176c39,same_presence_opposite_decisions,-53/64,57/64,-33/64,39/64
primary_rows,879,all-64,primary,current_partial,64,05d520253de70c367bd83222f5f5d410cc38c9a7357c80cf5a928abc1faf026a,same_presence_opposite_decisions,-13/16,29/32,-1/2,5/8
primary_rows,886,all-64,primary,current_partial,64,e5938f7d66fd1140a08fbff54a104041e3f90ed6bf9c22c63ab464d7a242ef49,same_presence_opposite_decisions,-51/64,59/64,-31/64,41/64
primary_rows,893,all-64,primary,current_partial,64,fc789e049c8814ba1e4a13df8281f7f122e9b33d86b90f63d60abe0bb675a2e0,same_presence_opposite_decisions,-25/32,15/16,-15/32,21/32
primary_rows,900,all-64,primary,current_partial,64,2b393759c21cad62cdb07840ed3347adf92d837aa83478fe901f94d735e22b15,same_presence_opposite_decisions,-49/64,61/64,-29/64,43/64
primary_rows,907,all-64,primary,current_partial,64,a5a5ab44e0e9029897167d57b54966c411963e2860e8600c15a53f84ae343915,same_presence_opposite_decisions,-25/32,15/16,-15/32,21/32
primary_rows,914,all-64,primary,current_partial,64,891fbbe89436ad4a32d7a22491cdf88aa78b4c30983b8332468d2bfb3cd1fbad,same_presence_opposite_decisions,-49/64,59/64,-29/64,41/64
primary_rows,921,all-64,primary,current_partial,64,b80d573ab30e73105f2435344a87a30b1ead9fa740bb88201cd3c18fd98842e1,same_presence_opposite_decisions,-25/32,29/32,-15/32,5/8
primary_rows,928,all-64,primary,current_partial,64,ac0820714b23e6472f820292a70973b30253b5e7f4cb1a3081c57a30b7c1417b,same_presence_opposite_decisions,-51/64,57/64,-31/64,39/64
primary_rows,935,all-64,primary,current_partial,64,20591bf598ecea345fadb3d29d67669368910bebaab805944d944d2eeda1cba9,same_presence_opposite_decisions,-25/32,29/32,-15/32,5/8
primary_rows,942,all-64,primary,current_partial,64,b09bcb377ab909446f69796f349e2ea11c4b6b1d1b1f9c821f20d7a8ae6bc4fa,same_presence_opposite_decisions,-51/64,57/64,-31/64,39/64
primary_rows,949,all-64,primary,current_partial,64,78b428e91388128770f38e9a5c4695f5669e99c999d9db108238b8067640b495,same_presence_opposite_decisions,-13/16,7/8,-1/2,19/32
primary_rows,956,all-64,primary,current_partial,64,dc4eb2a69b25fe80b42cc369e7bc61ff979815b4c352efa4ec95ab6d5b4c770a,same_presence_opposite_decisions,-53/64,55/64,-33/64,37/64
primary_rows,963,all-64,primary,current_partial,64,a2c39946d4f2da5ef5a42959a6bc3af8c48001300189f77d9472c6e0424a3d45,same_presence_opposite_decisions,-13/16,7/8,-1/2,19/32
primary_rows,970,all-64,primary,current_partial,64,38dad8455ef0dcec86771775490aa2047108fe440521deac76daa9ad9dc11af6,same_presence_opposite_decisions,-51/64,55/64,-31/64,37/64
primary_rows,977,all-64,primary,current_partial,64,8eda447acb0dab32553d3158e4d402c4769489bae817d51c15b65a7a0e4020f3,same_presence_opposite_decisions,-13/16,27/32,-1/2,9/16
primary_rows,984,all-64,primary,current_partial,64,f2f2952db5eacfbfbfa8182a2852fc45123c1e3280c3662cf38ec0c20f62193a,same_presence_opposite_decisions,-51/64,55/64,-31/64,37/64
primary_rows,991,all-64,primary,current_partial,64,9a0d1468b0d9511903cb4c0ba9c21387dafa7531a104c2bc7cb625e23ba792c4,same_presence_opposite_decisions,-13/16,27/32,-1/2,9/16
primary_rows,998,all-64,primary,current_partial,64,ffcc87116f383156e98ae6049d88eed70730f701f975d04b347a4b410403b69c,same_presence_opposite_decisions,-51/64,53/64,-31/64,35/64
primary_rows,1005,all-64,primary,current_partial,64,744690fb5efb7617e1b09950292b998da4aac58f6cce3a81d1038aa593e6bc86,same_presence_opposite_decisions,-25/32,27/32,-15/32,9/16
primary_rows,1012,all-64,primary,current_partial,64,199d9e6ed1f9f172a3570ce0b892bd2fa31cdce5c149458bb3f7275ae8023cf7,same_presence_opposite_decisions,-51/64,53/64,-31/64,35/64
primary_rows,1019,all-64,primary,current_partial,64,c9d6dd1c3205545f5db2382722e21305be5c2b7c0b17178a5669d0503bca9d6d,same_presence_opposite_decisions,-25/32,27/32,-15/32,17/32
primary_rows,1026,all-64,primary,current_partial,64,db60784a206229c84acb1f4d3c63d95b7f22c89ec96ddfd57faf757d3df32bf1,same_presence_opposite_decisions,-51/64,53/64,-31/64,33/64
primary_rows,1033,all-64,primary,current_partial,64,d3988354cce68408a23c19258b3c8e354fdf2f0692bcf9a0124fdb4e7e4c2f9d,same_presence_opposite_decisions,-13/16,13/16,-1/2,1/2
primary_rows,1040,all-64,primary,current_partial,64,05bbfe9ecfee75af722eb98afefa363ceb57b85573aff850157bc6432be30de8,same_presence_opposite_decisions,-53/64,51/64,-33/64,31/64
primary_rows,1047,all-64,primary,current_partial,64,ce1487d39c548098ab0e3741e2b65b4c9253ba7344b9c2174e0b6eb43486b54c,same_presence_opposite_decisions,-27/32,25/32,-9/16,1/2
primary_rows,1054,all-64,primary,current_partial,64,9da0bba0ba47e2e3e3682a1ef0f62fb83e863bed30fc08a36cc9cbd1d9f310ff,same_presence_opposite_decisions,-53/64,49/64,-33/64,31/64
primary_rows,1061,all-64,primary,current_partial,64,fb034e2b724be41e2226f932a96af407766d4404c8bb02552eea1a237a41f201,same_presence_opposite_decisions,-27/32,3/4,-17/32,15/32
primary_rows,1068,all-64,primary,current_partial,64,47315c0920be731de2cb235522f4ba1b688f7657e6ec453001d77a8968b412d0,same_presence_opposite_decisions,-53/64,49/64,-31/64,29/64
primary_rows,1075,all-64,primary,current_partial,64,3f8b3916f8ff4271f887a493f6d9ec0398dc9fec020e51489442bb74ebdf1088,same_presence_opposite_decisions,-27/32,3/4,-1/2,7/16
primary_rows,1082,all-64,primary,current_partial,64,a38de8c1716fa0f159af0ba64203a0a1641497bbf8809a9e9679ce79df9d1627,same_presence_opposite_decisions,-55/64,47/64,-33/64,27/64
primary_rows,1089,all-64,primary,current_partial,64,6afee7afd60752c9edf1c1cd1b255573fe71aa39ebccf6a2b677cd9730b6510e,same_presence_opposite_decisions,-27/32,3/4,-1/2,7/16
primary_rows,1096,all-64,primary,current_partial,64,1dad960880cd186d68818e8adba378adb13d564f0dda8868ab7fbeacc43c19e5,same_presence_opposite_decisions,-53/64,49/64,-31/64,29/64
primary_rows,1103,all-64,primary,current_partial,64,4eac4062ec553ffff645f87155401290eb15a6cedf1a1a1088edf655aa374027,same_presence_opposite_decisions,-27/32,3/4,-15/32,7/16
primary_rows,1110,all-64,primary,current_partial,64,dc2b4fedcc896669f333ce29e64de6f80ba798ec73bbfbc06147ef357007b457,same_presence_opposite_decisions,-55/64,47/64,-31/64,27/64
primary_rows,1117,all-64,primary,current_partial,64,385b57f2a0532d8c00899384f6ea400ba9b31901b1a806f08b623324da31aad3,same_presence_opposite_decisions,-7/8,23/32,-1/2,13/32
primary_rows,1124,all-64,primary,current_partial,64,35e74231895cbad1bf24824142497a1c45e4720e851710c4f135521e562651b2,same_presence_opposite_decisions,-57/64,45/64,-33/64,25/64
primary_rows,1131,all-64,primary,current_partial,64,c8ef186b26ea7dd181bd810c73f6a5a967efcf4afdedfdb964081fad8d0047e5,same_presence_opposite_decisions,-7/8,23/32,-1/2,13/32
primary_rows,1138,all-64,primary,current_partial,64,11b0a6e0b748ee85935693241cdaca29cff02c1de87b9f7026d43b3789b4f1c5,same_presence_opposite_decisions,-57/64,45/64,-37/64,25/64
primary_rows,1145,all-64,primary,current_partial,64,d3ea0a46774a63423cb138dd2d4573e6324b891fc1f1768170e4bc3ca8aa43e2,same_presence_opposite_decisions,-7/8,23/32,-9/16,13/32
primary_rows,1152,all-64,primary,current_partial,64,4ce622f70ef058e7448d7bf49b66c9b156771ce08f876770575a5d3f05cce06c,same_presence_opposite_decisions,-55/64,45/64,-35/64,25/64
primary_rows,1159,all-64,primary,current_partial,64,6ade164138c82ae596d67d68ac8c97b64ed9b011a530de5ed92616f6d3d78a9b,same_presence_opposite_decisions,-27/32,23/32,-17/32,13/32
primary_rows,1166,all-64,primary,current_partial,64,cbf9da834c7f62a2d3f528b73e07ce90f31bf21661fe558cc1be5c4db6cf9e23,same_presence_opposite_decisions,-55/64,45/64,-35/64,25/64
primary_rows,1173,all-64,primary,current_partial,64,8e48403b704b1211d6141e4a447260e164e10a276ca31ba3f795ccb99ba358bf,same_presence_opposite_decisions,-7/8,11/16,-9/16,3/8
primary_rows,1180,all-64,primary,current_partial,64,a3652b4b2f580f4d1ede99f266cc7c4c4bf0e58ebf833752aef9da3c39145af8,same_presence_opposite_decisions,-55/64,45/64,-35/64,25/64
primary_rows,1187,all-64,primary,current_partial,64,fb67bb8a9758dff75877cb23b4ed29897279e6cf74302148d35dfb47c4d27cdc,same_presence_opposite_decisions,-7/8,11/16,-9/16,3/8
primary_rows,1194,all-64,primary,current_partial,64,21dbd2a16470b8e33c0a1e5e47142b2df87ee74b069fadb4ac677c606c838755,same_presence_opposite_decisions,-57/64,43/64,-39/64,25/64
primary_rows,1201,all-64,primary,current_partial,64,2de3b4328896917eb139af93b00a256f8230664de101b83502a3f9fc2eb96b8f,same_presence_opposite_decisions,-7/8,21/32,-19/32,3/8
primary_rows,1208,all-64,primary,current_partial,64,ebf4072ab1bb954efac7cf9aac19980a25a4937f106ff10bc07c289b0d94f3c6,same_presence_opposite_decisions,-57/64,41/64,-41/64,25/64
primary_rows,1215,all-64,primary,current_partial,64,42b0ac72df087d065ddd594a973ef82da9ff396c5c1ebfdd27512812d5c3e8c3,same_presence_opposite_decisions,-29/32,5/8,-21/32,3/8
primary_rows,1222,all-64,primary,current_partial,64,712304222d1bc770018c311b1448b13b3c932e5721a510c2fa621af4f96d7831,same_presence_opposite_decisions,-59/64,39/64,-43/64,23/64
primary_rows,1229,all-64,primary,current_partial,64,1a7f1b176ae67a0438610d3798eef30cec7d311a20cc6e78d61a204c96ef4a04,same_presence_opposite_decisions,-15/16,19/32,-11/16,11/32
primary_rows,1236,all-64,primary,current_partial,64,5690943ea9c43c410418e5306f2d2e8d9946b3e5316f7ad296d05c9a61cffad3,same_presence_opposite_decisions,-61/64,37/64,-45/64,21/64
primary_rows,1243,all-64,primary,current_partial,64,7e6df0ecd62323ab286b3baf864535393dc855b7eb9a9dc65a275e184a286cd6,same_presence_opposite_decisions,-31/32,9/16,-23/32,11/32
primary_rows,1250,all-64,primary,current_partial,64,842c6fee45ac6baa34e8536523f09af7e504943ec01db2eeea3ae0d56106ea15,same_presence_opposite_decisions,-61/64,35/64,-45/64,21/64
primary_rows,1257,all-64,primary,current_partial,64,43d0132e4f50f2de146c7576a48f4b4019bc7b9c8959cebd04605561343e9349,same_presence_opposite_decisions,-15/16,17/32,-23/32,5/16
primary_rows,1264,all-64,primary,current_partial,64,ab49bd559c6746a4a215851ef2e9df50aa7933d217a9c6006b1b99cd0100f660,same_presence_opposite_decisions,-59/64,33/64,-57/64,29/64
primary_rows,1271,all-64,primary,current_partial,64,3b83497b5d6f3198b557c95428b2f14e1462df2dad73b034cdbfcebd0e674066,same_presence_opposite_decisions,-15/16,1/2,-29/32,7/16
primary_rows,1278,all-64,primary,current_partial,64,95d67a6c9aa9d16b56d9448cd7aebb1f1c75b6a8b31a7ed22b837305d1753a1a,same_presence_opposite_decisions,-59/64,33/64,-57/64,29/64
primary_rows,1285,all-64,primary,current_partial,64,e2c53df66ece4b27178960f4ae595a5b46afac023bc914c131e7f304ca0c3a51,same_presence_opposite_decisions,-29/32,1/2,-7/8,7/16
primary_rows,1292,all-64,primary,current_partial,64,b34c3d7512a1eac8c2676caed70c2a7bae73c1e01c94d6e2a1752ed47fb2f457,same_presence_opposite_decisions,-59/64,31/64,-57/64,27/64
primary_rows,1299,all-64,primary,current_partial,64,a7ff668eaaf41c46069bc85dfb5da73c906189c2a50412bb0d019059fa97adfa,same_presence_opposite_decisions,-29/32,1/2,-7/8,15/32
primary_rows,1306,all-64,primary,current_partial,64,59e1913e4706619c928b6012b57748addee8f4546a20f5d602705f47328588c9,same_presence_opposite_decisions,-59/64,31/64,-59/64,29/64
primary_rows,1313,all-64,primary,current_partial,64,5829127cc28da52df1f301c22fc046bb4b8e6235720b286df846850fb6baf585,same_presence_opposite_decisions,-29/32,1/2,-29/32,15/32
primary_rows,1320,all-64,primary,current_partial,64,b4234fc9d42f835d0af8c1cc09dd473bc357824262ef1af51e040f41ae98b523,same_presence_opposite_decisions,-57/64,33/64,-57/64,31/64
primary_rows,1327,all-64,primary,current_partial,64,862e41321178ff28f4b0f90f52ca843e109ca79112c44a3eddfbea3c170fa895,same_presence_opposite_decisions,-29/32,1/2,-29/32,1/2
primary_rows,1334,all-64,primary,current_partial,64,064f3d76a2894c75e48701b877c806cac61e8287832b1a33d5e4f6453f2a4f3c,same_presence_opposite_decisions,-59/64,31/64,-59/64,31/64
primary_rows,1341,all-64,primary,current_partial,64,c4232dff38e6dbe8e2b2b793b1f514117b3dba63779c661a5b09071618f1376f,same_presence_opposite_decisions,-15/16,15/32,-15/16,15/32
primary_rows,1348,all-64,primary,current_partial,64,4166379e45bbdd3ab1417466043e1a9efebc6340558543c44dc1e5ce08b70650,same_presence_opposite_decisions,-61/64,29/64,-61/64,29/64
primary_rows,1355,all-64,primary,current_partial,64,7443590fe520865e23fbc319ce1d5f87cea237a1bb9a929edecb6a2cfebf51be,same_presence_opposite_decisions,-15/16,7/16,-15/16,7/16
primary_rows,1362,all-64,primary,current_partial,64,e8203de77964413e3f9defc2ed41d0f3a892b935b32ab98fab7b9a8b1073db27,same_presence_opposite_decisions,-59/64,29/64,-59/64,29/64
primary_rows,1369,all-64,primary,current_partial,64,05603b7a067e4fcf7af3aac4ed87cdef2004e2f69cebe6bda64fa7c024d275d9,same_presence_opposite_decisions,-15/16,7/16,-15/16,7/16
primary_rows,1376,all-64,primary,current_partial,64,7814ac610cfb00fe6602afabb6b9c6ca6a76f039b494543d04a47fbd8c5fe4f1,same_presence_opposite_decisions,-59/64,27/64,-59/64,27/64
primary_rows,1383,all-64,primary,current_partial,64,97234cc80be54063d2c77284f9c9396e6fd4cbd6b093e116487d88f275f4d6ef,same_presence_opposite_decisions,-29/32,13/32,-29/32,13/32
primary_rows,1390,all-64,primary,current_partial,64,2b2640f55739ee5f1a45ae0a778c88b8f1ec26d3a3d56afed8b9766ef6802d99,same_presence_opposite_decisions,-57/64,27/64,-57/64,27/64
primary_rows,1397,all-64,primary,current_partial,64,4c1bee91f8d21d9aefea131707eada8612dcc7725235b5c20265af070268e0f4,same_presence_opposite_decisions,-29/32,13/32,-29/32,13/32
primary_rows,1404,all-64,primary,current_partial,64,8aac3f41336063a50ed09c8e0f6373a258e62d8544c667e0d83e243f52929aca,same_presence_opposite_decisions,-57/64,25/64,-57/64,25/64
primary_rows,1411,all-64,primary,current_partial,64,f8668bc69f5df651b03326be737cdb000d2fb55b5edacef2cda80f9f214d919e,same_presence_opposite_decisions,-7/8,3/8,-7/8,3/8
primary_rows,1418,all-64,primary,current_partial,64,b288172dc4b07d7d0e0f3170174525d11dde02a763976b904392f0dffbb5ec70,same_presence_opposite_decisions,-57/64,23/64,-57/64,23/64
primary_rows,1425,all-64,primary,current_partial,64,380bdf657fca12f6c1de3421523721fd197f8bb03651321f3c2e665f4c3f2548,same_presence_opposite_decisions,-7/8,3/8,-7/8,3/8
primary_rows,1432,all-64,primary,current_partial,64,3f9a1df0b81fc052071bacd599eb22d06b653d0f6dc4108253d65f870cfb4e6b,same_presence_opposite_decisions,-55/64,23/64,-55/64,23/64
primary_rows,1439,all-64,primary,current_partial,64,afd4448106e73f1952dfcd18d0a5bee619083b905c56b97547d61a79d11b79d5,same_presence_opposite_decisions,-27/32,3/8,-27/32,3/8
primary_rows,1446,all-64,primary,current_partial,64,dd4009322f844cd516a504b19dba4ef9314c9d82ec6cd4ea9fca5c6a138f658a,same_presence_opposite_decisions,-55/64,23/64,-55/64,23/64
primary_rows,1453,all-64,primary,current_partial,64,b18aaba48a49515a7d8cd475f10d3bd64615a2ee4814eedfd548e6e3eeb652ee,same_presence_opposite_decisions,-27/32,3/8,-27/32,3/8
primary_rows,1460,all-64,primary,current_partial,64,93f595b3d033cc58cd9fb3b5e1c4c0a88c7e16b032e98fde40d6abf6ddfe0fa6,same_presence_opposite_decisions,-55/64,23/64,-55/64,23/64
primary_rows,1467,all-64,primary,current_partial,64,aa564775d7d682be574f8460820d03a2838b5e6d4e738f1394ad344bc85e00d2,same_presence_opposite_decisions,-7/8,11/32,-7/8,11/32
primary_rows,1474,all-64,primary,current_partial,64,4b1aba5dc7f3babf4b78cd6bef5b720a2ea7ce2d2496099ab39a217ac772b96a,same_presence_opposite_decisions,-55/64,23/64,-55/64,23/64
primary_rows,1481,all-64,primary,current_partial,64,061f05b2e02b9bdb70b3013f74d939af552a8ea3cbac193207ccda25eb723e69,same_presence_opposite_decisions,-7/8,11/32,-7/8,11/32
primary_rows,1488,all-64,primary,current_partial,64,245cd5f0442b119edc397bff9065b87e0f174549d0e848362541ff4fc7d209e4,same_presence_opposite_decisions,-55/64,23/64,-55/64,23/64
primary_rows,1495,all-64,primary,current_partial,64,80f7a4757e9a73c270b4dacf32ad413f7f66acaacf2ebcd6f148d51224c3b87c,same_presence_opposite_decisions,-27/32,3/8,-27/32,3/8
primary_rows,1502,all-64,primary,current_partial,64,38f6b7d57b0a2b49889795784bdb8603c5b71266e70bdb9e1166170391e9a6f7,same_presence_opposite_decisions,-53/64,25/64,-53/64,25/64
primary_rows,1509,all-64,primary,current_partial,64,87a835018cbe9d2ac15ca87e50fbde7924d60c0851ccc0f3e6d98dc4da6fdc08,same_presence_opposite_decisions,-13/16,13/32,-13/16,13/32
primary_rows,1516,all-64,primary,current_partial,64,e1ae0943ed343b93c67405b0965e3f3a694bf7f91a8b1fc2e3a9905cbbd2406f,same_presence_opposite_decisions,-53/64,25/64,-53/64,25/64
primary_rows,1523,all-64,primary,current_partial,64,05d69ce47ec2cd59f2bd8f93740cce6fcf8b191545db34b71f69f909eb91552f,same_presence_opposite_decisions,-27/32,3/8,-27/32,3/8
primary_rows,1530,all-64,primary,current_partial,64,f95576e94c4d42d6c68abf6a36d2a98089616a22fd8d508d1b34f9f79f519153,same_presence_opposite_decisions,-53/64,25/64,-53/64,25/64
primary_rows,1537,all-64,primary,current_partial,64,4da816c8ecda2934f344a3274117e2a1518abddee269fb3e910ca2966e0c77f7,same_presence_opposite_decisions,-13/16,3/8,-13/16,3/8
primary_rows,1544,all-64,primary,current_partial,64,7bf20362f3b663f019d871bc2eb29d9d68821c7b864b91e8eaa7979f06730b8a,same_presence_opposite_decisions,-51/64,25/64,-51/64,25/64
primary_rows,1551,all-64,primary,current_partial,64,4f48982b7ce2c41f645226d97f11cc469f5b191417277367534d8b504b631014,same_presence_opposite_decisions,-25/32,13/32,-25/32,13/32
primary_rows,1558,all-64,primary,current_partial,64,073232b98c94a2a0fed55e8a7941fff9b7c283a49e4f1af8a66dca76e6f615f9,same_presence_opposite_decisions,-51/64,25/64,-51/64,25/64
primary_rows,1565,all-64,primary,current_partial,64,ab33980a685d6ac374b3d642dba8d05d387f95cab607edd42148fa280a2757c3,same_presence_opposite_decisions,-25/32,3/8,-25/32,3/8
primary_rows,1572,all-64,primary,current_partial,64,4f46f4bf531fe77aa6fce81994aa4164ffe769d69a1c1fb2306fd96e2dfa10f9,same_presence_opposite_decisions,-51/64,23/64,-51/64,23/64
primary_rows,1579,all-64,primary,current_partial,64,711e55c09e6066555e5d8f554ae9b5471a982986bdede7341a04a092d5f60019,same_presence_opposite_decisions,-13/16,11/32,-13/16,11/32
primary_rows,1586,all-64,primary,current_partial,64,807d2eb5c6216db09e7c72b7108d687db71870c411c437e22f7196fc92631f32,same_presence_opposite_decisions,-51/64,23/64,-51/64,23/64
primary_rows,1593,all-64,primary,current_partial,64,2b9a8123c068add98801a34238b0365b3c0fc7227a0aeb88ae7821deee59ff7f,same_presence_opposite_decisions,-25/32,3/8,-25/32,3/8
primary_rows,1600,all-64,primary,current_partial,64,a07a707d46ee60e558a408f1667b9c0284b1c6c877ae9282f6b05d9823ea2d53,same_presence_opposite_decisions,-51/64,23/64,-51/64,23/64
primary_rows,1607,all-64,primary,current_partial,64,ce9dba5afc42300ff68645977d285d34ff357022c2c6afcd5af83a5aad6b11a6,same_presence_opposite_decisions,-13/16,11/32,-13/16,11/32
primary_rows,1614,all-64,primary,current_partial,64,19f5c7d934eeca1d5def50e468f2731cd984007ba1f55fd9e8b8182e68a0dc52,same_presence_opposite_decisions,-51/64,21/64,-51/64,21/64
primary_rows,1621,all-64,primary,current_partial,64,e6d545e5d2465d7da7adf4df10510c5c2e8ae7d3c5bd95404b9fa0eec5d854d8,same_presence_opposite_decisions,-25/32,11/32,-25/32,11/32
primary_rows,1628,all-64,primary,current_partial,64,fb523c3fcc138696c93d6e7df9ddfd4068423d4143653dd318ff81f6592377a5,same_presence_opposite_decisions,-51/64,21/64,-51/64,21/64
primary_rows,1635,all-64,primary,current_partial,64,7b3dada860964701bac4541de9bc9d15b79ca55da4d33ee8cbd8308df68e128c,same_presence_opposite_decisions,-13/16,5/16,-13/16,5/16
primary_rows,1642,all-64,primary,current_partial,64,0c8195f4fd3beaf11bb259031600227d073edf8f27815a179ff43d6fe5f653a4,same_presence_opposite_decisions,-51/64,19/64,-51/64,19/64
primary_rows,1649,all-64,primary,current_partial,64,56ec8ef5918f60ba1aa32ec9af69be3dc30ef1fa9f41dae1c4d3374880b5cfc4,same_presence_opposite_decisions,-13/16,9/32,-13/16,9/32
primary_rows,1656,all-64,primary,current_partial,64,74d1c2d5d6eb243b47b1993f030dd84cca589e84ab0375d374e30d2162ae977b,same_presence_opposite_decisions,-51/64,19/64,-51/64,19/64
primary_rows,1663,all-64,primary,current_partial,64,5572b5f0c53322469444d89afa711a2933024de720125ce6d541fefcf4a5a03d,same_presence_opposite_decisions,-13/16,9/32,-13/16,9/32
primary_rows,1670,all-64,primary,current_partial,64,6d1a84ac86b85e6fc44288aa440340de21b47de4fd6b0c62a07237d08a7b0d08,same_presence_opposite_decisions,-51/64,19/64,-51/64,19/64
primary_rows,1677,all-64,primary,current_partial,64,686a40a89068c504ddbe90b98701704b5df45febc4b514f2aea609dc5d316361,same_presence_opposite_decisions,-25/32,9/32,-25/32,9/32
primary_rows,1684,all-64,primary,current_partial,64,c1b3675bab846d3749f8143cf0b50834a1a57b04a8301fa635cb02b57157eb73,same_presence_opposite_decisions,-49/64,17/64,-49/64,17/64
primary_rows,1691,all-64,primary,current_partial,64,daea10c43d13d8c2e28d9e0d320d48ef5c2a678042cabfc208847f0c37965f0a,same_presence_opposite_decisions,-25/32,1/4,-25/32,1/4
primary_rows,1698,all-64,primary,current_partial,64,8338c37dcc6afbf2727156fa13b7755a95eda95f276f624945df47610bc07931,same_presence_opposite_decisions,-49/64,15/64,-49/64,15/64
primary_rows,1705,all-64,primary,current_partial,64,a47f10c1f63032c2e8a0a184acfb59a683230399379ea61fb204a15dc5f5d0b1,same_presence_opposite_decisions,-3/4,7/32,-3/4,7/32
primary_rows,1712,all-64,primary,current_partial,64,aa58fa65516291bcaad890afc9ea90962adbfbc23d8bae0f38acf7d575d1ee71,same_presence_opposite_decisions,-49/64,13/64,-49/64,13/64
primary_rows,1719,all-64,primary,current_partial,64,25e61b9c295d2b3f4644627ceecf410c48537bd21eae8b885de5186e26dbd62e,same_presence_opposite_decisions,-3/4,7/32,-3/4,7/32
primary_rows,1726,all-64,primary,current_partial,64,d2abf9c6fb31cc77606a15a5ebcafb6e9a557af0bb235ef3589d04157f56bf21,same_presence_opposite_decisions,-49/64,13/64,-49/64,13/64
primary_rows,1733,all-64,primary,current_partial,64,3f014fdde51f05bc829bf299e9b818aeb5c21c56af57b2c44808b375b9097bb3,same_presence_opposite_decisions,-25/32,3/16,-25/32,3/16
primary_rows,1740,all-64,primary,current_partial,64,b8fade7e6430de9e170c4110cba3c5eb6c150856118975033198070dad08ab26,same_presence_opposite_decisions,-49/64,13/64,-49/64,13/64
primary_rows,1747,all-64,primary,current_partial,64,3585122271e56377afd773a754060458482589616f6f5d77bfac7bbad2a11335,same_presence_opposite_decisions,-3/4,7/32,-3/4,7/32
primary_rows,1754,all-64,primary,current_partial,64,c8bf66c93eef1e9b9e27398dffd3c49c4f6f81ea2ae6a7ad8d88a38e60458e75,same_presence_opposite_decisions,-47/64,15/64,-47/64,15/64
primary_rows,1761,all-64,primary,current_partial,64,9129a326912511b001296f6228a9b1c341b2c6927c5a3b0f9ebc097b9d9a206a,same_presence_opposite_decisions,-23/32,1/4,-23/32,1/4
primary_rows,1768,all-64,primary,current_partial,64,7a5d78a6cd1ca51dc5a21f1b904c5233223bc4b0d6581f4710a9b22f2f6b031e,same_presence_opposite_decisions,-45/64,17/64,-45/64,17/64
primary_rows,1775,all-64,primary,current_partial,64,76e19f31fd41b2765f405fd394665a77120e7570e289e9728da0da4a55238d00,same_presence_opposite_decisions,-11/16,9/32,-11/16,9/32
primary_rows,1782,all-64,primary,current_partial,64,7b27aeb20a7eb437e8476b7dd4903c9c992428024b0eb787c732b3f579e2bf9f,same_presence_opposite_decisions,-43/64,19/64,-43/64,19/64
primary_rows,1789,all-64,primary,current_partial,64,a37cb4ea7d82eec81a16cd2742154c90383ad6e26f537872d2c4edabeb2ddad7,same_presence_opposite_decisions,-21/32,5/16,-21/32,5/16
primary_rows,1796,all-64,primary,current_partial,64,201452f858fbe5e7d289aa2d0a2356b2c2d9d10da0e902e58a84260b2f565665,same_presence_opposite_decisions,-43/64,19/64,-43/64,19/64
primary_rows,1803,all-64,primary,current_partial,64,6c578f5726f3937b776231aab08382e1902950282e69ac373b384956fffec7cf,same_presence_opposite_decisions,-11/16,9/32,-11/16,9/32
primary_rows,1810,all-64,primary,current_partial,64,e4ef083bf64267d94f70f4b352ab12ae1182f2b4363f20ac105e0acfaec96f71,same_presence_opposite_decisions,-43/64,19/64,-43/64,19/64
primary_rows,1817,all-64,primary,current_partial,64,a4aa2a0b63d11aab00493eec9b79d2918b6a95d526d8b99a9d99659b3e088402,same_presence_opposite_decisions,-11/16,9/32,-11/16,9/32
primary_rows,1824,all-64,primary,current_partial,64,8d374dee22553a804d295556fd3745eb17d7c4d8cf2f62591780a37fb038d6f2,same_presence_opposite_decisions,-43/64,19/64,-43/64,19/64
primary_rows,1831,all-64,primary,current_partial,64,30ed143f0924fc578eabaa57f3b3c1bd171b7f18089e4a277888443fb76a202d,same_presence_opposite_decisions,-11/16,9/32,-11/16,9/32
primary_rows,1838,all-64,primary,current_partial,64,fbfee0acd73b286cf265ca909d0273f40d3208627cf60082423441baf442a280,same_presence_opposite_decisions,-45/64,17/64,-45/64,17/64
primary_rows,1845,all-64,primary,current_partial,64,889d85d1183446d453fa12343a1b627016e6dc1a43495054dec1e0efa81282fd,same_presence_opposite_decisions,-11/16,1/4,-11/16,1/4
primary_rows,1852,all-64,primary,current_partial,64,cb7e4893522f64eb6085cc8eab6e040ea2a845751c6aba95e1d4a88855b2daab,same_presence_opposite_decisions,-45/64,15/64,-45/64,15/64
primary_rows,1859,all-64,primary,current_partial,64,b3f5184ba20afdf9110e7e124e22a9c23d7b5c0db66f6c69193c4401809f8947,same_presence_opposite_decisions,-23/32,7/32,-23/32,7/32
primary_rows,1866,all-64,primary,current_partial,64,a3f379859b1cd5c8a60c2bc03af1aae37f524ebfab987273cb8d3784744d1950,same_presence_opposite_decisions,-45/64,15/64,-45/64,15/64
primary_rows,1873,all-64,primary,current_partial,64,64df83d84110311296079f947496cb6fb8a90c8cf1761990d8797d6201ef8daf,same_presence_opposite_decisions,-23/32,7/32,-23/32,7/32
primary_rows,1880,all-64,primary,current_partial,64,5e3a18f2559e84a3d6dd73a109f11ac726759f5e3527447bb74e91b77be4f6aa,same_presence_opposite_decisions,-45/64,15/64,-45/64,15/64
primary_rows,1887,all-64,primary,current_partial,64,f9624235736d403d1464b09e61fcfe63ddd43e9b493f1f991c3b151fedb21219,same_presence_opposite_decisions,-23/32,7/32,-23/32,7/32
primary_rows,1894,all-64,primary,current_partial,64,46ec84abfa18d1d4240de555f1807918609195fa13b30b24e6326d05b031f5e6,same_presence_opposite_decisions,-47/64,13/64,-47/64,13/64
primary_rows,1901,all-64,primary,current_partial,64,13f570650a6836831d0453bd482fecc46cbaae2a2581d2d6173adb990310e4ca,same_presence_opposite_decisions,-23/32,7/32,-23/32,7/32
primary_rows,1908,all-64,primary,current_partial,64,b37d70d0b38665870a880522e80202b9923a7fa6792d30f0e6c9cbabc5c98bf1,same_presence_opposite_decisions,-47/64,13/64,-47/64,13/64
primary_rows,1915,all-64,primary,current_partial,64,f6a3ba4059552573a487766a3f148ac3812a1eb0c029df7804475c3833578b3f,same_presence_opposite_decisions,-3/4,3/16,-3/4,3/16
primary_rows,1922,all-64,primary,current_partial,64,1d636d59ebbd93e65f5f03f6161cf880a6005dc45dfb428d6c549364c06f37da,same_presence_opposite_decisions,-47/64,13/64,-47/64,13/64
primary_rows,1929,all-64,primary,current_partial,64,3565afbcc456383afecccff261853c2f175bbd8ba2d6dce91dd6df808e2bf6ec,same_presence_opposite_decisions,-3/4,3/16,-3/4,3/16
primary_rows,1936,all-64,primary,current_partial,64,9d57cbd19b8b843ef41417a62c89f8ce0ede4970ad4f205f012094bcaf0868d7,same_presence_opposite_decisions,-47/64,13/64,-47/64,13/64
primary_rows,1943,all-64,primary,current_partial,64,f293efaf470b439c2d173103aab53651a386507cf00544b37dd637210843a40c,same_presence_opposite_decisions,-3/4,3/16,-3/4,3/16
primary_rows,1950,all-64,primary,current_partial,64,6b964a9cad8bea3530cc13930f274af6383b48f2e108a3838c2c60a5b9a12ee4,same_presence_opposite_decisions,-47/64,13/64,-47/64,13/64
primary_rows,1957,all-64,primary,current_partial,64,6487d46d34fc5decd3d6ecd58fd91f7512c35b40271764318ac7607c6d0015a4,same_presence_opposite_decisions,-23/32,3/16,-23/32,3/16
primary_rows,1964,all-64,primary,current_partial,64,8984b465a2f1ca07eb32d9b01dd32cfe5d4d3b0250d2612ad6ede7192b594a82,same_presence_opposite_decisions,-45/64,13/64,-45/64,13/64
primary_rows,1971,all-64,primary,current_partial,64,fd1de56f64ae2c28528d50691dc58f8cf116275de5e58eeb7603c09c83708289,same_presence_opposite_decisions,-11/16,7/32,-11/16,7/32
primary_rows,1978,all-64,primary,current_partial,64,156de57a4fb89ecd331b2c47afdff3ca10baa35269bb339269ee1fd2f2d15da7,same_presence_opposite_decisions,-43/64,15/64,-43/64,15/64
primary_rows,1985,all-64,primary,current_partial,64,d38058eda71f00fda11ab76539a96d394a2c5e6f75f2bc90d52e168d35be98af,same_presence_opposite_decisions,-11/16,7/32,-11/16,7/32
primary_rows,1992,all-64,primary,current_partial,64,4fbef7ec5a5051dfa084ff05cfe9c50c7e0f37adf724a9f3df4d0d6d747a48c2,same_presence_opposite_decisions,-43/64,15/64,-43/64,15/64
primary_rows,1999,all-64,primary,current_partial,64,d3122cef47de0817673ba06eaa205573197634a831d53ea549faa1585c60e586,same_presence_opposite_decisions,-11/16,7/32,-11/16,7/32
primary_rows,2006,all-64,primary,current_partial,64,1df15b5d8aa5cbd85c7b74cd33ac79d1805dc013c3ffb4434ee92e6b31d14b25,same_presence_opposite_decisions,-43/64,15/64,-43/64,15/64
primary_rows,2013,all-64,primary,current_partial,64,517754e5d790989cb439e897c635b1a92ea3e6e8b50917fa7a3f62e8c38ceb70,same_presence_opposite_decisions,-21/32,1/4,-21/32,1/4
primary_rows,2020,all-64,primary,current_partial,64,0a52aa98e34ee67e57cd63252b9aae864f744ef790edd56eac45f27b0aaf7d9e,same_presence_opposite_decisions,-43/64,15/64,-43/64,15/64
primary_rows,2027,all-64,primary,current_partial,64,a38abdb6d75e0b59e55aba67dcb7f39b156e273444b840a6c77fa751a3b047e2,same_presence_opposite_decisions,-11/16,7/32,-11/16,7/32
primary_rows,2034,all-64,primary,current_partial,64,0d81b1fdeef19f863c0febcb3bf915280bf191063b237fa3d800e7ac1a993ebf,same_presence_opposite_decisions,-45/64,13/64,-45/64,13/64
primary_rows,2041,all-64,primary,current_partial,64,581c56adac89ae202af066cc624c70117519581df6a5bd81c895f8d5c78bc601,same_presence_opposite_decisions,-11/16,7/32,-11/16,7/32
primary_rows,2048,all-64,primary,current_partial,64,9c308cd3ad14bb1ef1ea020e6c41c57629c6508392e9a2e576cdc62d85714c1d,same_presence_opposite_decisions,-43/64,13/64,-43/64,13/64
primary_rows,2055,all-64,primary,current_partial,64,669a8de98c1ba1d7e7f6fc8552621dd5d97d54e330ed74b54752650cfb97b8a3,same_presence_opposite_decisions,-11/16,3/16,-11/16,3/16
primary_rows,2062,all-64,primary,current_partial,64,3d1624d580e7f6fe9d2fbd22488d1455abced68102ba84169bb73c9dd3aefef4,same_presence_opposite_decisions,-43/64,13/64,-43/64,13/64
primary_rows,2069,all-64,primary,current_partial,64,6f1cad3f9415af8b26d0add52b8583b73b6843a875c9e544b3845ba016724d13,same_presence_opposite_decisions,-21/32,7/32,-21/32,7/32
primary_rows,2076,all-64,primary,current_partial,64,6e78950b67fce7ffc1a596e4a5e4a391af684e94de90c9f09f742ca1e9c2d6a8,same_presence_opposite_decisions,-43/64,13/64,-43/64,13/64
primary_rows,2083,all-64,primary,current_partial,64,cd8266a0b6b0642a2b39812ee58579c7d072d04b25b3c9e1a3b44843af8786cb,same_presence_opposite_decisions,-11/16,3/16,-11/16,3/16
primary_rows,2090,all-64,primary,current_partial,64,a79b7a970d635a1bcf5a903b598e1f98b4248bc44f5003d6fb3f9cb6f4cff5c4,same_presence_opposite_decisions,-45/64,11/64,-45/64,11/64
primary_rows,2097,all-64,primary,current_partial,64,70eeab54b9bd8956637eae47bdbc904ead57f1455497d04f214dc4f4204ff994,same_presence_opposite_decisions,-11/16,3/16,-11/16,3/16
primary_rows,2104,all-64,primary,current_partial,64,df30a5a248b473d968199f958fd23718be984539646389ae240ba44fd6edc847,same_presence_opposite_decisions,-43/64,11/64,-43/64,11/64
primary_rows,2111,all-64,primary,current_partial,64,f4e85b1f96dfc5186ab62e6363de22cb4e7168fa4353c969f88552a475c5eccc,same_presence_opposite_decisions,-11/16,5/32,-11/16,5/32
primary_rows,2118,all-64,primary,current_partial,64,2c37ec712bd78f8c9077fe81261167fbeb283fac10252d148c45b4164f9970c9,same_presence_opposite_decisions,-43/64,9/64,-43/64,9/64
primary_rows,2125,all-64,primary,current_partial,64,ccb10541f7fa8931c832ca191e7a18be495c24f17d9a2484f8ba8a733d08a805,same_presence_opposite_decisions,-21/32,5/32,-21/32,5/32
primary_rows,2132,all-64,primary,current_partial,64,58b4657ab1f07ab5d116c75fe7d2526c3d1a034257511f4460ffa6fb2fb5ddc6,same_presence_opposite_decisions,-41/64,9/64,-41/64,9/64
primary_rows,2139,all-64,primary,current_partial,64,12c2976e0fce4fe27a8181a08657d8c4a7f22d7c880a32b03175de22ff6191e8,same_presence_opposite_decisions,-5/8,1/8,-5/8,1/8
primary_rows,2146,all-64,primary,current_partial,64,a85fec815606950f5c87090d145998184b90f194552b629b1aed3513c1b95dc9,same_presence_opposite_decisions,-41/64,7/64,-41/64,7/64
primary_rows,2153,all-64,primary,current_partial,64,e1a8d0a14060ad4d56ecc1ff0780531857b49617812e212c3a6f52c2f00dd867,same_presence_opposite_decisions,-5/8,1/8,-5/8,1/8
primary_rows,2160,all-64,primary,current_partial,64,dec3a7046141bc50ce5827df02f83e318b76dbbf18ed5e004561523797687be5,same_presence_opposite_decisions,-39/64,9/64,-39/64,9/64
primary_rows,2167,all-64,primary,current_partial,64,a6f0d44694302b438ae5c0e7a7363e736248fe2433231de72e48b990815a6da2,same_presence_opposite_decisions,-19/32,1/8,-19/32,1/8
primary_rows,2174,all-64,primary,current_partial,64,1ce61ba7a4ec7d5ec91a530ae7f30f76693ad29149aebaae5f723a9e82fbb12c,same_presence_opposite_decisions,-37/64,9/64,-37/64,9/64
primary_rows,2181,all-64,primary,current_partial,64,850d270efefcfab1805b199185df9b0b55a8ab9f1f968be30f4f703818f3ac51,same_presence_opposite_decisions,-9/16,5/32,-9/16,5/32
primary_rows,2188,all-64,primary,current_partial,64,ec308a04af856d9e1da5061f3b6c7f8269d3ee68b12ef0794d34bdf9d7b8beed,same_presence_opposite_decisions,-37/64,9/64,-37/64,9/64
primary_rows,2195,all-64,primary,current_partial,64,fa08abd740e3556c101296ebaddb3b745a61af6329be5a4ff90c1d0a00462061,same_presence_opposite_decisions,-9/16,5/32,-9/16,5/32
primary_rows,2202,all-64,primary,current_partial,64,6584e678d5dd2d8530c401c31a2add4ba886c931b445225f1b5bd2619883e446,same_presence_opposite_decisions,-35/64,11/64,-35/64,11/64
primary_rows,2209,all-64,primary,current_partial,64,39b201a503ddc57bd433543b5d6979e6a979f6061fcda5fce16f1543cbfe9b2c,same_presence_opposite_decisions,-9/16,5/32,-9/16,5/32
primary_rows,2216,all-64,primary,current_partial,64,a19b937cf267b3c9ac65f3d0bddaaf93a65d345e52603d541693008c81fce545,same_presence_opposite_decisions,-37/64,9/64,-37/64,9/64
primary_rows,2223,all-64,primary,current_partial,64,97b9f06905b3771be1309d683bcd03151edece8a45727a52a112725f9920c60a,same_presence_opposite_decisions,-19/32,1/8,-19/32,1/8
primary_rows,2230,all-64,primary,current_partial,64,c0ba5383f044dee608ce113aea4caa466a842563e200f4692a09c892e45e000e,same_presence_opposite_decisions,-37/64,9/64,-37/64,9/64
primary_rows,2237,all-64,primary,current_partial,64,d855b541297aa0c1dbd80dfaa51743f247a05aa360b0c6453411472c0c473b4c,same_presence_opposite_decisions,-9/16,1/8,-9/16,1/8
primary_rows,2244,all-64,primary,current_partial,64,1696207b41ba4cbbdc6a854237146d709a19854f906ffa0e087cd2475e6cb902,same_presence_opposite_decisions,-35/64,9/64,-35/64,9/64
primary_rows,2251,all-64,primary,current_partial,64,0ef3d3792f294060232045fad1664c55556ef811158c65a3d16a4683fae006cf,same_presence_opposite_decisions,-17/32,5/32,-17/32,5/32
primary_rows,2258,all-64,primary,current_partial,64,cdbc94708e16799eaaec050375fbd2d13e4a92409302b2854141ffe4f2f0b13e,same_presence_opposite_decisions,-33/64,9/64,-33/64,9/64
primary_rows,2265,all-64,primary,current_partial,64,f6080a5c3e98627a8b42ebd0a9a66cb7a2dbe62b1c79ee250dc3fe032b117741,same_presence_opposite_decisions,-17/32,1/8,-17/32,1/8
primary_rows,2272,all-64,primary,current_partial,64,b51bac115abf023bf5be47ddd97ce7358e8673a52e6b37f5441860ef80d12dde,same_presence_opposite_decisions,-33/64,9/64,-33/64,9/64
primary_rows,2279,all-64,primary,current_partial,64,7feaa34ccfab8e6d5bbc07f5247cddbd1d91a377f036a3fc90450664ced7d712,same_presence_opposite_decisions,-1/2,5/32,-1/2,5/32
primary_rows,2286,all-64,primary,current_partial,64,df515b78f0c743647e66459a04044640c62a379086f6b4bd567f22c409db2676,same_presence_opposite_decisions,-33/64,9/64,-33/64,9/64
primary_rows,2293,all-64,primary,current_partial,64,22dc4e4df90f59440a33255f087280e0e67b7332ade425b522ca5b4258b9749d,same_presence_opposite_decisions,-1/2,5/32,-1/2,5/32
primary_rows,2300,all-64,primary,current_partial,64,54f6fc91b6a2f23af047c55da222754da639cb20b05ac0556538bded56127894,same_presence_opposite_decisions,-33/64,9/64,-33/64,9/64
primary_rows,2307,all-64,primary,current_partial,64,ea368814cfe487c5895bd0571804101c71a7c6cdfd7865058058d365b12cdfab,same_presence_opposite_decisions,-1/2,1/8,-1/2,1/8
primary_rows,2314,all-64,primary,current_partial,64,69fb81b9df8c2eff3e957d117cc9a649b3b87ebe884e0d86352db15e95e3ed1b,same_presence_opposite_decisions,-33/64,7/64,-33/64,7/64
primary_rows,2321,all-64,primary,current_partial,64,d1e3793505ea0961e669ed0aefd8393c2a607132610dad78ba55ce3549284d71,same_presence_opposite_decisions,-17/32,3/32,-17/32,3/32
primary_rows,2328,all-64,primary,current_partial,64,9bfca5f07fe9962feff4aa46dcd7c1a49a5bf74dada84ef1bb7920d3d562eee0,same_presence_opposite_decisions,-35/64,5/64,-35/64,5/64
primary_rows,2335,all-64,primary,current_partial,64,f282051d06a26b6b3db9a16980a9e662868103f051343dc9245e732345bb2c5b,same_presence_opposite_decisions,-17/32,1/16,-17/32,1/16
primary_rows,2342,all-64,primary,current_partial,64,d720f44ed6992c7f0ca5181ffb5362a0c280b896685199f6f6a7c68db0766119,same_presence_opposite_decisions,-33/64,5/64,-33/64,5/64
primary_rows,2349,all-64,primary,current_partial,64,dce91e02bbd2b2da7a629f650a2787c5e8ec6cade7f6775906c1d25ec6f809a3,same_presence_opposite_decisions,-17/32,1/16,-17/32,1/16
primary_rows,2356,all-64,primary,current_partial,64,1d63dd22ee90aea94ddf263fd86c0246ae0d584aff6f901ef653a4b6c48b1826,same_presence_opposite_decisions,-35/64,3/64,-35/64,3/64
primary_rows,2363,all-64,primary,current_partial,64,b3ad4c682bdeb6fd7f54f4855d18c9944347cf17bfe9c1f2d5faec142253fc24,same_presence_opposite_decisions,-17/32,1/32,-17/32,1/32
primary_rows,2370,all-64,primary,current_partial,64,69b5241845b2ca3a97f22183e111f84b7733af3a0685fbf9c6ff7f5a51cbc8be,same_presence_opposite_decisions,-33/64,3/64,-33/64,3/64
primary_rows,2377,all-64,primary,current_partial,64,a21cbe054e7e6a6091184935977117e3f5c36cd48732e9a1020ee5c56faa4314,same_presence_opposite_decisions,-1/2,1/16,-1/2,1/16
primary_rows,2384,all-64,primary,current_partial,64,0b2fac98e684fa5209281f02dad3deda53395ae30ef1880d2a632e24551cad10,same_presence_opposite_decisions,-31/64,5/64,-31/64,5/64
primary_rows,2391,all-64,primary,current_partial,64,be192aacdb066741c8043635baec68cac5f2d6c275fc1099c4eed618eff724c1,same_presence_opposite_decisions,-15/32,1/16,-15/32,1/16
primary_rows,2398,all-64,primary,current_partial,64,392fc002f83b340aa256e8483c268127a0f3f6c097905b663cd10e6ade9818be,same_presence_opposite_decisions,-31/64,3/64,-31/64,3/64
primary_rows,2405,all-64,primary,current_partial,64,57c9b76299386f8e588574c8ec6ec8946f7345e0c83a22592abbe7501d513c9e,same_presence_opposite_decisions,-15/32,1/16,-15/32,1/16
primary_rows,2412,all-64,primary,current_partial,64,8b0b45c464a282c92f3ac016ba605abf7e7ee7c5071a17acb62e15d3b32b8271,same_presence_opposite_decisions,-31/64,3/64,-31/64,3/64
primary_rows,2419,all-64,primary,current_partial,64,9187d7d3625aa46b3e4ddb1cfa6842bba4d56ede63daf219e5421791a780d7a0,same_presence_opposite_decisions,-1/2,1/32,-1/2,1/32
primary_rows,2426,all-64,primary,current_partial,64,7e33548c056b0798da527744a9f42bfb6adf6577bccfb44c2ee50fbae41e7765,same_presence_opposite_decisions,-33/64,1/64,-33/64,1/64
primary_rows,2440,all-64,primary,current_partial,64,ef20347bcb44fcbaad6f23081250a2193dcd6f13b77f404543b886f0e144a2bb,same_presence_opposite_decisions,-33/64,1/64,-33/64,1/64
primary_rows,2510,all-64,primary,current_partial,64,4e86982e358317aba0c7fed904a2b984af781db567006341f8e67e953d1456fc,same_presence_opposite_decisions,-29/64,1/64,-29/64,1/64
primary_rows,2517,all-64,primary,current_partial,64,8f633a17d2025d458fcd6a6ebe06dbcea95f316453f63eb1ee2b63096e59af34,same_presence_opposite_decisions,-7/16,1/32,-7/16,1/32
primary_rows,2524,all-64,primary,current_partial,64,2f3a01faa75de298914e8d573c6804ca69911f2a80899216fae9b62c95927e00,same_presence_opposite_decisions,-29/64,1/64,-29/64,1/64
primary_rows,2531,all-64,primary,current_partial,64,9c4fd1b3d4fbbd43cbefac9403779c7336d9a88a68b2f2c397e66eb0894296db,same_presence_opposite_decisions,-7/16,1/32,-7/16,1/32
primary_rows,2538,all-64,primary,current_partial,64,a9a608650c1f4dd13e005e68bf5cf77d487802e259d476284028087ca0ba5144,same_presence_opposite_decisions,-29/64,1/64,-29/64,1/64
primary_rows,2545,all-64,primary,current_partial,64,359c9be4c1c01b8b37c8eec0aea9bf9f810f99fdd7e689871a6ac6b730874842,same_presence_opposite_decisions,-7/16,1/32,-7/16,1/32
primary_rows,2552,all-64,primary,current_partial,64,fba75feafda514b154e99099e493a053bfbd3d460633b5710732f19abc67753e,same_presence_opposite_decisions,-27/64,3/64,-27/64,3/64
primary_rows,2559,all-64,primary,current_partial,64,022b4b98ba40c772f07fcbafa166b12a9fe2c02ccf7b3cdc2787a43ff3573bb7,same_presence_opposite_decisions,-7/16,1/32,-7/16,1/32
primary_rows,2566,all-64,primary,current_partial,64,91cd58e1395f75d5fa67423325a87cebe1ba3d1c0da5dfd4c59f15875c3247e9,same_presence_opposite_decisions,-27/64,3/64,-27/64,3/64
primary_rows,2573,all-64,primary,current_partial,64,62f59b6317c5710c0d806475c485773960d2d4e1e7c001538145f4373aefc8b6,same_presence_opposite_decisions,-13/32,1/16,-13/32,1/16
primary_rows,2580,all-64,primary,current_partial,64,34b14cc555df25eb14ff21e9c093149e7aa0694587a99bf5f2eded8435280f0a,same_presence_opposite_decisions,-27/64,3/64,-27/64,3/64
primary_rows,2587,all-64,primary,current_partial,64,99912cf1224accc4ef881d16dbe5375d1a5507fc2e1d77c69c7cc9f937dec342,same_presence_opposite_decisions,-13/32,1/16,-13/32,1/16
primary_rows,2594,all-64,primary,current_partial,64,b93b191cc13bb3e911c757328c41604c4f871b1e595dd177f79b1ac4e0c51c7b,same_presence_opposite_decisions,-27/64,3/64,-27/64,3/64
primary_rows,2601,all-64,primary,current_partial,64,0091794441a271e52f18366237821c51f76f11f6572fd838bedc8db61c378c1b,same_presence_opposite_decisions,-13/32,1/16,-13/32,1/16
primary_rows,2608,all-64,primary,current_partial,64,b54a0e3db4f5cdf2b08113e1efd0ed2a54203cae062afba1e688b54b86e11888,same_presence_opposite_decisions,-25/64,5/64,-25/64,5/64
primary_rows,2615,all-64,primary,current_partial,64,7e81cdb94b7b79158c5f720724807e527968d2885b94d9289de628ed424ca50c,same_presence_opposite_decisions,-3/8,3/32,-3/8,3/32
primary_rows,2622,all-64,primary,current_partial,64,8156d0f558db00685cf572a55f08e801065054c6ffb5527a2e1c46fcaef31d1f,same_presence_opposite_decisions,-23/64,7/64,-23/64,7/64
primary_rows,2629,all-64,primary,current_partial,64,0f4e4cb47ea5d6516e507428ebe78928a980ab79530de7cb3c87b8eb282ff4fd,same_presence_opposite_decisions,-3/8,3/32,-3/8,3/32
primary_rows,2636,all-64,primary,current_partial,64,4f7cdc7356fb4e80937568d0f636da22875584eed7537e1d07fbc2ad87d17619,same_presence_opposite_decisions,-23/64,7/64,-23/64,7/64
primary_rows,2643,all-64,primary,current_partial,64,8049f09da2caf0cd9d1ff1a816208116908bacc5922330e9cf7c03b7e88c666c,same_presence_opposite_decisions,-11/32,1/8,-11/32,1/8
primary_rows,2650,all-64,primary,current_partial,64,60569ca1c2fb1ef0f4884179ac810806fec8bd1ab7756239a3dd9b552f881ed1,same_presence_opposite_decisions,-21/64,9/64,-21/64,9/64
primary_rows,2657,all-64,primary,current_partial,64,db8ff90d3460df623e8799959956aa2046c67fab1fbb1d9e6a76d68a029aae45,same_presence_opposite_decisions,-11/32,1/8,-11/32,1/8
primary_rows,2664,all-64,primary,current_partial,64,50bd2fd41bce25edec96b6ce8f1bb72d91922c877aed496f095cfc04f7a3ecb7,same_presence_opposite_decisions,-21/64,7/64,-21/64,7/64
primary_rows,2671,all-64,primary,current_partial,64,c6fb961c6db534cb2a891b21bd9e5bdb17b134cf02f520cf47a374263d4f670a,same_presence_opposite_decisions,-11/32,3/32,-11/32,3/32
primary_rows,2678,all-64,primary,current_partial,64,4ff9e0be129c075eecd4fc14e20632d9717aed0e7c8837d7ad6c0837d04de32a,same_presence_opposite_decisions,-21/64,5/64,-21/64,5/64
primary_rows,2685,all-64,primary,current_partial,64,c07802330361c29d57018b58cc852b3031b95beee0f6b2d2a3d88648080613fa,same_presence_opposite_decisions,-11/32,1/16,-11/32,1/16
primary_rows,2692,all-64,primary,current_partial,64,fef9df2f50c0205142eb981fc660acd5b67609af38c1f035b0c5f87fe0d7d03b,same_presence_opposite_decisions,-21/64,5/64,-21/64,5/64
primary_rows,2699,all-64,primary,current_partial,64,9938f0f8ebb6b724eb2cdc9cfadd7c489f4887440f2524050d8ad99abc3ba84f,same_presence_opposite_decisions,-5/16,1/16,-5/16,1/16
primary_rows,2706,all-64,primary,current_partial,64,38d0237a19bf33681d26cc039e641b096264d717e3829bdcb5e2348a1cd28d33,same_presence_opposite_decisions,-21/64,3/64,-21/64,3/64
primary_rows,2713,all-64,primary,current_partial,64,7ec6c90817bef4a70d2ef77b0ec6f94488ced66a7cce8a201c6c8ca1e8aae2bd,same_presence_opposite_decisions,-5/16,1/16,-5/16,1/16
primary_rows,2720,all-64,primary,current_partial,64,4d89061641efabffcde50af3cab44d037b0c9d0b07aa665461fbbb90bc7258cd,same_presence_opposite_decisions,-19/64,5/64,-19/64,5/64
primary_rows,2727,all-64,primary,current_partial,64,596d7b6dd42aa0534b63607fae8d31f03f5555c20a866be4f21ef77cb1f5585b,same_presence_opposite_decisions,-5/16,1/16,-5/16,1/16
primary_rows,2734,all-64,primary,current_partial,64,21ac923782d75324cff4afbf9bee1155255d77f6388c29626c307c0ede958d66,same_presence_opposite_decisions,-21/64,3/64,-21/64,3/64
primary_rows,2741,all-64,primary,current_partial,64,b3675778c20fa814a6285f17b7f85d885156fa9401ac5d80b11cc24ef9ef8154,same_presence_opposite_decisions,-5/16,1/16,-5/16,1/16
primary_rows,2748,all-64,primary,current_partial,64,a710a792c0177a21e2f1bbc6b58d7170857e4186d7f2e1e152827634957b5ab2,same_presence_opposite_decisions,-19/64,5/64,-19/64,5/64
primary_rows,2755,all-64,primary,current_partial,64,6fa23048282d0233e25450c31832b3c8879432ed12f3f0188e87ff75334a2aa0,same_presence_opposite_decisions,-5/16,1/16,-5/16,1/16
primary_rows,2762,all-64,primary,current_partial,64,8948e953f8d32cb6afda559bc43687f513b9f55e169095775a88bd481c6856f1,same_presence_opposite_decisions,-19/64,5/64,-19/64,5/64
primary_rows,2769,all-64,primary,current_partial,64,dc264db60de04e96fe7aca81bce571386640b9ac91714934a2b9924c3f2cd4a6,same_presence_opposite_decisions,-5/16,1/16,-5/16,1/16
primary_rows,2776,all-64,primary,current_partial,64,5c3ca3fc5e2279f16cc23c6e2a8bc49fa3df62d7ddf56af2736f88307e0c60da,same_presence_opposite_decisions,-19/64,5/64,-19/64,5/64
primary_rows,2783,all-64,primary,current_partial,64,c5261dd7a1eacff96d7082b088fe56ad1d8fc1b25248fe94674933d465c93039,same_presence_opposite_decisions,-9/32,1/16,-9/32,1/16
primary_rows,2790,all-64,primary,current_partial,64,579209dfe5bfea3343d3cc0a4e9db7649365dfb60bbd753be01731ad4bb08357,same_presence_opposite_decisions,-19/64,3/64,-19/64,3/64
primary_rows,2797,all-64,primary,current_partial,64,7b30e8c1287b92c7661a4cb80c9389df927cb5a7036abb167c991497815008bd,same_presence_opposite_decisions,-5/16,1/32,-5/16,1/32
primary_rows,2804,all-64,primary,current_partial,64,03421fea1fb27d0b5d39fb8ad0582c0e474ce87045d96f4151959a43ee5bd771,same_presence_opposite_decisions,-21/64,1/64,-21/64,1/64
primary_rows,2811,all-64,primary,current_partial,64,a53039e2f3094c5ca4a4af2ed0f998f34eebf911c70a5c6221dfba567b4023c1,same_presence_opposite_decisions,-5/16,1/32,-5/16,1/32
primary_rows,2818,all-64,primary,current_partial,64,03e88d5f7c96ccdbbea8ebaa2c41f748d0338c7cb9285991cce14b460e9dc3b8,same_presence_opposite_decisions,-19/64,3/64,-19/64,3/64
primary_rows,2825,all-64,primary,current_partial,64,958f12527ab9a42f9da1678b7fb1f8a180a75abc1c2a21d28eeed8fcb8598e85,same_presence_opposite_decisions,-5/16,1/32,-5/16,1/32
primary_rows,2832,all-64,primary,current_partial,64,7d962239c8352e5e297c65de4165aa41f5d1ffe02c1eb37977999e0fcb60639e,same_presence_opposite_decisions,-19/64,3/64,-19/64,3/64
primary_rows,2839,all-64,primary,current_partial,64,e7de023867a14a7fb2e257770f9ef7ae82e5b63b15cbce392ec1aba79ad3aaa0,same_presence_opposite_decisions,-9/32,1/32,-9/32,1/32
primary_rows,2846,all-64,primary,current_partial,64,ab93fa61eae88175c9ae913b2fe81ede52b538338546c1a816d5467bae60a4be,same_presence_opposite_decisions,-17/64,3/64,-17/64,3/64
primary_rows,2853,all-64,primary,current_partial,64,fd882ef6725f6b52ad437318ef18e4c1a03c10f3f38778b3ff282fac9015500d,same_presence_opposite_decisions,-9/32,1/32,-9/32,1/32
primary_rows,2860,all-64,primary,current_partial,64,5fa0973650267de5e790994e9cd6386d927139ddfe881f176faaf2a73d69aab6,same_presence_opposite_decisions,-17/64,1/64,-17/64,1/64
primary_rows,2888,all-64,primary,current_partial,64,1875b3ba5ac883bac2132b794fd19ec49c2feb1a6d15cb7993ead5d4c0b75969,same_presence_opposite_decisions,-17/64,1/64,-17/64,1/64
primary_rows,2895,all-64,primary,current_partial,64,dd48831cf159ea1f229696f4ea999d191f79f62722131129831bdf50c20d242e,same_presence_opposite_decisions,-1/4,1/32,-1/4,1/32
primary_rows,2902,all-64,primary,current_partial,64,58853a3e03c49cbf532d762d685c70ea46d842c5f5981f70145b40c14471d7d7,same_presence_opposite_decisions,-15/64,3/64,-15/64,3/64
primary_rows,2909,all-64,primary,current_partial,64,ae2605cccfcdc2b2db3a139a0a49daa348cbfa66c0935d0c920002e1c323374a,same_presence_opposite_decisions,-1/4,1/32,-1/4,1/32
primary_rows,2916,all-64,primary,current_partial,64,ef2b8c98dc3e8e1b2bd58e83d2a0e700d91edca9304b464ed49929e2474c9848,same_presence_opposite_decisions,-17/64,1/64,-17/64,1/64
primary_rows,2923,all-64,primary,current_partial,64,5399581cd5728510864f564eda26d171d60698c047b1dcbe24c47ac5e466dbb7,same_presence_opposite_decisions,-1/4,1/32,-1/4,1/32
primary_rows,2930,all-64,primary,current_partial,64,1b07d481c1f1f64655e84b3544a4196185ef845465eac54240f0cbf0b1919ca1,same_presence_opposite_decisions,-17/64,1/64,-17/64,1/64
primary_rows,2937,all-64,primary,current_partial,64,b473d1745ba50a2907e09b2ac9f82a63d1ddc113f16d9212346d7f7bfde708a0,same_presence_opposite_decisions,-1/4,1/32,-1/4,1/32
primary_rows,2944,all-64,primary,current_partial,64,a0209b534dbe2b2b3ea760a4b03e1d47e84e856f12d932a240d62dec3461ea5b,same_presence_opposite_decisions,-15/64,3/64,-15/64,3/64
primary_rows,2951,all-64,primary,current_partial,64,f041b478dcb3e38cc4c91820518606f056a7d85f4ced677dd292974f0f4d5e52,same_presence_opposite_decisions,-7/32,1/16,-7/32,1/16
primary_rows,2958,all-64,primary,current_partial,64,170224a5e446c0b0870bf8e637427bbd52982be7f6635716d4d27f4f49c911cf,same_presence_opposite_decisions,-13/64,5/64,-13/64,5/64
primary_rows,2965,all-64,primary,current_partial,64,278390f875b130a603f74c45c55099995a72a89028fb9870fd9ab7f04163ce25,same_presence_opposite_decisions,-7/32,1/16,-7/32,1/16
primary_rows,2972,all-64,primary,current_partial,64,70b85ae50a8441308ef1b62e73b45f58dfb1e5fa762f3570a3dbcc185fdcf41e,same_presence_opposite_decisions,-15/64,3/64,-15/64,3/64
primary_rows,2979,all-64,primary,current_partial,64,fe9c44b0ff47ad4b5a1536e0b9b26140f95682fdac8e75b8af0fcff5901c4f53,same_presence_opposite_decisions,-1/4,1/32,-1/4,1/32
primary_rows,2986,all-64,primary,current_partial,64,dcc6bd836c2440df35b9ae45463c2ac08a7994bd710b05666c52f5a78cd8f468,same_presence_opposite_decisions,-15/64,3/64,-15/64,3/64
primary_rows,2993,all-64,primary,current_partial,64,623e24f8f1cb5486c8d4823836c2bde3ee821b86ea6eb2e9e326d8c4061d92b3,same_presence_opposite_decisions,-7/32,1/16,-7/32,1/16
primary_rows,3000,all-64,primary,current_partial,64,56731c0789be4ded5ff49291cc1b2338c817f1073abcbec43678d56c3e69873e,same_presence_opposite_decisions,-15/64,3/64,-15/64,3/64
primary_rows,3007,all-64,primary,current_partial,64,ba20e5d7072cdd2c1ca95a05d989cdedb210408804b83f32f79b99d1f96dd857,same_presence_opposite_decisions,-1/4,1/32,-1/4,1/32
primary_rows,3014,all-64,primary,current_partial,64,19d50797ff2976d837d468885dca302935b4775b59083d5dd971483a4e01bb61,same_presence_opposite_decisions,-15/64,3/64,-15/64,3/64
primary_rows,3021,all-64,primary,current_partial,64,3bca52860d31fafaba830bc77fe1f05c99591f0b98f96ac984dcc7ffef23de3d,same_presence_opposite_decisions,-7/32,1/16,-7/32,1/16
primary_rows,3028,all-64,primary,current_partial,64,3740dde45549613a221c8524e39c1706c721f2be2ca4257c57f68daf235544f7,same_presence_opposite_decisions,-13/64,5/64,-13/64,5/64
primary_rows,3035,all-64,primary,current_partial,64,9c30a0244bc8b8e59ac20f13581fbaebe531687b0bdea57702883a0ab2189d7c,same_presence_opposite_decisions,-7/32,1/16,-7/32,1/16
primary_rows,3042,all-64,primary,current_partial,64,eb44cbefabfb0ce6f9c93893fcd843ce4ca066198f4242ee54a92d48480363e5,same_presence_opposite_decisions,-15/64,3/64,-15/64,3/64
primary_rows,3049,all-64,primary,current_partial,64,4e77e309442007da886d2e78bc1bacf8cbf214d0f40dc27b615fa14144d9851c,same_presence_opposite_decisions,-7/32,1/32,-7/32,1/32
primary_rows,3056,all-64,primary,current_partial,64,ec3e0caae5e60355abaf484dd08ae37530c94191fa0719391ba2438e4fe088a1,same_presence_opposite_decisions,-15/64,1/64,-15/64,1/64
primary_rows,3070,all-64,primary,current_partial,64,0df623760a402c0d88ef445cd4f058d19482a41c67a1a8cdabefd07d05183b71,same_presence_opposite_decisions,-13/64,1/64,-13/64,1/64
primary_rows,3182,all-64,primary,current_partial,64,d3503b541eaf2e1879375ccd48c3333dadf40dd56b060a45a76b8090ef763068,same_presence_opposite_decisions,-5/64,1/64,-5/64,1/64
primary_rows,3196,all-64,primary,current_partial,64,31d0e27ca7bb4a1fe424686ee27fc9f1c89e0f8abad04feabd75f8dd199faf61,same_presence_opposite_decisions,-5/64,1/64,-5/64,1/64
primary_rows,3203,all-64,primary,current_partial,64,6994ca55e48e0a107c1111f777ff1f50703685c5c6fb334efae5c3a7ace9a66e,same_presence_opposite_decisions,-1/16,1/32,-1/16,1/32
primary_rows,3210,all-64,primary,current_partial,64,c32e9af7b03d2d86398735c7f502e8d1d7f014332fc3defa772256937a7f9f13,same_presence_opposite_decisions,-3/64,3/64,-3/64,3/64
primary_rows,3217,all-64,primary,current_partial,64,6895a993875eac4d33d1428a513ae88df9c94a0b21a5b17561c892f24b585549,same_presence_opposite_decisions,-1/16,1/32,-1/16,1/32
primary_rows,3224,all-64,primary,current_partial,64,6bbe2e40a0c9e486a2dff9577394ec1c7067b3090df1f0aa6db1b9fa6feb9a52,same_presence_opposite_decisions,-3/64,3/64,-3/64,3/64
primary_rows,3231,all-64,primary,current_partial,64,dab7c385f540f6a8e7f95b01c8bee77731ce6800724aa8e779f8efa0c135fe2b,same_presence_opposite_decisions,-1/32,1/32,-1/32,1/32
primary_rows,3238,all-64,primary,current_partial,64,4bc29fc72ed59a234ba0abbb6e53c6e16ff1b5c6813e5a95c4dae4a68b18a294,same_presence_opposite_decisions,-1/64,3/64,-1/64,3/64
primary_rows,3245,all-64,primary,current_partial,64,8523afe25fa4e5ed0e165f2e492a91005a601ccc4eef0ccafef98e75d51a899a,same_presence_opposite_decisions,0,1/16,0,1/16
primary_rows,3252,all-64,primary,current_partial,64,48363c24a0027b7705e0d84a205ac8826d91cf247051c34abee6fb400f5ed32d,same_presence_opposite_decisions,-1/64,3/64,-1/64,3/64
primary_rows,3259,all-64,primary,current_partial,64,7efb6cc5edc31d5bb30287a1d2ec7ed5bdcbac20f87c1f2043d766b9b4739c64,same_presence_opposite_decisions,0,1/32,0,1/32
primary_rows,3329,all-64,primary,current_partial,64,c50163ac5f746f60db20ab8944c9ae3c803196bd96ca1f45f3fb3c63ce0b185c,same_presence_opposite_decisions,0,1/32,0,1/32
primary_rows,3336,all-64,primary,current_partial,64,4f24fb6967bc844c8ce4f30e178cc7c224275e9213e822532b26ac585173f0ad,same_presence_opposite_decisions,-1/64,1/64,-1/64,1/64
primary_rows,3350,all-64,primary,current_partial,64,ba3b2b6dbea9aa1b248a0bc44aebac8bba5fa9f19bf6e09aaf68283417617d2f,same_presence_opposite_decisions,-1/64,1/64,-1/64,1/64
primary_rows,3364,all-64,primary,current_partial,64,9753f75c9d64f5c85167eb849d872a86fb960c8f7462e72eaa0a63e1f63b2b4d,same_presence_opposite_decisions,-1/64,1/64,-1/64,1/64
primary_rows,3371,all-64,primary,current_partial,64,1f200195be0cbb131ea84bfbd6b06940821ec069217164835a785a474d2c7af2,same_presence_opposite_decisions,0,1/32,0,1/32
primary_rows,3385,all-64,primary,current_partial,64,92dd6cc0692e67e1cfd65c1ae64a4ca6ba718b0cecc4de9a361753af7332eb15,same_presence_opposite_decisions,0,1/32,0,1/32
primary_rows,3392,all-64,primary,current_partial,64,4a37729819a3895e5842fef7f1d6622fc3a29fe2d69f2700997e3033c2e0cea8,same_presence_opposite_decisions,-1/64,1/64,-1/64,1/64
primary_rows,3406,all-64,primary,current_partial,64,c8ef6e5f526385a0514e0d0bf8c960b91238d4518a2a517f115a4f2b11c59fba,same_presence_opposite_decisions,-1/64,1/64,-1/64,1/64
anchor_rows,34,image-04,singleton,union_partial,1,361245917228df2f6c80dfbcc35606a395471c9fa67646542a363cf8f9fe4ec8,same_presence_opposite_decisions,-2,2,-2,2
anchor_rows,41,image-05,singleton,union_partial,1,f14d04ea5cc50889bf10df1e47f96a1566485e2e27010c044e26bcfecd7c7d46,same_presence_opposite_decisions,-2,2,-2,2
anchor_rows,62,image-08,singleton,union_partial,1,24bfe77009b11d089ef7b132e6f648f407fb57fb0ee60bc82100f3b87ac57048,same_presence_opposite_decisions,-2,2,-2,2
anchor_rows,67,image-09,singleton,current_partial,1,f3e91903bdc1926ab5ad16629f356265d3eddf8c93d2e051f6270669fc97dd4b,same_presence_opposite_decisions,-5,3,-5,3
anchor_rows,69,image-09,singleton,union_partial,1,cb4a359c3c7fce867551bbd22d64a2902e14fa8af0aa419a67c0cde2b3a1f0ca,same_presence_opposite_decisions,-7,5,-5,5
anchor_rows,83,image-11,singleton,union_partial,1,2afa7d788c03bf30b78828ef66e8bf5597247c40b63a391ecafb7988ce143107,same_presence_opposite_decisions,0,8,0,4
anchor_rows,95,image-13,singleton,current_partial,1,90635c6d7f3ad5a8d6e7be32910ce8611b12449632d6a0f8104897cb14225d4c,same_presence_opposite_decisions,-3,13,-3,11
anchor_rows,97,image-13,singleton,union_partial,1,c3c270e6c4c042b1c5c8862bf76a7ec83883c239f09e613a353108bd851bc8b2,same_presence_opposite_decisions,-13,13,-11,11
anchor_rows,130,image-18,singleton,current_partial,1,f4ed59256550ba02c60b76f29dde7e211a5368af3ccb883a9302cf01b37138ed,same_presence_opposite_decisions,-2,2,-2,2
anchor_rows,132,image-18,singleton,union_partial,1,345a0a2b3bcbb4d08585de0137f06a563500c03dad7214f90c9c81bbe19b3237,same_presence_opposite_decisions,-2,2,-2,2
anchor_rows,153,image-21,singleton,union_partial,1,91b849d6ced960659627d97dda652bd45aaf2b7ac3ee5b9635eeafd3939e84e0,same_presence_opposite_decisions,-1,1,-1,1
anchor_rows,181,image-25,singleton,union_partial,1,2d8a5dbb0c7e8d83c05eef03ea7803e12f8f2a257b81f2f1c4bb9c6355302d68,same_presence_opposite_decisions,-1,1,-1,1
anchor_rows,200,image-28,singleton,current_partial,1,631ccf9f13bbca5897834944e0ec527f79f0803c66c2bf601c9527f5c7fd7bc0,same_presence_opposite_decisions,-2,2,-2,2
anchor_rows,202,image-28,singleton,union_partial,1,a0600e432bf8dd3beed5f79c2a336befd18b7a03f5466cac2f8b118124105e46,same_presence_opposite_decisions,-2,2,-2,2
anchor_rows,209,image-29,singleton,union_partial,1,e1689627ccdd4dbfa807232e34f81561f7ead7b79f459be7af4cefdf4e958673,same_presence_opposite_decisions,-1,7,-1,7
anchor_rows,214,image-30,singleton,current_partial,1,a720874918e63f37586067f1276d4c97234dbeef70082353e017dc481317642e,same_presence_opposite_decisions,-4,4,-4,4
anchor_rows,216,image-30,singleton,union_partial,1,f51d7a8601e6ae4af8e38891e7e3f28450dab65dd6637e6dca8d09e32ff68342,same_presence_opposite_decisions,-6,4,-6,4
anchor_rows,221,image-31,singleton,current_partial,1,173bdb7764197de001fdedf8ddfc443cec8d78730170ae6a4008040aa44d0181,same_presence_opposite_decisions,-2,4,-2,2
anchor_rows,223,image-31,singleton,union_partial,1,1cabcf89e1cb7de2cf42e975e2bcc40d4f2300992ddd4cde700412cfb7722fe1,same_presence_opposite_decisions,-4,4,-2,2
anchor_rows,244,image-34,singleton,union_partial,1,221d34b88f0d0a91db143121fa6c9849a5ab0286f41d4290b58727f7c7522d75,same_presence_opposite_decisions,-1,1,-1,1
anchor_rows,263,image-37,singleton,current_partial,1,8fb1c8036d7a5bd16a3db104bc192a936866eb6978b0bec567c85b5fc46fcf9f,same_presence_opposite_decisions,-3,3,-3,3
anchor_rows,265,image-37,singleton,union_partial,1,1d7f10defa2abda78b5a0ad9d46380379a583008dcfb4c3915d545a2a9b1a0b5,same_presence_opposite_decisions,-3,3,-3,3
anchor_rows,270,image-38,singleton,current_partial,1,f2305d0e42d7343522e7d60ac597875b36a6f780fc945a736b5a7f3e85794fde,same_presence_opposite_decisions,-1,3,-1,3
anchor_rows,272,image-38,singleton,union_partial,1,25b6be26cb098f0b2f5d2885d9b0db30d17cc686931c0347db8b22cc7256debb,same_presence_opposite_decisions,-1,3,-1,3
anchor_rows,277,image-39,singleton,current_partial,1,f11a0d906776dfe0a4003fe695ab66b05eb4a065f5370ab0758f3b345f833e7f,same_presence_opposite_decisions,-3,3,-3,3
anchor_rows,279,image-39,singleton,union_partial,1,3e79aaea547433f6ed3f8159250a6e885500b3502a4550aba2af1ab1e3063822,same_presence_opposite_decisions,-3,3,-3,3
anchor_rows,286,image-40,singleton,union_partial,1,9711333e64a029cb00e6267fc6ddf0a506c1d35e875490832a2c8e3d414c941d,same_presence_opposite_decisions,-2,2,-2,2
anchor_rows,291,image-41,singleton,current_partial,1,a6b85d92c935c9fd3834cc626e4092267bf9559decee686fd5964ec82c979da3,same_presence_opposite_decisions,-1,1,-1,1
anchor_rows,293,image-41,singleton,union_partial,1,1d584f3ed32d2bbaca2f9bf418a94455923eaa7c22a41ea829baa53a71aa507a,same_presence_opposite_decisions,-1,1,-1,1
anchor_rows,305,image-43,singleton,current_partial,1,f276d2c0117b756c26e0094853b8a0651baff9b56288579892520e9fe3ef61a4,same_presence_opposite_decisions,-5,3,-1,1
anchor_rows,307,image-43,singleton,union_partial,1,2e261b0135d4707f304a49aaebca34eb1ca4dd81d9de32fa3a1a211449c89ebc,same_presence_opposite_decisions,-5,3,-1,1
anchor_rows,319,image-45,singleton,current_partial,1,c40d03dd0fca2d0c7fb0411e71da0e7b9a592888fca7ee200169aed3cf18333e,same_presence_opposite_decisions,-1,3,-1,1
anchor_rows,321,image-45,singleton,union_partial,1,8004f8809ea3a4528308d4920eae47001e821cc3d8136b4d6a5bae085a8e60e9,same_presence_opposite_decisions,-1,3,-1,1
anchor_rows,328,image-46,singleton,union_partial,1,0e51b13759ba61107b4565d99b3c05d872ef60834ce5fe188f541bf04e79486b,same_presence_opposite_decisions,-1,1,-1,1
anchor_rows,368,image-52,singleton,current_partial,1,ff320a8bd2e60cf2fe3fed78501bd6d196d5c62d03b56a3fc8ce053408def841,same_presence_opposite_decisions,-1,3,-1,3
anchor_rows,370,image-52,singleton,union_partial,1,5f80c1bb74def97951b80e48176abfe9669ffbcddedd055ca841d074f7fe1aa4,same_presence_opposite_decisions,-3,5,-3,5
anchor_rows,403,image-57,singleton,current_partial,1,21856e90ffac0b4660c62967741754bc2735623838ef4fb36bb10d4248033c16,same_presence_opposite_decisions,0,4,0,2
anchor_rows,405,image-57,singleton,union_partial,1,5fe3170ae4d16ddbfe2910eb4c09fd1d20950210703349f49f61c42ebd5c11cf,same_presence_opposite_decisions,-2,4,-2,2
anchor_rows,417,image-59,singleton,current_partial,1,99245e5941cbb4ad9c46db83af5095cf3debfdcbab542e41e67dfeb4b84e667d,same_presence_opposite_decisions,-1,1,-1,1
anchor_rows,419,image-59,singleton,union_partial,1,f8bff16af9594d2c307f8047da2d1555e966921996193895bf192140b5630cae,same_presence_opposite_decisions,-1,1,-1,1
anchor_rows,431,image-61,singleton,current_partial,1,33aa6fe55dc12c53144694c7c4769937c191062ae702e73aed4f31f8a23df59e,same_presence_opposite_decisions,-1,3,-1,3
anchor_rows,433,image-61,singleton,union_partial,1,bf4edd56cf3677a129c566fd38f74d8a9c539dda624eeea5f9d5846fdd070b41,same_presence_opposite_decisions,-1,3,-1,3
anchor_rows,438,image-62,singleton,current_partial,1,bd01d66ec218956b0776dd24f518eae44664f70ddb1d3030c16fb57ab87dbfad,same_presence_opposite_decisions,-19,19,-7,5
anchor_rows,459,block-01,block,current_partial,8,fdd13a820b64e085c50dc2338378a8ccef765ec6487bc13a3c0cdccb578fc285,same_presence_opposite_decisions,-1/2,3,-1/2,5/2
anchor_rows,461,block-01,block,union_partial,8,cb410982fc5fa0f273785be60b1e75cd145114e489d007577d7697655a701920,same_presence_opposite_decisions,-5/2,15/4,-2,3
anchor_rows,466,block-02,block,current_partial,8,e323d0e1311db90fcdea40572ec13e21b244048d4d6b5ba28905d5ebbabb0e61,same_presence_opposite_decisions,-1/4,1/2,-1/4,1/2
anchor_rows,468,block-02,block,union_partial,8,c56109d82dc3d557d3a3626350e41007ad93d19d7412d88ec2853d9b6ba9ad49,same_presence_opposite_decisions,-1/2,1/2,-1/2,1/2
anchor_rows,473,block-03,block,current_partial,8,fcb3e9622659194d556de6962465574016c465a3963dc14f865d977791d3a571,same_presence_opposite_decisions,-3/2,5/4,-3/2,1
anchor_rows,475,block-03,block,union_partial,8,522d09f6b5b4c6ddc27a49e6141d3bc6269ad89c275f301da6b2444e26eb4c12,same_presence_opposite_decisions,-9/4,7/4,-2,3/2
anchor_rows,480,block-04,block,current_partial,8,7952ce7c6dedb1a1d23bda7395a393464733e2ab264bafa2488926913ee4d54b,same_presence_opposite_decisions,-1/4,9/4,-1/4,9/4
anchor_rows,482,block-04,block,union_partial,8,cbb38d3f2589b69c345ce640a3e8da06b46ce2af1ece822114a87c79452cc058,same_presence_opposite_decisions,-1/2,9/4,-1/2,9/4
anchor_rows,487,block-05,block,current_partial,8,ce0cda00d2c1a8e5cfba1d98399b0200d77f246f36dd258e2ada96450b917b59,same_presence_opposite_decisions,-7/8,7/8,-3/8,3/8
anchor_rows,489,block-05,block,union_partial,8,91c1b41a14f3097a11c6002647676bf8bd1f305666d90567d321c1951b85cf4d,same_presence_opposite_decisions,-9/8,11/8,-5/8,7/8
anchor_rows,494,block-06,block,current_partial,8,560d4d4cc77208559dd5c2213860dac2338ef0121fe019aa012b01c0aeb012e6,same_presence_opposite_decisions,0,1/2,0,1/2
anchor_rows,496,block-06,block,union_partial,8,aca76686a6d494785ed77f3533dc8e3d0c0ba7be467d1041ae4f7b2dd0a99ebd,same_presence_opposite_decisions,-1/4,3/4,-1/4,3/4
anchor_rows,501,block-07,block,current_partial,8,135a8d4feb21d7ecdab2fbc55154d2bb437898fb608abb496344206492dc99b2,same_presence_opposite_decisions,-3,3,-3/2,1
anchor_rows,508,all-64,primary,current_partial,64,a9aba9067a713b41347a2813be8f1168fd97c18547c917d8f80c76bb057ec619,same_presence_opposite_decisions,-43/64,99/64,-27/64,73/64
anchor_rows,545,image-04,singleton,union_partial,1,5f2e21645f7c45b728f4abf28654fea75eb7b83d661c04c2a0b6a76dae2ab2a9,same_presence_opposite_decisions,-2,2,-2,2
anchor_rows,552,image-05,singleton,union_partial,1,498d7eb5eb4b806d6f022d3aa064ffe2025c0af788f61007f8f1e91003ae0f08,same_presence_opposite_decisions,-2,2,-2,2
anchor_rows,578,image-09,singleton,current_partial,1,c9b9bc26411b88faaf0d66792b00799cf1d5b4df84e1505028535c23d067a0a8,same_presence_opposite_decisions,-5,3,-3,3
anchor_rows,580,image-09,singleton,union_partial,1,41c5d2d7825df09965d3e24f657ad3a8b390450bc204c42264551d635d442a42,same_presence_opposite_decisions,-7,5,-3,3
anchor_rows,592,image-11,singleton,current_partial,1,29335843530600d87d2602b12a5cbb090ac4e2ec60bf69f1a7730e2e5a358d7e,same_presence_opposite_decisions,-1,3,-1,3
anchor_rows,594,image-11,singleton,union_partial,1,91390992119a7fe6d83dcda1ef77a5202eae857c51c66a39db75dc6ef9a82afe,same_presence_opposite_decisions,-3,5,-3,5
anchor_rows,606,image-13,singleton,current_partial,1,0a153088073d259508ff542cf38e7d7607353044620d55d0b5f0d55312a8f56c,same_presence_opposite_decisions,-5,3,-5,1
anchor_rows,608,image-13,singleton,union_partial,1,b19eccc2b2558a6ff445513b7e4154eb9311adb7421f8ad5ae978a0cf5e4e956,same_presence_opposite_decisions,-5,3,-5,1
anchor_rows,711,image-28,singleton,current_partial,1,7b19d5d6a01fd9cd248ab4962c4ce1b08d8f4930eabaf988bc7a286289d96650,same_presence_opposite_decisions,-1,1,-1,1
anchor_rows,713,image-28,singleton,union_partial,1,cd58c6293a2d869d07846f47199b52d2eb9a80c349f24f8cea62686961dc2344,same_presence_opposite_decisions,-1,1,-1,1
anchor_rows,718,image-29,singleton,current_partial,1,7ef6a319586b0753c75d555ac746fe7d6dd7ab1ab9f2dbc780664e5b4cbd8812,same_presence_opposite_decisions,-2,2,-2,2
anchor_rows,720,image-29,singleton,union_partial,1,fa30ea01a73bb1ad4791307ff380094c5b95b9c62ffb67f034c125e89962716c,same_presence_opposite_decisions,-4,4,-2,4
anchor_rows,725,image-30,singleton,current_partial,1,45183306c21b72aa57f2644bc8fa7c43b043b91cbdfbf2256c27d209fac2dd04,same_presence_opposite_decisions,-5,3,-1,3
anchor_rows,727,image-30,singleton,union_partial,1,412cdabb12d7e26b4c56bb2e6913cd62b6e96cb7e13360d10b0110e45a8423c1,same_presence_opposite_decisions,-5,3,-3,3
anchor_rows,732,image-31,singleton,current_partial,1,46f5d3a477c1deb13be6dbd7a59c2f8e757f9e687c7e41fa0b367e0bd3f9a6d3,same_presence_opposite_decisions,-3,3,-3,3
anchor_rows,734,image-31,singleton,union_partial,1,c88a0c4cae678eaf816ffa94b621c3d0827de1ade3811002604902c38bae8b1c,same_presence_opposite_decisions,-3,3,-1,1
anchor_rows,746,image-33,singleton,current_partial,1,af8b4ff5a4c4c779e8ec9ad639fa0cde42cc225653ef609c1fb3ab3b0252566d,same_presence_opposite_decisions,0,4,0,4
anchor_rows,748,image-33,singleton,union_partial,1,11ff68b937dcfa84c9adea4d9eb57cdecdebfea8ca3a5f0e9a195d4b6481787f,same_presence_opposite_decisions,0,4,0,4
anchor_rows,774,image-37,singleton,current_partial,1,0344666111aaea9016e28001ebcbeba60ff51eaa1ef83102bac950231923f4b2,same_presence_opposite_decisions,-2,2,-2,2
anchor_rows,776,image-37,singleton,union_partial,1,bb50e5057c14d1bfcf783be1df9a0f6b613b10ae034f42ef6e809c977dd74bc0,same_presence_opposite_decisions,-2,2,-2,2
anchor_rows,781,image-38,singleton,current_partial,1,9965576edde6e808dcbb571308699c85427816e02e5e586d71c5a8bc977e2946,same_presence_opposite_decisions,0,4,0,2
anchor_rows,783,image-38,singleton,union_partial,1,e262ed665c21b99169fe313a9ae6e1537f38aa56c487eacf9999decc9af374dd,same_presence_opposite_decisions,0,4,0,2
anchor_rows,788,image-39,singleton,current_partial,1,fad245b0242db05b29dbbe685c0e9fcaf44047c3fa1069133755074f477c72e9,same_presence_opposite_decisions,-2,2,-2,2
anchor_rows,790,image-39,singleton,union_partial,1,ac9da7cbb79cdbd7916aeb664579d7a0648f62021701848e789cbe4b029ee0d2,same_presence_opposite_decisions,-2,2,-2,2
anchor_rows,797,image-40,singleton,union_partial,1,47027087c251453d1a0a5fad2682ece8d4a50011bf2f0faba9f6b2aa7e347289,same_presence_opposite_decisions,-1,3,-1,3
anchor_rows,802,image-41,singleton,current_partial,1,afbefca48dd0777bea299b57863e3bca07c62ca438cfc29248bc314c8db0ca1d,same_presence_opposite_decisions,-1,1,-1,1
anchor_rows,804,image-41,singleton,union_partial,1,18f65bb6ae0071168351ae8ec68ff6f4d42ac3e44787b221a8f00ed25fcf334a,same_presence_opposite_decisions,-1,1,-1,1
anchor_rows,816,image-43,singleton,current_partial,1,319a0c4d38332df88e39acd965627399aca0fad36446a622bac4e91272de79c2,same_presence_opposite_decisions,-4,4,-4,4
anchor_rows,818,image-43,singleton,union_partial,1,3a1a51a803ade1901190de2bce1ceab72af6bac1e2faad516d51b57e0cd17eef,same_presence_opposite_decisions,-4,4,-4,4
anchor_rows,830,image-45,singleton,current_partial,1,57333e2627746229e393861698502c7216c5096ce8343252282196d3f2844b9c,same_presence_opposite_decisions,-2,2,-2,2
anchor_rows,832,image-45,singleton,union_partial,1,21e8ee9c719010603b8e26b69d9bb4b0d9061b14b55ced95963f5f6eb338641f,same_presence_opposite_decisions,-2,2,-2,2
anchor_rows,879,image-52,singleton,current_partial,1,5d5f4d8aca6a1f7d9c4aae13998cb24b8d77a28cc662d1a6647df32ea08f56d6,same_presence_opposite_decisions,-2,2,-2,2
anchor_rows,881,image-52,singleton,union_partial,1,fbdd1b28fed1d55f6d507004fcc9a1f99e57485d93d444ce22d1e8fb7b073597,same_presence_opposite_decisions,-4,4,-2,4
anchor_rows,914,image-57,singleton,current_partial,1,f3326a782b3b87ff2a056b17781ac8989e0de17a18561a64637a7fd78a87e48b,same_presence_opposite_decisions,-2,2,-2,2
anchor_rows,916,image-57,singleton,union_partial,1,85c9a5bcb14730c63351f88816c6d5b098711e2b3b7f68823990722dd320f167,same_presence_opposite_decisions,-4,2,-4,2
anchor_rows,942,image-61,singleton,current_partial,1,38b8bd7674031e8377126243ae9e2a40a2c3cdca30cb1d0ca12cb8fbe15c1a88,same_presence_opposite_decisions,-1,3,-1,1
anchor_rows,944,image-61,singleton,union_partial,1,c0360f197086724b88e9192f6ea6620846ee66d4763fe71e49f82d9c11c17af1,same_presence_opposite_decisions,-1,3,-1,1
anchor_rows,949,image-62,singleton,current_partial,1,f9adcd855999afe2e34fab37ae51a6113450ead922ac5a7f4f44b53564f7098f,same_presence_opposite_decisions,-14,14,-2,4
anchor_rows,965,block-00,block,union_partial,8,66f044463141d72503675dc27f696b7d450e140ef51711c8073ec915e2107302,same_presence_opposite_decisions,-1/4,3/4,-1/4,3/4
anchor_rows,970,block-01,block,current_partial,8,c2023951ec4fd11b0bb3657dd81cd03707e644a4ef6b9bb75549ec99f58d00bf,same_presence_opposite_decisions,-3/2,1,-5/4,3/4
anchor_rows,972,block-01,block,union_partial,8,fb642d8a707439197fa71178e76aaa1c47ce150d738902eb789a44b319128581,same_presence_opposite_decisions,-9/4,3/2,-7/4,1
anchor_rows,984,block-03,block,current_partial,8,696f106965949d37c375ebd4b1bf464e7ca07de161d3ed1bf1fec49d5a624713,same_presence_opposite_decisions,-7/4,3/4,-5/4,3/4
anchor_rows,986,block-03,block,union_partial,8,f770f09e66fc360c27d6f62478d58bfd49dfc4774253672630b1d58f3f0db417,same_presence_opposite_decisions,-2,1,-5/4,3/4
anchor_rows,991,block-04,block,current_partial,8,4485b9012e62c859839bbe465bbe3a164ae3b67f5b1e91322ea2ea79f31673a2,same_presence_opposite_decisions,-1/4,7/4,-1/4,3/2
anchor_rows,993,block-04,block,union_partial,8,a93dd80e8f2cdc814bd8633e9f3f33c8a33696d2a983c6baa9ab9d6f68af45b0,same_presence_opposite_decisions,-1/4,7/4,-1/4,3/2
anchor_rows,998,block-05,block,current_partial,8,37d41ed772ee26af15fb9eff79d95c1e9c3daf60783e42d2b0b3b3ab338498f0,same_presence_opposite_decisions,-3/4,1,-3/4,1
anchor_rows,1000,block-05,block,union_partial,8,62f16ff2d6b27f246b8eb4e97126a61cf460d84644105571df702e4256376205,same_presence_opposite_decisions,-1,5/4,-1,5/4
anchor_rows,1005,block-06,block,current_partial,8,f329ac8ec00f20842aaf8fe6f810d849ad80057b729e84c89b23ad229cb882d1,same_presence_opposite_decisions,0,1/2,0,1/2
anchor_rows,1007,block-06,block,union_partial,8,bd0be45084cd41399f3ad46b5a30926ff8d12d3c64dba5adaa2c9a001e977d10,same_presence_opposite_decisions,-1/4,3/4,0,3/4
anchor_rows,1012,block-07,block,current_partial,8,8be5e84fb3ba74110d5ea1f19cdc97bda3621f4d18103d8f2c3f81a02a9b7aef,same_presence_opposite_decisions,-9/4,9/4,-3/4,3/4
anchor_rows,1019,all-64,primary,current_partial,64,abd7231b57f342ed50d0b63d2f2178bcdf6f6037109193d1ba8bf3981f73dbac,same_presence_opposite_decisions,-25/32,15/16,-1/2,11/16
anchor_rows,1056,image-04,singleton,union_partial,1,cf71b6ef22fcdfab77a6250a750c97eba9aba30b0cd6455a40e45c11e67e61b4,same_presence_opposite_decisions,-2,2,-2,2
anchor_rows,1063,image-05,singleton,union_partial,1,6d4143bf3319d9038555a7a7d215608f6c352d5212d39a8d655045954f67ce21,same_presence_opposite_decisions,-2,2,-2,2
anchor_rows,1089,image-09,singleton,current_partial,1,a381c1cef1a4c88a3b8723ccb8ec3308bcbce2d7a253195f50ce217ab52077d0,same_presence_opposite_decisions,-5,3,-5,3
anchor_rows,1091,image-09,singleton,union_partial,1,0b0d1f87685781e46af5e8c539a374d6d49285eb1942c0f0e8dd87369895ad08,same_presence_opposite_decisions,-5,5,-5,5
anchor_rows,1103,image-11,singleton,current_partial,1,03436b7e926d51b3383250c541ca4878b1468d533736b16b76733c9cf74b111f,same_presence_opposite_decisions,-1,3,-1,3
anchor_rows,1105,image-11,singleton,union_partial,1,9a38cef2e7cefbe2a7b2dbb123c171fcaee35055d12ca538305470d96036c63a,same_presence_opposite_decisions,-1,3,-1,3
anchor_rows,1229,image-29,singleton,current_partial,1,4bbde00f7ffce7f6e2fef2d63495a735199fa0a08e339131695e05e985ef4d91,same_presence_opposite_decisions,-1,3,-1,3
anchor_rows,1231,image-29,singleton,union_partial,1,34f24b88c08a155fe7a5ae3720751db13ed7914833c2d7d3330d0b55c2654858,same_presence_opposite_decisions,-3,3,-1,3
anchor_rows,1236,image-30,singleton,current_partial,1,7176d6fca49ba068d2d6deea271c45df032675781f1457bdcfc7472b271baece,same_presence_opposite_decisions,-5,3,-5,3
anchor_rows,1238,image-30,singleton,union_partial,1,5b08d61f5ab52c38977449b187b2cd0caeac81ffea5d15267f656447a86fd8e8,same_presence_opposite_decisions,-5,3,-3,3
anchor_rows,1243,image-31,singleton,current_partial,1,24f3ab9c23b2ab37d7a90a384a3e4e5699a714a3c0f3cd85d8bafdf9760385c9,same_presence_opposite_decisions,-2,2,-2,2
anchor_rows,1245,image-31,singleton,union_partial,1,4a3ca24ddad290fb8bf114d6222ee681ece2394749f8551b78b67b8c82311a51,same_presence_opposite_decisions,-2,2,-2,2
anchor_rows,1257,image-33,singleton,current_partial,1,6aec456cd5d06866325185d133feaa10061f533fcd4aa89dd27359a49e73d44c,same_presence_opposite_decisions,-1,1,-1,1
anchor_rows,1259,image-33,singleton,union_partial,1,3c7cae0fa689149b89ebb6bd684ce1781ec788b03f2062629ba9ddb0ee8bbf65,same_presence_opposite_decisions,-1,1,-1,1
anchor_rows,1285,image-37,singleton,current_partial,1,6547bd5496513b4ea67053e002f16dfa66b51ced83e115cd9755960d16c07d15,same_presence_opposite_decisions,-1,1,-1,1
anchor_rows,1287,image-37,singleton,union_partial,1,a5d7b15b73388a266ec86630d0580335c3e09ba59d7b87a05bc5e63f30838ea6,same_presence_opposite_decisions,-1,1,-1,1
anchor_rows,1292,image-38,singleton,current_partial,1,735a9f02c3210c3603fb780dcb8e61ba4eb64752eb01e71eec11ecc7aa2acc9e,same_presence_opposite_decisions,-3,1,-3,1
anchor_rows,1294,image-38,singleton,union_partial,1,265c4ad00656d345c2156034a0505149a34b5cbb09b3c2b9b5d65b008e1d9c8b,same_presence_opposite_decisions,-3,1,-3,1
anchor_rows,1299,image-39,singleton,current_partial,1,d431982a37752c8f4ead96fbe05015f2dc903589bc1f33f51a9d826e95e9cdb2,same_presence_opposite_decisions,-1,1,-1,1
anchor_rows,1301,image-39,singleton,union_partial,1,5111062bcd157a1f858b90929cc43ab8b3dd5d17b02654613c33f160ce44b995,same_presence_opposite_decisions,-1,1,-1,1
anchor_rows,1308,image-40,singleton,union_partial,1,6843e914b04e86d0b801987cc7c6dd6492b015a8d92955e10d551fdf9dca6cb8,same_presence_opposite_decisions,-1,1,-1,1
anchor_rows,1327,image-43,singleton,current_partial,1,97e84ac20494f4b76581538e1cb3e1c294b1ef74e3e229e1f8eccaea236c0017,same_presence_opposite_decisions,-1,1,-1,1
anchor_rows,1329,image-43,singleton,union_partial,1,f9beaf21dd31157ea73d1dd938887648cb9829913eebe48288f7dee7d7945ece,same_presence_opposite_decisions,-1,1,-1,1
anchor_rows,1390,image-52,singleton,current_partial,1,2287dbb202fa46c261b71cdef6069f02e77f183ac5353bf47fc473caf122937a,same_presence_opposite_decisions,-2,2,-2,2
anchor_rows,1392,image-52,singleton,union_partial,1,78f1e1d477fbf7ac9585036b792e33306de9196e5c4182c1590b86c12cc109da,same_presence_opposite_decisions,-4,4,-2,4
anchor_rows,1453,image-61,singleton,current_partial,1,24d1e369f5f5fd40e4e865509ec19e71c07ed130dba3d378edcd4d1a40db1f85,same_presence_opposite_decisions,-2,2,-2,2
anchor_rows,1455,image-61,singleton,union_partial,1,ecccde8d79f43643067a1771ad555d92b07ea7541f3258cc6d22c62698a295d2,same_presence_opposite_decisions,-2,2,-2,2
anchor_rows,1460,image-62,singleton,current_partial,1,3b37b3de28fefe6b7a1f27b7303193a3d47817daa6839a0bbdc682382e5b3052,same_presence_opposite_decisions,-10,10,-10,10
anchor_rows,1481,block-01,block,current_partial,8,edc6e66560504a81be73e9eb210a64f0debfc69d73908e00aae09e6c34cfa8a5,same_presence_opposite_decisions,-11/8,1/8,-11/8,1/8
anchor_rows,1483,block-01,block,union_partial,8,6da90608317e3aa41e7b539219847eef837703447f35ce59c2245520dd497292,same_presence_opposite_decisions,-11/8,3/8,-11/8,3/8
anchor_rows,1495,block-03,block,current_partial,8,17142c1d22ba7da5b2a70f13c96a2a78c04e4fee35459878164e1912bdd02ea9,same_presence_opposite_decisions,-5/4,3/4,-5/4,3/4
anchor_rows,1497,block-03,block,union_partial,8,afafde95603c6dae3391b12acd62ad187e88c74ab878425a61e9a6bbe23e8df0,same_presence_opposite_decisions,-3/2,3/4,-1,3/4
anchor_rows,1502,block-04,block,current_partial,8,0d33e1b827c7a97a4aa1875385ef0f72de5dab47a6e71456f7231696ea151453,same_presence_opposite_decisions,-7/8,3/8,-7/8,3/8
anchor_rows,1504,block-04,block,union_partial,8,5bf2011edc0177d31078e842cc019049711a181fa6479fd622cb9f4a7160999e,same_presence_opposite_decisions,-7/8,3/8,-7/8,3/8
anchor_rows,1509,block-05,block,current_partial,8,d75c058df9a7e968ff4eb6f1f69a43ba1f3cb4314752811a8f0f7f9cc80910a9,same_presence_opposite_decisions,-1/2,1/4,-1/2,1/4
anchor_rows,1511,block-05,block,union_partial,8,cbccfa1b7474767f65b5a2a302edf33cdea47a9413649843d5f4cb446dd5beed,same_presence_opposite_decisions,-3/4,1/4,-3/4,1/4
anchor_rows,1516,block-06,block,current_partial,8,f442728e4ed8c145e2546d6cfe0ed45e60a6338d01fe9d6a820633730765a1fd,same_presence_opposite_decisions,-1/8,3/8,-1/8,3/8
anchor_rows,1518,block-06,block,union_partial,8,a9ed17e7ab3e35368ee409900f7f360f0e1b7d9e23d4734703a95860ccbf5e35,same_presence_opposite_decisions,-3/8,5/8,-1/8,5/8
anchor_rows,1523,block-07,block,current_partial,8,ff0b48ca646f56c2cf056bd5901c668852941c689b9a7441d62675ac9759eb1c,same_presence_opposite_decisions,-13/8,11/8,-13/8,11/8
anchor_rows,1530,all-64,primary,current_partial,64,411f83ea88c2951466cc87a61b18dcb2145d4cb04720610c5e78387a7ef9524a,same_presence_opposite_decisions,-13/16,5/16,-13/16,5/16
anchor_rows,1567,image-04,singleton,union_partial,1,3de48a47349d778d6fbe74eb82ca5e90f7e57153d24d1f44a088d27fe12a4a9d,same_presence_opposite_decisions,-2,2,-2,2
anchor_rows,1574,image-05,singleton,union_partial,1,85b3a1e421688a25d19a54e71c16719a7a40a9676775e45921f2153aca80f95b,same_presence_opposite_decisions,-2,2,-2,2
anchor_rows,1600,image-09,singleton,current_partial,1,c4b9de6f05d0cde3a8c7a45edd105df3bd712aa4407386ae97ab5509c870e7fd,same_presence_opposite_decisions,-4,2,-4,2
anchor_rows,1602,image-09,singleton,union_partial,1,280ebf0c1dc41c45b07536109d2ab57367589329abbe90f0de0b85f828cf628b,same_presence_opposite_decisions,-4,2,-4,2
anchor_rows,1747,image-30,singleton,current_partial,1,48cd742c8bd3749d7282953586c783ec50aaaeb7f202fca0ed2c64b129a54a4f,same_presence_opposite_decisions,-1,3,-1,3
anchor_rows,1749,image-30,singleton,union_partial,1,f112724b803f29eae5c533db65e569244c19c3ef430dac430d30828a7488d5fa,same_presence_opposite_decisions,-1,3,-1,3
anchor_rows,1754,image-31,singleton,current_partial,1,47e0939d419d54394e2fdfb41959359c8ba2283703ceabdd4f98a0d71a985a35,same_presence_opposite_decisions,-3,1,-3,1
anchor_rows,1756,image-31,singleton,union_partial,1,0148a236cd001e360e6d328aeee208c30cf37311eb258c1feb202e7c2557fdbe,same_presence_opposite_decisions,-3,1,-3,1
anchor_rows,1796,image-37,singleton,current_partial,1,b15f63111fff0a818293bd08ddf1d8df480b20b7eb6634c6f4b9ea9ca8770705,same_presence_opposite_decisions,-1,1,-1,1
anchor_rows,1798,image-37,singleton,union_partial,1,9730dd8d438da62e43ab8153802b772b612d824ffce476e364a991fd4704fc55,same_presence_opposite_decisions,-1,1,-1,1
anchor_rows,1852,image-45,singleton,current_partial,1,dce6c9fe55680b667e0834fcd962c90d4cd15f3113958f35a0ebeddc1b7cd69c,same_presence_opposite_decisions,-3,1,-3,1
anchor_rows,1854,image-45,singleton,union_partial,1,2a69777e8c8ed2448189f1f3a3db94805124eaac0faebc14f9e5c28eea63e2e4,same_presence_opposite_decisions,-3,1,-3,1
anchor_rows,1964,image-61,singleton,current_partial,1,362430aa44735cf9084f151ffe041034432f5beb86f4e781313734e682ce2210,same_presence_opposite_decisions,-3,1,-3,1
anchor_rows,1966,image-61,singleton,union_partial,1,1d621b7454c8ae3d861f3f4edcd9cca90e3fd193efa570ce8c12100e781c9d77,same_presence_opposite_decisions,-3,1,-3,1
anchor_rows,1971,image-62,singleton,current_partial,1,de3e7ef5156d9d00d7e52aaf66e7d458df63e9d5886a4a8b4502099220676256,same_presence_opposite_decisions,-5,5,-5,5
anchor_rows,1987,block-00,block,union_partial,8,8e02148b35e0a3f40af6a20effe49d24a20f7efcf0f538ceff15d50639354951,same_presence_opposite_decisions,-1/2,1/2,-1/2,1/2
anchor_rows,1992,block-01,block,current_partial,8,b7e9f54c0222f8dc508b65fbb4fff8f1f56b641c68a57bc11386c8852a3afe0e,same_presence_opposite_decisions,-1/2,1/4,-1/2,1/4
anchor_rows,1994,block-01,block,union_partial,8,149246d7dab7e566460de565b0acb0ee115cb8d42ff56c976b8964324ca54996,same_presence_opposite_decisions,-1/2,1/4,-1/2,1/4
anchor_rows,2034,block-07,block,current_partial,8,dd5f36dbd37e73b30ee9c5e3a3c70e17ff18d694c4fded92ccc4fe5416d1e7e5,same_presence_opposite_decisions,-9/8,5/8,-9/8,5/8
anchor_rows,2041,all-64,primary,current_partial,64,a5f23f082a11816993d150993dbfcb252fe586935eee03aab11f5c48c7e899b1,same_presence_opposite_decisions,-17/32,1/32,-17/32,1/32
anchor_rows,2085,image-05,singleton,union_partial,1,1dfe2fd31f6c8ae92947e1e5e054e83f03b18ed3eb2bc3393e4cf9baa8924ccc,same_presence_opposite_decisions,-2,2,-2,2
anchor_rows,2265,image-31,singleton,current_partial,1,294eeee666a6af49a6e50452aad70acc8322f0432829021cf57f18d96b62d3d0,same_presence_opposite_decisions,-2,2,-2,2
anchor_rows,2267,image-31,singleton,union_partial,1,38d4af332e11b9e80b5b625749d74c7513d517f8e3aed264e11492637ca6a536,same_presence_opposite_decisions,-2,2,-2,2
anchor_rows,2363,image-45,singleton,current_partial,1,a5d286b62ce752b0c7c19e61fa26495880dc4e801222ed487559ccafaa0408f0,same_presence_opposite_decisions,-1,1,-1,1
anchor_rows,2365,image-45,singleton,union_partial,1,b5c17d6dcda0988f3bf34bee1a9f4bc0448fd0d168b3f147c9d77dc67d632554,same_presence_opposite_decisions,-1,1,-1,1
anchor_rows,2475,image-61,singleton,current_partial,1,5f9e88843766d4999aa6a3c7d8b3ecb596441de18bb9bea533942a9f30100512,same_presence_opposite_decisions,-3,1,-3,1
anchor_rows,2477,image-61,singleton,union_partial,1,43f6c06752343c882055a5f6e942afb4336b00e9781a1fba65bfc0578f57d71a,same_presence_opposite_decisions,-3,1,-3,1
anchor_rows,2498,block-00,block,union_partial,8,cb986c60e3ebb9fe0d4b32fc8eb430afe2feee06dd732870e295ea952e7ae248,same_presence_opposite_decisions,-3/8,1/8,-3/8,1/8
anchor_rows,2531,block-05,block,current_partial,8,9ac6eb2a27f3754e54112aec4a82ac723e0dfb697eccd43978ac44997c9a0118,same_presence_opposite_decisions,-1/8,1/8,-1/8,1/8
anchor_rows,2533,block-05,block,union_partial,8,f7232a8ac3467adca8040a5df2f70fdc17bf472e8b00f19675855d5b35e68561,same_presence_opposite_decisions,-1/8,1/8,-1/8,1/8
anchor_rows,2545,block-07,block,current_partial,8,ee4bcd7ec1e46b22ad65f6cb1a063921a2d3503fdae63f30ec77f56855aa5663,same_presence_opposite_decisions,-3/8,1/8,-3/8,1/8
